ts_code,trade_date,open,close,high,low,pre_close,change,pct_chg,swing,vol
SPX,20000131,1359.73,1394.46,1394.48,1350.14,1360.16,34.3,2.52,3.26,
SPX,20000128,1397.73,1360.16,1398.56,1356.14,1398.56,-38.4,-2.75,3.03,
SPX,20000127,1404.09,1398.56,1418.95,1380.53,1404.09,-5.53,-0.39,2.74,
SPX,20000126,1407.12,1404.09,1412.53,1400.14,1410.03,-5.94,-0.42,0.88,
SPX,20000125,1402.87,1410.03,1414.26,1388.49,1401.53,8.5,0.61,1.84,
SPX,20000124,1444.36,1401.53,1454.25,1395.42,1441.36,-39.83,-2.76,4.08,
SPX,20000121,1448.87,1441.36,1452.75,1439.53,1445.57,-4.21,-0.29,0.91,
SPX,20000120,1455.9,1445.57,1465.56,1438.56,1455.9,-10.33,-0.71,1.85,
SPX,20000119,1451.99,1455.9,1462.23,1448.66,1455.14,0.76,0.05,0.93,
SPX,20000118,1465.15,1455.14,1465.16,1451.25,,,,,
SPX,20000114,1449.68,1465.15,1473.0,1449.67,1449.68,15.47,1.07,1.61,
SPX,20000113,1436.02,1449.68,1454.59,1432.25,1432.25,17.43,1.22,1.56,
SPX,20000112,1438.56,1432.25,1445.3,1427.31,1438.56,-6.31,-0.44,1.25,
SPX,20000111,1454.36,1438.56,1458.85,1434.42,1457.6,-19.04,-1.31,1.68,
SPX,20000110,1441.47,1457.6,1464.36,1441.47,1441.47,16.13,1.12,1.59,
SPX,20000107,1403.45,1441.47,1441.47,1400.53,1403.45,38.02,2.71,2.92,
SPX,20000106,1398.87,1403.45,1411.91,1392.02,1402.11,1.34,0.1,1.42,
SPX,20000105,1395.62,1402.11,1413.27,1377.68,1399.42,2.69,0.19,2.54,
SPX,20000104,1449.0,1399.42,1455.22,1397.42,1455.22,-55.8,-3.83,3.97,
SPX,20000103,1471.21,1455.22,1478.0,1438.36,1469.25,-14.03,-0.95,2.7,
SPX,20000229,1348.05,1366.42,1369.52,1348.05,1348.05,18.37,1.36,1.59,
SPX,20000228,1331.57,1348.05,1360.82,1325.02,1333.36,14.69,1.1,2.68,
SPX,20000225,1353.6,1333.36,1362.13,1329.13,1353.43,-20.07,-1.48,2.44,
SPX,20000224,1361.79,1353.43,1364.48,1329.91,1360.69,-7.26,-0.53,2.54,
SPX,20000223,1352.84,1360.69,1370.12,1342.42,1352.17,8.52,0.63,2.05,
SPX,20000222,1347.02,1352.17,1358.11,1331.97,1346.09,6.08,0.45,1.94,
SPX,20000218,1388.26,1346.09,1388.26,1345.29,1388.26,-42.17,-3.04,3.1,
SPX,20000217,1387.67,1388.26,1399.83,1380.06,1387.67,0.59,0.04,1.42,
SPX,20000216,1401.97,1387.67,1404.72,1385.58,1402.05,-14.38,-1.03,1.37,
SPX,20000215,1389.78,1402.05,1407.81,1376.2,1389.94,12.11,0.87,2.27,
SPX,20000214,1390.07,1389.94,1394.55,1380.62,1387.12,2.82,0.2,1.0,
SPX,20000211,1415.16,1387.12,1416.95,1379.16,1416.83,-29.71,-2.1,2.67,
SPX,20000210,1413.71,1416.83,1422.02,1406.38,1411.7,5.13,0.36,1.11,
SPX,20000209,1444.38,1411.7,1444.38,1411.64,1441.72,-30.02,-2.08,2.27,
SPX,20000208,1424.24,1441.72,1442.02,1424.23,1424.24,17.48,1.23,1.25,
SPX,20000207,1426.02,1424.24,1427.23,1413.33,1424.37,-0.13,-0.01,0.98,
SPX,20000204,1427.49,1424.37,1436.01,1420.53,1424.97,-0.6,-0.04,1.09,
SPX,20000203,1413.53,1424.97,1426.06,1398.53,1409.12,15.85,1.12,1.95,
SPX,20000202,1408.74,1409.12,1420.53,1403.2,1409.28,-0.16,-0.01,1.23,
SPX,20000201,1395.05,1409.28,1412.59,1384.75,1394.46,14.82,1.06,2.0,
SPX,20000331,1494.06,1498.58,1519.77,1484.53,1487.92,10.66,0.72,2.37,
SPX,20000330,1508.52,1487.92,1517.42,1474.63,1508.52,-20.6,-1.37,2.84,
SPX,20000329,1509.07,1508.52,1521.36,1497.31,1507.73,0.79,0.05,1.59,
SPX,20000328,1521.06,1507.73,1527.2,1507.2,1523.86,-16.13,-1.06,1.31,
SPX,20000327,1528.7,1523.86,1534.66,1518.63,1527.46,-3.6,-0.24,1.05,
SPX,20000324,1527.35,1527.46,1553.11,1516.84,1527.35,0.11,0.01,2.37,
SPX,20000323,1501.03,1527.35,1532.13,1493.77,1500.64,26.71,1.78,2.56,
SPX,20000322,1494.47,1500.64,1505.05,1487.41,1493.87,6.77,0.45,1.18,
SPX,20000321,1456.63,1493.87,1493.92,1446.03,1456.63,37.24,2.56,3.29,
SPX,20000320,1467.96,1456.63,1470.23,1448.42,1464.47,-7.84,-0.54,1.49,
SPX,20000317,1458.47,1464.47,1476.64,1453.2,1458.47,6.0,0.41,1.61,
SPX,20000316,1394.9,1458.47,1458.47,1392.16,1392.15,66.32,4.76,4.76,
SPX,20000315,1359.39,1392.15,1397.99,1356.99,1359.15,33.0,2.43,3.02,
SPX,20000314,1388.91,1359.15,1395.33,1359.14,1383.62,-24.47,-1.77,2.62,
SPX,20000313,1395.03,1383.62,1398.45,1365.31,1395.07,-11.45,-0.82,2.38,
SPX,20000310,1401.69,1395.07,1413.38,1392.07,1401.69,-6.62,-0.47,1.52,
SPX,20000309,1366.7,1401.69,1401.81,1357.84,1366.7,34.99,2.56,3.22,
SPX,20000308,1359.92,1366.7,1373.59,1346.5,1355.62,11.08,0.82,2.0,
SPX,20000307,1397.25,1355.62,1399.56,1349.59,1391.28,-35.66,-2.56,3.59,
SPX,20000306,1409.4,1391.28,1409.81,1384.78,1409.17,-17.89,-1.27,1.78,
SPX,20000303,1386.77,1409.17,1410.88,1381.77,1381.76,27.41,1.98,2.11,
SPX,20000302,1380.65,1381.76,1386.91,1370.31,1379.19,2.57,0.19,1.2,
SPX,20000301,1366.83,1379.19,1383.0,1366.42,1366.42,12.77,0.93,1.21,
SPX,20000428,1468.01,1452.43,1473.42,1448.48,1464.92,-12.49,-0.85,1.7,
SPX,20000427,1452.83,1464.92,1469.14,1434.84,1460.99,3.93,0.27,2.35,
SPX,20000426,1477.4,1460.99,1482.81,1457.27,1477.44,-16.45,-1.11,1.73,
SPX,20000425,1438.42,1477.44,1477.67,1429.86,1429.86,47.58,3.33,3.34,
SPX,20000424,1434.54,1429.86,1434.55,1407.16,1434.54,-4.68,-0.33,1.91,
SPX,20000420,1427.77,1434.54,1435.42,1421.98,1427.47,7.07,0.5,0.94,
SPX,20000419,1442.16,1427.47,1447.69,1425.27,1441.61,-14.14,-0.98,1.56,
SPX,20000418,1402.48,1441.61,1441.61,1397.61,1401.44,40.17,2.87,3.14,
SPX,20000417,1356.56,1401.44,1401.48,1346.67,1356.56,44.88,3.31,4.04,
SPX,20000414,1436.67,1356.56,1440.52,1339.41,1440.51,-83.95,-5.83,7.02,
SPX,20000413,1471.67,1440.51,1477.36,1440.34,1467.17,-26.66,-1.82,2.52,
SPX,20000412,1500.67,1467.17,1510.59,1466.16,1500.59,-33.42,-2.23,2.96,
SPX,20000411,1499.18,1500.59,1512.8,1486.88,1504.46,-3.87,-0.26,1.72,
SPX,20000410,1516.85,1504.46,1527.11,1503.02,1516.35,-11.89,-0.78,1.59,
SPX,20000407,1503.84,1516.35,1518.48,1501.34,1501.34,15.01,1.0,1.14,
SPX,20000406,1487.38,1501.34,1511.77,1487.38,1487.37,13.97,0.94,1.64,
SPX,20000405,1491.46,1487.37,1506.55,1478.06,1494.73,-7.36,-0.49,1.91,
SPX,20000404,1509.47,1494.73,1526.22,1417.22,1505.97,-11.24,-0.75,7.24,
SPX,20000403,1498.57,1505.97,1507.08,1487.09,1498.58,7.39,0.49,1.33,
SPX,20000531,1420.93,1420.6,1434.56,1415.39,1422.45,-1.85,-0.13,1.35,
SPX,20000530,1382.65,1422.45,1422.45,1377.8,1378.02,44.43,3.22,3.24,
SPX,20000526,1381.52,1378.02,1391.42,1369.75,1381.52,-3.5,-0.25,1.57,
SPX,20000525,1399.05,1381.52,1411.89,1373.98,1399.05,-17.53,-1.25,2.71,
SPX,20000524,1372.84,1399.05,1401.41,1361.2,1373.86,25.19,1.83,2.93,
SPX,20000523,1400.72,1373.86,1403.77,1373.42,1400.72,-26.86,-1.92,2.17,
SPX,20000522,1406.95,1400.72,1410.31,1368.63,1406.95,-6.23,-0.44,2.96,
SPX,20000519,1433.74,1406.95,1437.2,1401.77,1437.21,-30.26,-2.11,2.47,
SPX,20000518,1448.25,1437.21,1457.95,1436.66,1447.8,-10.59,-0.73,1.47,
SPX,20000517,1466.04,1447.8,1466.05,1441.63,1466.04,-18.24,-1.24,1.67,
SPX,20000516,1456.11,1466.04,1470.41,1450.77,1452.36,13.68,0.94,1.35,
SPX,20000515,1421.0,1452.36,1452.38,1417.05,1420.96,31.4,2.21,2.49,
SPX,20000512,1408.28,1420.96,1430.2,1407.81,1407.81,13.15,0.93,1.59,
SPX,20000511,1386.88,1407.81,1410.25,1383.05,1383.05,24.76,1.79,1.97,
SPX,20000510,1410.53,1383.05,1412.14,1375.2,1412.14,-29.09,-2.06,2.62,
SPX,20000509,1426.51,1412.14,1429.81,1401.86,1424.17,-12.03,-0.84,1.96,
SPX,20000508,1432.63,1424.17,1432.63,1416.92,1432.63,-8.46,-0.59,1.1,
SPX,20000505,1408.32,1432.63,1435.88,1405.16,1409.57,23.06,1.64,2.18,
SPX,20000504,1415.54,1409.57,1420.52,1404.98,1415.1,-5.53,-0.39,1.1,
SPX,20000503,1444.21,1415.1,1446.3,1398.36,1446.29,-31.19,-2.16,3.31,
SPX,20000502,1467.57,1446.29,1468.25,1445.14,1468.25,-21.96,-1.5,1.57,
SPX,20000501,1456.75,1468.25,1481.42,1452.42,1452.43,15.82,1.09,2.0,
SPX,20000630,1441.33,1454.6,1454.68,1438.71,1442.39,12.21,0.85,1.11,
SPX,20000629,1451.71,1442.39,1455.14,1434.63,1454.82,-12.43,-0.85,1.41,
SPX,20000628,1451.96,1454.82,1467.6,1451.51,1450.55,4.27,0.29,1.11,
SPX,20000627,1455.31,1450.55,1463.44,1450.55,1455.31,-4.76,-0.33,0.89,
SPX,20000626,1443.65,1455.31,1459.66,1443.65,1441.48,13.83,0.96,1.11,
SPX,20000623,1452.78,1441.48,1459.94,1438.31,1452.18,-10.7,-0.74,1.49,
SPX,20000622,1478.19,1452.18,1478.19,1448.03,1479.13,-26.95,-1.82,2.04,
SPX,20000621,1479.13,1479.13,1482.19,1468.0,1475.95,3.18,0.22,0.96,
SPX,20000620,1486.71,1475.95,1487.32,1470.18,1486.0,-10.05,-0.68,1.15,
SPX,20000619,1463.9,1486.0,1488.93,1459.05,1464.46,21.54,1.47,2.04,
SPX,20000616,1478.73,1464.46,1480.77,1460.42,1478.73,-14.27,-0.97,1.38,
SPX,20000615,1471.64,1478.73,1482.04,1464.62,1470.54,8.19,0.56,1.18,
SPX,20000614,1471.23,1470.54,1483.62,1467.71,1469.44,1.1,0.07,1.08,
SPX,20000613,1445.74,1469.44,1470.42,1442.38,1446.0,23.44,1.62,1.94,
SPX,20000612,1460.83,1446.0,1462.95,1446.0,1456.95,-10.95,-0.75,1.16,
SPX,20000609,1465.22,1456.95,1472.67,1454.96,1461.67,-4.72,-0.32,1.21,
SPX,20000608,1471.28,1461.67,1475.65,1456.49,1471.36,-9.69,-0.66,1.3,
SPX,20000607,1458.83,1471.36,1474.64,1455.06,1457.84,13.52,0.93,1.34,
SPX,20000606,1467.26,1457.84,1471.36,1454.74,1467.63,-9.79,-0.67,1.13,
SPX,20000605,1474.06,1467.63,1477.28,1464.68,1477.26,-9.63,-0.65,0.85,
SPX,20000602,1460.23,1477.26,1483.42,1448.81,1448.81,28.45,1.96,2.39,
SPX,20000601,1425.53,1448.81,1448.81,1420.59,1420.6,28.21,1.99,1.99,
SPX,20000731,1419.9,1430.83,1437.65,1418.71,1419.89,10.94,0.77,1.33,
SPX,20000728,1449.62,1419.89,1456.68,1413.89,1449.62,-29.73,-2.05,2.95,
SPX,20000727,1449.06,1449.62,1464.91,1445.33,1452.42,-2.8,-0.19,1.35,
SPX,20000726,1472.08,1452.42,1472.08,1452.42,1474.47,-22.05,-1.5,1.33,
SPX,20000725,1464.28,1474.47,1476.23,1464.28,1464.29,10.18,0.7,0.82,
SPX,20000724,1480.82,1464.29,1485.88,1463.8,1480.19,-15.9,-1.07,1.49,
SPX,20000721,1495.57,1480.19,1495.57,1477.91,1495.57,-15.38,-1.03,1.18,
SPX,20000720,1483.9,1495.57,1501.92,1483.9,1481.96,13.61,0.92,1.22,
SPX,20000719,1493.74,1481.96,1495.63,1479.92,1493.74,-11.78,-0.79,1.05,
SPX,20000718,1507.64,1493.74,1507.64,1491.35,1510.49,-16.75,-1.11,1.08,
SPX,20000717,1509.92,1510.49,1517.32,1505.26,1509.98,0.51,0.03,0.8,
SPX,20000714,1499.39,1509.98,1509.99,1494.56,1495.84,14.14,0.95,1.03,
SPX,20000713,1492.92,1495.84,1501.39,1489.65,1492.92,2.92,0.2,0.79,
SPX,20000712,1485.26,1492.92,1497.69,1485.26,1480.88,12.04,0.81,0.84,
SPX,20000711,1474.24,1480.88,1488.77,1470.48,1475.62,5.26,0.36,1.24,
SPX,20000710,1475.67,1475.62,1486.56,1474.76,1478.9,-3.28,-0.22,0.8,
SPX,20000707,1457.48,1478.9,1484.12,1457.48,1456.67,22.23,1.53,1.83,
SPX,20000706,1446.61,1456.67,1461.65,1439.56,1446.23,10.44,0.72,1.53,
SPX,20000705,1465.27,1446.23,1468.63,1442.45,1469.54,-23.31,-1.59,1.78,
SPX,20000703,1454.27,1469.54,1469.57,1450.85,1454.6,14.94,1.03,1.29,
SPX,20000831,1504.44,1517.68,1525.21,1504.44,1502.59,15.09,1.0,1.38,
SPX,20000830,1509.83,1502.59,1510.49,1500.09,1509.84,-7.25,-0.48,0.69,
SPX,20000829,1514.14,1509.84,1514.89,1505.48,1514.09,-4.25,-0.28,0.62,
SPX,20000828,1506.72,1514.09,1523.95,1506.72,1506.45,7.64,0.51,1.14,
SPX,20000825,1507.96,1506.45,1513.47,1505.09,1508.31,-1.86,-0.12,0.56,
SPX,20000824,1505.97,1508.31,1511.16,1501.25,1505.97,2.34,0.16,0.66,
SPX,20000823,1498.13,1505.97,1507.2,1489.52,1498.13,7.84,0.52,1.18,
SPX,20000822,1500.4,1498.13,1508.45,1497.42,1499.48,-1.35,-0.09,0.74,
SPX,20000821,1493.97,1499.48,1502.84,1491.13,1491.72,7.76,0.52,0.78,
SPX,20000818,1497.08,1491.72,1499.47,1488.99,1496.07,-4.35,-0.29,0.7,
SPX,20000817,1479.85,1496.07,1499.32,1479.85,1479.85,16.22,1.1,1.32,
SPX,20000816,1486.32,1479.85,1496.09,1475.74,1484.43,-4.58,-0.31,1.37,
SPX,20000815,1490.69,1484.43,1493.12,1482.74,1491.56,-7.13,-0.48,0.7,
SPX,20000814,1471.84,1491.56,1491.64,1468.56,1471.84,19.72,1.34,1.57,
SPX,20000811,1458.65,1471.84,1475.72,1453.06,1460.25,11.59,0.79,1.55,
SPX,20000810,1472.64,1460.25,1475.19,1459.85,1472.87,-12.62,-0.86,1.04,
SPX,20000809,1488.48,1472.87,1490.37,1471.32,1482.8,-9.93,-0.67,1.28,
SPX,20000808,1478.44,1482.8,1484.4,1472.53,1479.32,3.48,0.24,0.8,
SPX,20000807,1464.28,1479.32,1480.8,1460.72,1462.93,16.39,1.12,1.37,
SPX,20000804,1455.99,1462.93,1462.93,1451.31,1452.56,10.37,0.71,0.8,
SPX,20000803,1434.53,1452.56,1454.19,1425.43,1438.7,13.86,0.96,2.0,
SPX,20000802,1438.31,1438.7,1451.59,1433.49,1438.1,0.6,0.04,1.26,
SPX,20000801,1430.83,1438.1,1443.54,1428.96,1430.83,7.27,0.51,1.02,
SPX,20000929,1456.98,1436.51,1456.98,1436.29,1458.29,-21.78,-1.49,1.42,
SPX,20000928,1426.58,1458.29,1461.69,1425.78,1426.57,31.72,2.22,2.52,
SPX,20000927,1430.45,1426.57,1437.22,1419.44,1427.21,-0.64,-0.04,1.25,
SPX,20000926,1441.47,1427.21,1448.04,1425.25,1439.03,-11.82,-0.82,1.58,
SPX,20000925,1450.3,1439.03,1457.42,1435.93,1448.72,-9.69,-0.67,1.48,
SPX,20000922,1427.16,1448.72,1448.72,1421.08,1449.05,-0.33,-0.02,1.91,
SPX,20000921,1451.34,1449.05,1452.77,1436.3,1451.34,-2.29,-0.16,1.13,
SPX,20000920,1460.49,1451.34,1460.49,1430.95,1459.9,-8.56,-0.59,2.02,
SPX,20000919,1448.28,1459.9,1461.16,1446.05,1444.51,15.39,1.07,1.05,
SPX,20000918,1466.64,1444.51,1467.77,1441.92,1465.81,-21.3,-1.45,1.76,
SPX,20000915,1480.24,1465.81,1480.96,1460.22,1480.87,-15.06,-1.02,1.4,
SPX,20000914,1489.94,1480.87,1494.16,1476.73,1484.91,-4.04,-0.27,1.17,
SPX,20000913,1479.82,1484.91,1487.45,1473.61,1481.99,2.92,0.2,0.93,
SPX,20000912,1490.96,1481.99,1496.93,1479.67,1489.26,-7.27,-0.49,1.16,
SPX,20000911,1494.5,1489.26,1506.76,1483.01,1494.5,-5.24,-0.35,1.59,
SPX,20000908,1502.51,1494.5,1502.51,1489.88,1502.51,-8.01,-0.53,0.84,
SPX,20000907,1495.17,1502.51,1505.34,1494.01,1492.25,10.26,0.69,0.76,
SPX,20000906,1506.43,1492.25,1512.61,1492.12,1507.08,-14.83,-0.98,1.36,
SPX,20000905,1516.08,1507.08,1517.1,1503.75,1520.77,-13.69,-0.9,0.88,
SPX,20000901,1520.69,1520.77,1530.09,1515.53,1517.68,3.09,0.2,0.96,
SPX,20001031,1401.18,1429.4,1432.22,1401.18,1398.66,30.74,2.2,2.22,
SPX,20001030,1379.49,1398.66,1406.36,1376.86,1379.58,19.08,1.38,2.14,
SPX,20001027,1364.44,1379.58,1384.57,1364.13,1364.44,15.14,1.11,1.5,
SPX,20001026,1364.9,1364.44,1372.72,1337.77,1364.9,-0.46,-0.03,2.56,
SPX,20001025,1392.42,1364.9,1393.28,1362.21,1398.13,-33.23,-2.38,2.22,
SPX,20001024,1399.4,1398.13,1415.64,1388.13,1395.78,2.35,0.17,1.97,
SPX,20001023,1396.72,1395.78,1406.96,1387.75,1396.93,-1.15,-0.08,1.38,
SPX,20001020,1388.76,1396.93,1408.47,1382.19,1388.76,8.17,0.59,1.89,
SPX,20001019,1345.64,1388.76,1389.93,1345.64,1342.13,46.63,3.47,3.3,
SPX,20001018,1315.93,1342.13,1356.65,1305.65,1349.97,-7.84,-0.58,3.78,
SPX,20001017,1379.33,1349.97,1380.99,1342.34,1374.62,-24.65,-1.79,2.81,
SPX,20001016,1373.11,1374.62,1379.48,1365.06,1374.17,0.45,0.03,1.05,
SPX,20001013,1329.83,1374.17,1374.17,1326.81,1329.78,44.39,3.34,3.56,
SPX,20001012,1364.59,1329.78,1374.93,1328.06,1364.59,-34.81,-2.55,3.43,
SPX,20001011,1379.74,1364.59,1381.97,1349.67,1387.02,-22.43,-1.62,2.33,
SPX,20001010,1399.27,1387.02,1408.83,1383.85,1402.03,-15.01,-1.07,1.78,
SPX,20001009,1408.67,1402.03,1409.69,1392.48,1408.99,-6.96,-0.49,1.22,
SPX,20001006,1437.3,1408.99,1443.3,1397.06,1436.28,-27.29,-1.9,3.22,
SPX,20001005,1432.04,1436.28,1444.17,1431.8,1434.32,1.96,0.14,0.86,
SPX,20001004,1426.46,1434.32,1439.99,1416.31,1426.46,7.86,0.55,1.66,
SPX,20001003,1441.84,1426.46,1454.82,1425.28,1436.23,-9.77,-0.68,2.06,
SPX,20001002,1441.68,1436.23,1445.6,1429.83,1436.51,-0.28,-0.02,1.1,
SPX,20001130,1334.55,1314.95,1334.55,1294.9,1341.91,-26.96,-2.01,2.95,
SPX,20001129,1337.08,1341.91,1352.38,1329.28,1336.09,5.82,0.44,1.73,
SPX,20001128,1348.97,1336.09,1358.81,1334.97,1348.97,-12.88,-0.95,1.77,
SPX,20001127,1341.77,1348.97,1362.5,1341.77,1341.77,7.2,0.54,1.54,
SPX,20001124,1328.84,1341.77,1343.83,1328.84,1322.36,19.41,1.47,1.13,
SPX,20001122,1346.66,1322.36,1346.66,1321.89,1347.35,-24.99,-1.85,1.84,
SPX,20001121,1343.84,1347.35,1355.87,1333.62,1342.62,4.73,0.35,1.66,
SPX,20001120,1360.31,1342.62,1360.31,1341.67,1367.72,-25.1,-1.84,1.36,
SPX,20001117,1372.7,1367.72,1384.85,1355.55,1372.32,-4.6,-0.34,2.14,
SPX,20001116,1386.98,1372.32,1394.68,1370.4,1389.81,-17.49,-1.26,1.75,
SPX,20001115,1383.25,1389.81,1395.96,1374.75,1382.95,6.86,0.5,1.53,
SPX,20001114,1361.66,1382.95,1390.06,1361.66,1351.26,31.69,2.35,2.1,
SPX,20001113,1365.98,1351.26,1365.98,1328.62,1365.98,-14.72,-1.08,2.74,
SPX,20001110,1393.22,1365.98,1393.22,1365.97,1400.14,-34.16,-2.44,1.95,
SPX,20001109,1408.65,1400.14,1408.65,1369.68,1409.28,-9.14,-0.65,2.77,
SPX,20001108,1432.54,1409.28,1437.28,1408.78,1431.87,-22.59,-1.58,1.99,
SPX,20001107,1430.86,1431.87,1436.22,1423.26,1432.19,-0.32,-0.02,0.9,
SPX,20001106,1428.76,1432.19,1438.46,1427.72,1426.69,5.5,0.39,0.75,
SPX,20001103,1429.57,1426.69,1433.21,1420.92,1428.32,-1.63,-0.11,0.86,
SPX,20001102,1426.7,1428.32,1433.27,1421.13,1421.22,7.1,0.5,0.85,
SPX,20001101,1425.25,1421.22,1429.6,1410.45,1429.4,-8.18,-0.57,1.34,
SPX,20001229,1333.15,1320.28,1340.1,1317.51,1334.22,-13.94,-1.04,1.69,
SPX,20001228,1326.52,1334.22,1335.93,1325.78,1328.92,5.3,0.4,0.76,
SPX,20001227,1314.27,1328.92,1332.03,1310.96,1315.19,13.73,1.04,1.6,
SPX,20001226,1305.93,1315.19,1315.94,1301.64,1305.97,9.22,0.71,1.09,
SPX,20001222,1279.47,1305.97,1305.97,1279.47,1274.86,31.11,2.44,2.08,
SPX,20001221,1263.7,1274.86,1285.31,1254.07,1264.74,10.12,0.8,2.47,
SPX,20001220,1305.6,1264.74,1305.6,1261.16,1305.6,-40.86,-3.13,3.4,
SPX,20001219,1322.96,1305.6,1346.44,1305.2,1322.74,-17.14,-1.3,3.12,
SPX,20001218,1316.32,1322.74,1332.32,1316.32,1312.15,10.59,0.81,1.22,
SPX,20001215,1336.59,1312.15,1336.59,1305.38,1340.93,-28.78,-2.15,2.33,
SPX,20001214,1359.68,1340.93,1359.68,1340.48,1359.99,-19.06,-1.4,1.41,
SPX,20001213,1371.18,1359.99,1385.82,1358.48,1371.18,-11.19,-0.82,1.99,
SPX,20001212,1378.97,1371.18,1380.27,1370.27,1380.2,-9.02,-0.65,0.72,
SPX,20001211,1369.88,1380.2,1389.05,1364.14,1369.89,10.31,0.75,1.82,
SPX,20001208,1353.1,1369.89,1380.33,1353.1,1343.55,26.34,1.96,2.03,
SPX,20001207,1347.73,1343.55,1353.5,1339.26,1351.46,-7.91,-0.59,1.05,
SPX,20001206,1374.72,1351.46,1376.01,1346.15,1376.54,-25.08,-1.82,2.17,
SPX,20001205,1333.47,1376.54,1376.56,1333.47,1324.97,51.57,3.89,3.25,
SPX,20001204,1317.68,1324.97,1332.06,1310.23,1315.23,9.74,0.74,1.66,
SPX,20001201,1317.34,1315.23,1334.67,1307.02,1314.95,0.28,0.02,2.1,
SPX,20010131,1374.56,1366.01,1383.37,1364.66,1373.73,-7.72,-0.56,1.36,
SPX,20010130,1364.42,1373.73,1375.68,1356.2,1364.17,9.56,0.7,1.43,
SPX,20010129,1351.03,1364.17,1365.54,1350.36,1354.95,9.22,0.68,1.12,
SPX,20010126,1353.47,1354.95,1357.48,1342.75,1357.51,-2.56,-0.19,1.09,
SPX,20010125,1362.98,1357.51,1367.35,1354.63,1364.3,-6.79,-0.5,0.93,
SPX,20010124,1361.74,1364.3,1369.75,1357.28,1360.4,3.9,0.29,0.92,
SPX,20010123,1342.9,1360.4,1362.9,1339.63,1342.9,17.5,1.3,1.73,
SPX,20010122,1341.36,1342.9,1353.62,1333.84,1342.54,0.36,0.03,1.47,
SPX,20010119,1354.55,1342.54,1354.55,1336.74,1347.97,-5.43,-0.4,1.32,
SPX,20010118,1329.89,1347.97,1352.71,1327.41,1329.47,18.5,1.39,1.9,
SPX,20010117,1326.65,1329.47,1346.92,1325.41,1326.65,2.82,0.21,1.62,
SPX,20010116,1318.54,1326.65,1327.81,1313.33,1318.32,8.33,0.63,1.1,
SPX,20010112,1326.52,1318.32,1333.21,1311.59,1326.82,-8.5,-0.64,1.63,
SPX,20010111,1309.72,1326.82,1332.19,1300.8,1313.27,13.55,1.03,2.39,
SPX,20010110,1297.57,1313.27,1313.76,1287.28,1300.8,12.47,0.96,2.04,
SPX,20010109,1298.96,1300.8,1311.72,1295.14,1295.86,4.94,0.38,1.28,
SPX,20010108,1296.33,1295.86,1296.97,1276.29,1298.35,-2.49,-0.19,1.59,
SPX,20010105,1334.26,1298.35,1334.77,1294.95,1333.34,-34.99,-2.62,2.99,
SPX,20010104,1345.82,1333.34,1350.24,1329.14,1347.56,-14.22,-1.06,1.57,
SPX,20010103,1280.21,1347.56,1347.76,1274.62,1283.27,64.29,5.01,5.7,
SPX,20010102,1320.28,1283.27,1320.28,1276.05,1320.28,-37.01,-2.8,3.35,
SPX,20010228,1257.94,1239.94,1263.47,1229.65,1257.94,-18.0,-1.43,2.69,
SPX,20010227,1265.72,1257.94,1272.76,1252.26,1267.65,-9.71,-0.77,1.62,
SPX,20010226,1245.86,1267.65,1267.69,1241.71,1245.86,21.79,1.75,2.09,
SPX,20010223,1249.59,1245.86,1250.06,1215.44,1252.82,-6.96,-0.56,2.76,
SPX,20010222,1255.99,1252.82,1259.94,1228.33,1255.27,-2.45,-0.2,2.52,
SPX,20010221,1275.09,1255.27,1282.97,1253.16,1278.94,-23.67,-1.85,2.33,
SPX,20010220,1301.53,1278.94,1307.16,1278.44,1301.53,-22.59,-1.74,2.21,
SPX,20010216,1314.31,1301.53,1314.31,1293.18,1326.61,-25.08,-1.89,1.59,
SPX,20010215,1315.92,1326.61,1331.29,1315.92,1315.92,10.69,0.81,1.17,
SPX,20010214,1318.8,1315.92,1320.73,1304.72,1318.8,-2.88,-0.22,1.21,
SPX,20010213,1330.31,1318.8,1336.62,1317.51,1330.31,-11.51,-0.87,1.44,
SPX,20010212,1314.18,1330.31,1330.96,1313.64,1314.76,15.55,1.18,1.32,
SPX,20010209,1332.53,1314.76,1330.39,1309.98,1332.53,-17.77,-1.33,1.53,
SPX,20010208,1341.1,1332.53,1350.32,1332.42,1340.89,-8.36,-0.62,1.33,
SPX,20010207,1352.26,1340.89,1351.8,1334.26,1352.26,-11.37,-0.84,1.3,
SPX,20010206,1354.31,1352.26,1363.55,1350.04,1354.31,-2.05,-0.15,1.0,
SPX,20010205,1349.47,1354.31,1354.56,1344.48,1349.47,4.84,0.36,0.75,
SPX,20010202,1373.21,1349.47,1376.38,1348.72,1373.47,-24.0,-1.75,2.01,
SPX,20010201,1365.67,1373.47,1373.5,1359.34,1366.01,7.46,0.55,1.04,
SPX,20010330,1147.95,1160.33,1162.18,1145.01,1147.95,12.38,1.08,1.5,
SPX,20010329,1153.29,1147.95,1157.87,1140.27,1153.29,-5.34,-0.46,1.53,
SPX,20010328,1178.04,1153.29,1182.17,1149.07,1182.17,-28.88,-2.44,2.8,
SPX,20010327,1152.69,1182.17,1182.18,1156.22,1152.69,29.48,2.56,2.25,
SPX,20010326,1140.15,1152.69,1159.37,1147.62,1139.83,12.86,1.13,1.03,
SPX,20010323,1121.84,1139.83,1141.58,1117.58,1117.58,22.25,1.99,2.15,
SPX,20010322,1122.14,1117.58,1124.27,1081.19,1122.14,-4.56,-0.41,3.84,
SPX,20010321,1142.33,1122.14,1149.28,1119.81,1142.62,-20.48,-1.79,2.58,
SPX,20010320,1172.28,1142.62,1180.56,1142.19,1170.81,-28.19,-2.41,3.28,
SPX,20010319,1151.68,1170.81,1173.33,1147.18,1150.53,20.28,1.76,2.27,
SPX,20010316,1173.56,1150.53,1164.97,1148.83,1173.56,-23.03,-1.96,1.38,
SPX,20010315,1171.29,1173.56,1180.7,1171.45,1166.71,6.85,0.59,0.79,
SPX,20010314,1197.45,1166.71,1187.41,1157.17,1197.66,-30.95,-2.58,2.52,
SPX,20010313,1182.88,1197.66,1197.71,1171.5,1180.16,17.5,1.48,2.22,
SPX,20010312,1233.42,1180.16,1233.42,1177.94,1233.42,-53.26,-4.32,4.5,
SPX,20010309,1264.74,1233.42,1264.74,1228.42,1264.74,-31.32,-2.48,2.87,
SPX,20010308,1261.89,1264.74,1266.16,1257.91,1261.89,2.85,0.23,0.65,
SPX,20010307,1253.8,1261.89,1263.86,1253.8,1253.8,8.09,0.65,0.8,
SPX,20010306,1241.41,1253.8,1267.42,1241.41,1241.41,12.39,1.0,2.1,
SPX,20010305,1234.18,1241.41,1242.55,1234.04,1234.18,7.23,0.59,0.69,
SPX,20010302,1241.23,1234.18,1251.01,1219.74,1241.23,-7.05,-0.57,2.52,
SPX,20010301,1239.94,1241.23,1241.36,1214.5,1239.94,1.29,0.1,2.17,
SPX,20010430,1253.05,1249.46,1268.99,1246.27,1253.05,-3.59,-0.29,1.81,
SPX,20010427,1234.52,1253.05,1253.07,1234.52,1234.52,18.53,1.5,1.5,
SPX,20010426,1228.75,1234.52,1246.17,1233.22,1228.75,5.77,0.47,1.05,
SPX,20010425,1209.11,1228.75,1231.34,1207.38,1209.47,19.28,1.59,1.98,
SPX,20010424,1224.36,1209.47,1230.82,1209.46,1224.36,-14.89,-1.22,1.74,
SPX,20010423,1242.98,1224.36,1233.63,1218.81,1242.98,-18.62,-1.5,1.19,
SPX,20010420,1252.88,1242.98,1246.15,1234.54,1253.7,-10.72,-0.86,0.93,
SPX,20010419,1238.16,1253.7,1253.71,1233.39,1238.16,15.54,1.26,1.64,
SPX,20010418,1191.81,1238.16,1247.52,1191.81,1191.81,46.35,3.89,4.67,
SPX,20010417,1179.68,1191.81,1191.82,1173.43,1179.68,12.13,1.03,1.56,
SPX,20010416,1183.5,1179.68,1183.3,1169.37,1183.5,-3.82,-0.32,1.18,
SPX,20010412,1165.51,1183.5,1183.51,1158.85,1165.89,17.61,1.51,2.12,
SPX,20010411,1168.38,1165.89,1182.24,1161.77,1168.38,-2.49,-0.21,1.75,
SPX,20010410,1137.59,1168.38,1173.92,1137.59,1137.59,30.79,2.71,3.19,
SPX,20010409,1128.43,1137.59,1146.13,1126.38,1128.43,9.16,0.81,1.75,
SPX,20010406,1151.44,1128.43,1135.87,1120.42,1151.44,-23.01,-2.0,1.34,
SPX,20010405,1103.25,1151.44,1151.46,1119.97,1103.25,48.19,4.37,2.85,
SPX,20010404,1106.46,1103.25,1114.92,1093.3,1106.46,-3.21,-0.29,1.95,
SPX,20010403,1145.87,1106.46,1145.87,1100.19,1145.87,-39.41,-3.44,3.99,
SPX,20010402,1160.33,1145.87,1169.51,1139.27,1160.33,-14.46,-1.25,2.61,
SPX,20010531,1248.08,1255.82,1261.91,1248.07,1248.08,7.74,0.62,1.11,
SPX,20010530,1263.51,1248.08,1267.93,1245.96,1267.93,-19.85,-1.57,1.73,
SPX,20010529,1277.89,1267.93,1278.42,1265.41,,,,,
SPX,20010525,1293.17,1277.89,1293.17,1277.89,1293.17,-15.28,-1.18,1.18,
SPX,20010524,1289.05,1293.17,1293.17,1281.43,1289.05,4.12,0.32,0.91,
SPX,20010523,1309.38,1289.05,1309.38,1289.05,1309.38,-20.33,-1.55,1.55,
SPX,20010522,1312.83,1309.38,1315.39,1306.89,1312.83,-3.45,-0.26,0.65,
SPX,20010521,1291.96,1312.83,1312.91,1287.87,1291.96,20.87,1.62,1.94,
SPX,20010518,1288.49,1291.96,1292.06,1281.15,1288.49,3.47,0.27,0.85,
SPX,20010517,1284.99,1288.49,1296.48,1282.65,1284.99,3.5,0.27,1.08,
SPX,20010516,1247.95,1284.99,1285.3,1243.02,1249.44,35.55,2.85,3.38,
SPX,20010515,1248.92,1249.44,1257.45,1245.36,1248.92,0.52,0.04,0.97,
SPX,20010514,1245.67,1248.92,1249.13,1241.32,1245.67,3.25,0.26,0.63,
SPX,20010511,1255.18,1245.67,1257.83,1242.27,1255.18,-9.51,-0.76,1.24,
SPX,20010510,1255.54,1255.18,1268.14,1254.57,1255.54,-0.36,-0.03,1.08,
SPX,20010509,1261.2,1255.54,1261.2,1247.83,1261.2,-5.66,-0.45,1.06,
SPX,20010508,1266.71,1261.2,1267.01,1253.0,1263.51,-2.31,-0.18,1.11,
SPX,20010507,1266.61,1263.51,1269.33,1259.31,1266.61,-3.1,-0.24,0.79,
SPX,20010504,1248.58,1266.61,1266.7,1233.28,1248.58,18.03,1.44,2.68,
SPX,20010503,1267.43,1248.58,1251.41,1240.19,1267.43,-18.85,-1.49,0.89,
SPX,20010502,1269.97,1267.43,1271.16,1257.89,1266.44,0.99,0.08,1.05,
SPX,20010501,1249.55,1266.44,1266.46,1243.55,1249.46,16.98,1.36,1.83,
SPX,20010629,1226.2,1224.42,1236.68,1221.14,1226.2,-1.78,-0.15,1.27,
SPX,20010628,1211.08,1226.2,1233.53,1220.48,1211.07,15.13,1.25,1.08,
SPX,20010627,1216.77,1211.07,1219.73,1208.97,1216.76,-5.69,-0.47,0.88,
SPX,20010626,1215.31,1216.76,1220.7,1204.64,1218.6,-1.84,-0.15,1.32,
SPX,20010625,1225.35,1218.6,1226.91,1214.56,1225.35,-6.75,-0.55,1.01,
SPX,20010622,1237.59,1225.35,1232.98,1221.94,1237.04,-11.69,-0.94,0.89,
SPX,20010621,1223.14,1237.04,1239.8,1220.25,1223.14,13.9,1.14,1.6,
SPX,20010620,1210.67,1223.14,1225.61,1210.07,1212.58,10.56,0.87,1.28,
SPX,20010619,1208.43,1212.58,1226.11,1208.43,1208.43,4.15,0.34,1.46,
SPX,20010618,1214.36,1208.43,1221.23,1208.43,1214.36,-5.93,-0.49,1.05,
SPX,20010615,1219.87,1214.36,1221.32,1205.11,1219.87,-5.51,-0.45,1.33,
SPX,20010614,1241.6,1219.87,1241.6,1219.66,1241.6,-21.73,-1.75,1.77,
SPX,20010613,1255.85,1241.6,1259.75,1241.59,1255.85,-14.25,-1.13,1.45,
SPX,20010612,1254.39,1255.85,1260.97,1235.75,1254.39,1.46,0.12,2.01,
SPX,20010611,1264.96,1254.39,1261.65,1249.4,1264.96,-10.57,-0.84,0.97,
SPX,20010608,1276.96,1264.96,1273.81,1260.59,1276.96,-12.0,-0.94,1.04,
SPX,20010607,1270.03,1276.96,1276.96,1265.68,1270.03,6.93,0.55,0.89,
SPX,20010606,1283.85,1270.03,1283.85,1269.18,1283.57,-13.54,-1.05,1.14,
SPX,20010605,1268.31,1283.57,1285.3,1267.11,1267.11,16.46,1.3,1.44,
SPX,20010604,1262.62,1267.11,1267.12,1257.19,1260.67,6.44,0.51,0.79,
SPX,20010601,1255.82,1260.67,1265.34,1246.88,1255.82,4.85,0.39,1.47,
SPX,20010731,1204.52,1211.23,1222.63,1210.71,1204.52,6.71,0.56,0.99,
SPX,20010730,1205.82,1204.52,1209.05,1200.41,1205.82,-1.3,-0.11,0.72,
SPX,20010727,1202.55,1205.82,1208.92,1196.13,1202.93,2.89,0.24,1.06,
SPX,20010726,1190.49,1202.93,1204.18,1182.65,1190.49,12.44,1.04,1.81,
SPX,20010725,1171.65,1190.49,1190.51,1172.35,1171.65,18.84,1.61,1.55,
SPX,20010724,1190.14,1171.65,1186.1,1165.71,1191.03,-19.38,-1.63,1.71,
SPX,20010723,1210.85,1191.03,1215.22,1191.02,1210.85,-19.82,-1.64,2.0,
SPX,20010720,1215.02,1210.85,1215.69,1207.04,1215.02,-4.17,-0.34,0.71,
SPX,20010719,1210.68,1215.02,1225.04,1205.8,1207.71,7.31,0.61,1.59,
SPX,20010718,1210.62,1207.71,1208.78,1199.58,1214.44,-6.73,-0.55,0.76,
SPX,20010717,1201.42,1214.44,1215.36,1196.14,1202.45,11.99,1.0,1.6,
SPX,20010716,1214.59,1202.45,1219.06,1201.16,1215.68,-13.23,-1.09,1.47,
SPX,20010713,1208.14,1215.68,1217.92,1203.61,1208.14,7.54,0.62,1.18,
SPX,20010712,1180.18,1208.14,1209.79,1180.18,1180.18,27.96,2.37,2.51,
SPX,20010711,1181.52,1180.18,1183.49,1171.13,1181.52,-1.34,-0.11,1.05,
SPX,20010710,1198.78,1181.52,1194.71,1180.6,1198.78,-17.26,-1.44,1.18,
SPX,20010709,1190.59,1198.78,1201.01,1192.63,1190.59,8.19,0.69,0.7,
SPX,20010706,1219.1,1190.59,1219.1,1188.82,1219.24,-28.65,-2.35,2.48,
SPX,20010705,1234.45,1219.24,1234.45,1219.15,,,,,
SPX,20010703,1235.91,1234.45,1234.62,1230.13,1236.71,-2.26,-0.18,0.36,
SPX,20010702,1225.0,1236.71,1239.16,1224.03,1224.42,12.29,1.0,1.24,
SPX,20010831,1128.21,1133.58,1141.83,1126.38,1129.03,4.55,0.4,1.37,
SPX,20010830,1148.6,1129.03,1151.75,1124.87,1148.6,-19.57,-1.7,2.34,
SPX,20010829,1162.83,1148.6,1166.97,1147.38,1161.51,-12.91,-1.11,1.69,
SPX,20010828,1179.21,1161.51,1179.66,1161.17,1179.21,-17.7,-1.5,1.57,
SPX,20010827,1184.41,1179.21,1186.85,1178.07,1184.93,-5.72,-0.48,0.74,
SPX,20010824,1162.09,1184.93,1185.15,1162.09,1162.09,22.84,1.97,1.98,
SPX,20010823,1165.31,1162.09,1169.86,1160.96,1165.31,-3.22,-0.28,0.76,
SPX,20010822,1157.26,1165.31,1168.56,1153.34,1157.26,8.05,0.7,1.32,
SPX,20010821,1171.41,1157.26,1179.85,1156.56,1171.41,-14.15,-1.21,1.99,
SPX,20010820,1161.99,1171.41,1171.41,1160.94,1161.97,9.44,0.81,0.9,
SPX,20010817,1177.45,1161.97,1181.66,1156.07,1181.66,-19.69,-1.67,2.17,
SPX,20010816,1176.38,1181.66,1181.66,1166.08,1178.02,3.64,0.31,1.32,
SPX,20010815,1186.73,1178.02,1191.21,1177.61,1186.73,-8.71,-0.73,1.15,
SPX,20010814,1191.5,1186.73,1197.08,1184.32,1191.29,-4.56,-0.38,1.07,
SPX,20010813,1190.16,1191.29,1192.3,1185.13,1190.16,1.13,0.09,0.6,
SPX,20010810,1183.43,1190.16,1191.92,1171.55,1183.43,6.73,0.57,1.72,
SPX,20010809,1183.53,1183.43,1184.34,1175.15,1183.53,-0.1,-0.01,0.78,
SPX,20010808,1203.02,1183.53,1206.01,1182.86,1204.4,-20.87,-1.73,1.92,
SPX,20010807,1200.47,1204.4,1207.56,1195.64,1200.48,3.92,0.33,0.99,
SPX,20010806,1211.9,1200.48,1211.0,1198.9,1214.35,-13.87,-1.14,1.0,
SPX,20010803,1220.75,1214.35,1219.45,1207.17,1220.75,-6.4,-0.52,1.01,
SPX,20010802,1215.93,1220.75,1226.27,1215.93,1215.93,4.82,0.4,0.85,
SPX,20010801,1211.23,1215.93,1222.26,1213.77,1211.23,4.7,0.39,0.7,
SPX,20010928,1028.46,1040.94,1040.94,1018.61,1018.61,22.33,2.19,2.19,
SPX,20010927,1006.29,1018.61,1018.92,998.24,1007.04,11.57,1.15,2.05,
SPX,20010926,1012.27,1007.04,1020.29,1002.62,1012.27,-5.23,-0.52,1.75,
SPX,20010925,1003.45,1012.27,1017.14,998.33,1003.45,8.82,0.88,1.87,
SPX,20010924,965.8,1003.45,1008.44,965.8,965.8,37.65,3.9,4.42,
SPX,20010921,975.98,965.8,984.54,944.75,984.54,-18.74,-1.9,4.04,
SPX,20010920,1016.1,984.54,1016.1,984.49,1016.1,-31.56,-3.11,3.11,
SPX,20010919,1032.74,1016.1,1038.91,984.62,1032.74,-16.64,-1.61,5.26,
SPX,20010918,1040.08,1032.74,1046.42,1029.25,1038.77,-6.03,-0.58,1.65,
SPX,20010917,1092.54,1038.77,1092.54,1037.46,,,,,
SPX,20010910,1085.78,1092.54,1096.94,1073.15,1085.78,6.76,0.62,2.19,
SPX,20010907,1106.4,1085.78,1106.4,1082.12,1106.4,-20.62,-1.86,2.19,
SPX,20010906,1128.95,1106.4,1131.74,1105.83,1131.74,-25.34,-2.24,2.29,
SPX,20010905,1133.48,1131.74,1135.52,1114.86,1132.94,-1.2,-0.11,1.82,
SPX,20010904,1133.58,1132.94,1155.4,1129.06,,,,,
SPX,20011031,1066.37,1059.78,1074.79,1057.55,1059.79,-0.01,0.0,1.63,
SPX,20011030,1075.56,1059.79,1078.3,1053.61,1078.3,-18.51,-1.72,2.29,
SPX,20011029,1099.81,1078.3,1104.61,1078.3,1104.61,-26.31,-2.38,2.38,
SPX,20011026,1096.24,1104.61,1110.61,1094.24,1100.09,4.52,0.41,1.49,
SPX,20011025,1100.09,1100.09,1100.09,1065.64,1085.2,14.89,1.37,3.17,
SPX,20011024,1085.2,1085.2,1090.26,1079.98,1084.78,0.42,0.04,0.95,
SPX,20011023,1093.87,1084.78,1098.99,1081.53,1089.9,-5.12,-0.47,1.6,
SPX,20011022,1072.35,1089.9,1090.57,1070.32,1073.48,16.42,1.53,1.89,
SPX,20011019,1066.62,1073.48,1075.52,1057.24,1068.61,4.87,0.46,1.71,
SPX,20011018,1074.38,1068.61,1077.94,1064.54,1077.09,-8.48,-0.79,1.24,
SPX,20011017,1077.09,1077.09,1107.12,1076.57,1097.54,-20.45,-1.86,2.78,
SPX,20011016,1093.71,1097.54,1101.66,1087.13,1089.98,7.56,0.69,1.33,
SPX,20011015,1089.98,1089.98,1091.65,1078.19,1091.65,-1.67,-0.15,1.23,
SPX,20011012,1088.37,1091.65,1097.43,1072.15,1097.43,-5.78,-0.53,2.3,
SPX,20011011,1082.44,1097.43,1099.16,1080.99,1080.99,16.44,1.52,1.68,
SPX,20011010,1055.28,1080.99,1081.62,1052.7,1056.75,24.24,2.29,2.74,
SPX,20011009,1062.93,1056.75,1063.37,1053.83,1062.44,-5.69,-0.54,0.9,
SPX,20011008,1071.37,1062.44,1071.37,1056.88,1071.38,-8.94,-0.83,1.35,
SPX,20011005,1069.63,1071.38,1072.35,1053.5,1069.63,1.75,0.16,1.76,
SPX,20011004,1072.28,1069.63,1084.12,1067.82,1072.28,-2.65,-0.25,1.52,
SPX,20011003,1042.89,1072.28,1075.38,1041.48,1051.33,20.95,1.99,3.22,
SPX,20011002,1037.56,1051.33,1051.33,1034.47,1038.55,12.78,1.23,1.62,
SPX,20011001,1037.9,1038.55,1040.94,1026.76,1040.94,-2.39,-0.23,1.36,
SPX,20011130,1140.2,1139.45,1143.57,1135.89,1140.2,-0.75,-0.07,0.67,
SPX,20011129,1128.52,1140.2,1140.4,1125.51,1128.52,11.68,1.04,1.32,
SPX,20011128,1143.09,1128.52,1149.5,1128.29,1149.5,-20.98,-1.83,1.85,
SPX,20011127,1157.42,1149.5,1163.38,1140.81,1157.42,-7.92,-0.68,1.95,
SPX,20011126,1150.34,1157.42,1157.88,1146.17,1150.34,7.08,0.62,1.02,
SPX,20011123,1137.03,1150.34,1151.05,1135.9,1137.03,13.31,1.17,1.33,
SPX,20011121,1140.15,1137.03,1142.66,1129.78,1142.66,-5.63,-0.49,1.13,
SPX,20011120,1151.06,1142.66,1152.45,1142.17,1151.06,-8.4,-0.73,0.89,
SPX,20011119,1138.65,1151.06,1151.06,1138.65,1138.65,12.41,1.09,1.09,
SPX,20011116,1142.24,1138.65,1143.52,1129.92,1142.24,-3.59,-0.31,1.19,
SPX,20011115,1141.21,1142.24,1146.46,1135.06,1141.21,1.03,0.09,1.0,
SPX,20011114,1139.09,1141.21,1148.28,1132.87,1139.09,2.12,0.19,1.35,
SPX,20011113,1122.23,1139.09,1139.14,1118.33,1118.33,20.76,1.86,1.86,
SPX,20011112,1120.31,1118.33,1121.71,1098.32,1120.31,-1.98,-0.18,2.09,
SPX,20011109,1117.59,1120.31,1123.02,1111.13,1118.54,1.77,0.16,1.06,
SPX,20011108,1115.8,1118.54,1135.75,1115.42,1115.8,2.74,0.25,1.82,
SPX,20011107,1118.86,1115.8,1126.62,1112.98,1118.86,-3.06,-0.27,1.22,
SPX,20011106,1102.01,1118.86,1119.73,1095.36,1102.84,16.02,1.45,2.21,
SPX,20011105,1097.28,1102.84,1106.72,1087.2,1087.2,15.64,1.44,1.8,
SPX,20011102,1084.1,1087.2,1089.63,1075.58,1084.1,3.1,0.29,1.3,
SPX,20011101,1063.12,1084.1,1085.61,1054.31,1059.78,24.32,2.29,2.95,
SPX,20011231,1158.34,1148.08,1161.16,1148.04,1161.02,-12.94,-1.11,1.13,
SPX,20011228,1158.35,1161.02,1164.64,1157.13,1157.13,3.89,0.34,0.65,
SPX,20011227,1149.37,1157.13,1157.13,1149.37,1149.37,7.76,0.68,0.68,
SPX,20011226,1145.06,1149.37,1159.18,1144.65,1144.65,4.72,0.41,1.27,
SPX,20011224,1144.96,1144.65,1147.83,1144.62,1144.89,-0.24,-0.02,0.28,
SPX,20011221,1139.93,1144.89,1147.83,1139.93,1139.93,4.96,0.44,0.69,
SPX,20011220,1148.93,1139.93,1151.42,1139.93,1149.56,-9.63,-0.84,1.0,
SPX,20011219,1142.92,1149.56,1152.44,1134.75,1142.92,6.64,0.58,1.55,
SPX,20011218,1134.36,1142.92,1145.1,1134.36,1134.36,8.56,0.75,0.95,
SPX,20011217,1123.09,1134.36,1137.36,1122.34,1123.09,11.27,1.0,1.34,
SPX,20011214,1117.92,1123.09,1128.28,1114.5,1119.38,3.71,0.33,1.23,
SPX,20011213,1137.07,1119.38,1137.07,1117.85,1137.07,-17.69,-1.56,1.69,
SPX,20011212,1136.76,1137.07,1141.58,1126.01,1136.76,0.31,0.03,1.37,
SPX,20011211,1144.47,1136.76,1150.89,1134.32,1139.93,-3.17,-0.28,1.45,
SPX,20011210,1152.44,1139.93,1158.31,1139.66,1158.31,-18.38,-1.59,1.61,
SPX,20011207,1167.1,1158.31,1167.1,1152.66,1167.1,-8.79,-0.75,1.24,
SPX,20011206,1170.35,1167.1,1173.35,1164.43,1170.35,-3.25,-0.28,0.76,
SPX,20011205,1144.8,1170.35,1173.62,1143.77,1144.8,25.55,2.23,2.61,
SPX,20011204,1129.9,1144.8,1144.8,1128.86,1129.9,14.9,1.32,1.41,
SPX,20011203,1139.45,1129.9,1139.45,1125.78,1139.45,-9.55,-0.84,1.2,
SPX,20020131,1113.57,1130.2,1130.21,1113.3,1113.57,16.63,1.49,1.52,
SPX,20020130,1100.23,1113.57,1113.79,1081.66,1100.64,12.93,1.17,2.92,
SPX,20020129,1133.06,1100.64,1137.47,1098.74,1133.06,-32.42,-2.86,3.42,
SPX,20020128,1136.27,1133.06,1138.63,1126.66,1133.28,-0.22,-0.02,1.06,
SPX,20020125,1129.33,1133.28,1138.31,1127.82,1132.15,1.13,0.1,0.93,
SPX,20020124,1133.37,1132.15,1139.5,1128.18,1128.18,3.97,0.35,1.0,
SPX,20020123,1119.31,1128.18,1131.94,1117.43,1119.31,8.88,0.79,1.3,
SPX,20020122,1135.26,1119.31,1137.0,1117.94,1127.58,-8.27,-0.73,1.69,
SPX,20020118,1127.53,1127.58,1138.88,1124.45,1138.88,-11.31,-0.99,1.27,
SPX,20020117,1135.74,1138.88,1139.27,1127.57,1127.57,11.32,1.0,1.04,
SPX,20020116,1139.17,1127.57,1146.19,1127.49,1146.19,-18.62,-1.62,1.63,
SPX,20020115,1140.84,1146.19,1148.81,1136.88,1138.41,7.78,0.68,1.05,
SPX,20020114,1143.02,1138.41,1145.6,1138.15,1145.6,-7.19,-0.63,0.65,
SPX,20020111,1158.51,1145.6,1159.41,1145.45,1156.55,-10.95,-0.95,1.21,
SPX,20020110,1154.27,1156.55,1159.93,1150.85,1155.14,1.41,0.12,0.79,
SPX,20020109,1163.75,1155.14,1174.26,1151.89,1160.71,-5.57,-0.48,1.93,
SPX,20020108,1165.32,1160.71,1167.6,1157.46,1164.89,-4.18,-0.36,0.87,
SPX,20020107,1174.65,1164.89,1176.97,1163.55,1172.51,-7.62,-0.65,1.14,
SPX,20020104,1171.08,1172.51,1176.55,1163.42,1165.27,7.24,0.62,1.13,
SPX,20020103,1155.46,1165.27,1165.27,1154.01,1154.67,10.6,0.92,0.98,
SPX,20020102,1149.0,1154.67,1154.67,1136.23,1148.08,6.59,0.57,1.61,
SPX,20020228,1110.8,1106.73,1121.57,1106.73,1109.89,-3.15,-0.28,1.34,
SPX,20020227,1111.23,1109.89,1123.06,1102.26,1109.38,0.51,0.05,1.87,
SPX,20020226,1110.35,1109.38,1115.05,1101.72,1109.43,-0.06,-0.01,1.2,
SPX,20020225,1090.83,1109.43,1112.71,1089.84,1089.84,19.6,1.8,2.1,
SPX,20020222,1080.95,1089.84,1093.93,1074.39,1080.95,8.89,0.82,1.81,
SPX,20020221,1097.98,1080.95,1101.5,1080.24,1097.98,-17.04,-1.55,1.94,
SPX,20020220,1083.34,1097.98,1098.32,1074.36,1083.34,14.65,1.35,2.21,
SPX,20020219,1102.16,1083.34,1104.18,1082.24,1104.18,-20.85,-1.89,1.99,
SPX,20020215,1116.48,1104.18,1117.09,1103.23,1116.48,-12.29,-1.1,1.24,
SPX,20020214,1118.51,1116.48,1124.72,1112.3,1118.51,-2.03,-0.18,1.11,
SPX,20020213,1107.5,1118.51,1120.56,1107.5,1107.5,11.01,0.99,1.18,
SPX,20020212,1106.17,1107.5,1112.68,1102.98,1111.94,-4.44,-0.4,0.87,
SPX,20020211,1095.37,1111.94,1112.01,1094.68,1096.22,15.71,1.43,1.58,
SPX,20020208,1082.39,1096.22,1096.3,1079.91,1080.17,16.05,1.49,1.52,
SPX,20020207,1083.51,1080.17,1094.03,1078.44,1083.51,-3.34,-0.31,1.44,
SPX,20020206,1091.47,1083.51,1093.58,1077.78,1090.02,-6.51,-0.6,1.45,
SPX,20020205,1094.44,1090.02,1100.96,1082.58,1094.44,-4.42,-0.4,1.68,
SPX,20020204,1118.04,1094.44,1122.2,1092.25,1122.2,-27.76,-2.47,2.67,
SPX,20020201,1127.39,1122.2,1130.2,1118.51,1130.2,-8.01,-0.71,1.03,
SPX,20020328,1146.29,1147.39,1154.4,1144.58,1144.58,2.81,0.25,0.86,
SPX,20020327,1137.45,1144.58,1146.85,1135.54,1138.49,6.09,0.53,0.99,
SPX,20020326,1131.87,1138.49,1146.98,1131.43,1131.87,6.63,0.59,1.37,
SPX,20020325,1149.28,1131.87,1150.89,1131.87,1148.7,-16.83,-1.46,1.66,
SPX,20020322,1153.59,1148.7,1156.48,1144.82,1153.59,-4.89,-0.42,1.01,
SPX,20020321,1151.85,1153.59,1155.12,1139.58,1151.85,1.74,0.15,1.35,
SPX,20020320,1170.29,1151.85,1170.29,1151.67,1170.29,-18.44,-1.58,1.59,
SPX,20020319,1165.55,1170.29,1173.89,1165.55,1165.55,4.74,0.41,0.72,
SPX,20020318,1166.16,1165.55,1172.75,1159.18,1166.16,-0.61,-0.05,1.16,
SPX,20020315,1153.45,1166.16,1166.45,1153.04,1153.04,13.12,1.14,1.16,
SPX,20020314,1154.09,1153.04,1157.76,1151.14,1154.09,-1.05,-0.09,0.57,
SPX,20020313,1162.98,1154.09,1165.58,1151.01,1165.58,-11.49,-0.99,1.25,
SPX,20020312,1168.26,1165.58,1168.26,1154.34,1168.26,-2.68,-0.23,1.19,
SPX,20020311,1164.31,1168.26,1173.03,1159.58,1164.31,3.95,0.34,1.16,
SPX,20020308,1157.54,1164.31,1172.76,1157.54,1157.54,6.77,0.58,1.31,
SPX,20020307,1162.77,1157.54,1167.94,1150.69,1162.77,-5.23,-0.45,1.48,
SPX,20020306,1146.14,1162.77,1165.29,1145.11,1146.14,16.63,1.45,1.76,
SPX,20020305,1153.02,1146.14,1157.74,1144.78,1153.84,-7.71,-0.67,1.12,
SPX,20020304,1130.93,1153.84,1153.84,1130.93,1131.78,22.06,1.95,2.02,
SPX,20020301,1108.74,1131.78,1131.79,1106.73,1106.73,25.05,2.26,2.26,
SPX,20020430,1065.45,1076.92,1082.54,1063.56,1065.45,11.47,1.08,1.78,
SPX,20020429,1076.89,1065.45,1078.96,1063.6,1076.32,-10.86,-1.01,1.43,
SPX,20020426,1091.48,1076.32,1096.63,1076.32,1091.48,-15.17,-1.39,1.86,
SPX,20020425,1093.14,1091.48,1094.2,1084.88,1093.14,-1.66,-0.15,0.85,
SPX,20020424,1101.93,1093.14,1108.45,1092.55,1100.96,-7.82,-0.71,1.44,
SPX,20020423,1107.89,1100.96,1111.12,1099.09,1107.83,-6.87,-0.62,1.09,
SPX,20020422,1122.68,1107.83,1125.17,1105.75,1125.17,-17.34,-1.54,1.73,
SPX,20020419,1127.44,1125.17,1128.82,1122.72,1124.47,0.69,0.06,0.54,
SPX,20020418,1126.07,1124.47,1130.53,1109.47,1126.07,-1.6,-0.14,1.87,
SPX,20020417,1128.37,1126.07,1132.94,1123.37,1128.37,-2.3,-0.2,0.85,
SPX,20020416,1102.55,1128.37,1129.34,1102.55,1102.55,25.82,2.34,2.43,
SPX,20020415,1111.68,1102.55,1114.81,1099.52,1111.01,-8.47,-0.76,1.38,
SPX,20020412,1103.69,1111.01,1112.78,1102.82,1103.69,7.33,0.66,0.9,
SPX,20020411,1130.47,1103.69,1130.47,1102.56,1130.46,-26.78,-2.37,2.47,
SPX,20020410,1117.8,1130.46,1131.74,1117.8,1117.8,12.66,1.13,1.25,
SPX,20020409,1125.29,1117.8,1128.36,1116.91,1125.29,-7.49,-0.67,1.02,
SPX,20020408,1122.73,1125.29,1125.41,1111.92,1122.73,2.56,0.23,1.2,
SPX,20020405,1126.34,1122.73,1133.01,1119.63,1126.34,-3.61,-0.32,1.19,
SPX,20020404,1125.4,1126.34,1130.41,1120.17,1125.4,0.94,0.08,0.91,
SPX,20020403,1137.55,1125.4,1138.75,1119.71,1136.76,-11.36,-1.0,1.67,
SPX,20020402,1146.54,1136.76,1146.54,1135.72,1146.54,-9.78,-0.85,0.94,
SPX,20020401,1145.96,1146.54,1147.75,1133.03,1147.39,-0.84,-0.07,1.28,
SPX,20020531,1065.82,1067.14,1079.83,1064.66,1064.66,2.48,0.23,1.42,
SPX,20020530,1067.66,1064.66,1069.5,1054.49,1067.66,-3.0,-0.28,1.41,
SPX,20020529,1074.55,1067.66,1074.78,1067.66,1074.55,-6.89,-0.64,0.66,
SPX,20020528,1084.58,1074.55,1085.83,1070.35,1083.82,-9.27,-0.86,1.43,
SPX,20020524,1097.08,1083.82,1097.08,1082.2,1097.08,-13.26,-1.21,1.36,
SPX,20020523,1086.62,1097.08,1097.1,1080.67,1086.02,11.07,1.02,1.51,
SPX,20020522,1079.88,1086.02,1086.02,1075.6,1079.88,6.14,0.57,0.96,
SPX,20020521,1092.46,1079.88,1099.38,1079.11,1091.88,-12.0,-1.1,1.86,
SPX,20020520,1106.59,1091.88,1106.59,1090.56,1106.59,-14.72,-1.33,1.45,
SPX,20020517,1099.78,1106.59,1106.59,1096.77,1098.23,8.36,0.76,0.89,
SPX,20020516,1091.07,1098.23,1099.17,1089.26,1091.07,7.16,0.66,0.91,
SPX,20020515,1096.83,1091.07,1104.23,1089.02,1097.28,-6.21,-0.57,1.39,
SPX,20020514,1074.56,1097.28,1097.73,1074.56,1074.56,22.72,2.11,2.16,
SPX,20020513,1056.26,1074.56,1074.85,1053.98,1054.99,19.57,1.86,1.98,
SPX,20020510,1073.01,1054.99,1075.42,1054.05,1073.01,-18.02,-1.68,1.99,
SPX,20020509,1088.85,1073.01,1088.85,1072.29,1088.85,-15.84,-1.45,1.52,
SPX,20020508,1049.49,1088.85,1088.85,1049.49,1049.49,39.36,3.75,3.75,
SPX,20020507,1052.67,1049.49,1058.67,1049.06,1052.67,-3.18,-0.3,0.91,
SPX,20020506,1073.01,1052.67,1075.94,1052.65,1073.43,-20.76,-1.93,2.17,
SPX,20020503,1084.2,1073.43,1084.56,1068.92,1084.56,-11.14,-1.03,1.44,
SPX,20020502,1086.12,1084.56,1091.2,1079.53,1086.46,-1.89,-0.17,1.07,
SPX,20020501,1076.4,1086.46,1088.15,1065.37,1076.92,9.53,0.89,2.12,
SPX,20020628,990.64,989.81,1001.78,988.57,990.64,-0.82,-0.08,1.33,
SPX,20020627,973.53,990.64,990.65,963.93,973.52,17.11,1.76,2.74,
SPX,20020626,970.61,973.52,977.29,953.08,976.14,-2.61,-0.27,2.48,
SPX,20020625,994.31,976.14,1005.9,974.09,992.72,-16.58,-1.67,3.2,
SPX,20020624,989.14,992.72,1001.95,970.9,989.14,3.58,0.36,3.14,
SPX,20020621,1004.48,989.14,1006.29,985.66,1006.29,-17.15,-1.7,2.05,
SPX,20020620,1019.76,1006.29,1023.18,1004.69,1019.99,-13.7,-1.34,1.81,
SPX,20020619,1037.14,1019.99,1037.51,1017.93,1037.14,-17.15,-1.65,1.89,
SPX,20020618,1035.11,1037.14,1040.78,1031.04,1036.17,0.97,0.09,0.94,
SPX,20020617,1007.27,1036.17,1036.17,1007.27,1007.27,28.9,2.87,2.87,
SPX,20020614,1009.56,1007.27,1009.56,981.72,1009.56,-2.29,-0.23,2.76,
SPX,20020613,1019.45,1009.56,1023.37,1008.09,1020.26,-10.7,-1.05,1.5,
SPX,20020612,1012.91,1020.26,1021.86,1002.61,1013.6,6.66,0.66,1.9,
SPX,20020611,1030.74,1013.6,1038.95,1013.01,1030.74,-17.14,-1.66,2.52,
SPX,20020610,1027.16,1030.74,1038.08,1025.57,1027.53,3.21,0.31,1.22,
SPX,20020607,1029.15,1027.53,1033.02,1012.45,1029.15,-1.62,-0.16,2.0,
SPX,20020606,1049.33,1029.15,1049.9,1026.91,1049.9,-20.76,-1.98,2.19,
SPX,20020605,1041.12,1049.9,1050.05,1038.92,1040.69,9.21,0.89,1.07,
SPX,20020604,1040.43,1040.69,1046.01,1030.64,1040.68,0.01,0.0,1.48,
SPX,20020603,1066.77,1040.68,1070.66,1039.91,1067.14,-26.46,-2.48,2.88,
SPX,20020731,902.78,911.62,911.63,889.87,902.78,8.83,0.98,2.41,
SPX,20020730,898.96,902.78,909.69,884.93,898.96,3.82,0.43,2.75,
SPX,20020729,852.84,898.96,898.96,852.84,852.84,46.12,5.41,5.41,
SPX,20020726,838.68,852.84,852.84,836.22,838.68,14.15,1.69,1.98,
SPX,20020725,843.42,838.68,853.72,816.16,843.42,-4.73,-0.56,4.45,
SPX,20020724,797.71,843.42,844.2,775.96,797.7,45.72,5.73,8.55,
SPX,20020723,819.9,797.7,827.63,796.24,819.85,-22.15,-2.7,3.83,
SPX,20020722,846.6,819.85,853.9,813.54,847.76,-27.91,-3.29,4.76,
SPX,20020719,881.56,847.76,881.56,842.14,881.56,-33.8,-3.83,4.47,
SPX,20020718,905.25,881.56,907.66,880.71,906.04,-24.48,-2.7,2.97,
SPX,20020717,904.19,906.04,926.55,895.39,901.05,4.99,0.55,3.46,
SPX,20020716,917.93,901.05,918.65,897.13,917.93,-16.88,-1.84,2.34,
SPX,20020715,920.99,917.93,921.39,876.57,921.39,-3.46,-0.38,4.86,
SPX,20020712,927.37,921.39,934.07,913.71,927.37,-5.98,-0.65,2.2,
SPX,20020711,919.86,927.37,928.99,901.01,920.47,6.91,0.75,3.04,
SPX,20020710,954.63,920.47,956.04,920.31,952.83,-32.36,-3.4,3.75,
SPX,20020709,976.98,952.83,979.69,951.78,976.98,-24.15,-2.47,2.86,
SPX,20020708,987.88,976.98,993.59,973.04,989.03,-12.05,-1.22,2.08,
SPX,20020705,953.99,989.03,989.07,953.99,953.99,35.03,3.67,3.68,
SPX,20020703,946.03,953.99,954.2,934.88,948.09,5.91,0.62,2.04,
SPX,20020702,967.97,948.09,968.65,945.65,968.65,-20.56,-2.12,2.37,
SPX,20020701,989.82,968.65,994.35,967.52,989.81,-21.17,-2.14,2.71,
SPX,20020830,917.8,916.07,928.07,910.17,917.8,-1.73,-0.19,1.95,
SPX,20020829,917.87,917.8,924.61,903.3,917.87,-0.07,-0.01,2.32,
SPX,20020828,932.72,917.87,934.82,913.39,934.82,-16.95,-1.81,2.29,
SPX,20020827,947.95,934.82,955.46,930.33,947.95,-13.13,-1.38,2.65,
SPX,20020826,941.77,947.95,950.64,930.5,940.86,7.09,0.75,2.14,
SPX,20020823,962.7,940.86,962.7,937.17,962.7,-21.84,-2.27,2.65,
SPX,20020822,949.52,962.7,964.84,946.87,949.36,13.34,1.4,1.89,
SPX,20020821,937.43,949.36,951.44,931.34,937.43,11.94,1.27,2.14,
SPX,20020820,949.05,937.43,950.7,931.88,950.72,-13.29,-1.4,1.98,
SPX,20020819,928.71,950.72,951.13,927.3,928.77,21.95,2.36,2.57,
SPX,20020816,928.64,928.77,935.37,916.56,930.25,-1.48,-0.16,2.02,
SPX,20020815,919.62,930.25,932.43,918.23,919.62,10.63,1.16,1.54,
SPX,20020814,884.21,919.62,920.13,876.2,884.21,35.41,4.0,4.97,
SPX,20020813,903.8,884.21,911.75,883.68,903.8,-19.59,-2.17,3.11,
SPX,20020812,908.64,903.8,908.64,892.49,908.64,-4.84,-0.53,1.78,
SPX,20020809,902.53,908.64,913.89,890.84,905.46,3.18,0.35,2.55,
SPX,20020808,876.77,905.46,905.86,875.16,876.77,28.69,3.27,3.5,
SPX,20020807,859.57,876.77,878.49,854.23,859.57,17.21,2.0,2.82,
SPX,20020806,837.09,859.57,874.18,834.6,834.6,24.97,2.99,4.74,
SPX,20020805,863.6,834.6,864.24,833.44,864.24,-29.64,-3.43,3.56,
SPX,20020802,884.66,864.24,884.7,853.99,884.66,-20.41,-2.31,3.47,
SPX,20020801,910.7,884.66,911.62,882.56,911.62,-26.96,-2.96,3.19,
SPX,20020930,825.77,815.28,827.37,800.26,827.37,-12.08,-1.46,3.28,
SPX,20020927,854.95,827.37,854.95,826.91,854.95,-27.58,-3.23,3.28,
SPX,20020926,839.66,854.95,856.59,839.66,839.66,15.29,1.82,2.02,
SPX,20020925,819.27,839.66,843.92,818.52,819.29,20.37,2.49,3.1,
SPX,20020924,833.7,819.29,833.7,817.65,833.7,-14.42,-1.73,1.93,
SPX,20020923,845.39,833.7,845.39,825.81,845.39,-11.69,-1.38,2.32,
SPX,20020920,843.32,845.39,849.35,839.22,843.32,2.07,0.25,1.2,
SPX,20020919,869.46,843.32,869.46,843.11,869.46,-26.14,-3.01,3.03,
SPX,20020918,873.52,869.46,878.3,857.4,873.52,-4.06,-0.46,2.39,
SPX,20020917,891.1,873.52,902.63,872.4,891.1,-17.58,-1.97,3.39,
SPX,20020916,889.08,891.1,891.65,879.17,889.81,1.29,0.15,1.4,
SPX,20020913,886.91,889.81,892.5,877.17,886.91,2.9,0.33,1.73,
SPX,20020912,908.36,886.91,909.45,884.9,909.45,-22.54,-2.48,2.7,
SPX,20020911,909.58,909.45,923.98,908.5,909.58,-0.13,-0.01,1.7,
SPX,20020910,903.33,909.58,909.9,900.52,902.96,6.62,0.73,1.04,
SPX,20020909,893.39,902.96,907.19,883.12,893.92,9.04,1.01,2.69,
SPX,20020906,879.15,893.92,899.01,879.15,879.15,14.77,1.68,2.26,
SPX,20020905,893.41,879.15,893.4,870.55,893.4,-14.25,-1.6,2.56,
SPX,20020904,878.65,893.4,896.1,875.86,878.02,15.39,1.75,2.31,
SPX,20020903,916.07,878.02,916.07,877.54,916.07,-38.05,-4.15,4.21,
SPX,20021031,891.1,885.76,898.58,879.75,890.71,-4.95,-0.56,2.11,
SPX,20021030,883.13,890.71,895.09,879.27,882.15,8.57,0.97,1.79,
SPX,20021029,889.88,882.15,890.59,867.96,890.23,-8.08,-0.91,2.54,
SPX,20021028,900.82,890.23,907.51,886.16,897.65,-7.42,-0.83,2.38,
SPX,20021025,882.5,897.65,897.65,877.18,882.5,15.15,1.72,2.32,
SPX,20021024,896.95,882.5,902.88,879.03,896.14,-13.64,-1.52,2.66,
SPX,20021023,890.16,896.14,896.14,873.89,890.16,5.97,0.67,2.5,
SPX,20021022,899.72,890.16,899.72,882.48,899.72,-9.56,-1.06,1.92,
SPX,20021021,884.39,899.72,900.67,873.16,884.39,15.33,1.73,3.11,
SPX,20021018,879.2,884.39,886.47,866.66,879.2,5.19,0.59,2.25,
SPX,20021017,860.02,879.2,885.3,860.22,860.02,19.17,2.23,2.92,
SPX,20021016,881.27,860.02,881.27,856.28,881.27,-21.24,-2.41,2.84,
SPX,20021015,841.44,881.27,881.27,841.44,841.44,39.83,4.73,4.73,
SPX,20021014,833.86,841.44,844.44,828.48,835.32,6.12,0.73,1.91,
SPX,20021011,803.92,835.32,843.1,803.92,803.92,31.4,3.91,4.87,
SPX,20021010,776.76,803.92,806.48,768.67,776.76,27.16,3.5,4.87,
SPX,20021009,798.55,776.76,798.55,775.86,798.55,-21.78,-2.73,2.84,
SPX,20021008,785.57,798.55,808.79,779.55,785.28,13.27,1.69,3.72,
SPX,20021007,799.98,785.28,808.18,783.06,800.58,-15.31,-1.91,3.14,
SPX,20021004,818.95,800.58,825.86,794.17,818.95,-18.37,-2.24,3.87,
SPX,20021003,827.91,818.95,839.76,817.46,827.91,-8.96,-1.08,2.69,
SPX,20021002,843.77,827.91,851.91,826.6,847.91,-20.0,-2.36,2.98,
SPX,20021001,815.28,847.91,847.93,812.83,815.28,32.63,4.0,4.31,
SPX,20021129,939.83,936.31,941.76,935.7,938.87,-2.56,-0.27,0.65,
SPX,20021127,913.31,938.87,940.41,913.31,913.31,25.56,2.8,2.97,
SPX,20021126,932.87,913.31,932.87,912.11,932.88,-19.57,-2.1,2.23,
SPX,20021125,930.55,932.88,937.07,923.43,930.55,2.33,0.25,1.47,
SPX,20021122,932.83,930.55,937.2,928.4,933.76,-3.21,-0.34,0.94,
SPX,20021121,914.15,933.76,935.13,914.15,914.15,19.61,2.15,2.3,
SPX,20021120,897.1,914.15,914.99,894.95,896.74,17.41,1.94,2.23,
SPX,20021119,900.36,896.74,905.36,893.1,900.36,-3.62,-0.4,1.36,
SPX,20021118,909.83,900.36,915.91,899.51,909.83,-9.47,-1.04,1.8,
SPX,20021115,904.27,909.83,910.21,895.35,904.27,5.57,0.62,1.64,
SPX,20021114,887.29,904.27,904.27,882.53,882.52,21.74,2.46,2.46,
SPX,20021113,882.06,882.52,892.32,872.16,882.95,-0.43,-0.05,2.28,
SPX,20021112,876.19,882.95,894.24,876.19,876.19,6.77,0.77,2.06,
SPX,20021111,894.09,876.19,894.74,874.66,894.74,-18.56,-2.07,2.24,
SPX,20021108,902.65,894.74,910.1,891.66,902.65,-7.91,-0.88,2.04,
SPX,20021107,923.19,902.65,923.76,898.72,923.76,-21.11,-2.28,2.71,
SPX,20021106,915.39,923.76,925.67,905.49,915.39,8.36,0.91,2.2,
SPX,20021105,906.79,915.39,915.82,905.03,908.35,7.05,0.78,1.19,
SPX,20021104,900.96,908.35,924.55,900.96,900.96,7.38,0.82,2.62,
SPX,20021101,884.33,900.96,903.26,877.82,885.76,15.2,1.72,2.87,
SPX,20021231,879.39,879.82,881.83,869.43,879.39,0.43,0.05,1.41,
SPX,20021230,875.4,879.39,882.03,870.29,875.4,4.0,0.46,1.34,
SPX,20021227,889.66,875.4,890.42,873.67,889.66,-14.27,-1.6,1.88,
SPX,20021226,893.28,889.66,903.77,887.51,892.47,-2.81,-0.31,1.82,
SPX,20021224,896.2,892.47,897.38,892.32,897.38,-4.91,-0.55,0.56,
SPX,20021223,895.74,897.38,902.42,892.27,895.75,1.63,0.18,1.13,
SPX,20021220,884.25,895.75,897.75,884.26,884.25,11.49,1.3,1.53,
SPX,20021219,890.02,884.25,899.12,880.36,891.12,-6.86,-0.77,2.11,
SPX,20021218,902.99,891.12,902.99,887.97,902.99,-11.87,-1.31,1.66,
SPX,20021217,910.21,902.99,911.06,901.76,910.4,-7.41,-0.81,1.02,
SPX,20021216,889.48,910.4,910.43,889.48,889.48,20.92,2.35,2.36,
SPX,20021213,901.58,889.48,901.58,888.48,901.59,-12.11,-1.34,1.45,
SPX,20021212,906.34,901.59,908.32,896.99,904.96,-3.36,-0.37,1.25,
SPX,20021211,903.57,904.96,909.89,896.72,904.45,0.5,0.06,1.46,
SPX,20021210,892.86,904.45,904.94,892.0,892.0,12.45,1.4,1.45,
SPX,20021209,910.96,892.0,912.23,892.0,912.23,-20.23,-2.22,2.22,
SPX,20021206,906.55,912.23,915.2,895.97,906.55,5.69,0.63,2.12,
SPX,20021205,917.58,906.55,921.54,905.93,917.57,-11.03,-1.2,1.7,
SPX,20021204,920.75,917.57,925.28,909.71,920.75,-3.17,-0.34,1.69,
SPX,20021203,934.53,920.75,934.53,918.78,934.53,-13.78,-1.47,1.69,
SPX,20021202,936.31,934.53,954.32,927.73,936.31,-1.79,-0.19,2.84,
SPX,20030131,842.6,855.7,859.29,840.28,844.61,11.08,1.31,2.25,
SPX,20030130,864.36,844.61,865.2,843.93,864.36,-19.74,-2.28,2.46,
SPX,20030129,857.78,864.36,868.56,846.04,858.54,5.82,0.68,2.62,
SPX,20030128,847.48,858.54,860.52,847.48,847.48,11.07,1.31,1.54,
SPX,20030127,858.71,847.48,863.92,844.31,861.4,-13.93,-1.62,2.28,
SPX,20030124,887.34,861.4,887.34,859.82,887.34,-25.94,-2.92,3.1,
SPX,20030123,878.36,887.34,890.14,876.96,878.36,8.98,1.02,1.5,
SPX,20030122,887.6,878.36,889.47,877.65,887.62,-9.26,-1.04,1.33,
SPX,20030121,901.78,887.62,906.01,887.62,901.78,-14.16,-1.57,2.04,
SPX,20030117,914.6,901.78,914.6,899.07,914.6,-12.81,-1.4,1.7,
SPX,20030116,918.22,914.6,925.97,911.98,918.22,-3.62,-0.39,1.52,
SPX,20030115,931.66,918.22,932.57,916.81,931.66,-13.44,-1.44,1.69,
SPX,20030114,926.15,931.66,931.66,921.89,926.26,5.4,0.58,1.05,
SPX,20030113,929.29,926.26,935.06,922.04,927.57,-1.31,-0.14,1.4,
SPX,20030110,927.58,927.57,932.76,917.75,927.58,-0.01,0.0,1.62,
SPX,20030109,911.09,927.58,928.28,909.93,909.93,17.64,1.94,2.02,
SPX,20030108,922.93,909.93,922.93,908.35,922.93,-13.0,-1.41,1.58,
SPX,20030107,929.57,922.93,930.65,919.98,929.01,-6.07,-0.65,1.15,
SPX,20030106,909.04,929.01,931.7,908.59,908.59,20.42,2.25,2.54,
SPX,20030103,908.49,908.59,910.99,903.23,909.03,-0.44,-0.05,0.85,
SPX,20030102,881.44,909.03,909.03,879.82,879.82,29.21,3.32,3.32,
SPX,20030228,837.7,841.15,846.99,837.28,837.28,3.88,0.46,1.16,
SPX,20030227,829.24,837.28,842.07,827.55,827.55,9.72,1.17,1.75,
SPX,20030226,838.57,827.55,839.98,826.77,838.57,-11.02,-1.31,1.58,
SPX,20030225,830.54,838.57,839.57,818.52,832.58,5.99,0.72,2.53,
SPX,20030224,847.29,832.58,848.17,832.18,848.17,-15.59,-1.84,1.89,
SPX,20030221,837.81,848.17,852.1,831.87,837.1,11.07,1.32,2.42,
SPX,20030220,845.13,837.1,849.18,836.59,845.13,-8.03,-0.95,1.49,
SPX,20030219,851.17,845.13,851.17,839.03,851.17,-6.04,-0.71,1.43,
SPX,20030218,836.43,851.17,852.92,834.89,834.89,16.29,1.95,2.16,
SPX,20030214,818.32,834.89,834.89,815.05,817.37,17.51,2.14,2.43,
SPX,20030213,818.75,817.37,820.84,806.32,818.68,-1.3,-0.16,1.77,
SPX,20030212,829.2,818.68,832.04,818.5,829.2,-10.52,-1.27,1.63,
SPX,20030211,835.97,829.2,843.0,825.1,835.97,-6.77,-0.81,2.14,
SPX,20030210,830.08,835.97,837.02,823.58,829.69,6.28,0.76,1.62,
SPX,20030207,838.15,829.69,845.58,826.7,838.15,-8.46,-1.01,2.25,
SPX,20030206,843.0,838.15,844.26,833.51,843.59,-5.44,-0.65,1.27,
SPX,20030205,849.96,843.59,861.43,842.2,848.2,-4.61,-0.54,2.27,
SPX,20030204,860.32,848.2,860.32,840.34,860.32,-12.12,-1.41,2.32,
SPX,20030203,855.7,860.32,864.67,855.7,855.7,4.62,0.54,1.05,
SPX,20030331,863.5,848.18,863.5,843.71,863.5,-15.32,-1.77,2.29,
SPX,20030328,866.71,863.5,869.84,860.85,868.52,-5.02,-0.58,1.04,
SPX,20030327,868.56,868.52,874.15,858.06,869.95,-1.44,-0.16,1.85,
SPX,20030326,874.54,869.95,875.81,866.63,874.74,-4.79,-0.55,1.05,
SPX,20030325,864.23,874.74,879.82,862.56,864.23,10.51,1.22,2.0,
SPX,20030324,895.79,864.23,895.79,862.17,895.79,-31.56,-3.52,3.75,
SPX,20030321,875.84,895.79,895.89,875.84,875.67,20.12,2.3,2.29,
SPX,20030320,872.8,875.67,879.62,859.07,874.02,1.65,0.19,2.35,
SPX,20030319,866.45,874.02,874.96,861.24,866.45,7.57,0.87,1.58,
SPX,20030318,862.78,866.45,866.9,857.64,862.79,3.66,0.42,1.07,
SPX,20030317,832.09,862.79,862.79,827.15,833.27,29.52,3.54,4.28,
SPX,20030314,831.89,833.27,841.33,828.35,831.9,1.38,0.17,1.56,
SPX,20030313,806.48,831.9,832.02,804.19,804.19,27.71,3.45,3.46,
SPX,20030312,799.89,804.19,804.19,788.94,800.73,3.46,0.43,1.9,
SPX,20030311,807.48,800.73,813.85,800.33,807.48,-6.75,-0.84,1.67,
SPX,20030310,828.89,807.48,828.89,806.62,828.89,-21.41,-2.58,2.69,
SPX,20030307,822.1,828.89,829.42,811.35,822.1,6.79,0.83,2.2,
SPX,20030306,829.85,822.1,829.85,819.96,829.85,-7.75,-0.93,1.19,
SPX,20030305,821.99,829.85,829.87,819.16,821.99,7.86,0.96,1.3,
SPX,20030304,834.87,821.99,835.25,821.97,834.81,-12.82,-1.54,1.59,
SPX,20030303,841.96,834.81,852.25,832.74,841.15,-6.34,-0.75,2.32,
SPX,20030430,917.34,916.92,922.0,911.79,917.84,-0.93,-0.1,1.11,
SPX,20030429,914.84,917.84,924.24,911.27,914.84,3.01,0.33,1.42,
SPX,20030428,899.19,914.84,918.01,898.81,898.81,16.02,1.78,2.14,
SPX,20030425,910.57,898.81,911.43,897.57,911.43,-12.62,-1.38,1.52,
SPX,20030424,917.21,911.43,919.02,906.7,919.02,-7.58,-0.83,1.34,
SPX,20030423,911.5,919.02,919.7,909.9,911.37,7.64,0.84,1.08,
SPX,20030422,892.01,911.37,911.7,886.79,892.01,19.37,2.17,2.79,
SPX,20030421,893.66,892.01,897.86,888.51,893.58,-1.58,-0.18,1.05,
SPX,20030417,879.2,893.58,893.81,879.4,879.91,13.67,1.55,1.64,
SPX,20030416,890.81,879.91,896.73,877.98,890.81,-10.89,-1.22,2.1,
SPX,20030415,884.78,890.81,891.23,881.83,885.23,5.57,0.63,1.06,
SPX,20030414,868.51,885.23,885.26,868.3,868.3,16.93,1.95,1.95,
SPX,20030411,871.58,868.3,883.07,866.0,871.58,-3.27,-0.38,1.96,
SPX,20030410,866.61,871.58,871.68,862.76,865.99,5.59,0.65,1.03,
SPX,20030409,878.65,865.99,887.1,865.77,878.29,-12.3,-1.4,2.43,
SPX,20030408,879.93,878.29,882.75,874.88,879.93,-1.64,-0.19,0.89,
SPX,20030407,878.85,879.93,904.76,878.85,878.85,1.08,0.12,2.95,
SPX,20030404,877.06,878.85,882.52,874.32,876.45,2.41,0.27,0.94,
SPX,20030403,880.9,876.45,885.77,876.21,880.9,-4.45,-0.51,1.09,
SPX,20030402,858.48,880.9,884.57,858.48,858.48,22.42,2.61,3.04,
SPX,20030401,848.18,858.48,861.26,847.95,848.18,10.3,1.21,1.57,
SPX,20030530,950.7,963.59,965.11,949.64,949.64,13.95,1.47,1.63,
SPX,20030529,953.22,949.64,962.11,946.36,953.22,-3.58,-0.38,1.65,
SPX,20030528,951.78,953.22,959.34,950.21,951.48,1.73,0.18,0.96,
SPX,20030527,933.22,951.48,952.74,927.6,933.22,18.26,1.96,2.69,
SPX,20030523,931.87,933.22,935.14,927.45,931.87,1.35,0.15,0.83,
SPX,20030522,923.42,931.87,935.27,922.57,923.42,8.45,0.92,1.38,
SPX,20030521,919.73,923.42,923.8,914.98,919.73,3.69,0.4,0.96,
SPX,20030520,921.62,919.73,925.3,912.06,920.77,-1.05,-0.11,1.44,
SPX,20030519,942.46,920.77,944.3,920.23,944.3,-23.53,-2.49,2.55,
SPX,20030516,946.5,944.3,948.66,938.64,946.66,-2.37,-0.25,1.06,
SPX,20030515,939.28,946.66,948.12,938.95,939.28,7.38,0.79,0.98,
SPX,20030514,943.18,939.28,947.02,935.33,942.3,-3.02,-0.32,1.24,
SPX,20030513,945.11,942.3,947.51,938.99,945.11,-2.81,-0.3,0.9,
SPX,20030512,933.41,945.11,946.69,929.4,933.41,11.71,1.25,1.85,
SPX,20030509,920.27,933.41,933.73,920.27,920.27,13.13,1.43,1.46,
SPX,20030508,929.62,920.27,929.62,919.73,929.62,-9.34,-1.01,1.06,
SPX,20030507,934.39,929.62,937.14,926.43,934.39,-4.77,-0.51,1.15,
SPX,20030506,926.38,934.39,939.49,926.38,926.55,7.84,0.85,1.41,
SPX,20030505,930.57,926.55,933.89,924.61,930.08,-3.53,-0.38,1.0,
SPX,20030502,916.3,930.08,930.53,912.38,916.3,13.78,1.5,1.98,
SPX,20030501,916.8,916.3,919.68,903.17,916.92,-0.62,-0.07,1.8,
SPX,20030630,976.22,974.5,983.63,973.65,976.22,-1.72,-0.18,1.02,
SPX,20030627,985.82,976.22,988.83,974.29,985.82,-9.6,-0.97,1.47,
SPX,20030626,976.42,985.82,986.31,973.97,975.32,10.5,1.08,1.27,
SPX,20030625,983.58,975.32,991.64,975.04,983.45,-8.14,-0.83,1.69,
SPX,20030624,980.68,983.45,987.78,979.24,981.64,1.81,0.18,0.87,
SPX,20030623,995.69,981.64,995.69,977.46,995.69,-14.05,-1.41,1.83,
SPX,20030620,994.7,995.69,1002.04,993.49,994.7,0.99,0.1,0.86,
SPX,20030619,1010.09,994.7,1011.16,993.25,1010.09,-15.39,-1.52,1.77,
SPX,20030618,1011.14,1010.09,1015.06,1004.61,1011.66,-1.57,-0.16,1.03,
SPX,20030617,1010.74,1011.66,1015.26,1007.21,1010.74,0.92,0.09,0.8,
SPX,20030616,988.61,1010.74,1010.86,988.61,988.61,22.13,2.24,2.25,
SPX,20030613,998.51,988.61,1000.83,984.31,998.51,-9.91,-0.99,1.65,
SPX,20030612,997.48,998.51,1002.72,991.25,997.48,1.03,0.1,1.15,
SPX,20030611,984.84,997.48,997.48,981.85,984.84,12.64,1.28,1.59,
SPX,20030610,975.93,984.84,984.84,975.93,975.93,8.91,0.91,0.91,
SPX,20030609,986.82,975.93,987.76,972.74,987.76,-11.83,-1.2,1.52,
SPX,20030606,990.14,987.76,1007.63,986.1,990.14,-2.38,-0.24,2.17,
SPX,20030605,986.24,990.14,990.14,978.17,986.24,3.9,0.4,1.21,
SPX,20030604,971.69,986.24,987.73,970.86,971.56,14.68,1.51,1.74,
SPX,20030603,967.0,971.56,972.96,964.59,967.0,4.56,0.47,0.87,
SPX,20030602,965.31,967.0,979.09,963.59,963.59,3.41,0.35,1.61,
SPX,20030731,990.12,990.31,1004.59,987.49,987.49,2.82,0.29,1.73,
SPX,20030730,989.28,987.49,992.62,985.96,989.28,-1.79,-0.18,0.67,
SPX,20030729,996.52,989.28,998.42,984.35,996.52,-7.24,-0.73,1.41,
SPX,20030728,998.68,996.52,1000.68,993.64,998.68,-2.16,-0.22,0.7,
SPX,20030725,981.81,998.68,998.71,977.42,981.6,17.08,1.74,2.17,
SPX,20030724,988.61,981.6,998.83,981.31,988.61,-7.01,-0.71,1.77,
SPX,20030723,988.11,988.61,989.79,979.79,988.11,0.5,0.05,1.01,
SPX,20030722,980.42,988.11,990.11,976.11,978.8,9.31,0.95,1.43,
SPX,20030721,992.91,978.8,993.32,975.75,993.32,-14.51,-1.46,1.77,
SPX,20030718,981.73,993.32,994.17,981.73,981.73,11.59,1.18,1.27,
SPX,20030717,994.0,981.73,994.0,978.92,994.0,-12.27,-1.23,1.52,
SPX,20030716,1000.42,994.0,1003.37,989.36,1000.42,-6.42,-0.64,1.4,
SPX,20030715,1003.86,1000.42,1009.59,996.72,1003.86,-3.44,-0.34,1.28,
SPX,20030714,998.14,1003.86,1015.36,998.14,998.14,5.73,0.57,1.73,
SPX,20030711,989.53,998.14,1000.85,988.7,988.7,9.44,0.95,1.23,
SPX,20030710,1000.24,988.7,1002.21,983.74,1002.21,-13.51,-1.35,1.84,
SPX,20030709,1007.84,1002.21,1010.41,998.23,1007.84,-5.63,-0.56,1.21,
SPX,20030708,1004.44,1007.84,1008.89,998.79,1004.42,3.42,0.34,1.01,
SPX,20030707,985.7,1004.42,1005.58,985.7,985.7,18.72,1.9,2.02,
SPX,20030703,992.55,985.7,994.92,983.41,993.75,-8.05,-0.81,1.16,
SPX,20030702,982.32,993.75,993.76,982.32,982.32,11.43,1.16,1.16,
SPX,20030701,973.83,982.32,983.27,962.13,974.5,7.82,0.8,2.17,
SPX,20030829,1002.2,1008.01,1008.85,999.52,1002.84,5.17,0.52,0.93,
SPX,20030828,997.43,1002.84,1004.12,991.42,996.79,6.05,0.61,1.27,
SPX,20030827,996.73,996.79,998.05,993.33,996.73,0.06,0.01,0.47,
SPX,20030826,993.71,996.73,997.93,983.67,993.71,3.03,0.3,1.44,
SPX,20030825,992.94,993.71,993.71,987.91,993.06,0.65,0.07,0.58,
SPX,20030822,1005.43,993.06,1011.01,992.62,1003.27,-10.22,-1.02,1.83,
SPX,20030821,1001.67,1003.27,1009.53,999.33,1000.3,2.97,0.3,1.02,
SPX,20030820,1000.84,1000.3,1003.54,996.62,1002.35,-2.05,-0.2,0.69,
SPX,20030819,1000.65,1002.35,1003.3,995.3,999.74,2.61,0.26,0.8,
SPX,20030818,991.47,999.74,1000.35,990.67,990.67,9.07,0.92,0.98,
SPX,20030815,990.51,990.67,992.39,986.44,990.51,0.16,0.02,0.6,
SPX,20030814,984.03,990.51,991.91,980.36,984.03,6.48,0.66,1.17,
SPX,20030813,990.35,984.03,992.5,980.85,990.35,-6.32,-0.64,1.18,
SPX,20030812,981.34,990.35,990.41,979.9,980.59,9.76,0.99,1.07,
SPX,20030811,977.59,980.59,985.46,974.21,977.59,3.01,0.31,1.15,
SPX,20030808,974.12,977.59,980.57,973.83,974.12,3.47,0.36,0.69,
SPX,20030807,966.93,974.12,974.89,963.82,967.08,7.04,0.73,1.14,
SPX,20030806,964.25,967.08,975.74,960.84,965.46,1.62,0.17,1.54,
SPX,20030805,982.41,965.46,982.82,964.97,982.81,-17.35,-1.77,1.82,
SPX,20030804,979.92,982.81,985.75,966.79,980.15,2.66,0.27,1.93,
SPX,20030801,989.73,980.15,990.31,978.86,990.31,-10.16,-1.03,1.16,
SPX,20030930,1005.14,995.97,1006.58,990.36,1006.58,-10.62,-1.05,1.61,
SPX,20030929,996.85,1006.58,1006.89,995.31,996.85,9.73,0.98,1.16,
SPX,20030926,1003.45,996.85,1003.45,996.08,1003.27,-6.41,-0.64,0.73,
SPX,20030925,1010.19,1003.27,1015.97,1003.26,1009.38,-6.11,-0.61,1.26,
SPX,20030924,1029.03,1009.38,1029.83,1008.93,1029.03,-19.66,-1.91,2.03,
SPX,20030923,1022.82,1029.03,1030.12,1021.54,1022.82,6.22,0.61,0.84,
SPX,20030922,1036.3,1022.82,1036.3,1018.3,1036.3,-13.49,-1.3,1.74,
SPX,20030919,1039.58,1036.3,1040.29,1031.89,1039.58,-3.28,-0.32,0.81,
SPX,20030918,1025.97,1039.58,1040.16,1025.75,1025.97,13.61,1.33,1.4,
SPX,20030917,1029.32,1025.97,1031.34,1024.53,1029.32,-3.34,-0.32,0.66,
SPX,20030916,1014.81,1029.32,1029.66,1014.81,1014.81,14.51,1.43,1.46,
SPX,20030915,1018.63,1014.81,1019.79,1013.59,1018.63,-3.83,-0.38,0.61,
SPX,20030912,1014.55,1018.63,1019.65,1007.71,1016.42,2.21,0.22,1.17,
SPX,20030911,1011.58,1016.42,1020.88,1010.92,1010.92,5.5,0.54,0.99,
SPX,20030910,1023.17,1010.92,1023.17,1009.74,1023.16,-12.25,-1.2,1.31,
SPX,20030909,1031.64,1023.16,1031.64,1021.14,1031.64,-8.47,-0.82,1.02,
SPX,20030908,1021.39,1031.64,1032.41,1021.39,1021.39,10.25,1.0,1.08,
SPX,20030905,1027.11,1021.39,1029.21,1018.19,1027.97,-6.58,-0.64,1.07,
SPX,20030904,1026.27,1027.97,1029.17,1022.19,1026.27,1.7,0.17,0.68,
SPX,20030903,1021.99,1026.27,1029.34,1021.99,1021.99,4.28,0.42,0.72,
SPX,20030902,1008.01,1021.99,1022.59,1005.67,1008.01,13.98,1.39,1.68,
SPX,20031031,1046.94,1050.71,1053.09,1046.94,1046.94,3.77,0.36,0.59,
SPX,20031030,1050.3,1046.94,1052.82,1043.82,1048.11,-1.16,-0.11,0.86,
SPX,20031029,1046.79,1048.11,1049.83,1043.35,1046.79,1.32,0.13,0.62,
SPX,20031028,1031.13,1046.79,1046.79,1031.13,1031.13,15.66,1.52,1.52,
SPX,20031027,1028.91,1031.13,1037.58,1028.91,1028.91,2.22,0.22,0.84,
SPX,20031024,1033.77,1028.91,1033.77,1018.32,1033.77,-4.86,-0.47,1.49,
SPX,20031023,1030.36,1033.77,1035.44,1025.87,1030.36,3.41,0.33,0.93,
SPX,20031022,1046.03,1030.36,1046.03,1028.39,1046.03,-15.67,-1.5,1.69,
SPX,20031021,1044.68,1046.03,1048.57,1042.5,1044.68,1.34,0.13,0.58,
SPX,20031020,1039.32,1044.68,1044.69,1036.13,1039.32,5.36,0.52,0.82,
SPX,20031017,1050.07,1039.32,1051.9,1036.57,1050.07,-10.75,-1.02,1.46,
SPX,20031016,1046.76,1050.07,1052.94,1044.04,1046.76,3.31,0.32,0.85,
SPX,20031015,1052.82,1046.76,1053.79,1043.15,1049.48,-2.73,-0.26,1.01,
SPX,20031014,1045.35,1049.48,1049.49,1040.84,1045.35,4.13,0.4,0.83,
SPX,20031013,1039.29,1045.35,1048.9,1038.06,1038.06,7.29,0.7,1.04,
SPX,20031010,1038.83,1038.06,1040.84,1035.74,1038.73,-0.67,-0.06,0.49,
SPX,20031009,1036.42,1038.73,1048.28,1033.78,1033.78,4.96,0.48,1.4,
SPX,20031008,1039.25,1033.78,1040.08,1030.96,1039.25,-5.48,-0.53,0.88,
SPX,20031007,1032.81,1039.25,1039.25,1026.19,1034.35,4.9,0.47,1.26,
SPX,20031006,1029.85,1034.35,1036.48,1029.15,1029.85,4.5,0.44,0.71,
SPX,20031003,1024.93,1029.85,1039.31,1020.24,1020.24,9.61,0.94,1.87,
SPX,20031002,1018.22,1020.24,1021.87,1013.38,1018.22,2.03,0.2,0.83,
SPX,20031001,997.12,1018.22,1018.22,995.97,995.97,22.25,2.23,2.23,
SPX,20031128,1058.45,1058.2,1060.63,1056.77,1058.45,-0.25,-0.02,0.36,
SPX,20031126,1055.25,1058.45,1058.45,1048.28,1053.89,4.56,0.43,0.97,
SPX,20031125,1052.08,1053.89,1058.05,1049.31,1052.08,1.81,0.17,0.83,
SPX,20031124,1036.44,1052.08,1052.08,1035.28,1035.28,16.79,1.62,1.62,
SPX,20031121,1033.65,1035.28,1037.57,1031.2,1033.65,1.63,0.16,0.62,
SPX,20031120,1042.44,1033.65,1046.48,1033.42,1042.44,-8.79,-0.84,1.25,
SPX,20031119,1034.15,1042.44,1043.95,1034.15,1034.15,8.29,0.8,0.95,
SPX,20031118,1043.7,1034.15,1048.77,1034.0,1043.63,-9.48,-0.91,1.42,
SPX,20031117,1050.35,1043.63,1050.35,1035.28,1050.35,-6.71,-0.64,1.43,
SPX,20031114,1058.41,1050.35,1063.65,1048.11,1058.41,-8.06,-0.76,1.47,
SPX,20031113,1058.56,1058.41,1059.62,1052.96,1058.56,-0.15,-0.01,0.63,
SPX,20031112,1047.02,1058.56,1059.1,1046.57,1046.57,11.99,1.15,1.2,
SPX,20031111,1046.88,1046.57,1048.23,1043.46,1047.11,-0.54,-0.05,0.46,
SPX,20031110,1053.44,1047.11,1053.65,1045.58,1053.21,-6.09,-0.58,0.77,
SPX,20031107,1058.05,1053.21,1062.39,1052.17,1058.05,-4.85,-0.46,0.97,
SPX,20031106,1051.81,1058.05,1058.94,1046.93,1051.81,6.24,0.59,1.14,
SPX,20031105,1053.25,1051.81,1054.54,1044.88,1053.25,-1.43,-0.14,0.92,
SPX,20031104,1059.02,1053.25,1059.02,1051.7,1059.02,-5.77,-0.54,0.69,
SPX,20031103,1050.71,1059.02,1061.44,1050.71,1050.71,8.3,0.79,1.02,
SPX,20031231,1109.64,1111.92,1112.56,1106.21,1109.64,2.28,0.21,0.57,
SPX,20031230,1109.19,1109.64,1109.75,1106.41,1109.48,0.16,0.01,0.3,
SPX,20031229,1095.89,1109.48,1109.48,1095.89,1095.89,13.59,1.24,1.24,
SPX,20031226,1094.23,1095.89,1098.47,1094.04,1094.04,1.85,0.17,0.4,
SPX,20031224,1096.02,1094.04,1096.4,1092.73,1096.02,-1.98,-0.18,0.33,
SPX,20031223,1092.94,1096.02,1096.95,1091.59,1092.94,3.08,0.28,0.49,
SPX,20031222,1088.66,1092.94,1092.94,1086.14,1088.67,4.27,0.39,0.62,
SPX,20031219,1089.18,1088.67,1091.05,1084.19,1089.18,-0.51,-0.05,0.63,
SPX,20031218,1076.48,1089.18,1089.5,1076.48,1076.48,12.69,1.18,1.21,
SPX,20031217,1075.13,1076.48,1076.54,1071.14,1075.13,1.35,0.13,0.5,
SPX,20031216,1068.09,1075.13,1075.94,1068.04,1068.04,7.09,0.66,0.74,
SPX,20031215,1077.77,1068.04,1082.79,1068.0,1074.14,-6.1,-0.57,1.38,
SPX,20031212,1071.21,1074.14,1074.76,1067.64,1071.21,2.92,0.27,0.66,
SPX,20031211,1059.25,1071.21,1073.63,1059.05,1059.05,12.17,1.15,1.38,
SPX,20031210,1060.18,1059.05,1063.02,1053.41,1060.18,-1.13,-0.11,0.91,
SPX,20031209,1069.3,1060.18,1071.94,1059.16,1069.3,-9.12,-0.85,1.2,
SPX,20031208,1061.5,1069.3,1069.59,1060.93,1061.5,7.79,0.73,0.82,
SPX,20031205,1069.72,1061.5,1069.72,1060.09,1069.72,-8.22,-0.77,0.9,
SPX,20031204,1064.73,1069.72,1070.37,1063.15,1064.73,4.99,0.47,0.68,
SPX,20031203,1067.68,1064.73,1074.3,1064.63,1066.62,-1.89,-0.18,0.91,
SPX,20031202,1070.12,1066.62,1071.22,1065.22,1070.12,-3.51,-0.33,0.56,
SPX,20031201,1059.64,1070.12,1070.47,1058.2,1058.2,11.92,1.13,1.16,
SPX,20040130,1134.11,1131.13,1134.17,1127.73,1134.11,-2.99,-0.26,0.57,
SPX,20040129,1128.48,1134.11,1134.39,1122.38,1128.48,5.64,0.5,1.06,
SPX,20040128,1144.05,1128.48,1149.14,1126.5,1144.05,-15.57,-1.36,1.98,
SPX,20040127,1154.4,1144.05,1155.37,1144.05,1155.37,-11.33,-0.98,0.98,
SPX,20040126,1141.55,1155.37,1155.38,1141.0,1141.55,13.82,1.21,1.26,
SPX,20040123,1145.11,1141.55,1150.31,1136.85,1143.94,-2.39,-0.21,1.18,
SPX,20040122,1148.01,1143.94,1150.51,1143.01,1147.62,-3.67,-0.32,0.65,
SPX,20040121,1138.77,1147.62,1149.21,1134.62,1138.77,8.85,0.78,1.28,
SPX,20040120,1140.62,1138.77,1142.93,1135.4,1139.83,-1.06,-0.09,0.66,
SPX,20040116,1132.05,1139.83,1139.83,1132.05,1132.05,7.78,0.69,0.69,
SPX,20040115,1130.52,1132.05,1137.11,1124.5,1130.52,1.52,0.13,1.12,
SPX,20040114,1121.22,1130.52,1130.75,1121.22,1121.22,9.3,0.83,0.85,
SPX,20040113,1127.23,1121.22,1129.07,1115.19,1127.23,-6.01,-0.53,1.23,
SPX,20040112,1122.53,1127.23,1127.85,1120.9,1121.86,5.38,0.48,0.62,
SPX,20040109,1131.34,1121.86,1131.92,1120.9,1131.92,-10.06,-0.89,0.97,
SPX,20040108,1126.33,1131.92,1131.92,1124.91,1126.33,5.59,0.5,0.62,
SPX,20040107,1123.62,1126.33,1126.33,1116.45,1123.67,2.66,0.24,0.88,
SPX,20040106,1122.22,1123.67,1124.46,1118.44,1122.22,1.46,0.13,0.54,
SPX,20040105,1110.62,1122.22,1122.22,1108.48,1108.48,13.73,1.24,1.24,
SPX,20040102,1112.64,1108.48,1118.85,1105.08,1111.92,-3.43,-0.31,1.24,
SPX,20040227,1144.91,1144.94,1151.68,1141.8,1144.91,0.03,0.0,0.86,
SPX,20040226,1141.66,1144.91,1147.23,1138.62,1143.67,1.24,0.11,0.75,
SPX,20040225,1139.09,1143.67,1145.24,1138.71,1139.09,4.57,0.4,0.57,
SPX,20040224,1139.97,1139.09,1144.54,1134.43,1140.99,-1.9,-0.17,0.89,
SPX,20040223,1144.11,1140.99,1146.69,1136.98,1144.11,-3.11,-0.27,0.85,
SPX,20040220,1147.06,1144.11,1149.81,1139.0,1147.06,-2.95,-0.26,0.94,
SPX,20040219,1151.82,1147.06,1158.57,1146.83,1151.82,-4.76,-0.41,1.02,
SPX,20040218,1157.4,1151.82,1157.4,1149.42,1156.99,-5.16,-0.45,0.69,
SPX,20040217,1147.75,1156.99,1158.98,1145.81,1145.81,11.18,0.98,1.15,
SPX,20040213,1152.71,1145.81,1156.88,1143.23,1152.11,-6.3,-0.55,1.18,
SPX,20040212,1157.76,1152.11,1157.76,1151.44,1157.76,-5.65,-0.49,0.55,
SPX,20040211,1145.54,1157.76,1158.89,1142.33,1145.54,12.22,1.07,1.45,
SPX,20040210,1139.81,1145.54,1147.02,1138.7,1139.81,5.73,0.5,0.73,
SPX,20040209,1142.74,1139.81,1144.46,1139.21,1142.76,-2.95,-0.26,0.46,
SPX,20040206,1128.59,1142.76,1142.79,1128.39,1128.59,14.17,1.26,1.28,
SPX,20040205,1126.52,1128.59,1131.17,1124.44,1126.52,2.07,0.18,0.6,
SPX,20040204,1133.6,1126.52,1136.03,1124.74,1136.03,-9.51,-0.84,0.99,
SPX,20040203,1135.26,1136.03,1137.44,1131.33,1135.26,0.77,0.07,0.54,
SPX,20040202,1131.13,1135.26,1142.58,1127.87,1131.13,4.14,0.37,1.3,
SPX,20040331,1126.94,1126.21,1130.83,1121.46,1127.0,-0.79,-0.07,0.83,
SPX,20040330,1122.47,1127.0,1127.6,1119.66,1122.47,4.53,0.4,0.71,
SPX,20040329,1108.06,1122.47,1124.37,1108.06,1108.06,14.4,1.3,1.47,
SPX,20040326,1108.74,1108.06,1115.27,1106.13,1109.19,-1.13,-0.1,0.82,
SPX,20040325,1091.33,1109.19,1110.32,1091.33,1091.33,17.86,1.64,1.74,
SPX,20040324,1093.95,1091.33,1098.39,1087.06,1093.95,-2.61,-0.24,1.04,
SPX,20040323,1096.8,1093.95,1101.52,1091.57,1095.4,-1.45,-0.13,0.91,
SPX,20040322,1109.78,1095.4,1109.78,1089.49,1109.78,-14.38,-1.3,1.83,
SPX,20040319,1122.32,1109.78,1122.72,1109.69,1122.32,-12.54,-1.12,1.16,
SPX,20040318,1123.45,1122.32,1125.5,1113.25,1123.75,-1.43,-0.13,1.09,
SPX,20040317,1110.7,1123.75,1125.76,1110.7,1110.7,13.05,1.18,1.36,
SPX,20040316,1105.87,1110.7,1113.82,1102.61,1104.49,6.21,0.56,1.01,
SPX,20040315,1120.57,1104.49,1120.57,1103.36,1120.57,-16.08,-1.43,1.54,
SPX,20040312,1106.78,1120.57,1120.63,1106.78,1106.78,13.79,1.25,1.25,
SPX,20040311,1123.89,1106.78,1125.96,1105.87,1123.89,-17.11,-1.52,1.79,
SPX,20040310,1141.02,1123.89,1141.45,1122.53,1140.58,-16.68,-1.46,1.66,
SPX,20040309,1147.32,1140.58,1147.32,1136.84,1147.21,-6.63,-0.58,0.91,
SPX,20040308,1156.86,1147.21,1159.94,1146.97,1156.87,-9.66,-0.84,1.12,
SPX,20040305,1154.87,1156.87,1163.23,1148.71,1154.88,2.0,0.17,1.26,
SPX,20040304,1151.07,1154.88,1154.97,1149.81,1151.04,3.84,0.33,0.45,
SPX,20040303,1149.1,1151.04,1152.44,1143.78,1149.1,1.94,0.17,0.75,
SPX,20040302,1155.89,1149.1,1156.54,1147.31,1155.96,-6.86,-0.59,0.8,
SPX,20040301,1144.94,1155.96,1157.45,1144.94,1144.94,11.02,0.96,1.09,
SPX,20040430,1113.89,1107.3,1119.26,1107.23,1113.89,-6.58,-0.59,1.08,
SPX,20040429,1122.41,1113.89,1128.8,1108.02,1122.41,-8.52,-0.76,1.85,
SPX,20040428,1138.11,1122.41,1138.11,1121.7,1138.11,-15.71,-1.38,1.44,
SPX,20040427,1135.91,1138.11,1146.84,1135.53,1135.53,2.58,0.23,1.0,
SPX,20040426,1140.37,1135.53,1145.08,1132.91,1140.6,-5.07,-0.44,1.07,
SPX,20040423,1139.93,1140.6,1141.75,1134.89,1139.93,0.67,0.06,0.6,
SPX,20040422,1124.09,1139.93,1142.77,1121.92,1124.09,15.84,1.41,1.85,
SPX,20040421,1118.15,1124.09,1125.72,1116.03,1118.15,5.94,0.53,0.87,
SPX,20040420,1135.82,1118.15,1139.26,1118.09,1135.82,-17.67,-1.56,1.86,
SPX,20040419,1134.56,1135.82,1136.18,1129.84,1134.61,1.21,0.11,0.56,
SPX,20040416,1129.65,1134.61,1136.8,1126.79,1128.84,5.78,0.51,0.89,
SPX,20040415,1128.17,1128.84,1134.08,1120.75,1128.17,0.67,0.06,1.18,
SPX,20040414,1129.44,1128.17,1132.52,1122.15,1129.44,-1.27,-0.11,0.92,
SPX,20040413,1145.2,1129.44,1147.81,1127.7,1145.2,-15.76,-1.38,1.76,
SPX,20040412,1139.87,1145.2,1147.29,1139.32,1139.32,5.89,0.52,0.7,
SPX,20040408,1140.53,1139.32,1148.97,1134.52,1140.53,-1.21,-0.11,1.27,
SPX,20040407,1148.16,1140.53,1148.16,1138.41,1148.16,-7.63,-0.66,0.85,
SPX,20040406,1150.57,1148.16,1150.57,1143.3,1150.57,-2.41,-0.21,0.63,
SPX,20040405,1141.81,1150.57,1150.57,1141.64,1141.81,8.76,0.77,0.78,
SPX,20040402,1135.87,1141.81,1144.81,1132.17,1132.17,9.64,0.85,1.12,
SPX,20040401,1126.2,1132.17,1135.67,1126.2,1126.21,5.96,0.53,0.84,
SPX,20040528,1121.37,1120.68,1122.69,1118.1,1121.28,-0.59,-0.05,0.41,
SPX,20040527,1114.94,1121.28,1123.95,1114.86,1114.94,6.33,0.57,0.82,
SPX,20040526,1112.37,1114.94,1116.71,1109.91,1113.05,1.9,0.17,0.61,
SPX,20040525,1095.41,1113.05,1113.8,1090.74,1095.41,17.64,1.61,2.11,
SPX,20040524,1093.56,1095.41,1101.71,1091.77,1093.56,1.85,0.17,0.91,
SPX,20040521,1090.69,1093.56,1099.7,1089.19,1089.19,4.37,0.4,0.96,
SPX,20040520,1089.08,1089.19,1092.62,1085.43,1088.68,0.5,0.05,0.66,
SPX,20040519,1091.49,1088.68,1105.93,1088.49,1091.49,-2.81,-0.26,1.6,
SPX,20040518,1084.1,1091.49,1094.14,1084.1,1084.1,7.39,0.68,0.93,
SPX,20040517,1095.7,1084.1,1095.7,1079.36,1095.7,-11.6,-1.06,1.49,
SPX,20040514,1096.44,1095.7,1102.37,1088.24,1096.44,-0.74,-0.07,1.29,
SPX,20040513,1097.28,1096.44,1102.77,1091.76,1097.28,-0.85,-0.08,1.0,
SPX,20040512,1094.47,1097.28,1097.55,1076.32,1095.45,1.83,0.17,1.94,
SPX,20040511,1088.14,1095.45,1095.69,1087.12,1087.12,8.33,0.77,0.79,
SPX,20040510,1098.7,1087.12,1098.7,1079.63,1098.7,-11.58,-1.05,1.74,
SPX,20040507,1113.99,1098.7,1117.33,1098.63,1113.99,-15.29,-1.37,1.68,
SPX,20040506,1121.53,1113.99,1121.53,1106.3,1121.53,-7.54,-0.67,1.36,
SPX,20040505,1119.55,1121.53,1125.07,1117.86,1119.55,1.98,0.18,0.64,
SPX,20040504,1117.49,1119.55,1127.74,1112.89,1117.49,2.06,0.18,1.33,
SPX,20040503,1107.3,1117.49,1118.72,1107.3,1107.3,10.19,0.92,1.03,
SPX,20040630,1136.2,1140.84,1144.22,1133.62,1136.2,4.63,0.41,0.93,
SPX,20040629,1133.35,1136.2,1138.26,1131.81,1133.35,2.86,0.25,0.57,
SPX,20040628,1134.43,1133.35,1142.6,1131.62,1134.43,-1.09,-0.1,0.97,
SPX,20040625,1140.65,1134.43,1145.97,1134.24,1140.65,-6.22,-0.55,1.03,
SPX,20040624,1143.76,1140.65,1146.34,1139.94,1144.06,-3.41,-0.3,0.56,
SPX,20040623,1134.12,1144.06,1145.16,1131.73,1134.41,9.65,0.85,1.18,
SPX,20040622,1130.3,1134.41,1135.05,1124.37,1130.3,4.11,0.36,0.94,
SPX,20040621,1135.43,1130.3,1138.05,1129.64,1135.02,-4.72,-0.42,0.74,
SPX,20040618,1132.05,1135.02,1139.08,1129.82,1132.05,2.97,0.26,0.82,
SPX,20040617,1133.56,1132.05,1133.56,1126.88,1133.56,-1.51,-0.13,0.59,
SPX,20040616,1132.01,1133.56,1135.28,1130.55,1132.01,1.55,0.14,0.42,
SPX,20040615,1126.55,1132.01,1137.36,1125.29,1125.29,6.72,0.6,1.07,
SPX,20040614,1136.47,1125.29,1136.47,1122.16,1136.47,-11.18,-0.98,1.26,
SPX,20040610,1131.33,1136.47,1136.47,1131.33,1131.33,5.15,0.45,0.45,
SPX,20040609,1141.09,1131.33,1142.18,1131.16,1142.18,-10.86,-0.95,0.96,
SPX,20040608,1139.23,1142.18,1142.18,1135.45,1140.42,1.76,0.15,0.59,
SPX,20040607,1122.5,1140.42,1140.54,1122.5,1122.5,17.91,1.6,1.61,
SPX,20040604,1116.65,1122.5,1129.17,1116.64,1116.64,5.86,0.53,1.12,
SPX,20040603,1124.99,1116.64,1125.31,1116.56,1124.99,-8.35,-0.74,0.78,
SPX,20040602,1121.2,1124.99,1128.1,1118.64,1121.2,3.79,0.34,0.84,
SPX,20040601,1119.48,1121.2,1122.7,1113.32,1120.68,0.51,0.05,0.84,
SPX,20040730,1100.37,1101.72,1103.73,1096.96,1100.43,1.29,0.12,0.62,
SPX,20040729,1097.09,1100.43,1103.71,1095.42,1095.42,5.0,0.46,0.76,
SPX,20040728,1093.88,1095.42,1098.84,1082.17,1094.83,0.6,0.05,1.52,
SPX,20040727,1084.07,1094.83,1096.65,1084.07,1084.07,10.76,0.99,1.16,
SPX,20040726,1086.2,1084.07,1089.82,1078.78,1086.2,-2.14,-0.2,1.02,
SPX,20040723,1096.85,1086.2,1096.84,1083.49,1096.84,-10.64,-0.97,1.22,
SPX,20040722,1093.87,1096.84,1099.69,1084.16,1093.88,2.96,0.27,1.42,
SPX,20040721,1108.67,1093.88,1116.27,1093.88,1108.67,-14.78,-1.33,2.02,
SPX,20040720,1100.9,1108.67,1108.88,1099.1,1100.9,7.76,0.7,0.89,
SPX,20040719,1101.39,1100.9,1105.52,1096.55,1101.39,-0.49,-0.04,0.81,
SPX,20040716,1106.69,1101.39,1112.17,1101.07,1106.69,-5.29,-0.48,1.0,
SPX,20040715,1111.47,1106.69,1114.67,1106.6,1111.47,-4.78,-0.43,0.73,
SPX,20040714,1115.14,1111.47,1119.6,1107.83,1115.14,-3.67,-0.33,1.06,
SPX,20040713,1114.87,1115.14,1116.3,1112.99,1114.35,0.78,0.07,0.3,
SPX,20040712,1111.57,1114.35,1116.11,1106.71,1112.81,1.54,0.14,0.84,
SPX,20040709,1109.11,1112.81,1115.57,1109.11,1109.11,3.71,0.33,0.58,
SPX,20040708,1116.72,1109.11,1119.12,1108.72,1118.33,-9.22,-0.82,0.93,
SPX,20040707,1116.21,1118.33,1122.37,1114.92,1116.21,2.12,0.19,0.67,
SPX,20040706,1123.58,1116.21,1125.38,1113.21,1125.38,-9.17,-0.81,1.08,
SPX,20040702,1128.94,1125.38,1129.18,1123.26,1128.94,-3.56,-0.32,0.52,
SPX,20040701,1140.84,1128.94,1140.84,1123.06,1140.84,-11.89,-1.04,1.56,
SPX,20040831,1099.15,1104.24,1104.24,1094.72,1099.15,5.08,0.46,0.87,
SPX,20040830,1107.77,1099.15,1107.77,1099.15,1107.77,-8.61,-0.78,0.78,
SPX,20040827,1105.09,1107.77,1109.68,1104.61,1105.09,2.68,0.24,0.46,
SPX,20040826,1104.26,1105.09,1106.78,1102.43,1104.96,0.13,0.01,0.39,
SPX,20040825,1096.19,1104.96,1106.29,1093.24,1096.19,8.77,0.8,1.19,
SPX,20040824,1096.47,1096.19,1100.94,1092.82,1095.68,0.51,0.05,0.74,
SPX,20040823,1098.35,1095.68,1101.4,1094.73,1098.35,-2.67,-0.24,0.61,
SPX,20040820,1091.23,1098.35,1100.26,1089.57,1091.23,7.12,0.65,0.98,
SPX,20040819,1094.99,1091.23,1095.17,1086.28,1095.17,-3.94,-0.36,0.81,
SPX,20040818,1081.71,1095.17,1095.17,1078.93,1081.71,13.46,1.24,1.5,
SPX,20040817,1079.34,1081.71,1086.96,1079.34,1079.34,2.37,0.22,0.71,
SPX,20040816,1064.8,1079.34,1080.66,1064.8,1064.8,14.54,1.37,1.49,
SPX,20040813,1063.23,1064.8,1075.79,1062.82,1063.23,1.57,0.15,1.22,
SPX,20040812,1075.79,1063.23,1075.79,1062.82,1075.79,-12.56,-1.17,1.21,
SPX,20040811,1079.04,1075.79,1079.04,1065.92,1079.04,-3.24,-0.3,1.22,
SPX,20040810,1066.22,1079.04,1079.04,1065.22,1065.22,13.82,1.3,1.3,
SPX,20040809,1064.8,1065.22,1069.46,1063.97,1063.97,1.25,0.12,0.52,
SPX,20040806,1080.7,1063.97,1080.7,1062.23,1080.7,-16.73,-1.55,1.71,
SPX,20040805,1098.63,1080.7,1098.83,1079.98,1098.63,-17.93,-1.63,1.72,
SPX,20040804,1099.69,1098.63,1102.45,1092.4,1099.69,-1.05,-0.1,0.91,
SPX,20040803,1106.62,1099.69,1106.62,1099.2,1106.62,-6.93,-0.63,0.67,
SPX,20040802,1101.72,1106.62,1108.6,1097.34,1101.72,4.9,0.44,1.02,
SPX,20040930,1114.8,1114.58,1116.31,1109.61,1114.8,-0.22,-0.02,0.6,
SPX,20040929,1109.89,1114.8,1114.8,1107.36,1110.06,4.75,0.43,0.67,
SPX,20040928,1103.52,1110.06,1111.77,1101.29,1103.52,6.54,0.59,0.95,
SPX,20040927,1109.05,1103.52,1110.11,1103.24,1110.11,-6.59,-0.59,0.62,
SPX,20040924,1108.36,1110.11,1113.81,1108.36,1108.36,1.75,0.16,0.49,
SPX,20040923,1113.56,1108.36,1113.61,1108.05,1113.56,-5.2,-0.47,0.5,
SPX,20040922,1126.72,1113.56,1129.3,1112.67,1129.3,-15.74,-1.39,1.47,
SPX,20040921,1122.83,1129.3,1131.54,1122.2,1122.2,7.1,0.63,0.83,
SPX,20040920,1128.55,1122.2,1128.55,1120.34,1128.55,-6.35,-0.56,0.73,
SPX,20040917,1123.5,1128.55,1130.48,1123.5,1123.5,5.04,0.45,0.62,
SPX,20040916,1120.37,1123.5,1126.06,1120.37,1120.37,3.14,0.28,0.51,
SPX,20040915,1128.33,1120.37,1128.33,1119.74,1128.33,-7.96,-0.71,0.76,
SPX,20040914,1125.82,1128.33,1129.46,1124.72,1125.82,2.51,0.22,0.42,
SPX,20040913,1123.92,1125.82,1129.78,1123.35,1123.92,1.9,0.17,0.57,
SPX,20040910,1118.49,1123.92,1125.26,1114.39,1118.38,5.53,0.49,0.97,
SPX,20040909,1116.27,1118.38,1121.3,1113.62,1116.27,2.12,0.19,0.69,
SPX,20040908,1121.3,1116.27,1123.05,1116.27,1121.3,-5.03,-0.45,0.6,
SPX,20040907,1113.63,1121.3,1124.08,1113.63,1113.63,7.67,0.69,0.94,
SPX,20040903,1116.09,1113.63,1120.8,1113.57,1118.31,-4.68,-0.42,0.65,
SPX,20040902,1105.6,1118.31,1119.11,1105.6,1105.91,12.4,1.12,1.22,
SPX,20040901,1104.24,1105.91,1109.25,1099.11,1104.24,1.67,0.15,0.92,
SPX,20041029,1127.44,1130.2,1131.44,1124.62,1127.44,2.76,0.25,0.6,
SPX,20041028,1124.75,1127.44,1130.67,1120.57,1125.4,2.03,0.18,0.9,
SPX,20041027,1110.28,1125.4,1126.29,1107.43,1111.09,14.31,1.29,1.7,
SPX,20041026,1094.81,1111.09,1111.1,1094.81,1094.81,16.28,1.49,1.49,
SPX,20041025,1095.15,1094.81,1096.81,1090.19,1095.74,-0.93,-0.08,0.6,
SPX,20041022,1106.49,1095.74,1108.32,1095.29,1106.49,-10.75,-0.97,1.18,
SPX,20041021,1104.42,1106.49,1108.96,1098.47,1103.66,2.83,0.26,0.95,
SPX,20041020,1103.23,1103.66,1104.09,1094.25,1103.23,0.43,0.04,0.89,
SPX,20041019,1114.02,1103.23,1118.03,1103.15,1114.02,-10.79,-0.97,1.34,
SPX,20041018,1108.2,1114.02,1114.46,1103.33,1108.2,5.82,0.53,1.0,
SPX,20041015,1103.29,1108.2,1113.17,1102.14,1103.29,4.91,0.44,1.0,
SPX,20041014,1113.65,1103.29,1114.97,1102.06,1113.65,-10.36,-0.93,1.16,
SPX,20041013,1121.84,1113.65,1127.01,1109.63,1121.84,-8.2,-0.73,1.55,
SPX,20041012,1122.94,1121.84,1124.39,1115.77,1124.39,-2.54,-0.23,0.77,
SPX,20041011,1122.14,1124.39,1126.2,1122.14,1122.14,2.25,0.2,0.36,
SPX,20041008,1129.83,1122.14,1132.92,1120.19,1130.65,-8.51,-0.75,1.13,
SPX,20041007,1142.05,1130.65,1142.05,1130.46,1142.05,-11.4,-1.0,1.01,
SPX,20041006,1134.16,1142.05,1142.05,1132.94,1134.48,7.57,0.67,0.8,
SPX,20041005,1134.81,1134.48,1137.97,1132.03,1135.17,-0.68,-0.06,0.52,
SPX,20041004,1131.5,1135.17,1140.19,1131.5,1131.5,3.67,0.32,0.77,
SPX,20041001,1114.58,1131.5,1131.64,1114.58,1114.58,16.92,1.52,1.53,
SPX,20041130,1178.57,1173.82,1178.66,1173.81,1178.57,-4.75,-0.4,0.41,
SPX,20041129,1182.65,1178.57,1186.94,1172.37,1182.65,-4.08,-0.34,1.23,
SPX,20041126,1181.76,1182.65,1186.62,1181.08,1181.76,0.89,0.08,0.47,
SPX,20041124,1176.94,1181.76,1182.46,1176.94,1176.94,4.82,0.41,0.47,
SPX,20041123,1176.63,1176.94,1179.52,1171.41,1177.24,-0.3,-0.03,0.69,
SPX,20041122,1170.34,1177.24,1178.18,1167.89,1170.34,6.9,0.59,0.88,
SPX,20041119,1183.55,1170.34,1184.0,1169.17,1183.55,-13.21,-1.12,1.25,
SPX,20041118,1181.78,1183.55,1184.9,1180.09,1181.94,1.6,0.14,0.41,
SPX,20041117,1175.43,1181.94,1188.46,1175.43,1175.43,6.51,0.55,1.11,
SPX,20041116,1183.81,1175.43,1183.81,1175.32,1183.81,-8.38,-0.71,0.72,
SPX,20041115,1183.81,1183.81,1184.48,1179.85,1184.17,-0.36,-0.03,0.39,
SPX,20041112,1173.48,1184.17,1184.17,1171.39,1173.48,10.7,0.91,1.09,
SPX,20041111,1162.91,1173.48,1174.82,1162.91,1162.91,10.57,0.91,1.02,
SPX,20041110,1164.08,1162.91,1169.35,1162.51,1164.08,-1.17,-0.1,0.59,
SPX,20041109,1164.89,1164.08,1168.97,1162.48,1164.89,-0.8,-0.07,0.56,
SPX,20041108,1166.17,1164.89,1166.86,1162.32,1166.17,-1.29,-0.11,0.39,
SPX,20041105,1163.04,1166.17,1170.87,1160.36,1161.67,4.5,0.39,0.9,
SPX,20041104,1143.2,1161.67,1161.67,1142.34,1143.2,18.47,1.62,1.69,
SPX,20041103,1130.54,1143.2,1147.6,1130.54,1130.54,12.65,1.12,1.51,
SPX,20041102,1130.51,1130.54,1140.48,1128.12,1130.51,0.04,0.0,1.09,
SPX,20041101,1130.26,1130.51,1133.43,1127.53,1130.2,0.31,0.03,0.52,
SPX,20041231,1213.55,1211.92,1217.33,1211.65,1213.55,-1.64,-0.13,0.47,
SPX,20041230,1213.45,1213.55,1216.47,1213.41,1213.45,0.11,0.01,0.25,
SPX,20041229,1212.72,1213.45,1213.95,1210.95,1213.54,-0.1,-0.01,0.25,
SPX,20041228,1204.92,1213.54,1213.54,1204.92,1204.92,8.63,0.72,0.72,
SPX,20041227,1210.13,1204.92,1214.17,1204.92,1210.13,-5.21,-0.43,0.76,
SPX,20041223,1209.57,1210.13,1213.66,1208.71,1209.57,0.56,0.05,0.41,
SPX,20041222,1205.45,1209.57,1211.42,1203.81,1205.45,4.11,0.34,0.63,
SPX,20041221,1194.65,1205.45,1205.93,1194.65,1194.65,10.8,0.9,0.94,
SPX,20041220,1194.2,1194.65,1203.64,1193.36,1194.22,0.43,0.04,0.86,
SPX,20041217,1202.26,1194.22,1203.21,1193.44,1203.21,-8.99,-0.75,0.81,
SPX,20041216,1205.72,1203.21,1207.97,1198.41,1205.72,-2.51,-0.21,0.79,
SPX,20041215,1203.09,1205.72,1206.61,1199.44,1203.38,2.34,0.19,0.6,
SPX,20041214,1198.68,1203.38,1205.29,1197.84,1198.68,4.7,0.39,0.62,
SPX,20041213,1189.87,1198.68,1198.77,1188.0,1188.0,10.68,0.9,0.91,
SPX,20041210,1187.45,1188.0,1191.45,1185.24,1189.24,-1.24,-0.1,0.52,
SPX,20041209,1181.18,1189.24,1190.51,1173.76,1182.81,6.43,0.54,1.42,
SPX,20041208,1177.07,1182.81,1184.05,1176.8,1177.07,5.74,0.49,0.62,
SPX,20041207,1190.44,1177.07,1192.19,1177.07,1190.25,-13.18,-1.11,1.27,
SPX,20041206,1190.84,1190.25,1192.41,1185.18,1191.17,-0.92,-0.08,0.61,
SPX,20041203,1190.33,1191.17,1197.46,1187.7,1190.33,0.84,0.07,0.82,
SPX,20041202,1190.68,1190.33,1194.81,1186.66,1191.37,-1.05,-0.09,0.68,
SPX,20041201,1173.78,1191.37,1191.37,1173.78,1173.82,17.55,1.49,1.5,
SPX,20050131,1171.36,1181.27,1182.07,1171.36,1171.36,9.9,0.85,0.91,
SPX,20050128,1174.55,1171.36,1175.63,1166.3,1174.55,-3.19,-0.27,0.79,
SPX,20050127,1173.55,1174.55,1177.5,1170.15,1174.07,0.48,0.04,0.63,
SPX,20050126,1168.41,1174.07,1175.99,1168.41,1168.41,5.66,0.48,0.65,
SPX,20050125,1166.61,1168.41,1174.3,1163.75,1163.75,4.66,0.4,0.91,
SPX,20050124,1168.59,1163.75,1173.17,1163.75,1167.87,-4.11,-0.35,0.81,
SPX,20050121,1175.41,1167.87,1179.55,1167.82,1175.41,-7.54,-0.64,1.0,
SPX,20050120,1184.63,1175.41,1184.63,1173.39,1184.63,-9.22,-0.78,0.95,
SPX,20050119,1195.51,1184.63,1195.98,1184.37,1195.98,-11.35,-0.95,0.97,
SPX,20050118,1183.64,1195.98,1195.98,1180.1,1184.52,11.46,0.97,1.34,
SPX,20050114,1177.45,1184.52,1185.21,1177.45,1177.45,7.07,0.6,0.66,
SPX,20050113,1187.64,1177.45,1187.7,1175.61,1187.7,-10.25,-0.86,1.02,
SPX,20050112,1182.99,1187.7,1187.98,1175.64,1182.99,4.71,0.4,1.04,
SPX,20050111,1190.25,1182.99,1190.25,1180.43,1190.25,-7.25,-0.61,0.83,
SPX,20050110,1186.19,1190.25,1194.78,1184.8,1186.19,4.05,0.34,0.84,
SPX,20050107,1187.89,1186.19,1192.2,1182.11,1187.89,-1.69,-0.14,0.85,
SPX,20050106,1183.74,1187.89,1191.63,1183.23,1183.74,4.15,0.35,0.71,
SPX,20050105,1188.05,1183.74,1192.75,1183.72,1188.05,-4.31,-0.36,0.76,
SPX,20050104,1202.08,1188.05,1205.84,1185.39,1202.08,-14.04,-1.17,1.7,
SPX,20050103,1213.43,1202.08,1217.9,1200.3,1211.92,-9.83,-0.81,1.45,
SPX,20050228,1211.37,1203.6,1211.37,1198.13,1211.37,-7.77,-0.64,1.09,
SPX,20050225,1200.17,1211.37,1212.15,1199.61,1200.2,11.17,0.93,1.04,
SPX,20050224,1190.8,1200.2,1200.42,1187.8,1190.8,9.4,0.79,1.06,
SPX,20050223,1185.48,1190.8,1193.52,1184.16,1184.16,6.64,0.56,0.79,
SPX,20050222,1201.59,1184.16,1202.48,1184.16,1201.59,-17.42,-1.45,1.52,
SPX,20050218,1201.08,1201.59,1202.92,1197.35,1200.75,0.83,0.07,0.46,
SPX,20050217,1210.34,1200.75,1211.33,1200.74,1210.34,-9.59,-0.79,0.87,
SPX,20050216,1210.12,1210.34,1212.44,1205.52,1210.12,0.21,0.02,0.57,
SPX,20050215,1206.14,1210.12,1212.44,1205.52,1206.14,3.98,0.33,0.57,
SPX,20050214,1205.3,1206.14,1206.93,1203.59,1205.3,0.84,0.07,0.28,
SPX,20050211,1197.01,1205.3,1208.38,1193.28,1197.01,8.3,0.69,1.26,
SPX,20050210,1192.64,1197.01,1198.75,1191.54,1191.99,5.02,0.42,0.6,
SPX,20050209,1202.3,1191.99,1203.83,1191.54,1202.3,-10.31,-0.86,1.02,
SPX,20050208,1201.33,1202.3,1205.11,1200.16,1201.72,0.58,0.05,0.41,
SPX,20050207,1203.03,1201.72,1204.15,1199.27,1203.03,-1.31,-0.11,0.41,
SPX,20050204,1189.83,1203.03,1203.47,1189.67,1189.89,13.14,1.1,1.16,
SPX,20050203,1193.19,1189.89,1193.19,1185.63,1193.19,-3.29,-0.28,0.63,
SPX,20050202,1189.41,1193.19,1195.25,1188.92,1189.41,3.78,0.32,0.53,
SPX,20050201,1181.27,1189.41,1190.39,1180.95,1181.27,8.14,0.69,0.8,
SPX,20050331,1181.36,1180.59,1184.53,1179.49,1181.41,-0.82,-0.07,0.43,
SPX,20050330,1166.06,1181.41,1181.54,1165.36,1165.36,16.05,1.38,1.39,
SPX,20050329,1174.3,1165.36,1179.39,1163.69,1174.28,-8.92,-0.76,1.34,
SPX,20050328,1171.4,1174.28,1179.91,1171.42,1171.42,2.86,0.24,0.72,
SPX,20050324,1172.55,1171.42,1180.11,1171.42,1172.53,-1.11,-0.09,0.74,
SPX,20050323,1171.75,1172.53,1176.26,1168.7,1171.71,0.82,0.07,0.65,
SPX,20050322,1183.78,1171.71,1189.59,1171.63,1183.78,-12.07,-1.02,1.52,
SPX,20050321,1189.65,1183.78,1189.65,1178.82,1189.65,-5.86,-0.49,0.91,
SPX,20050318,1190.21,1189.65,1191.98,1182.78,1190.21,-0.56,-0.05,0.77,
SPX,20050317,1188.07,1190.21,1193.28,1186.34,1188.07,2.13,0.18,0.58,
SPX,20050316,1197.11,1188.07,1197.75,1185.61,1197.75,-9.68,-0.81,1.01,
SPX,20050315,1206.83,1197.75,1210.54,1197.75,1206.83,-9.08,-0.75,1.06,
SPX,20050314,1200.46,1206.83,1206.83,1199.51,1200.08,6.75,0.56,0.61,
SPX,20050311,1209.25,1200.08,1213.04,1198.15,1209.25,-9.17,-0.76,1.23,
SPX,20050310,1207.48,1209.25,1211.23,1201.41,1207.01,2.24,0.19,0.81,
SPX,20050309,1219.43,1207.01,1219.43,1206.66,1219.43,-12.42,-1.02,1.05,
SPX,20050308,1224.84,1219.43,1225.69,1218.57,1225.31,-5.89,-0.48,0.58,
SPX,20050307,1222.12,1225.31,1229.11,1222.12,1222.12,3.19,0.26,0.57,
SPX,20050304,1210.47,1222.12,1224.76,1210.47,1210.47,11.65,0.96,1.18,
SPX,20050303,1210.08,1210.47,1215.72,1204.45,1210.08,0.39,0.03,0.93,
SPX,20050302,1210.41,1210.08,1215.79,1204.22,1210.41,-0.33,-0.03,0.96,
SPX,20050301,1204.72,1210.41,1212.25,1203.6,1203.6,6.81,0.57,0.72,
SPX,20050429,1143.22,1156.85,1156.97,1139.19,1143.22,13.63,1.19,1.56,
SPX,20050428,1156.16,1143.22,1156.38,1143.22,1156.38,-13.17,-1.14,1.14,
SPX,20050427,1151.04,1156.38,1159.87,1144.42,1151.74,4.65,0.4,1.34,
SPX,20050426,1161.81,1151.74,1164.8,1151.74,1162.1,-10.37,-0.89,1.12,
SPX,20050425,1153.46,1162.1,1164.05,1152.12,1152.12,9.98,0.87,1.04,
SPX,20050422,1159.95,1152.12,1159.95,1142.95,1159.95,-7.82,-0.67,1.47,
SPX,20050421,1137.36,1159.95,1159.95,1137.5,1137.5,22.45,1.97,1.97,
SPX,20050420,1154.09,1137.5,1155.5,1136.15,1152.78,-15.28,-1.33,1.68,
SPX,20050419,1147.07,1152.78,1154.67,1145.98,1145.98,6.81,0.59,0.76,
SPX,20050418,1142.4,1145.98,1148.92,1139.8,1142.62,3.35,0.29,0.8,
SPX,20050415,1160.12,1142.62,1162.05,1141.92,1162.05,-19.42,-1.67,1.73,
SPX,20050414,1173.7,1162.05,1174.67,1161.7,1173.79,-11.74,-1.0,1.1,
SPX,20050413,1187.64,1173.79,1187.76,1171.4,1187.76,-13.97,-1.18,1.38,
SPX,20050412,1181.06,1187.76,1190.17,1170.85,1181.21,6.55,0.55,1.64,
SPX,20050411,1181.05,1181.21,1184.07,1178.69,1181.2,0.01,0.0,0.46,
SPX,20050408,1190.94,1181.2,1191.75,1181.13,1191.14,-9.94,-0.83,0.89,
SPX,20050407,1184.23,1191.14,1191.88,1183.81,1184.07,7.07,0.6,0.68,
SPX,20050406,1181.63,1184.07,1189.34,1181.39,1181.39,2.67,0.23,0.67,
SPX,20050405,1176.52,1181.39,1183.56,1176.12,1176.12,5.27,0.45,0.63,
SPX,20050404,1172.97,1176.12,1178.61,1167.72,1172.92,3.2,0.27,0.93,
SPX,20050401,1181.44,1172.92,1189.8,1169.91,1180.59,-7.67,-0.65,1.68,
SPX,20050531,1198.66,1191.5,1198.78,1191.5,1198.78,-7.28,-0.61,0.61,
SPX,20050527,1197.62,1198.78,1199.56,1195.28,1197.62,1.16,0.1,0.36,
SPX,20050526,1189.91,1197.62,1198.95,1190.01,1190.01,7.62,0.64,0.75,
SPX,20050525,1192.42,1190.01,1194.07,1185.96,1194.07,-4.07,-0.34,0.68,
SPX,20050524,1193.83,1194.07,1195.29,1189.87,1193.86,0.21,0.02,0.45,
SPX,20050523,1189.14,1193.86,1197.44,1188.76,1189.28,4.58,0.39,0.73,
SPX,20050520,1191.14,1189.28,1191.22,1185.19,1191.08,-1.8,-0.15,0.51,
SPX,20050519,1185.72,1191.08,1191.09,1184.49,1185.56,5.52,0.47,0.56,
SPX,20050518,1173.65,1185.56,1187.9,1173.8,1173.8,11.76,1.0,1.2,
SPX,20050517,1165.66,1173.8,1174.35,1159.86,1165.69,8.11,0.7,1.24,
SPX,20050516,1154.35,1165.69,1165.75,1153.64,1154.05,11.64,1.01,1.05,
SPX,20050513,1159.3,1154.05,1163.75,1146.18,1159.36,-5.31,-0.46,1.52,
SPX,20050512,1171.1,1159.36,1173.37,1157.76,1171.11,-11.75,-1.0,1.33,
SPX,20050511,1166.22,1171.11,1171.77,1157.71,1166.22,4.89,0.42,1.21,
SPX,20050510,1178.7,1166.22,1178.84,1162.98,1178.84,-12.62,-1.07,1.35,
SPX,20050509,1171.24,1178.84,1178.87,1169.38,1171.35,7.49,0.64,0.81,
SPX,20050506,1172.48,1171.35,1177.75,1170.5,1172.63,-1.28,-0.11,0.62,
SPX,20050505,1175.48,1172.63,1178.62,1166.77,1175.65,-3.02,-0.26,1.01,
SPX,20050504,1161.57,1175.65,1176.01,1161.17,1161.17,14.48,1.25,1.28,
SPX,20050503,1161.7,1161.17,1166.89,1156.71,1162.16,-0.99,-0.09,0.88,
SPX,20050502,1156.61,1162.16,1162.87,1154.71,1156.85,5.32,0.46,0.71,
SPX,20050630,1199.86,1191.33,1203.27,1190.51,1199.85,-8.52,-0.71,1.06,
SPX,20050629,1202.64,1199.85,1204.07,1198.7,1201.57,-1.71,-0.14,0.45,
SPX,20050628,1190.59,1201.57,1202.54,1190.69,1190.69,10.88,0.91,1.0,
SPX,20050627,1191.33,1190.69,1194.33,1188.3,1191.57,-0.88,-0.07,0.51,
SPX,20050624,1200.63,1191.57,1200.9,1191.45,1200.73,-9.16,-0.76,0.79,
SPX,20050623,1214.19,1200.73,1216.45,1200.72,1213.88,-13.15,-1.08,1.3,
SPX,20050622,1213.51,1213.88,1219.59,1211.69,1213.61,0.27,0.02,0.65,
SPX,20050621,1216.0,1213.61,1217.13,1211.86,1216.1,-2.49,-0.2,0.43,
SPX,20050620,1216.85,1216.1,1219.1,1210.65,1216.96,-0.86,-0.07,0.69,
SPX,20050617,1210.92,1216.96,1219.55,1210.93,1210.96,6.01,0.5,0.71,
SPX,20050616,1206.6,1210.96,1212.1,1205.47,1206.58,4.37,0.36,0.55,
SPX,20050615,1204.93,1206.58,1208.08,1198.66,1203.91,2.67,0.22,0.78,
SPX,20050614,1200.64,1203.91,1207.53,1200.18,1200.82,3.09,0.26,0.61,
SPX,20050613,1197.94,1200.82,1206.03,1194.51,1198.11,2.71,0.23,0.96,
SPX,20050610,1200.87,1198.11,1202.79,1192.64,1200.93,-2.82,-0.24,0.85,
SPX,20050609,1194.52,1200.93,1201.86,1191.09,1194.67,6.26,0.52,0.9,
SPX,20050608,1198.54,1194.67,1201.97,1193.33,1197.26,-2.6,-0.22,0.72,
SPX,20050607,1198.37,1197.26,1208.85,1197.26,1197.51,-0.24,-0.02,0.97,
SPX,20050606,1195.92,1197.51,1198.78,1192.75,1196.02,1.49,0.12,0.5,
SPX,20050603,1204.3,1196.02,1205.09,1194.55,1204.29,-8.28,-0.69,0.88,
SPX,20050602,1202.19,1204.29,1204.67,1198.42,1202.27,2.02,0.17,0.52,
SPX,20050601,1191.07,1202.27,1205.64,1191.03,1191.5,10.77,0.9,1.23,
SPX,20050729,1243.39,1234.18,1245.04,1234.18,1243.72,-9.54,-0.77,0.87,
SPX,20050728,1236.98,1243.72,1245.15,1235.81,1236.79,6.93,0.56,0.76,
SPX,20050727,1231.32,1236.79,1237.64,1230.15,1231.16,5.63,0.46,0.61,
SPX,20050726,1229.38,1231.16,1234.42,1229.03,1229.03,2.13,0.17,0.44,
SPX,20050725,1233.44,1229.03,1238.36,1228.15,1233.68,-4.64,-0.38,0.83,
SPX,20050722,1227.32,1233.68,1234.19,1226.15,1227.04,6.63,0.54,0.66,
SPX,20050721,1235.83,1227.04,1235.83,1224.7,1235.2,-8.16,-0.66,0.9,
SPX,20050720,1227.36,1235.2,1236.56,1222.91,1229.35,5.85,0.48,1.11,
SPX,20050719,1222.47,1229.35,1230.34,1221.13,1221.13,8.22,0.67,0.75,
SPX,20050718,1226.72,1221.13,1227.92,1221.13,1227.92,-6.79,-0.55,0.55,
SPX,20050715,1226.7,1227.92,1229.53,1223.5,1226.5,1.42,0.12,0.49,
SPX,20050714,1223.46,1226.5,1233.16,1223.29,1223.29,3.22,0.26,0.81,
SPX,20050713,1222.37,1223.29,1224.46,1219.64,1222.21,1.08,0.09,0.39,
SPX,20050712,1219.44,1222.21,1225.54,1216.6,1219.44,2.77,0.23,0.73,
SPX,20050711,1211.97,1219.44,1220.03,1211.86,1211.86,7.58,0.63,0.67,
SPX,20050708,1197.99,1211.86,1212.73,1197.2,1197.87,13.99,1.17,1.3,
SPX,20050707,1195.04,1197.87,1198.46,1183.55,1194.94,2.92,0.24,1.25,
SPX,20050706,1204.83,1194.94,1206.11,1194.78,1204.99,-10.05,-0.83,0.94,
SPX,20050705,1193.87,1204.99,1206.34,1192.49,1194.44,10.55,0.88,1.16,
SPX,20050701,1191.32,1194.44,1197.89,1191.33,1191.33,3.11,0.26,0.55,
SPX,20050831,1208.33,1220.33,1220.36,1204.4,1208.41,11.92,0.99,1.32,
SPX,20050830,1212.28,1208.41,1212.28,1201.07,1212.28,-3.87,-0.32,0.92,
SPX,20050829,1202.81,1212.28,1214.28,1201.53,1205.1,7.18,0.6,1.06,
SPX,20050826,1212.17,1205.1,1212.4,1204.23,1212.39,-7.3,-0.6,0.67,
SPX,20050825,1209.59,1212.39,1213.73,1209.57,1209.59,2.81,0.23,0.34,
SPX,20050824,1217.4,1209.59,1224.15,1209.37,1217.57,-7.99,-0.66,1.21,
SPX,20050823,1221.54,1217.57,1223.04,1214.44,1221.73,-4.15,-0.34,0.7,
SPX,20050822,1219.54,1221.73,1228.96,1216.47,1219.71,2.01,0.17,1.02,
SPX,20050819,1219.52,1219.71,1225.08,1219.02,1219.02,0.69,0.06,0.5,
SPX,20050818,1220.17,1219.02,1222.64,1215.93,1220.24,-1.22,-0.1,0.55,
SPX,20050817,1219.44,1220.24,1225.63,1218.07,1219.34,0.89,0.07,0.62,
SPX,20050816,1233.01,1219.34,1233.87,1219.05,1233.87,-14.53,-1.18,1.2,
SPX,20050815,1230.46,1233.87,1236.24,1226.2,1230.39,3.48,0.28,0.82,
SPX,20050812,1235.18,1230.39,1237.81,1225.87,1237.81,-7.42,-0.6,0.96,
SPX,20050811,1229.18,1237.81,1237.81,1228.33,1229.13,8.68,0.71,0.77,
SPX,20050810,1231.49,1229.13,1242.69,1226.58,1231.38,-2.25,-0.18,1.31,
SPX,20050809,1223.42,1231.38,1234.11,1223.13,1223.13,8.25,0.67,0.9,
SPX,20050808,1226.63,1223.13,1232.28,1222.67,1226.42,-3.29,-0.27,0.78,
SPX,20050805,1236.0,1226.42,1235.86,1225.62,1235.86,-9.44,-0.76,0.83,
SPX,20050804,1243.17,1235.86,1245.04,1235.15,1245.04,-9.19,-0.74,0.79,
SPX,20050803,1244.3,1245.04,1245.86,1240.57,1244.12,0.93,0.07,0.43,
SPX,20050802,1235.7,1244.12,1244.69,1235.35,1235.35,8.77,0.71,0.76,
SPX,20050801,1234.86,1235.35,1239.1,1233.8,1234.18,1.17,0.09,0.43,
SPX,20050930,1227.68,1228.81,1229.57,1225.22,1227.68,1.14,0.09,0.35,
SPX,20050929,1216.71,1227.68,1228.7,1211.54,1216.89,10.78,0.89,1.41,
SPX,20050928,1215.66,1216.89,1220.98,1212.72,1215.66,1.23,0.1,0.68,
SPX,20050927,1215.63,1215.66,1220.17,1211.11,1215.63,0.03,0.0,0.75,
SPX,20050926,1216.05,1215.63,1222.56,1211.84,1215.29,0.34,0.03,0.88,
SPX,20050923,1214.62,1215.29,1218.83,1209.8,1214.62,0.67,0.06,0.74,
SPX,20050922,1209.98,1214.62,1216.64,1205.35,1210.2,4.42,0.37,0.93,
SPX,20050921,1221.52,1210.2,1221.52,1209.89,1221.34,-11.14,-0.91,0.95,
SPX,20050920,1231.02,1221.34,1236.49,1220.07,1231.02,-9.68,-0.79,1.33,
SPX,20050919,1237.91,1231.02,1237.91,1227.65,1237.91,-6.89,-0.56,0.83,
SPX,20050916,1226.99,1237.91,1237.95,1228.42,1227.73,10.19,0.83,0.78,
SPX,20050915,1226.51,1227.73,1231.88,1224.85,1227.16,0.56,0.05,0.57,
SPX,20050914,1231.66,1227.16,1234.74,1226.16,1231.2,-4.04,-0.33,0.7,
SPX,20050913,1240.08,1231.2,1240.57,1231.2,1240.56,-9.36,-0.75,0.76,
SPX,20050912,1240.91,1240.56,1242.6,1239.15,1241.48,-0.92,-0.07,0.28,
SPX,20050909,1232.64,1241.48,1243.13,1231.67,1231.67,9.8,0.8,0.93,
SPX,20050908,1235.89,1231.67,1236.36,1229.51,1236.36,-4.69,-0.38,0.55,
SPX,20050907,1233.02,1236.36,1237.06,1230.93,1233.39,2.97,0.24,0.5,
SPX,20050906,1218.02,1233.39,1233.61,1218.02,1218.02,15.37,1.26,1.28,
SPX,20050902,1221.2,1218.02,1224.45,1217.75,1221.59,-3.57,-0.29,0.55,
SPX,20050901,1219.71,1221.59,1227.29,1216.18,1220.33,1.26,0.1,0.91,
SPX,20051031,1198.41,1207.01,1211.43,1198.41,1198.41,8.59,0.72,1.09,
SPX,20051028,1178.9,1198.41,1198.41,1178.9,1178.9,19.51,1.66,1.65,
SPX,20051027,1191.38,1178.9,1192.65,1178.89,1191.38,-12.48,-1.05,1.15,
SPX,20051026,1196.06,1191.38,1204.01,1191.38,1196.54,-5.16,-0.43,1.06,
SPX,20051025,1198.55,1196.54,1201.3,1189.29,1199.38,-2.84,-0.24,1.0,
SPX,20051024,1179.59,1199.38,1199.39,1179.59,1179.59,19.79,1.68,1.68,
SPX,20051021,1177.8,1179.59,1186.45,1174.92,1177.8,1.8,0.15,0.98,
SPX,20051020,1195.76,1177.8,1197.3,1173.3,1195.76,-17.96,-1.5,2.01,
SPX,20051019,1177.09,1195.76,1195.76,1170.55,1178.14,17.61,1.49,2.14,
SPX,20051018,1190.1,1178.14,1190.1,1178.13,1190.1,-11.96,-1.0,1.01,
SPX,20051017,1186.57,1190.1,1191.21,1184.48,1186.57,3.54,0.3,0.57,
SPX,20051014,1177.33,1186.57,1187.13,1175.44,1176.84,9.73,0.83,0.99,
SPX,20051013,1177.68,1176.84,1179.56,1168.2,1177.68,-0.84,-0.07,0.96,
SPX,20051012,1183.38,1177.68,1190.02,1173.65,1184.87,-7.19,-0.61,1.38,
SPX,20051011,1187.33,1184.87,1193.1,1183.16,1187.33,-2.46,-0.21,0.84,
SPX,20051010,1196.02,1187.33,1196.52,1186.12,1195.9,-8.57,-0.72,0.87,
SPX,20051007,1191.49,1195.9,1199.71,1191.46,1191.49,4.41,0.37,0.69,
SPX,20051006,1196.39,1191.49,1202.14,1181.92,1196.39,-4.9,-0.41,1.69,
SPX,20051005,1214.47,1196.39,1214.47,1196.25,1214.47,-18.08,-1.49,1.5,
SPX,20051004,1226.7,1214.47,1229.88,1214.02,1226.7,-12.23,-1.0,1.29,
SPX,20051003,1228.81,1226.7,1233.34,1225.15,1228.81,-2.11,-0.17,0.67,
SPX,20051130,1257.3,1249.48,1260.93,1249.39,1257.48,-8.01,-0.64,0.92,
SPX,20051129,1258.02,1257.48,1266.18,1257.46,1257.46,0.02,0.0,0.69,
SPX,20051128,1267.99,1257.46,1268.44,1257.17,1268.25,-10.79,-0.85,0.89,
SPX,20051125,1265.61,1268.25,1268.78,1265.54,1265.61,2.64,0.21,0.26,
SPX,20051123,1261.23,1265.61,1270.64,1259.51,1261.23,4.38,0.35,0.88,
SPX,20051122,1254.06,1261.23,1261.9,1251.4,1254.85,6.38,0.51,0.84,
SPX,20051121,1248.27,1254.85,1255.89,1246.9,1248.27,6.58,0.53,0.72,
SPX,20051118,1249.35,1248.27,1249.58,1240.71,1242.8,5.47,0.44,0.71,
SPX,20051117,1231.92,1242.8,1242.96,1231.92,1231.21,11.59,0.94,0.9,
SPX,20051116,1229.36,1231.21,1232.24,1227.18,1229.01,2.2,0.18,0.41,
SPX,20051115,1233.48,1229.01,1237.94,1226.41,1233.76,-4.75,-0.38,0.93,
SPX,20051114,1234.72,1233.76,1237.2,1231.78,1234.72,-0.95,-0.08,0.44,
SPX,20051111,1231.36,1234.72,1235.7,1230.72,1230.96,3.75,0.3,0.4,
SPX,20051110,1220.75,1230.96,1232.41,1215.05,1220.65,10.31,0.84,1.42,
SPX,20051109,1218.39,1220.65,1226.59,1216.53,1218.59,2.06,0.17,0.83,
SPX,20051108,1221.72,1218.59,1222.81,1216.08,1222.81,-4.23,-0.35,0.55,
SPX,20051107,1220.14,1222.81,1224.18,1217.29,1220.14,2.68,0.22,0.56,
SPX,20051104,1219.94,1220.14,1222.52,1214.45,1219.94,0.2,0.02,0.66,
SPX,20051103,1214.76,1219.94,1224.7,1214.76,1214.76,5.18,0.43,0.82,
SPX,20051102,1201.79,1214.76,1215.17,1201.07,1202.76,12.0,1.0,1.17,
SPX,20051101,1207.01,1202.76,1207.34,1201.66,1207.01,-4.24,-0.35,0.47,
SPX,20051230,1254.42,1248.29,1254.42,1246.59,1254.42,-6.12,-0.49,0.62,
SPX,20051229,1258.17,1254.42,1260.61,1254.18,1258.17,-3.75,-0.3,0.51,
SPX,20051228,1256.54,1258.17,1261.1,1256.65,1256.54,1.63,0.13,0.35,
SPX,20051227,1268.66,1256.54,1271.83,1256.54,1268.66,-12.12,-0.96,1.21,
SPX,20051223,1268.12,1268.66,1269.76,1265.92,1268.12,0.54,0.04,0.3,
SPX,20051222,1262.91,1268.12,1268.19,1262.5,1262.8,5.33,0.42,0.45,
SPX,20051221,1260.51,1262.8,1269.37,1259.62,1259.62,3.17,0.25,0.77,
SPX,20051220,1259.92,1259.62,1263.86,1257.21,1259.92,-0.3,-0.02,0.53,
SPX,20051219,1267.32,1259.92,1270.51,1259.35,1267.32,-7.4,-0.58,0.88,
SPX,20051216,1271.16,1267.32,1275.24,1267.32,1270.94,-3.62,-0.28,0.62,
SPX,20051215,1272.74,1270.94,1275.17,1267.74,1272.74,-1.8,-0.14,0.58,
SPX,20051214,1267.43,1272.74,1275.8,1267.07,1267.43,5.31,0.42,0.69,
SPX,20051213,1259.99,1267.43,1272.11,1258.56,1260.43,6.99,0.55,1.08,
SPX,20051212,1259.37,1260.43,1263.86,1255.52,1259.37,1.06,0.08,0.66,
SPX,20051209,1255.84,1259.37,1263.08,1254.24,1255.84,3.53,0.28,0.7,
SPX,20051208,1257.48,1255.84,1263.36,1250.91,1257.37,-1.52,-0.12,0.99,
SPX,20051207,1263.7,1257.37,1264.85,1253.02,1263.7,-6.33,-0.5,0.94,
SPX,20051206,1263.34,1263.7,1272.89,1262.09,1262.09,1.61,0.13,0.86,
SPX,20051205,1265.08,1262.09,1265.08,1258.12,1265.08,-2.99,-0.24,0.55,
SPX,20051202,1264.67,1265.08,1266.85,1261.42,1264.67,0.41,0.03,0.43,
SPX,20051201,1249.48,1264.67,1266.17,1249.48,1249.48,15.19,1.22,1.34,
SPX,20060131,1284.97,1280.08,1285.13,1276.85,1285.2,-5.11,-0.4,0.64,
SPX,20060130,1283.72,1285.2,1287.94,1283.51,1283.72,1.47,0.11,0.35,
SPX,20060127,1273.83,1283.72,1286.38,1273.83,1273.83,9.9,0.78,0.99,
SPX,20060126,1267.4,1273.83,1276.44,1264.68,1264.68,9.14,0.72,0.93,
SPX,20060125,1266.86,1264.68,1271.87,1259.42,1266.86,-2.18,-0.17,0.98,
SPX,20060124,1263.82,1266.86,1271.47,1263.82,1263.82,3.04,0.24,0.61,
SPX,20060123,1261.98,1263.82,1268.19,1261.49,1261.49,2.34,0.19,0.53,
SPX,20060120,1285.04,1261.49,1285.04,1260.92,1285.04,-23.56,-1.83,1.88,
SPX,20060119,1278.96,1285.04,1287.79,1277.93,1277.93,7.11,0.56,0.77,
SPX,20060118,1282.93,1277.93,1282.93,1272.08,1282.93,-5.0,-0.39,0.85,
SPX,20060117,1287.61,1282.93,1287.61,1278.61,1287.61,-4.67,-0.36,0.7,
SPX,20060113,1286.07,1287.61,1288.96,1282.78,1286.06,1.55,0.12,0.48,
SPX,20060112,1293.52,1286.06,1294.18,1285.04,1294.18,-8.12,-0.63,0.71,
SPX,20060111,1289.72,1294.18,1294.9,1288.12,1289.69,4.49,0.35,0.53,
SPX,20060110,1290.15,1289.69,1290.15,1283.76,1290.15,-0.47,-0.04,0.5,
SPX,20060109,1285.45,1290.15,1290.78,1284.82,1285.45,4.7,0.37,0.46,
SPX,20060106,1274.61,1285.45,1286.09,1273.48,1273.48,11.97,0.94,0.99,
SPX,20060105,1273.54,1273.48,1276.91,1270.3,1273.46,0.02,0.0,0.52,
SPX,20060104,1268.8,1273.46,1275.37,1267.74,1268.8,4.66,0.37,0.6,
SPX,20060103,1252.03,1268.8,1270.22,1245.74,1248.29,20.51,1.64,1.96,
SPX,20060228,1294.12,1280.66,1294.12,1278.66,1294.12,-13.46,-1.04,1.19,
SPX,20060227,1289.43,1294.12,1297.57,1289.43,1289.43,4.69,0.36,0.63,
SPX,20060224,1287.72,1289.43,1292.11,1285.62,1287.79,1.64,0.13,0.5,
SPX,20060223,1292.52,1287.79,1293.84,1285.14,1292.67,-4.88,-0.38,0.67,
SPX,20060222,1283.03,1292.67,1294.17,1283.03,1283.03,9.65,0.75,0.87,
SPX,20060221,1287.24,1283.03,1291.92,1281.33,1287.24,-4.22,-0.33,0.82,
SPX,20060217,1288.64,1287.24,1289.47,1284.07,1289.38,-2.14,-0.17,0.42,
SPX,20060216,1280.42,1289.38,1289.39,1280.0,1280.0,9.38,0.73,0.73,
SPX,20060215,1275.53,1280.0,1281.0,1271.06,1275.53,4.47,0.35,0.78,
SPX,20060214,1262.86,1275.53,1278.21,1260.8,1262.86,12.67,1.0,1.38,
SPX,20060213,1265.15,1262.86,1266.99,1258.34,1266.99,-4.13,-0.33,0.68,
SPX,20060210,1263.82,1266.99,1269.89,1254.98,1263.78,3.21,0.25,1.18,
SPX,20060209,1265.65,1263.78,1274.56,1262.8,1265.65,-1.88,-0.15,0.93,
SPX,20060208,1257.23,1265.65,1266.47,1254.78,1254.78,10.87,0.87,0.93,
SPX,20060207,1264.82,1254.78,1265.78,1253.61,1265.02,-10.24,-0.81,0.96,
SPX,20060206,1264.21,1265.02,1267.04,1261.62,1264.03,0.99,0.08,0.43,
SPX,20060203,1269.45,1264.03,1270.87,1261.02,1270.84,-6.81,-0.54,0.78,
SPX,20060202,1282.46,1270.84,1282.46,1267.72,1282.46,-11.62,-0.91,1.15,
SPX,20060201,1280.08,1282.46,1283.33,1277.57,1280.08,2.37,0.19,0.45,
SPX,20060331,1300.6,1294.83,1303.0,1294.83,1300.25,-5.42,-0.42,0.63,
SPX,20060330,1302.89,1300.25,1310.15,1296.72,1302.89,-2.65,-0.2,1.03,
SPX,20060329,1293.23,1302.89,1305.6,1293.23,1293.23,9.67,0.75,0.96,
SPX,20060328,1301.61,1293.23,1306.24,1291.84,1301.61,-8.38,-0.64,1.11,
SPX,20060327,1302.95,1301.61,1303.74,1299.09,1302.95,-1.35,-0.1,0.36,
SPX,20060324,1301.71,1302.95,1306.53,1298.89,1301.67,1.28,0.1,0.59,
SPX,20060323,1305.04,1301.67,1305.04,1298.11,1305.04,-3.37,-0.26,0.53,
SPX,20060322,1297.23,1305.04,1305.97,1295.81,1297.23,7.81,0.6,0.78,
SPX,20060321,1305.0,1297.23,1310.9,1295.8,1305.08,-7.85,-0.6,1.16,
SPX,20060320,1307.25,1305.08,1310.0,1303.6,1307.25,-2.17,-0.17,0.49,
SPX,20060317,1305.33,1307.25,1309.79,1305.32,1305.33,1.92,0.15,0.34,
SPX,20060316,1303.02,1305.33,1310.45,1303.02,1303.02,2.31,0.18,0.57,
SPX,20060315,1297.48,1303.02,1304.4,1294.97,1297.48,5.54,0.43,0.73,
SPX,20060314,1284.13,1297.48,1298.14,1282.67,1284.13,13.35,1.04,1.2,
SPX,20060313,1281.58,1284.13,1287.37,1281.58,1281.58,2.56,0.2,0.45,
SPX,20060310,1272.23,1281.58,1284.37,1271.11,1272.23,9.34,0.73,1.04,
SPX,20060309,1278.47,1272.23,1282.74,1272.23,1278.47,-6.24,-0.49,0.82,
SPX,20060308,1275.88,1278.47,1280.33,1268.42,1275.88,2.6,0.2,0.93,
SPX,20060307,1277.22,1275.88,1278.26,1271.11,1278.26,-2.38,-0.19,0.56,
SPX,20060306,1287.23,1278.26,1288.23,1275.67,1287.23,-8.97,-0.7,0.98,
SPX,20060303,1289.14,1287.23,1297.33,1284.2,1289.14,-1.91,-0.15,1.02,
SPX,20060302,1288.57,1289.14,1291.24,1283.21,1291.24,-2.1,-0.16,0.62,
SPX,20060301,1281.65,1291.24,1291.8,1280.66,1280.66,10.58,0.83,0.87,
SPX,20060428,1309.72,1310.61,1316.04,1306.16,1309.72,0.89,0.07,0.75,
SPX,20060427,1305.41,1309.72,1315.0,1295.57,1305.41,4.31,0.33,1.49,
SPX,20060426,1301.74,1305.41,1310.97,1301.74,1301.74,3.67,0.28,0.71,
SPX,20060425,1308.11,1301.74,1310.79,1299.17,1308.11,-6.37,-0.49,0.89,
SPX,20060424,1311.28,1308.11,1311.28,1303.79,1311.28,-3.17,-0.24,0.57,
SPX,20060421,1311.46,1311.28,1317.67,1306.59,1311.46,-0.17,-0.01,0.84,
SPX,20060420,1309.74,1311.46,1318.16,1306.38,1309.93,1.53,0.12,0.9,
SPX,20060419,1307.93,1309.93,1310.39,1302.79,1307.65,2.29,0.17,0.58,
SPX,20060418,1285.97,1307.65,1309.02,1285.33,1285.33,22.31,1.74,1.84,
SPX,20060417,1289.12,1285.33,1292.45,1280.74,1289.12,-3.79,-0.29,0.91,
SPX,20060413,1288.12,1289.12,1292.09,1283.37,1288.12,0.99,0.08,0.68,
SPX,20060412,1286.89,1288.12,1290.93,1286.45,1286.57,1.55,0.12,0.35,
SPX,20060411,1296.6,1286.57,1300.71,1282.96,1296.6,-10.03,-0.77,1.37,
SPX,20060410,1295.61,1296.6,1300.74,1293.17,1295.5,1.11,0.09,0.58,
SPX,20060407,1309.04,1295.5,1314.07,1294.18,1309.04,-13.54,-1.03,1.52,
SPX,20060406,1311.56,1309.04,1311.99,1302.44,1311.56,-2.52,-0.19,0.73,
SPX,20060405,1305.93,1311.56,1312.81,1304.82,1305.93,5.62,0.43,0.61,
SPX,20060404,1297.81,1305.93,1307.55,1294.71,1297.81,8.12,0.63,0.99,
SPX,20060403,1302.88,1297.81,1309.19,1296.65,1294.83,2.99,0.23,0.97,
SPX,20060531,1259.38,1270.09,1270.09,1259.38,1259.84,10.25,0.81,0.85,
SPX,20060530,1280.04,1259.84,1280.04,1259.84,1280.16,-20.32,-1.59,1.58,
SPX,20060526,1272.71,1280.16,1280.54,1272.5,1272.88,7.28,0.57,0.63,
SPX,20060525,1260.55,1272.88,1273.26,1258.41,1258.57,14.32,1.14,1.18,
SPX,20060524,1256.56,1258.57,1264.53,1245.34,1256.58,1.98,0.16,1.53,
SPX,20060523,1263.52,1256.58,1273.67,1256.15,1262.07,-5.49,-0.44,1.39,
SPX,20060522,1267.03,1262.07,1268.77,1252.98,1267.03,-4.96,-0.39,1.25,
SPX,20060519,1261.86,1267.03,1272.15,1256.28,1261.81,5.22,0.41,1.26,
SPX,20060518,1270.25,1261.81,1274.89,1261.75,1270.32,-8.51,-0.67,1.03,
SPX,20060517,1290.16,1270.32,1291.73,1267.31,1292.08,-21.76,-1.68,1.89,
SPX,20060516,1294.5,1292.08,1297.88,1288.51,1294.5,-2.42,-0.19,0.72,
SPX,20060515,1290.56,1294.5,1294.81,1284.51,1291.24,3.26,0.25,0.8,
SPX,20060512,1305.17,1291.24,1305.88,1290.38,1305.92,-14.69,-1.12,1.19,
SPX,20060511,1322.63,1305.92,1322.63,1303.45,1322.85,-16.93,-1.28,1.45,
SPX,20060510,1324.57,1322.85,1325.51,1317.44,1325.14,-2.29,-0.17,0.61,
SPX,20060509,1324.0,1325.14,1326.6,1322.48,1324.66,0.48,0.04,0.31,
SPX,20060508,1325.76,1324.66,1326.7,1322.87,1325.76,-1.1,-0.08,0.29,
SPX,20060505,1312.25,1325.76,1326.53,1312.25,1312.25,13.51,1.03,1.09,
SPX,20060504,1307.85,1312.25,1315.14,1307.85,1307.85,4.4,0.34,0.56,
SPX,20060503,1313.34,1307.85,1313.47,1303.92,1313.21,-5.36,-0.41,0.73,
SPX,20060502,1305.19,1313.21,1313.66,1305.16,1305.19,8.02,0.61,0.65,
SPX,20060501,1310.61,1305.19,1317.21,1303.46,1310.61,-5.42,-0.41,1.05,
SPX,20060630,1272.86,1270.2,1276.3,1270.2,1272.87,-2.66,-0.21,0.48,
SPX,20060629,1245.94,1272.87,1272.88,1245.94,1246.0,26.86,2.16,2.16,
SPX,20060628,1238.99,1246.0,1247.06,1237.59,1239.2,6.8,0.55,0.76,
SPX,20060627,1250.78,1239.2,1253.37,1238.94,1250.56,-11.36,-0.91,1.15,
SPX,20060626,1244.5,1250.56,1250.92,1243.68,1244.5,6.06,0.49,0.58,
SPX,20060623,1245.17,1244.5,1253.13,1241.43,1245.6,-1.09,-0.09,0.94,
SPX,20060622,1251.92,1245.6,1251.92,1241.53,1252.2,-6.61,-0.53,0.83,
SPX,20060621,1240.41,1252.2,1257.96,1240.09,1240.12,12.08,0.97,1.44,
SPX,20060620,1240.12,1240.12,1249.01,1238.87,1240.14,-0.01,0.0,0.82,
SPX,20060619,1251.54,1240.14,1255.93,1237.17,1251.54,-11.41,-0.91,1.5,
SPX,20060616,1255.89,1251.54,1256.27,1246.33,1256.16,-4.62,-0.37,0.79,
SPX,20060615,1230.76,1256.16,1258.64,1230.01,1230.04,26.12,2.12,2.33,
SPX,20060614,1223.66,1230.04,1231.46,1219.29,1223.69,6.35,0.52,0.99,
SPX,20060613,1236.08,1223.69,1243.37,1222.52,1236.4,-12.71,-1.03,1.69,
SPX,20060612,1252.62,1236.4,1255.22,1236.2,1252.3,-15.89,-1.27,1.52,
SPX,20060609,1257.93,1252.3,1262.58,1250.03,1257.93,-5.63,-0.45,1.0,
SPX,20060608,1256.08,1257.93,1259.85,1235.18,1256.15,1.77,0.14,1.96,
SPX,20060607,1263.98,1256.15,1272.47,1255.77,1263.85,-7.7,-0.61,1.32,
SPX,20060606,1265.23,1263.85,1269.88,1254.46,1265.29,-1.44,-0.11,1.22,
SPX,20060605,1287.24,1265.29,1288.16,1264.66,1288.22,-22.93,-1.78,1.82,
SPX,20060602,1286.57,1288.22,1290.68,1280.22,1285.71,2.5,0.19,0.81,
SPX,20060601,1270.05,1285.71,1285.71,1269.19,1270.09,15.62,1.23,1.3,
SPX,20060731,1277.49,1276.66,1278.66,1274.31,1278.55,-1.88,-0.15,0.34,
SPX,20060728,1263.15,1278.55,1280.42,1263.15,1263.2,15.35,1.22,1.37,
SPX,20060727,1268.2,1263.2,1275.85,1261.92,1268.4,-5.2,-0.41,1.1,
SPX,20060726,1268.87,1268.4,1273.89,1261.94,1268.88,-0.48,-0.04,0.94,
SPX,20060725,1261.1,1268.88,1272.39,1257.19,1260.91,7.97,0.63,1.21,
SPX,20060724,1241.1,1260.91,1262.5,1240.25,1240.29,20.62,1.66,1.79,
SPX,20060721,1249.12,1240.29,1250.96,1238.72,1249.13,-8.84,-0.71,0.98,
SPX,20060720,1260.21,1249.13,1262.56,1249.13,1259.81,-10.68,-0.85,1.07,
SPX,20060719,1236.74,1259.81,1261.81,1236.74,1236.86,22.95,1.86,2.03,
SPX,20060718,1234.82,1236.86,1239.86,1224.54,1234.49,2.37,0.19,1.24,
SPX,20060717,1236.2,1234.49,1240.07,1231.49,1236.2,-1.71,-0.14,0.69,
SPX,20060714,1242.25,1236.2,1242.7,1228.45,1242.29,-6.09,-0.49,1.15,
SPX,20060713,1258.58,1242.29,1258.58,1241.43,1258.6,-16.31,-1.3,1.36,
SPX,20060712,1272.39,1258.6,1273.31,1257.29,1272.52,-13.92,-1.09,1.26,
SPX,20060711,1267.26,1272.52,1273.64,1259.65,1267.34,5.19,0.41,1.1,
SPX,20060710,1266.28,1267.34,1274.06,1264.46,1265.48,1.86,0.15,0.76,
SPX,20060707,1274.08,1265.48,1275.38,1263.13,1274.08,-8.61,-0.68,0.96,
SPX,20060706,1270.58,1274.08,1278.32,1270.58,1270.91,3.18,0.25,0.61,
SPX,20060705,1280.05,1270.91,1280.05,1265.91,1280.19,-9.28,-0.73,1.1,
SPX,20060703,1270.06,1280.19,1280.38,1270.06,1270.2,9.98,0.79,0.81,
SPX,20060831,1304.25,1303.82,1306.11,1302.45,1304.27,-0.45,-0.03,0.28,
SPX,20060830,1303.69,1304.27,1306.74,1302.15,1304.28,-0.01,0.0,0.35,
SPX,20060829,1301.57,1304.28,1305.02,1295.29,1301.78,2.5,0.19,0.75,
SPX,20060828,1295.09,1301.78,1305.02,1293.97,1295.09,6.7,0.52,0.85,
SPX,20060825,1295.23,1295.09,1298.88,1292.39,1296.06,-0.98,-0.08,0.5,
SPX,20060824,1292.97,1296.06,1297.23,1291.4,1292.99,3.07,0.24,0.45,
SPX,20060823,1299.06,1292.99,1301.5,1289.49,1298.82,-5.83,-0.45,0.92,
SPX,20060822,1297.52,1298.82,1302.49,1294.44,1297.52,1.3,0.1,0.62,
SPX,20060821,1302.3,1297.52,1302.3,1295.51,1302.3,-4.78,-0.37,0.52,
SPX,20060818,1297.48,1302.3,1302.3,1293.57,1297.48,4.83,0.37,0.67,
SPX,20060817,1294.99,1297.48,1300.78,1292.71,1295.43,2.05,0.16,0.62,
SPX,20060816,1285.27,1295.43,1296.21,1285.27,1285.58,9.85,0.77,0.85,
SPX,20060815,1271.52,1285.58,1286.23,1268.19,1268.21,17.36,1.37,1.42,
SPX,20060814,1266.67,1268.21,1278.9,1266.67,1266.74,1.47,0.12,0.97,
SPX,20060811,1271.64,1266.74,1271.64,1262.08,1271.81,-5.07,-0.4,0.75,
SPX,20060810,1265.72,1271.81,1272.55,1261.3,1265.95,5.86,0.46,0.89,
SPX,20060809,1273.52,1265.95,1283.74,1264.73,1271.48,-5.53,-0.43,1.5,
SPX,20060808,1279.18,1271.48,1282.75,1268.37,1275.77,-4.29,-0.34,1.13,
SPX,20060807,1279.31,1275.77,1279.31,1273.0,1279.36,-3.6,-0.28,0.49,
SPX,20060804,1286.73,1279.36,1292.92,1273.82,1280.27,-0.91,-0.07,1.49,
SPX,20060803,1278.22,1280.27,1283.96,1271.25,1278.55,1.72,0.13,0.99,
SPX,20060802,1270.73,1278.55,1283.42,1270.73,1270.92,7.63,0.6,1.0,
SPX,20060801,1275.76,1270.92,1276.66,1265.71,1276.66,-5.74,-0.45,0.86,
SPX,20060929,1338.86,1335.85,1339.88,1335.64,1339.15,-3.3,-0.25,0.32,
SPX,20060928,1336.56,1339.15,1340.28,1333.75,1336.59,2.56,0.19,0.49,
SPX,20060927,1335.37,1336.59,1340.08,1333.54,1336.34,0.25,0.02,0.49,
SPX,20060926,1326.22,1336.34,1336.6,1325.3,1326.37,9.97,0.75,0.85,
SPX,20060925,1314.78,1326.37,1329.35,1311.58,1314.78,11.59,0.88,1.35,
SPX,20060922,1317.74,1314.78,1318.03,1310.94,1318.03,-3.26,-0.25,0.54,
SPX,20060921,1324.89,1318.03,1328.19,1315.45,1325.18,-7.14,-0.54,0.96,
SPX,20060920,1318.28,1325.18,1328.53,1318.28,1318.31,6.87,0.52,0.78,
SPX,20060919,1321.17,1318.31,1322.04,1312.17,1321.18,-2.87,-0.22,0.75,
SPX,20060918,1319.85,1321.18,1324.87,1318.16,1319.87,1.32,0.1,0.51,
SPX,20060915,1316.28,1319.87,1324.65,1316.28,1316.28,3.58,0.27,0.64,
SPX,20060914,1318.0,1316.28,1318.0,1313.25,1318.07,-1.78,-0.14,0.36,
SPX,20060913,1312.74,1318.07,1319.92,1311.12,1313.11,4.95,0.38,0.67,
SPX,20060912,1299.53,1313.11,1314.28,1299.53,1299.54,13.57,1.04,1.14,
SPX,20060911,1298.86,1299.54,1302.36,1290.93,1298.92,0.62,0.05,0.88,
SPX,20060908,1294.02,1298.92,1300.14,1294.02,1294.02,4.9,0.38,0.47,
SPX,20060907,1299.97,1294.02,1301.25,1292.13,1300.26,-6.24,-0.48,0.7,
SPX,20060906,1310.79,1300.26,1313.04,1299.28,1313.25,-12.99,-0.99,1.05,
SPX,20060905,1310.94,1313.25,1314.67,1308.82,1311.01,2.24,0.17,0.45,
SPX,20060901,1303.8,1311.01,1312.03,1303.8,1303.82,7.19,0.55,0.63,
SPX,20061031,1377.93,1377.94,1381.21,1372.19,1377.93,0.01,0.0,0.65,
SPX,20061030,1377.3,1377.93,1381.22,1373.46,1377.34,0.59,0.04,0.56,
SPX,20061027,1388.89,1377.34,1388.89,1375.85,1389.08,-11.75,-0.85,0.94,
SPX,20061026,1382.21,1389.08,1389.45,1379.47,1382.22,6.86,0.5,0.72,
SPX,20061025,1377.78,1382.22,1383.61,1376.0,1377.38,4.85,0.35,0.55,
SPX,20061024,1377.02,1377.38,1377.78,1372.42,1377.02,0.35,0.03,0.39,
SPX,20061023,1368.58,1377.02,1377.4,1363.94,1368.6,8.42,0.62,0.98,
SPX,20061020,1368.07,1368.6,1368.66,1362.1,1366.96,1.64,0.12,0.48,
SPX,20061019,1365.43,1366.96,1368.09,1362.06,1365.96,1.0,0.07,0.44,
SPX,20061018,1363.93,1365.96,1372.87,1360.95,1364.05,1.91,0.14,0.87,
SPX,20061017,1369.05,1364.05,1369.05,1356.87,1369.05,-5.01,-0.37,0.89,
SPX,20061016,1365.57,1369.05,1370.2,1364.48,1365.62,3.44,0.25,0.42,
SPX,20061013,1362.82,1365.62,1366.63,1360.5,1362.83,2.79,0.2,0.45,
SPX,20061012,1350.79,1362.83,1363.76,1349.94,1349.95,12.87,0.95,1.02,
SPX,20061011,1353.28,1349.95,1353.97,1343.57,1353.42,-3.47,-0.26,0.77,
SPX,20061010,1350.64,1353.42,1354.23,1348.6,1350.66,2.76,0.2,0.42,
SPX,20061009,1349.58,1350.66,1352.69,1346.55,1349.58,1.08,0.08,0.45,
SPX,20061006,1352.42,1349.58,1353.22,1344.21,1353.22,-3.63,-0.27,0.67,
SPX,20061005,1349.84,1353.22,1353.79,1347.75,1350.22,3.0,0.22,0.45,
SPX,20061004,1333.81,1350.22,1350.22,1331.48,1334.11,16.1,1.21,1.4,
SPX,20061003,1331.17,1334.11,1338.31,1327.1,1331.32,2.79,0.21,0.84,
SPX,20061002,1335.82,1331.32,1338.54,1330.28,1335.85,-4.52,-0.34,0.62,
SPX,20061130,1399.47,1400.63,1406.3,1393.83,1399.48,1.15,0.08,0.89,
SPX,20061129,1386.11,1399.48,1401.14,1386.11,1386.72,12.76,0.92,1.08,
SPX,20061128,1381.61,1386.72,1387.91,1377.83,1381.9,4.82,0.35,0.73,
SPX,20061127,1400.95,1381.9,1400.95,1381.44,1400.95,-19.04,-1.36,1.39,
SPX,20061124,1405.94,1400.95,1405.94,1399.25,1406.09,-5.14,-0.37,0.48,
SPX,20061122,1403.68,1406.09,1407.89,1402.26,1402.81,3.28,0.23,0.4,
SPX,20061121,1400.43,1402.81,1403.49,1399.99,1400.5,2.31,0.17,0.25,
SPX,20061120,1400.63,1400.5,1404.37,1397.85,1401.2,-0.7,-0.05,0.47,
SPX,20061117,1399.76,1401.2,1401.21,1394.55,1399.76,1.44,0.1,0.48,
SPX,20061116,1396.53,1399.76,1403.76,1396.53,1396.57,3.19,0.23,0.52,
SPX,20061115,1392.74,1396.57,1401.35,1392.13,1393.22,3.35,0.24,0.66,
SPX,20061114,1384.36,1393.22,1394.49,1379.07,1384.42,8.8,0.64,1.11,
SPX,20061113,1380.6,1384.42,1387.61,1378.8,1380.9,3.52,0.26,0.64,
SPX,20061110,1379.04,1380.9,1381.04,1375.6,1378.33,2.56,0.19,0.39,
SPX,20061109,1385.57,1378.33,1388.92,1377.31,1385.72,-7.38,-0.53,0.84,
SPX,20061108,1382.5,1385.72,1388.61,1376.29,1382.84,2.87,0.21,0.89,
SPX,20061107,1379.89,1382.84,1388.19,1379.19,1379.78,3.06,0.22,0.65,
SPX,20061106,1364.27,1379.78,1381.4,1364.27,1364.3,15.49,1.14,1.26,
SPX,20061103,1367.31,1364.3,1371.68,1360.98,1367.34,-3.05,-0.22,0.78,
SPX,20061102,1366.41,1367.34,1368.39,1362.21,1367.81,-0.46,-0.03,0.45,
SPX,20061101,1377.76,1367.81,1381.95,1366.26,1377.94,-10.14,-0.74,1.14,
SPX,20061229,1424.3,1418.3,1427.0,1416.72,1424.73,-6.43,-0.45,0.72,
SPX,20061228,1426.77,1424.73,1427.26,1422.05,1426.84,-2.11,-0.15,0.37,
SPX,20061227,1416.63,1426.84,1427.72,1416.63,1416.9,9.93,0.7,0.78,
SPX,20061226,1410.75,1416.9,1417.91,1410.45,1410.76,6.14,0.44,0.53,
SPX,20061222,1418.1,1410.76,1418.82,1410.28,1418.3,-7.54,-0.53,0.6,
SPX,20061221,1423.2,1418.3,1426.4,1415.9,1423.53,-5.22,-0.37,0.74,
SPX,20061220,1425.51,1423.53,1429.05,1423.51,1425.55,-2.03,-0.14,0.39,
SPX,20061219,1422.42,1425.55,1428.3,1414.88,1422.48,3.07,0.22,0.94,
SPX,20061218,1427.08,1422.48,1431.81,1420.65,1427.09,-4.61,-0.32,0.78,
SPX,20061215,1425.48,1427.09,1431.63,1425.48,1425.49,1.6,0.11,0.43,
SPX,20061214,1413.16,1425.49,1427.23,1413.16,1413.21,12.27,0.87,1.0,
SPX,20061213,1411.32,1413.21,1416.64,1411.05,1411.56,1.65,0.12,0.4,
SPX,20061212,1413.0,1411.56,1413.78,1404.75,1413.04,-1.48,-0.1,0.64,
SPX,20061211,1409.81,1413.04,1415.6,1408.56,1409.84,3.2,0.23,0.5,
SPX,20061208,1407.27,1409.84,1414.09,1403.67,1407.29,2.55,0.18,0.74,
SPX,20061207,1412.86,1407.29,1418.27,1406.8,1412.9,-5.61,-0.4,0.81,
SPX,20061206,1414.4,1412.9,1415.93,1411.05,1414.76,-1.86,-0.13,0.34,
SPX,20061205,1409.1,1414.76,1415.27,1408.78,1409.12,5.64,0.4,0.46,
SPX,20061204,1396.67,1409.12,1411.23,1396.67,1396.71,12.41,0.89,1.04,
SPX,20061201,1400.63,1396.71,1402.46,1385.93,1400.63,-3.92,-0.28,1.18,
SPX,20070131,1428.65,1438.24,1441.61,1424.78,1428.82,9.42,0.66,1.18,
SPX,20070130,1420.61,1428.82,1428.82,1420.61,1420.62,8.2,0.58,0.58,
SPX,20070129,1422.03,1420.62,1426.94,1418.46,1422.18,-1.56,-0.11,0.6,
SPX,20070126,1423.9,1422.18,1427.27,1416.96,1423.9,-1.72,-0.12,0.72,
SPX,20070125,1440.31,1423.9,1440.69,1422.34,1440.13,-16.23,-1.13,1.27,
SPX,20070124,1427.96,1440.13,1440.14,1427.96,1427.99,12.14,0.85,0.85,
SPX,20070123,1422.95,1427.99,1431.33,1421.66,1422.95,5.03,0.35,0.68,
SPX,20070122,1430.47,1422.95,1431.39,1420.4,1430.5,-7.55,-0.53,0.77,
SPX,20070119,1426.35,1430.5,1431.57,1425.19,1426.37,4.13,0.29,0.45,
SPX,20070118,1430.59,1426.37,1433.3,1424.21,1430.62,-4.25,-0.3,0.64,
SPX,20070117,1431.77,1430.62,1435.27,1428.57,1431.9,-1.28,-0.09,0.47,
SPX,20070116,1430.73,1431.9,1433.93,1428.62,1430.73,1.17,0.08,0.37,
SPX,20070112,1423.82,1430.73,1431.23,1422.58,1423.83,6.91,0.49,0.61,
SPX,20070111,1414.84,1423.83,1427.12,1414.84,1414.85,8.98,0.63,0.87,
SPX,20070110,1411.94,1414.85,1415.99,1404.33,1412.11,2.74,0.19,0.83,
SPX,20070109,1412.84,1412.11,1415.61,1405.42,1412.84,-0.73,-0.05,0.72,
SPX,20070108,1409.26,1412.84,1414.98,1403.97,1409.71,3.14,0.22,0.78,
SPX,20070105,1418.34,1409.71,1418.34,1405.75,1418.34,-8.63,-0.61,0.89,
SPX,20070104,1416.95,1418.34,1421.84,1408.22,1416.6,1.74,0.12,0.96,
SPX,20070103,1418.03,1416.6,1429.42,1407.86,1418.3,-1.7,-0.12,1.52,
SPX,20070228,1399.01,1406.82,1415.89,1396.65,1399.04,7.78,0.56,1.38,
SPX,20070227,1449.25,1399.04,1449.25,1389.42,1449.37,-50.33,-3.47,4.13,
SPX,20070226,1451.04,1449.37,1456.95,1445.48,1451.19,-1.82,-0.13,0.79,
SPX,20070223,1456.22,1451.19,1456.22,1448.36,1456.38,-5.19,-0.36,0.54,
SPX,20070222,1457.29,1456.38,1461.57,1450.51,1457.63,-1.25,-0.09,0.76,
SPX,20070221,1459.6,1457.63,1459.6,1452.02,1459.68,-2.06,-0.14,0.52,
SPX,20070220,1455.53,1459.68,1460.53,1449.2,1455.54,4.15,0.28,0.78,
SPX,20070216,1456.77,1455.54,1456.77,1451.57,1456.81,-1.27,-0.09,0.36,
SPX,20070215,1455.45,1456.81,1457.97,1453.19,1455.3,1.51,0.1,0.33,
SPX,20070214,1443.91,1455.3,1457.65,1443.91,1444.26,11.04,0.76,0.95,
SPX,20070213,1433.22,1444.26,1444.41,1433.22,1433.37,10.89,0.76,0.78,
SPX,20070212,1437.94,1433.37,1439.11,1431.44,1438.06,-4.69,-0.33,0.53,
SPX,20070209,1448.25,1438.06,1452.45,1433.44,1448.31,-10.25,-0.71,1.31,
SPX,20070208,1449.99,1448.31,1450.45,1442.81,1450.02,-1.71,-0.12,0.53,
SPX,20070207,1447.41,1450.02,1452.99,1446.44,1448.0,2.02,0.14,0.45,
SPX,20070206,1446.98,1448.0,1450.19,1443.4,1446.99,1.01,0.07,0.47,
SPX,20070205,1448.28,1446.99,1449.38,1443.85,1448.39,-1.4,-0.1,0.38,
SPX,20070202,1445.94,1448.39,1449.33,1444.49,1445.94,2.45,0.17,0.33,
SPX,20070201,1437.9,1445.94,1446.64,1437.9,1438.24,7.7,0.54,0.61,
SPX,20070330,1422.52,1420.86,1429.22,1408.9,1422.53,-1.67,-0.12,1.43,
SPX,20070329,1417.17,1422.53,1426.24,1413.27,1417.23,5.3,0.37,0.92,
SPX,20070328,1428.35,1417.23,1428.35,1414.07,1428.61,-11.38,-0.8,1.0,
SPX,20070327,1437.49,1428.61,1437.49,1425.54,1437.5,-8.89,-0.62,0.83,
SPX,20070326,1436.11,1437.5,1437.65,1423.28,1436.11,1.38,0.1,1.0,
SPX,20070323,1434.54,1436.11,1438.89,1433.21,1434.54,1.58,0.11,0.4,
SPX,20070322,1435.04,1434.54,1437.66,1429.88,1435.04,-0.51,-0.04,0.54,
SPX,20070321,1411.87,1435.04,1437.77,1409.75,1410.94,24.11,1.71,1.99,
SPX,20070320,1402.04,1410.94,1411.53,1400.7,1402.06,8.88,0.63,0.77,
SPX,20070319,1387.78,1402.06,1403.2,1386.95,1386.95,15.11,1.09,1.17,
SPX,20070316,1392.24,1386.95,1397.51,1383.63,1392.28,-5.33,-0.38,1.0,
SPX,20070315,1387.11,1392.28,1395.73,1385.16,1387.17,5.11,0.37,0.76,
SPX,20070314,1377.86,1387.17,1388.09,1363.98,1377.95,9.22,0.67,1.75,
SPX,20070313,1406.23,1377.95,1406.23,1377.71,1406.6,-28.65,-2.04,2.03,
SPX,20070312,1402.58,1406.6,1409.34,1398.4,1402.85,3.76,0.27,0.78,
SPX,20070309,1403.49,1402.85,1410.15,1397.3,1401.89,0.95,0.07,0.92,
SPX,20070308,1391.88,1401.89,1407.93,1391.88,1391.97,9.92,0.71,1.15,
SPX,20070307,1394.98,1391.97,1401.16,1390.64,1395.41,-3.44,-0.25,0.75,
SPX,20070306,1374.06,1395.41,1397.9,1374.06,1374.12,21.29,1.55,1.73,
SPX,20070305,1387.11,1374.12,1391.86,1373.97,1387.17,-13.04,-0.94,1.29,
SPX,20070302,1403.16,1387.17,1403.4,1386.87,1403.17,-16.0,-1.14,1.18,
SPX,20070301,1406.8,1403.17,1409.46,1380.87,1406.82,-3.65,-0.26,2.03,
SPX,20070430,1494.07,1482.37,1497.16,1482.29,1494.07,-11.7,-0.78,1.0,
SPX,20070427,1494.21,1494.07,1497.32,1488.67,1494.25,-0.18,-0.01,0.58,
SPX,20070426,1495.77,1494.25,1498.02,1491.17,1495.42,-1.17,-0.08,0.46,
SPX,20070425,1480.28,1495.42,1496.59,1480.28,1480.41,15.01,1.01,1.1,
SPX,20070424,1480.93,1480.41,1483.82,1473.74,1480.93,-0.52,-0.04,0.68,
SPX,20070423,1484.24,1480.93,1487.32,1480.19,1484.35,-3.42,-0.23,0.48,
SPX,20070420,1470.69,1484.35,1484.74,1470.69,1470.73,13.62,0.93,0.96,
SPX,20070419,1472.48,1470.73,1474.23,1464.47,1472.5,-1.77,-0.12,0.66,
SPX,20070418,1471.47,1472.5,1476.57,1466.41,1471.48,1.02,0.07,0.69,
SPX,20070417,1468.47,1471.48,1474.35,1467.15,1468.47,3.01,0.2,0.49,
SPX,20070416,1453.75,1468.47,1468.62,1452.84,1452.85,15.63,1.08,1.09,
SPX,20070413,1447.8,1452.85,1453.11,1444.15,1447.8,5.04,0.35,0.62,
SPX,20070412,1438.87,1447.8,1448.02,1433.91,1438.87,8.93,0.62,0.98,
SPX,20070411,1448.23,1438.87,1448.39,1436.15,1448.39,-9.52,-0.66,0.85,
SPX,20070410,1444.58,1448.39,1448.73,1443.99,1444.61,3.78,0.26,0.33,
SPX,20070409,1443.77,1444.61,1448.1,1443.28,1443.76,0.85,0.06,0.33,
SPX,20070405,1438.94,1443.76,1444.88,1436.67,1439.37,4.39,0.3,0.57,
SPX,20070404,1437.75,1439.37,1440.16,1435.08,1437.77,1.59,0.11,0.35,
SPX,20070403,1424.27,1437.77,1440.57,1424.27,1424.55,13.22,0.93,1.14,
SPX,20070402,1420.85,1424.55,1425.49,1416.37,1420.86,3.69,0.26,0.64,
SPX,20070531,1530.9,1530.62,1535.56,1528.26,1530.23,0.39,0.03,0.48,
SPX,20070530,1517.6,1530.23,1530.23,1510.06,1518.11,12.12,0.8,1.33,
SPX,20070529,1515.55,1518.11,1521.8,1512.02,1515.73,2.38,0.16,0.65,
SPX,20070525,1507.5,1515.73,1517.41,1507.5,1507.51,8.22,0.55,0.66,
SPX,20070524,1522.1,1507.51,1529.31,1505.18,1522.28,-14.76,-0.97,1.59,
SPX,20070523,1524.09,1522.28,1532.43,1521.9,1524.12,-1.84,-0.12,0.69,
SPX,20070522,1525.1,1524.12,1529.24,1522.05,1525.1,-0.98,-0.06,0.47,
SPX,20070521,1522.75,1525.1,1529.87,1522.71,1522.75,2.35,0.15,0.47,
SPX,20070518,1513.8,1522.75,1522.75,1512.74,1512.75,10.0,0.66,0.66,
SPX,20070517,1514.01,1512.75,1517.14,1509.29,1514.14,-1.39,-0.09,0.52,
SPX,20070516,1500.75,1514.14,1514.15,1500.75,1501.19,12.96,0.86,0.89,
SPX,20070515,1503.11,1501.19,1514.83,1500.43,1503.15,-1.96,-0.13,0.96,
SPX,20070514,1505.76,1503.15,1510.9,1498.34,1505.85,-2.7,-0.18,0.83,
SPX,20070511,1491.47,1505.85,1506.24,1491.47,1491.47,14.38,0.96,0.99,
SPX,20070510,1511.76,1491.47,1512.33,1491.42,1512.58,-21.11,-1.4,1.38,
SPX,20070509,1505.78,1512.58,1513.8,1503.77,1507.72,4.86,0.32,0.67,
SPX,20070508,1509.36,1507.72,1509.36,1500.66,1509.48,-1.77,-0.12,0.58,
SPX,20070507,1505.54,1509.48,1511.0,1505.54,1505.62,3.87,0.26,0.36,
SPX,20070504,1502.35,1505.62,1510.34,1501.8,1502.39,3.23,0.21,0.57,
SPX,20070503,1495.56,1502.39,1503.34,1495.56,1495.92,6.47,0.43,0.52,
SPX,20070502,1486.13,1495.92,1499.1,1486.13,1486.3,9.61,0.65,0.87,
SPX,20070501,1482.37,1486.3,1487.27,1476.7,1482.37,3.94,0.27,0.71,
SPX,20070629,1505.7,1503.35,1517.53,1493.61,1505.71,-2.36,-0.16,1.59,
SPX,20070628,1506.32,1505.71,1514.84,1503.41,1506.34,-0.63,-0.04,0.76,
SPX,20070627,1491.46,1506.34,1506.8,1484.18,1492.89,13.45,0.9,1.52,
SPX,20070626,1497.68,1492.89,1506.12,1490.54,1497.74,-4.85,-0.32,1.04,
SPX,20070625,1502.68,1497.74,1514.29,1492.68,1502.56,-4.82,-0.32,1.44,
SPX,20070622,1522.19,1502.56,1522.19,1500.74,1522.19,-19.63,-1.29,1.41,
SPX,20070621,1512.47,1522.19,1522.9,1504.75,1512.84,9.35,0.62,1.2,
SPX,20070620,1533.68,1512.84,1537.32,1512.36,1533.7,-20.87,-1.36,1.63,
SPX,20070619,1531.02,1533.7,1535.85,1525.67,1531.05,2.66,0.17,0.66,
SPX,20070618,1533.28,1531.05,1535.44,1529.31,1532.91,-1.86,-0.12,0.4,
SPX,20070615,1522.97,1532.91,1538.71,1522.97,1522.97,9.93,0.65,1.03,
SPX,20070614,1515.58,1522.97,1526.45,1515.58,1515.67,7.3,0.48,0.72,
SPX,20070613,1493.5,1515.67,1515.7,1492.65,1493.0,22.68,1.52,1.54,
SPX,20070612,1509.12,1493.0,1511.33,1492.97,1509.12,-16.12,-1.07,1.22,
SPX,20070611,1506.96,1509.12,1515.53,1503.35,1507.67,1.45,0.1,0.81,
SPX,20070608,1490.71,1507.67,1507.76,1487.41,1490.72,16.95,1.14,1.37,
SPX,20070607,1516.04,1490.72,1517.36,1490.37,1517.38,-26.66,-1.76,1.78,
SPX,20070606,1530.57,1517.38,1530.57,1514.13,1530.95,-13.57,-0.89,1.07,
SPX,20070605,1539.12,1530.95,1539.12,1525.62,1539.18,-8.24,-0.54,0.88,
SPX,20070604,1536.28,1539.18,1540.53,1532.31,1536.34,2.85,0.19,0.54,
SPX,20070601,1530.62,1536.34,1540.56,1530.62,1530.62,5.71,0.37,0.65,
SPX,20070731,1473.9,1455.27,1488.4,1454.22,1473.91,-18.64,-1.26,2.32,
SPX,20070730,1458.93,1473.91,1477.69,1454.24,1458.95,14.96,1.03,1.61,
SPX,20070727,1482.82,1458.95,1487.93,1458.95,1482.66,-23.71,-1.6,1.95,
SPX,20070726,1518.09,1482.66,1518.09,1465.95,1518.09,-35.43,-2.33,3.43,
SPX,20070725,1511.03,1518.09,1524.31,1503.91,1511.04,7.05,0.47,1.35,
SPX,20070724,1541.57,1511.04,1541.57,1508.74,1541.57,-30.53,-1.98,2.13,
SPX,20070723,1534.06,1541.57,1547.02,1534.06,1534.1,7.47,0.49,0.84,
SPX,20070720,1553.19,1534.1,1553.19,1529.47,1553.08,-18.98,-1.22,1.53,
SPX,20070719,1546.97,1553.08,1555.24,1546.13,1546.17,6.9,0.45,0.59,
SPX,20070718,1549.2,1546.17,1549.2,1533.68,1549.37,-3.2,-0.21,1.0,
SPX,20070717,1549.52,1549.37,1555.22,1547.91,1549.52,-0.16,-0.01,0.47,
SPX,20070716,1552.5,1549.52,1555.9,1546.69,1552.5,-2.97,-0.19,0.59,
SPX,20070713,1547.68,1552.5,1555.1,1544.85,1547.7,4.8,0.31,0.66,
SPX,20070712,1518.74,1547.7,1547.91,1518.74,1518.76,28.95,1.91,1.92,
SPX,20070711,1509.93,1518.76,1519.27,1506.64,1510.12,8.64,0.57,0.84,
SPX,20070710,1530.59,1510.12,1531.85,1510.06,1531.85,-21.74,-1.42,1.42,
SPX,20070709,1530.43,1531.85,1534.21,1527.53,1530.44,1.41,0.09,0.44,
SPX,20070706,1524.77,1530.44,1532.4,1520.47,1525.4,5.04,0.33,0.78,
SPX,20070705,1524.86,1525.4,1526.57,1517.72,1524.87,0.53,0.03,0.58,
SPX,20070703,1519.12,1524.87,1526.01,1519.12,1519.43,5.44,0.36,0.45,
SPX,20070702,1504.66,1519.43,1519.45,1504.66,1503.35,16.08,1.07,0.98,
SPX,20070831,1457.61,1473.99,1481.47,1457.61,1457.64,16.35,1.12,1.64,
SPX,20070830,1463.67,1457.64,1468.43,1451.25,1463.76,-6.12,-0.42,1.17,
SPX,20070829,1433.61,1463.76,1463.76,1432.01,1432.36,31.4,2.19,2.22,
SPX,20070828,1466.72,1432.36,1466.72,1432.01,1466.79,-34.43,-2.35,2.37,
SPX,20070827,1479.36,1466.79,1479.36,1465.98,1479.37,-12.58,-0.85,0.9,
SPX,20070824,1462.34,1479.37,1479.4,1460.54,1462.5,16.86,1.15,1.29,
SPX,20070823,1464.05,1462.5,1472.06,1453.88,1464.07,-1.56,-0.11,1.24,
SPX,20070822,1447.03,1464.07,1464.86,1447.03,1447.12,16.95,1.17,1.23,
SPX,20070821,1444.55,1447.12,1455.32,1439.76,1445.55,1.57,0.11,1.08,
SPX,20070820,1445.94,1445.55,1451.75,1430.54,1445.94,-0.39,-0.03,1.47,
SPX,20070817,1411.26,1445.94,1450.33,1411.26,1411.27,34.68,2.46,2.77,
SPX,20070816,1406.64,1411.27,1415.97,1370.6,1406.7,4.57,0.32,3.23,
SPX,20070815,1426.15,1406.7,1440.78,1404.36,1426.54,-19.85,-1.39,2.55,
SPX,20070814,1452.87,1426.54,1456.74,1426.2,1452.92,-26.38,-1.82,2.1,
SPX,20070813,1455.41,1452.92,1466.29,1451.54,1453.64,-0.72,-0.05,1.01,
SPX,20070810,1450.05,1453.64,1462.02,1429.74,1453.09,0.55,0.04,2.22,
SPX,20070809,1497.21,1453.09,1497.21,1453.09,1497.49,-44.39,-2.96,2.95,
SPX,20070808,1476.22,1497.49,1503.41,1476.22,1476.71,20.78,1.41,1.84,
SPX,20070807,1467.62,1476.71,1488.42,1456.9,1467.67,9.04,0.62,2.15,
SPX,20070806,1433.04,1467.67,1467.67,1427.36,1433.06,34.61,2.42,2.81,
SPX,20070803,1472.18,1433.06,1473.15,1432.81,1472.2,-39.14,-2.66,2.74,
SPX,20070802,1465.46,1472.2,1476.13,1460.73,1465.81,6.39,0.44,1.05,
SPX,20070801,1455.18,1465.81,1467.8,1439.64,1455.27,10.53,0.72,1.94,
SPX,20070928,1531.24,1526.75,1533.74,1521.99,1531.38,-4.63,-0.3,0.77,
SPX,20070927,1525.36,1531.38,1532.46,1525.81,1525.42,5.95,0.39,0.44,
SPX,20070926,1518.62,1525.42,1529.39,1518.62,1517.21,8.21,0.54,0.71,
SPX,20070925,1516.34,1517.21,1518.27,1507.13,1517.73,-0.52,-0.03,0.73,
SPX,20070924,1525.75,1517.73,1530.18,1516.15,1525.75,-8.01,-0.53,0.92,
SPX,20070921,1518.75,1525.75,1530.89,1518.75,1518.75,7.0,0.46,0.8,
SPX,20070920,1528.69,1518.75,1529.14,1516.42,1529.03,-10.28,-0.67,0.83,
SPX,20070919,1519.75,1529.03,1538.74,1519.75,1519.78,9.25,0.61,1.25,
SPX,20070918,1476.63,1519.78,1519.89,1476.63,1476.65,43.13,2.92,2.93,
SPX,20070917,1484.24,1476.65,1484.24,1471.82,1484.25,-7.6,-0.51,0.84,
SPX,20070914,1482.4,1484.25,1485.99,1473.18,1483.95,0.3,0.02,0.86,
SPX,20070913,1471.47,1483.95,1489.58,1471.47,1471.56,12.39,0.84,1.23,
SPX,20070912,1471.1,1471.56,1479.5,1465.75,1471.49,0.07,0.0,0.93,
SPX,20070911,1452.95,1471.49,1472.48,1451.69,1451.7,19.79,1.36,1.43,
SPX,20070910,1453.5,1451.7,1462.25,1439.29,1453.55,-1.86,-0.13,1.58,
SPX,20070907,1478.55,1453.55,1478.55,1449.07,1478.55,-24.99,-1.69,1.99,
SPX,20070906,1472.03,1478.55,1481.49,1467.41,1472.29,6.26,0.43,0.96,
SPX,20070905,1488.76,1472.29,1488.76,1466.34,1489.42,-17.13,-1.15,1.51,
SPX,20070904,1473.96,1489.42,1496.4,1472.15,1473.99,15.43,1.05,1.65,
SPX,20071031,1530.93,1549.38,1552.76,1529.4,1531.02,18.36,1.2,1.53,
SPX,20071030,1540.95,1531.02,1539.42,1529.55,1540.98,-9.96,-0.65,0.64,
SPX,20071029,1535.06,1540.98,1544.67,1536.43,1535.28,5.7,0.37,0.54,
SPX,20071026,1522.17,1535.28,1535.53,1520.18,1514.4,20.87,1.38,1.01,
SPX,20071025,1515.86,1514.4,1523.24,1500.46,1515.88,-1.48,-0.1,1.5,
SPX,20071024,1519.57,1515.88,1517.23,1489.56,1519.59,-3.71,-0.24,1.82,
SPX,20071023,1509.3,1519.59,1520.01,1503.61,1506.33,13.26,0.88,1.09,
SPX,20071022,1500.6,1506.33,1508.06,1490.4,1500.63,5.7,0.38,1.18,
SPX,20071019,1540.08,1500.63,1540.0,1500.26,1540.08,-39.45,-2.56,2.58,
SPX,20071018,1541.2,1540.08,1542.79,1531.76,1541.24,-1.16,-0.08,0.72,
SPX,20071017,1538.39,1541.24,1550.66,1526.01,1538.53,2.71,0.18,1.6,
SPX,20071016,1547.81,1538.53,1547.81,1536.29,1548.71,-10.18,-0.66,0.74,
SPX,20071015,1561.78,1548.71,1564.74,1540.81,1561.8,-13.09,-0.84,1.53,
SPX,20071012,1554.4,1561.8,1563.03,1554.09,1554.41,7.39,0.48,0.58,
SPX,20071011,1564.72,1554.41,1576.09,1546.72,1562.47,-8.07,-0.52,1.88,
SPX,20071010,1564.98,1562.47,1565.36,1555.46,1565.15,-2.68,-0.17,0.63,
SPX,20071009,1552.55,1565.15,1565.27,1551.81,1552.58,12.57,0.81,0.87,
SPX,20071008,1553.71,1552.58,1556.51,1549.0,1557.59,-5.01,-0.32,0.48,
SPX,20071005,1543.84,1557.59,1561.91,1543.84,1542.84,14.76,0.96,1.17,
SPX,20071004,1539.57,1542.84,1544.02,1537.63,1539.59,3.24,0.21,0.42,
SPX,20071003,1546.33,1539.59,1545.84,1536.34,1546.63,-7.04,-0.46,0.61,
SPX,20071002,1546.96,1546.63,1548.01,1540.37,1547.04,-0.4,-0.03,0.49,
SPX,20071001,1527.29,1547.04,1549.02,1527.25,1526.75,20.29,1.33,1.43,
SPX,20071130,1469.72,1481.14,1488.74,1469.72,1469.72,11.43,0.78,1.29,
SPX,20071129,1468.92,1469.72,1473.81,1458.36,1469.02,0.7,0.05,1.05,
SPX,20071128,1432.95,1469.02,1471.62,1432.95,1428.23,40.79,2.86,2.71,
SPX,20071127,1409.59,1428.23,1429.49,1407.43,1407.22,21.01,1.49,1.57,
SPX,20071126,1440.74,1407.22,1446.09,1406.1,1440.7,-33.49,-2.32,2.78,
SPX,20071123,1416.61,1440.7,1440.86,1417.62,1416.77,23.93,1.69,1.64,
SPX,20071121,1434.71,1416.77,1436.4,1415.64,1439.7,-22.94,-1.59,1.44,
SPX,20071120,1434.51,1439.7,1452.64,1419.28,1433.27,6.43,0.45,2.33,
SPX,20071119,1458.71,1433.27,1456.7,1430.42,1458.74,-25.47,-1.75,1.8,
SPX,20071116,1451.11,1458.74,1462.18,1443.99,1451.15,7.59,0.52,1.25,
SPX,20071115,1468.04,1451.15,1472.67,1443.49,1470.58,-19.43,-1.32,1.98,
SPX,20071114,1483.4,1470.58,1492.14,1466.47,1481.05,-10.47,-0.71,1.73,
SPX,20071113,1441.35,1481.05,1481.37,1441.35,1439.18,41.87,2.91,2.78,
SPX,20071112,1453.66,1439.18,1464.94,1438.53,1453.7,-14.51,-1.0,1.82,
SPX,20071109,1467.59,1453.7,1474.09,1448.51,1474.77,-21.08,-1.43,1.73,
SPX,20071108,1475.56,1474.77,1482.5,1450.31,1475.62,-0.85,-0.06,2.18,
SPX,20071107,1515.46,1475.62,1515.46,1475.04,1520.27,-44.65,-2.94,2.66,
SPX,20071106,1505.33,1520.27,1520.77,1499.07,1502.17,18.1,1.2,1.44,
SPX,20071105,1505.61,1502.17,1510.84,1489.95,1509.65,-7.48,-0.5,1.38,
SPX,20071102,1508.38,1509.65,1513.15,1492.53,1508.44,1.21,0.08,1.37,
SPX,20071101,1549.01,1508.44,1545.79,1506.66,1549.38,-40.93,-2.64,2.53,
SPX,20071231,1475.25,1468.36,1475.83,1465.13,1478.49,-10.13,-0.69,0.72,
SPX,20071228,1476.23,1478.49,1487.9,1471.74,1476.37,2.12,0.14,1.09,
SPX,20071227,1497.23,1476.37,1495.05,1475.86,1497.66,-21.29,-1.42,1.28,
SPX,20071226,1496.43,1497.66,1498.85,1488.2,1496.45,1.21,0.08,0.71,
SPX,20071224,1484.55,1496.45,1497.63,1484.55,1484.46,11.99,0.81,0.88,
SPX,20071221,1463.19,1484.46,1485.4,1463.19,1460.12,24.35,1.67,1.52,
SPX,20071220,1452.62,1460.12,1461.53,1447.22,1453.0,7.12,0.49,0.98,
SPX,20071219,1454.94,1453.0,1464.4,1445.49,1454.98,-1.98,-0.14,1.3,
SPX,20071218,1445.92,1454.98,1460.16,1435.65,1445.9,9.08,0.63,1.7,
SPX,20071217,1465.05,1445.9,1467.92,1445.46,1467.95,-22.05,-1.5,1.53,
SPX,20071214,1486.19,1467.95,1488.39,1467.87,1488.41,-20.46,-1.37,1.38,
SPX,20071213,1486.54,1488.41,1489.4,1469.21,1486.59,1.82,0.12,1.36,
SPX,20071212,1477.46,1486.59,1511.96,1468.23,1477.65,8.94,0.61,2.96,
SPX,20071211,1515.94,1477.65,1523.57,1475.99,1515.96,-38.31,-2.53,3.14,
SPX,20071210,1505.11,1515.96,1518.27,1504.96,1504.66,11.3,0.75,0.88,
SPX,20071207,1508.6,1504.66,1510.41,1502.71,1507.34,-2.68,-0.18,0.51,
SPX,20071206,1484.59,1507.34,1508.02,1482.19,1485.01,22.34,1.5,1.74,
SPX,20071205,1465.22,1485.01,1485.85,1462.06,1462.79,22.22,1.52,1.63,
SPX,20071204,1471.34,1462.79,1471.34,1460.66,1472.42,-9.63,-0.65,0.73,
SPX,20071203,1479.63,1472.42,1481.16,1470.08,1481.14,-8.73,-0.59,0.75,
SPX,20080131,1351.98,1378.55,1385.62,1334.08,1355.81,22.73,1.68,3.8,
SPX,20080130,1362.23,1355.81,1385.86,1352.95,1362.3,-6.48,-0.48,2.42,
SPX,20080129,1353.89,1362.3,1364.93,1350.19,1353.97,8.33,0.61,1.09,
SPX,20080128,1330.59,1353.97,1353.97,1322.26,1330.61,23.37,1.76,2.38,
SPX,20080125,1357.32,1330.61,1368.56,1327.5,1352.07,-21.47,-1.59,3.04,
SPX,20080124,1340.13,1352.07,1355.15,1334.31,1338.6,13.47,1.01,1.56,
SPX,20080123,1310.41,1338.6,1339.09,1270.05,1310.5,28.1,2.14,5.27,
SPX,20080122,1312.94,1310.5,1322.09,1274.29,1325.19,-14.69,-1.11,3.61,
SPX,20080118,1333.9,1325.19,1350.28,1312.51,1333.25,-8.06,-0.6,2.83,
SPX,20080117,1374.79,1333.25,1377.72,1330.67,1373.2,-39.95,-2.91,3.43,
SPX,20080116,1377.41,1373.2,1391.99,1364.27,1380.95,-7.75,-0.56,2.01,
SPX,20080115,1416.24,1380.95,1411.88,1380.6,1416.25,-35.31,-2.49,2.21,
SPX,20080114,1401.02,1416.25,1417.89,1402.91,1401.02,15.24,1.09,1.07,
SPX,20080111,1419.91,1401.02,1419.91,1394.83,1420.33,-19.32,-1.36,1.77,
SPX,20080110,1406.78,1420.33,1429.07,1395.3,1409.13,11.2,0.8,2.4,
SPX,20080109,1390.08,1409.13,1409.19,1378.7,1390.19,18.94,1.36,2.19,
SPX,20080108,1415.71,1390.19,1430.28,1388.3,1416.18,-25.99,-1.84,2.96,
SPX,20080107,1411.62,1416.18,1423.87,1403.45,1411.63,4.55,0.32,1.45,
SPX,20080104,1447.16,1411.63,1444.01,1411.19,1447.16,-35.53,-2.46,2.27,
SPX,20080103,1447.55,1447.16,1456.8,1443.73,1447.16,0.01,0.0,0.9,
SPX,20080102,1468.07,1447.16,1471.77,1442.07,1468.36,-21.2,-1.44,2.02,
SPX,20080229,1367.64,1330.63,1364.07,1325.42,1367.68,-37.05,-2.71,2.83,
SPX,20080228,1379.86,1367.68,1378.16,1363.16,1380.02,-12.34,-0.89,1.09,
SPX,20080227,1378.95,1380.02,1388.34,1372.0,1381.29,-1.26,-0.09,1.18,
SPX,20080226,1371.76,1381.29,1387.34,1363.29,1371.8,9.49,0.69,1.75,
SPX,20080225,1352.75,1371.8,1374.36,1346.03,1353.11,18.68,1.38,2.09,
SPX,20080222,1342.39,1353.11,1354.3,1327.04,1342.53,10.58,0.79,2.03,
SPX,20080221,1359.57,1342.53,1367.94,1339.34,1360.03,-17.5,-1.29,2.1,
SPX,20080220,1348.39,1360.03,1363.71,1336.55,1348.78,11.25,0.83,2.01,
SPX,20080219,1349.98,1348.78,1367.28,1345.05,1349.99,-1.22,-0.09,1.65,
SPX,20080215,1348.78,1349.99,1350.0,1338.13,1348.86,1.13,0.08,0.88,
SPX,20080214,1367.33,1348.86,1368.16,1347.31,1367.21,-18.35,-1.34,1.53,
SPX,20080213,1348.35,1367.21,1369.23,1350.78,1348.86,18.35,1.36,1.37,
SPX,20080212,1339.08,1348.86,1362.1,1339.36,1339.13,9.73,0.73,1.7,
SPX,20080211,1331.22,1339.13,1341.4,1320.32,1331.29,7.83,0.59,1.58,
SPX,20080208,1336.88,1331.29,1341.22,1321.06,1336.91,-5.61,-0.42,1.51,
SPX,20080207,1324.01,1336.91,1347.16,1316.75,1326.45,10.46,0.79,2.29,
SPX,20080206,1339.48,1326.45,1351.96,1324.34,1336.64,-10.19,-0.76,2.07,
SPX,20080205,1380.28,1336.64,1380.28,1336.64,1380.82,-44.18,-3.2,3.16,
SPX,20080204,1395.41,1380.82,1395.38,1379.69,1395.42,-14.59,-1.05,1.12,
SPX,20080201,1378.55,1395.42,1396.02,1375.93,1378.55,16.87,1.22,1.46,
SPX,20080331,1315.92,1322.7,1328.52,1312.81,1315.22,7.49,0.57,1.19,
SPX,20080328,1325.7,1315.22,1334.87,1312.95,1325.76,-10.55,-0.8,1.65,
SPX,20080327,1340.34,1325.76,1345.62,1325.66,1341.13,-15.36,-1.15,1.49,
SPX,20080326,1352.95,1341.13,1352.45,1336.41,1352.99,-11.86,-0.88,1.19,
SPX,20080325,1349.87,1352.99,1357.47,1341.21,1349.88,3.1,0.23,1.2,
SPX,20080324,1330.29,1349.88,1359.68,1330.29,1329.51,20.38,1.53,2.21,
SPX,20080320,1299.67,1329.51,1330.67,1295.22,1298.42,31.09,2.39,2.73,
SPX,20080319,1330.72,1298.42,1341.51,1298.42,1330.74,-32.31,-2.43,3.24,
SPX,20080318,1276.57,1330.74,1330.74,1277.16,1276.6,54.14,4.24,4.2,
SPX,20080317,1283.21,1276.6,1287.5,1256.98,1288.14,-11.54,-0.9,2.37,
SPX,20080314,1315.45,1288.14,1321.47,1274.86,1315.48,-27.34,-2.08,3.54,
SPX,20080313,1305.26,1315.48,1321.68,1282.11,1308.77,6.71,0.51,3.02,
SPX,20080312,1321.13,1308.77,1333.26,1307.86,1320.65,-11.88,-0.9,1.92,
SPX,20080311,1274.4,1320.65,1320.65,1274.4,1273.37,47.28,3.71,3.63,
SPX,20080310,1293.16,1273.37,1295.01,1272.66,1293.37,-20.0,-1.55,1.73,
SPX,20080307,1301.53,1293.37,1313.24,1282.43,1304.34,-10.97,-0.84,2.36,
SPX,20080306,1332.2,1304.34,1332.2,1303.42,1333.7,-29.36,-2.2,2.16,
SPX,20080305,1326.3,1333.7,1344.19,1320.22,1326.75,6.95,0.52,1.81,
SPX,20080304,1331.33,1326.75,1331.03,1307.39,1331.34,-4.58,-0.34,1.78,
SPX,20080303,1330.6,1331.34,1335.13,1320.04,1330.63,0.7,0.05,1.13,
SPX,20080430,1390.88,1385.59,1404.57,1384.25,1390.94,-5.35,-0.38,1.46,
SPX,20080429,1396.34,1390.94,1397.0,1386.7,1396.37,-5.43,-0.39,0.74,
SPX,20080428,1397.78,1396.37,1402.9,1394.4,1397.84,-1.48,-0.11,0.61,
SPX,20080425,1387.88,1397.84,1399.11,1379.98,1388.82,9.02,0.65,1.38,
SPX,20080424,1380.52,1388.82,1397.72,1371.09,1379.93,8.89,0.64,1.93,
SPX,20080423,1375.93,1379.93,1387.87,1372.24,1375.94,3.99,0.29,1.14,
SPX,20080422,1386.43,1375.94,1386.43,1369.84,1388.17,-12.22,-0.88,1.2,
SPX,20080421,1390.29,1388.17,1390.23,1379.25,1390.33,-2.16,-0.16,0.79,
SPX,20080418,1369.0,1390.33,1395.9,1369.0,1365.56,24.77,1.81,1.97,
SPX,20080417,1363.37,1365.56,1368.6,1357.25,1364.71,0.85,0.06,0.83,
SPX,20080416,1337.02,1364.71,1365.49,1337.02,1334.43,30.27,2.27,2.13,
SPX,20080415,1331.72,1334.43,1337.72,1324.35,1328.32,6.12,0.46,1.01,
SPX,20080414,1332.81,1328.32,1335.64,1326.16,1332.83,-4.51,-0.34,0.71,
SPX,20080411,1357.98,1332.83,1357.98,1331.21,1360.55,-27.72,-2.04,1.97,
SPX,20080410,1354.42,1360.55,1367.24,1350.11,1354.49,6.06,0.45,1.26,
SPX,20080409,1365.5,1354.49,1368.39,1349.97,1365.54,-11.05,-0.81,1.35,
SPX,20080408,1370.16,1365.54,1370.16,1360.62,1372.54,-7.0,-0.51,0.7,
SPX,20080407,1370.39,1372.54,1386.74,1369.02,1370.4,2.14,0.16,1.29,
SPX,20080404,1369.29,1370.4,1380.91,1362.83,1369.31,1.09,0.08,1.32,
SPX,20080403,1367.52,1369.31,1375.66,1358.68,1367.53,1.78,0.13,1.24,
SPX,20080402,1369.96,1367.53,1377.95,1361.55,1370.18,-2.65,-0.19,1.2,
SPX,20080401,1326.41,1370.18,1370.18,1326.41,1322.7,47.47,3.59,3.31,
SPX,20080530,1398.36,1400.38,1404.46,1398.08,1398.26,2.11,0.15,0.46,
SPX,20080529,1390.5,1398.26,1406.32,1388.59,1390.84,7.43,0.53,1.27,
SPX,20080528,1386.54,1390.84,1391.25,1378.16,1385.35,5.49,0.4,0.94,
SPX,20080527,1375.92,1385.35,1387.4,1373.07,1375.93,9.41,0.68,1.04,
SPX,20080523,1392.2,1375.93,1392.2,1373.72,1394.35,-18.42,-1.32,1.33,
SPX,20080522,1390.45,1394.35,1399.07,1390.23,1390.71,3.64,0.26,0.64,
SPX,20080521,1414.06,1390.71,1419.12,1388.81,1413.4,-22.69,-1.61,2.14,
SPX,20080520,1426.63,1413.4,1424.49,1409.09,1426.63,-13.23,-0.93,1.08,
SPX,20080519,1425.3,1426.63,1440.24,1421.63,1425.35,1.29,0.09,1.31,
SPX,20080516,1423.53,1425.35,1425.82,1414.35,1423.57,1.77,0.12,0.81,
SPX,20080515,1408.41,1423.57,1424.4,1406.87,1408.66,14.91,1.06,1.24,
SPX,20080514,1402.81,1408.66,1420.19,1405.65,1403.04,5.62,0.4,1.04,
SPX,20080513,1404.4,1403.04,1406.3,1396.26,1403.58,-0.54,-0.04,0.72,
SPX,20080512,1388.24,1403.58,1404.06,1386.2,1388.28,15.3,1.1,1.29,
SPX,20080509,1397.68,1388.28,1394.9,1384.11,1397.68,-9.4,-0.67,0.77,
SPX,20080508,1394.29,1397.68,1402.35,1389.39,1392.57,5.11,0.37,0.93,
SPX,20080507,1417.83,1392.57,1419.54,1391.16,1418.26,-25.69,-1.81,2.0,
SPX,20080506,1407.44,1418.26,1421.57,1397.1,1407.49,10.76,0.76,1.74,
SPX,20080505,1412.77,1407.49,1415.7,1404.37,1413.9,-6.4,-0.45,0.8,
SPX,20080502,1409.34,1413.9,1422.72,1406.25,1409.34,4.56,0.32,1.17,
SPX,20080501,1385.97,1409.34,1410.07,1383.07,1385.59,23.75,1.71,1.95,
SPX,20080630,1278.38,1280.0,1290.31,1274.86,1278.38,1.63,0.13,1.21,
SPX,20080627,1283.11,1278.38,1289.45,1272.0,1283.15,-4.78,-0.37,1.36,
SPX,20080626,1316.29,1283.15,1316.29,1283.15,1321.97,-38.82,-2.94,2.51,
SPX,20080625,1314.23,1321.97,1335.63,1314.54,1314.29,7.68,0.58,1.6,
SPX,20080624,1317.23,1314.29,1326.02,1304.42,1318.0,-3.71,-0.28,1.64,
SPX,20080623,1319.77,1318.0,1323.78,1315.31,1317.93,0.08,0.01,0.64,
SPX,20080620,1341.02,1317.93,1341.02,1314.46,1342.83,-24.91,-1.85,1.98,
SPX,20080619,1337.46,1342.83,1347.66,1330.5,1337.81,5.02,0.38,1.28,
SPX,20080618,1349.59,1337.81,1349.59,1333.4,1350.93,-13.12,-0.97,1.2,
SPX,20080617,1360.13,1350.93,1366.59,1350.54,1360.14,-9.21,-0.68,1.18,
SPX,20080616,1358.85,1360.14,1364.7,1352.07,1360.03,0.11,0.01,0.93,
SPX,20080613,1341.81,1360.03,1360.03,1341.71,1339.87,20.16,1.5,1.37,
SPX,20080612,1335.4,1339.87,1353.03,1331.29,1335.49,4.38,0.33,1.63,
SPX,20080611,1358.18,1335.49,1357.09,1335.47,1358.44,-22.96,-1.69,1.59,
SPX,20080610,1361.76,1358.44,1366.84,1351.56,1361.76,-3.32,-0.24,1.12,
SPX,20080609,1360.63,1361.76,1370.63,1350.62,1360.68,1.08,0.08,1.47,
SPX,20080606,1403.9,1360.68,1400.06,1359.9,1404.05,-43.37,-3.09,2.86,
SPX,20080605,1377.09,1404.05,1404.05,1377.48,1377.2,26.85,1.95,1.93,
SPX,20080604,1376.97,1377.2,1388.18,1371.74,1377.65,-0.45,-0.03,1.19,
SPX,20080603,1385.62,1377.65,1393.12,1370.12,1385.67,-8.02,-0.58,1.66,
SPX,20080602,1400.34,1385.67,1399.62,1377.79,1400.38,-14.7,-1.05,1.56,
SPX,20080731,1281.37,1267.38,1284.93,1265.97,1284.26,-16.88,-1.31,1.48,
SPX,20080730,1263.13,1284.26,1284.33,1264.52,1263.2,21.06,1.67,1.57,
SPX,20080729,1236.38,1263.2,1263.2,1236.38,1234.37,28.83,2.34,2.17,
SPX,20080728,1257.76,1234.37,1260.09,1234.37,1257.76,-23.4,-1.86,2.04,
SPX,20080725,1253.51,1257.76,1263.23,1251.75,1252.54,5.22,0.42,0.92,
SPX,20080724,1282.95,1252.54,1283.22,1251.48,1282.19,-29.65,-2.31,2.48,
SPX,20080723,1278.87,1282.19,1291.17,1276.06,1277.0,5.19,0.41,1.18,
SPX,20080722,1257.07,1277.0,1277.42,1248.83,1260.0,17.0,1.35,2.27,
SPX,20080721,1261.81,1260.0,1267.74,1255.7,1260.68,-0.68,-0.05,0.96,
SPX,20080718,1258.22,1260.68,1262.23,1251.81,1260.32,0.36,0.03,0.83,
SPX,20080717,1246.31,1260.32,1262.31,1241.49,1245.36,14.96,1.2,1.67,
SPX,20080716,1214.65,1245.36,1245.52,1211.39,1214.91,30.45,2.51,2.81,
SPX,20080715,1226.82,1214.91,1234.35,1200.44,1228.3,-13.39,-1.09,2.76,
SPX,20080714,1241.61,1228.3,1253.5,1225.01,1239.49,-11.19,-0.9,2.3,
SPX,20080711,1253.29,1239.49,1257.27,1225.35,1253.39,-13.9,-1.11,2.55,
SPX,20080710,1244.69,1253.39,1257.65,1236.76,1244.69,8.7,0.7,1.68,
SPX,20080709,1273.57,1244.69,1277.36,1244.57,1273.7,-29.01,-2.28,2.57,
SPX,20080708,1251.84,1273.7,1274.17,1242.84,1252.31,21.4,1.71,2.5,
SPX,20080707,1262.9,1252.31,1273.95,1240.68,1262.9,-10.59,-0.84,2.63,
SPX,20080703,1261.5,1262.9,1271.48,1252.01,1261.52,1.38,0.11,1.54,
SPX,20080702,1285.81,1261.52,1292.17,1261.51,1284.91,-23.4,-1.82,2.39,
SPX,20080701,1276.68,1284.91,1285.31,1260.68,1280.0,4.91,0.38,1.92,
SPX,20080829,1296.49,1282.83,1297.59,1282.74,1300.68,-17.85,-1.37,1.14,
SPX,20080828,1281.45,1300.68,1300.68,1283.79,1281.66,19.01,1.48,1.32,
SPX,20080827,1271.32,1281.66,1285.05,1270.03,1271.51,10.15,0.8,1.18,
SPX,20080826,1267.03,1271.51,1275.65,1263.21,1266.84,4.68,0.37,0.98,
SPX,20080825,1290.47,1266.84,1290.47,1264.87,1292.2,-25.36,-1.96,1.98,
SPX,20080822,1277.57,1292.2,1293.09,1277.59,1277.72,14.47,1.13,1.21,
SPX,20080821,1274.46,1277.72,1281.4,1265.22,1274.54,3.18,0.25,1.27,
SPX,20080820,1267.34,1274.54,1276.01,1261.16,1266.69,7.85,0.62,1.17,
SPX,20080819,1278.59,1266.69,1276.65,1263.11,1278.6,-11.91,-0.93,1.06,
SPX,20080818,1298.14,1278.6,1300.22,1274.51,1298.2,-19.6,-1.51,1.98,
SPX,20080815,1293.85,1298.2,1302.05,1290.74,1292.93,5.27,0.41,0.87,
SPX,20080814,1282.11,1292.93,1300.11,1276.84,1285.83,7.1,0.55,1.81,
SPX,20080813,1288.64,1285.83,1294.03,1274.86,1289.59,-3.76,-0.29,1.49,
SPX,20080812,1305.27,1289.59,1304.79,1285.64,1305.32,-15.74,-1.21,1.47,
SPX,20080811,1296.01,1305.32,1313.15,1291.41,1296.32,9.0,0.69,1.68,
SPX,20080808,1266.29,1296.32,1297.85,1262.11,1266.07,30.25,2.39,2.82,
SPX,20080807,1286.51,1266.07,1286.51,1264.29,1289.19,-23.12,-1.79,1.72,
SPX,20080806,1284.3,1289.19,1291.67,1276.0,1284.88,4.31,0.34,1.22,
SPX,20080805,1248.98,1284.88,1284.88,1254.67,1249.01,35.86,2.87,2.42,
SPX,20080804,1260.16,1249.01,1260.49,1247.45,1260.31,-11.3,-0.9,1.03,
SPX,20080801,1269.42,1260.31,1270.52,1254.54,1267.38,-7.07,-0.56,1.26,
SPX,20080930,1106.39,1166.36,1168.03,1113.78,1106.39,59.97,5.42,4.9,
SPX,20080929,1209.06,1106.39,1209.07,1106.42,1213.01,-106.62,-8.79,8.46,
SPX,20080926,1204.47,1213.01,1215.77,1187.54,1209.18,3.83,0.32,2.33,
SPX,20080925,1187.87,1209.18,1220.03,1187.87,1185.87,23.31,1.97,2.71,
SPX,20080924,1188.21,1185.87,1197.41,1179.79,1188.22,-2.35,-0.2,1.48,
SPX,20080923,1207.11,1188.22,1221.15,1187.06,1207.09,-18.88,-1.56,2.82,
SPX,20080922,1255.37,1207.09,1255.37,1205.61,1255.08,-47.98,-3.82,3.96,
SPX,20080919,1206.51,1255.08,1265.12,1213.11,1206.51,48.56,4.02,4.31,
SPX,20080918,1157.07,1206.51,1211.14,1133.5,1156.39,50.13,4.33,6.71,
SPX,20080917,1210.34,1156.39,1210.34,1155.88,1213.59,-57.2,-4.71,4.49,
SPX,20080916,1192.95,1213.59,1214.84,1169.28,1192.7,20.88,1.75,3.82,
SPX,20080915,1251.7,1192.7,1250.92,1192.7,1251.7,-59.0,-4.71,4.65,
SPX,20080912,1249.03,1251.7,1255.09,1233.81,1249.05,2.65,0.21,1.7,
SPX,20080911,1231.65,1249.05,1249.98,1211.54,1232.04,17.01,1.38,3.12,
SPX,20080910,1224.45,1232.04,1243.9,1221.6,1224.51,7.53,0.62,1.82,
SPX,20080909,1267.78,1224.51,1268.66,1224.51,1267.79,-43.28,-3.41,3.48,
SPX,20080908,1249.5,1267.79,1274.42,1247.12,1242.31,25.48,2.05,2.2,
SPX,20080905,1236.78,1242.31,1244.94,1217.23,1236.83,5.49,0.44,2.24,
SPX,20080904,1271.8,1236.83,1271.8,1232.83,1274.98,-38.15,-2.99,3.06,
SPX,20080903,1276.94,1274.98,1280.6,1265.59,1277.58,-2.6,-0.2,1.17,
SPX,20080902,1287.82,1277.58,1303.04,1272.2,1282.83,-5.25,-0.41,2.4,
SPX,20081031,953.11,968.75,984.38,944.59,954.09,14.67,1.54,4.17,
SPX,20081030,958.09,954.09,963.23,928.5,930.09,23.99,2.58,3.73,
SPX,20081029,937.26,930.09,969.97,922.26,940.5,-10.41,-1.11,5.07,
SPX,20081028,848.92,940.5,940.51,845.27,848.92,91.59,10.79,11.22,
SPX,20081027,874.28,848.92,893.78,846.75,876.77,-27.85,-3.18,5.36,
SPX,20081024,895.22,876.77,896.3,852.85,908.11,-31.34,-3.45,4.78,
SPX,20081023,899.08,908.11,922.83,858.44,896.78,11.33,1.26,7.18,
SPX,20081022,931.62,896.78,951.67,875.81,955.05,-58.27,-6.1,7.94,
SPX,20081021,980.4,955.05,985.44,952.47,985.4,-30.34,-3.08,3.35,
SPX,20081020,954.92,985.4,985.4,943.51,940.55,44.84,4.77,4.45,
SPX,20081017,942.29,940.55,984.64,918.74,946.43,-5.87,-0.62,6.96,
SPX,20081016,907.81,946.43,947.71,865.83,907.84,38.59,4.25,9.02,
SPX,20081015,997.92,907.84,994.6,903.99,998.01,-90.17,-9.04,9.08,
SPX,20081014,1009.97,998.01,1044.31,972.07,1003.35,-5.34,-0.53,7.2,
SPX,20081013,899.22,1003.35,1006.93,912.75,899.22,104.14,11.58,10.47,
SPX,20081010,902.31,899.22,936.36,839.8,909.92,-10.7,-1.18,10.61,
SPX,20081009,988.42,909.92,1005.25,909.19,984.94,-75.02,-7.62,9.75,
SPX,20081008,995.7,984.94,1021.06,970.97,996.23,-11.29,-1.13,5.03,
SPX,20081007,1056.88,996.23,1072.91,996.23,1056.89,-60.66,-5.74,7.26,
SPX,20081006,1099.23,1056.89,1097.56,1007.97,1099.23,-42.35,-3.85,8.15,
SPX,20081003,1114.26,1099.23,1153.82,1098.14,1114.28,-15.05,-1.35,5.0,
SPX,20081002,1160.64,1114.28,1160.64,1111.43,1161.06,-46.79,-4.03,4.24,
SPX,20081001,1164.17,1161.06,1167.03,1140.77,1166.36,-5.3,-0.45,2.25,
SPX,20081128,886.89,896.24,896.25,881.21,887.68,8.56,0.96,1.69,
SPX,20081126,840.68,887.68,887.68,841.37,857.39,30.29,3.53,5.4,
SPX,20081125,853.4,857.39,868.94,834.99,851.81,5.58,0.66,3.99,
SPX,20081124,801.2,851.81,865.6,801.2,800.03,51.78,6.47,8.05,
SPX,20081121,763.45,800.03,801.2,741.02,752.44,47.6,6.33,8.0,
SPX,20081120,805.87,752.44,820.52,747.78,806.58,-54.14,-6.71,9.02,
SPX,20081119,857.68,806.58,864.57,806.18,859.12,-52.54,-6.12,6.8,
SPX,20081118,849.31,859.12,865.9,826.84,850.75,8.37,0.98,4.59,
SPX,20081117,862.09,850.75,882.29,848.98,873.29,-22.54,-2.58,3.81,
SPX,20081114,891.18,873.29,916.88,869.88,911.29,-38.0,-4.17,5.16,
SPX,20081113,853.13,911.29,913.01,818.69,852.3,58.99,6.92,11.07,
SPX,20081112,893.39,852.3,893.39,850.48,898.95,-46.65,-5.19,4.77,
SPX,20081111,905.5,898.95,917.15,884.9,919.21,-20.25,-2.2,3.51,
SPX,20081110,936.75,919.21,951.95,907.47,930.99,-11.78,-1.27,4.78,
SPX,20081107,907.44,930.99,931.46,906.9,904.88,26.11,2.89,2.71,
SPX,20081106,952.4,904.88,952.4,899.73,952.77,-47.88,-5.03,5.53,
SPX,20081105,991.23,952.77,1001.84,949.86,1005.75,-52.99,-5.27,5.17,
SPX,20081104,971.31,1005.75,1007.51,971.31,966.3,39.45,4.08,3.75,
SPX,20081103,968.24,966.3,975.57,958.82,968.75,-2.45,-0.25,1.73,
SPX,20081231,890.22,903.25,910.32,889.67,890.64,12.62,1.42,2.32,
SPX,20081230,873.87,890.64,891.12,870.58,869.42,21.22,2.44,2.36,
SPX,20081229,872.51,869.42,873.7,857.07,872.8,-3.38,-0.39,1.91,
SPX,20081226,872.03,872.8,873.74,866.52,868.15,4.64,0.54,0.83,
SPX,20081224,863.73,868.15,869.79,861.44,863.16,5.0,0.58,0.97,
SPX,20081223,874.31,863.16,880.44,860.1,871.63,-8.48,-0.97,2.33,
SPX,20081222,887.2,871.63,887.37,857.09,887.88,-16.25,-1.83,3.41,
SPX,20081219,889.74,887.88,905.47,883.02,885.28,2.61,0.29,2.54,
SPX,20081218,907.96,885.28,911.02,877.44,904.42,-19.15,-2.12,3.71,
SPX,20081217,900.54,904.42,918.85,895.94,913.18,-8.76,-0.96,2.51,
SPX,20081216,871.53,913.18,914.66,871.53,868.57,44.6,5.14,4.97,
SPX,20081215,883.16,868.57,884.63,857.72,879.73,-11.16,-1.27,3.06,
SPX,20081212,848.74,879.73,883.24,851.35,873.59,6.14,0.7,3.65,
SPX,20081211,898.35,873.59,904.63,868.73,899.24,-25.65,-2.85,3.99,
SPX,20081210,897.2,899.24,908.27,885.45,888.67,10.57,1.19,2.57,
SPX,20081209,906.48,888.67,916.26,885.38,909.7,-21.03,-2.31,3.39,
SPX,20081208,882.71,909.7,918.57,882.71,876.07,33.64,3.84,4.09,
SPX,20081205,835.12,876.07,879.42,818.41,845.22,30.85,3.65,7.22,
SPX,20081204,855.96,845.22,875.6,833.6,870.74,-25.52,-2.93,4.82,
SPX,20081203,843.6,870.74,873.12,827.6,848.81,21.93,2.58,5.36,
SPX,20081202,817.94,848.81,850.54,817.94,816.21,32.6,3.99,3.99,
SPX,20081201,888.61,816.21,888.61,815.69,896.24,-80.03,-8.93,8.14,
SPX,20090130,845.69,825.88,851.66,821.67,845.14,-19.26,-2.28,3.55,
SPX,20090129,859.3,845.14,868.89,844.15,874.09,-28.95,-3.31,2.83,
SPX,20090128,845.73,874.09,877.86,845.73,845.71,28.39,3.36,3.8,
SPX,20090127,837.3,845.71,850.45,835.4,836.57,9.14,1.09,1.8,
SPX,20090126,834.57,836.57,852.53,827.69,831.95,4.62,0.56,2.99,
SPX,20090123,808.8,831.95,838.61,806.07,827.5,4.46,0.54,3.93,
SPX,20090122,840.22,827.5,839.74,811.29,840.24,-12.75,-1.52,3.39,
SPX,20090121,818.63,840.24,841.72,804.3,805.22,35.02,4.35,4.65,
SPX,20090120,849.64,805.22,849.64,804.47,850.12,-44.9,-5.28,5.31,
SPX,20090116,844.45,850.12,858.13,830.66,843.74,6.38,0.76,3.26,
SPX,20090115,840.45,843.74,851.59,817.04,842.62,1.12,0.13,4.1,
SPX,20090114,867.28,842.62,867.28,836.93,871.79,-29.17,-3.35,3.48,
SPX,20090113,867.39,871.79,877.02,862.02,870.26,1.52,0.18,1.72,
SPX,20090112,888.53,870.26,890.4,864.32,890.35,-20.09,-2.26,2.93,
SPX,20090109,909.91,890.35,911.93,888.31,909.73,-19.38,-2.13,2.6,
SPX,20090108,905.73,909.73,910.0,896.81,906.65,3.09,0.34,1.45,
SPX,20090107,917.87,906.65,927.45,902.37,934.7,-28.05,-3.0,2.68,
SPX,20090106,931.17,934.7,943.85,927.28,927.45,7.25,0.78,1.79,
SPX,20090105,927.98,927.45,936.63,919.53,931.8,-4.35,-0.47,1.84,
SPX,20090102,902.99,931.8,934.73,899.35,903.25,28.55,3.16,3.92,
SPX,20090227,736.03,735.09,751.27,734.52,752.83,-17.74,-2.36,2.22,
SPX,20090226,775.23,752.83,779.42,751.75,764.9,-12.07,-1.58,3.62,
SPX,20090225,767.63,764.9,780.12,752.89,773.14,-8.24,-1.07,3.52,
SPX,20090224,746.51,773.14,775.49,744.69,743.33,29.82,4.01,4.14,
SPX,20090223,770.03,743.33,777.85,742.37,770.05,-26.72,-3.47,4.61,
SPX,20090220,768.2,770.05,778.69,754.25,778.94,-8.9,-1.14,3.14,
SPX,20090219,795.19,778.94,797.58,777.03,788.42,-9.47,-1.2,2.61,
SPX,20090218,791.06,788.42,796.17,780.43,789.17,-0.76,-0.1,1.99,
SPX,20090217,818.61,789.17,818.61,789.17,826.84,-37.67,-4.56,3.56,
SPX,20090213,832.9,826.84,839.43,825.21,835.19,-8.35,-1.0,1.7,
SPX,20090212,818.72,835.19,835.48,808.06,833.74,1.45,0.17,3.29,
SPX,20090211,833.36,833.74,838.22,822.3,827.16,6.58,0.8,1.92,
SPX,20090210,866.87,827.16,868.05,822.99,869.89,-42.72,-4.91,5.18,
SPX,20090209,868.24,869.89,875.01,861.65,868.6,1.28,0.15,1.54,
SPX,20090206,847.37,868.6,870.75,845.42,845.85,22.75,2.69,2.99,
SPX,20090205,831.75,845.85,850.55,819.91,832.23,13.62,1.64,3.68,
SPX,20090204,837.77,832.23,851.85,829.18,838.51,-6.28,-0.75,2.7,
SPX,20090203,825.69,838.51,842.6,821.98,825.44,13.07,1.58,2.5,
SPX,20090202,823.09,825.44,830.78,812.87,825.88,-0.44,-0.05,2.17,
SPX,20090331,795.83,797.87,810.48,790.88,787.53,10.33,1.31,2.49,
SPX,20090330,809.07,787.53,809.07,779.81,815.94,-28.41,-3.48,3.59,
SPX,20090327,828.68,815.94,828.68,813.43,832.86,-16.92,-2.03,1.83,
SPX,20090326,814.06,832.86,832.98,814.06,813.88,18.98,2.33,2.32,
SPX,20090325,806.81,813.88,826.78,791.37,806.12,7.76,0.96,4.39,
SPX,20090324,822.9,806.12,823.65,805.48,822.92,-16.79,-2.04,2.21,
SPX,20090323,789.14,822.92,823.37,772.31,768.54,54.37,7.07,6.64,
SPX,20090320,784.02,768.54,788.91,766.2,784.04,-15.5,-1.98,2.9,
SPX,20090319,797.92,784.04,803.24,781.82,794.35,-10.31,-1.3,2.7,
SPX,20090318,776.01,794.35,803.04,765.64,778.12,16.23,2.09,4.81,
SPX,20090317,753.88,778.12,778.12,749.93,753.89,24.23,3.21,3.74,
SPX,20090316,764.5,753.89,774.53,753.37,756.55,-2.66,-0.35,2.8,
SPX,20090313,751.97,756.55,758.29,742.46,750.74,5.81,0.77,2.11,
SPX,20090312,720.89,750.74,752.63,714.76,721.36,29.38,4.07,5.25,
SPX,20090311,724.34,721.36,731.92,713.85,719.6,1.76,0.24,2.51,
SPX,20090310,679.28,719.6,719.6,679.28,676.53,43.07,6.37,5.96,
SPX,20090309,680.76,676.53,695.27,672.88,683.38,-6.85,-1.0,3.28,
SPX,20090306,688.18,683.38,699.09,666.79,682.55,0.83,0.12,4.73,
SPX,20090305,708.27,682.55,708.27,677.93,712.87,-30.31,-4.25,4.26,
SPX,20090304,698.6,712.87,724.12,698.6,696.33,16.54,2.37,3.66,
SPX,20090303,710.16,696.33,711.67,692.3,700.82,-4.49,-0.64,2.76,
SPX,20090302,719.75,700.82,729.57,699.7,735.09,-34.27,-4.66,4.06,
SPX,20090430,882.91,872.81,888.7,868.51,873.64,-0.84,-0.1,2.31,
SPX,20090429,856.85,873.64,882.06,856.85,855.16,18.49,2.16,2.95,
SPX,20090428,847.89,855.16,864.48,847.12,857.51,-2.35,-0.27,2.02,
SPX,20090427,853.66,857.51,868.83,854.65,866.23,-8.72,-1.01,1.64,
SPX,20090424,859.45,866.23,871.8,853.91,851.92,14.31,1.68,2.1,
SPX,20090423,847.15,851.92,852.87,835.45,843.55,8.37,0.99,2.07,
SPX,20090422,841.58,843.55,861.78,840.57,850.08,-6.52,-0.77,2.5,
SPX,20090421,827.46,850.08,850.09,826.83,832.39,17.69,2.12,2.79,
SPX,20090420,868.27,832.39,868.27,832.39,869.6,-37.2,-4.28,4.13,
SPX,20090417,870.59,869.6,875.63,860.87,865.3,4.29,0.5,1.71,
SPX,20090416,854.54,865.3,870.35,847.04,852.06,13.24,1.55,2.74,
SPX,20090415,837.66,852.06,852.93,835.58,841.5,10.56,1.25,2.06,
SPX,20090414,849.79,841.5,856.88,840.25,858.73,-17.23,-2.01,1.94,
SPX,20090413,855.33,858.73,864.31,845.35,856.56,2.17,0.25,2.21,
SPX,20090409,829.29,856.56,856.91,829.29,825.16,31.4,3.81,3.35,
SPX,20090408,816.76,825.16,828.42,814.84,815.55,9.6,1.18,1.67,
SPX,20090407,817.98,815.55,834.12,814.53,835.48,-19.93,-2.38,2.34,
SPX,20090406,832.49,835.48,839.75,822.79,842.5,-7.02,-0.83,2.01,
SPX,20090403,835.13,842.5,842.5,826.7,834.38,8.12,0.97,1.89,
SPX,20090402,830.66,834.38,845.61,814.53,811.08,23.3,2.87,3.83,
SPX,20090401,793.59,811.08,813.62,783.32,797.87,13.21,1.66,3.8,
SPX,20090529,911.62,919.14,920.02,903.56,906.83,12.31,1.36,1.82,
SPX,20090528,892.96,906.83,909.45,887.6,893.06,13.77,1.54,2.45,
SPX,20090527,909.95,893.06,913.84,891.87,910.33,-17.27,-1.9,2.41,
SPX,20090526,880.24,910.33,911.76,881.46,887.0,23.33,2.63,3.42,
SPX,20090522,888.68,887.0,896.65,883.75,888.33,-1.33,-0.15,1.45,
SPX,20090521,900.42,888.33,900.42,879.61,903.47,-15.14,-1.68,2.3,
SPX,20090520,917.0,903.47,924.6,901.37,908.13,-4.66,-0.51,2.56,
SPX,20090519,909.67,908.13,916.39,905.22,909.71,-1.58,-0.17,1.23,
SPX,20090518,886.07,909.71,910.0,886.07,882.88,26.83,3.04,2.71,
SPX,20090515,892.76,882.88,896.97,878.94,893.07,-10.19,-1.14,2.02,
SPX,20090514,884.77,893.07,898.36,882.52,883.92,9.15,1.04,1.79,
SPX,20090513,905.4,883.92,905.4,882.8,908.35,-24.43,-2.69,2.49,
SPX,20090512,914.3,908.35,915.57,896.46,909.24,-0.89,-0.1,2.1,
SPX,20090511,913.82,909.24,918.72,908.68,929.23,-19.99,-2.15,1.08,
SPX,20090508,919.22,929.23,930.17,909.03,907.39,21.84,2.41,2.33,
SPX,20090507,929.41,907.39,929.58,901.36,919.53,-12.15,-1.32,3.07,
SPX,20090506,903.95,919.53,920.28,903.95,903.8,15.73,1.74,1.81,
SPX,20090505,906.1,903.8,907.7,897.34,907.24,-3.44,-0.38,1.14,
SPX,20090504,879.21,907.24,907.85,879.21,877.52,29.71,3.39,3.26,
SPX,20090501,872.74,877.52,880.48,866.1,872.81,4.72,0.54,1.65,
SPX,20090630,927.15,919.32,930.01,912.86,927.23,-7.91,-0.85,1.85,
SPX,20090629,919.86,927.23,927.99,916.18,918.9,8.32,0.91,1.29,
SPX,20090626,916.0,918.9,922.0,913.03,920.26,-1.36,-0.15,0.97,
SPX,20090625,897.59,920.26,921.42,896.27,900.94,19.32,2.14,2.79,
SPX,20090624,901.6,900.94,910.85,896.31,895.1,5.84,0.65,1.62,
SPX,20090623,895.12,895.1,898.69,888.86,893.04,2.06,0.23,1.1,
SPX,20090622,918.13,893.04,918.13,893.04,921.23,-28.18,-3.06,2.72,
SPX,20090619,919.96,921.23,927.09,915.8,918.37,2.86,0.31,1.23,
SPX,20090618,911.73,918.37,921.93,907.94,910.71,7.66,0.84,1.54,
SPX,20090617,911.89,910.71,918.44,903.78,911.97,-1.26,-0.14,1.61,
SPX,20090616,925.6,911.97,928.0,911.6,923.72,-11.75,-1.27,1.78,
SPX,20090615,942.45,923.72,942.45,919.65,946.21,-22.49,-2.38,2.41,
SPX,20090612,943.44,946.21,946.3,935.66,944.89,1.32,0.14,1.13,
SPX,20090611,941.17,944.89,956.23,939.04,939.15,5.74,0.61,1.83,
SPX,20090610,942.41,939.15,949.77,927.97,942.43,-3.28,-0.35,2.31,
SPX,20090609,940.35,942.43,946.92,936.15,939.14,3.3,0.35,1.15,
SPX,20090608,938.12,939.14,946.33,926.44,940.09,-0.95,-0.1,2.12,
SPX,20090605,942.41,940.09,951.69,934.13,942.46,-2.38,-0.25,1.86,
SPX,20090604,932.49,942.46,942.47,929.32,931.76,10.7,1.15,1.41,
SPX,20090603,936.55,931.76,942.51,923.85,944.74,-12.97,-1.37,1.98,
SPX,20090602,939.81,944.74,949.38,938.46,942.87,1.87,0.2,1.16,
SPX,20090601,923.26,942.87,947.77,923.26,919.14,23.73,2.58,2.67,
SPX,20090731,986.8,987.48,993.18,982.85,986.75,0.72,0.07,1.05,
SPX,20090730,976.01,986.75,996.68,976.01,975.15,11.61,1.19,2.12,
SPX,20090729,979.5,975.15,977.76,968.65,979.62,-4.48,-0.46,0.93,
SPX,20090728,981.48,979.62,982.35,969.35,982.18,-2.55,-0.26,1.32,
SPX,20090727,979.26,982.18,982.49,972.29,979.26,2.91,0.3,1.04,
SPX,20090724,976.29,979.26,979.79,965.95,976.29,2.97,0.3,1.42,
SPX,20090723,954.07,976.29,979.42,953.27,954.07,22.22,2.33,2.74,
SPX,20090722,953.4,954.07,959.83,947.75,954.58,-0.5,-0.05,1.27,
SPX,20090721,951.97,954.58,956.53,943.22,951.13,3.45,0.36,1.4,
SPX,20090720,940.37,951.13,951.62,940.99,940.38,10.75,1.14,1.13,
SPX,20090717,940.56,940.38,941.89,934.65,940.74,-0.37,-0.04,0.77,
SPX,20090716,930.17,940.74,943.96,927.45,932.68,8.07,0.86,1.77,
SPX,20090715,905.81,932.68,933.95,910.15,905.84,26.84,2.96,2.63,
SPX,20090714,900.77,905.84,905.84,896.5,901.05,4.79,0.53,1.04,
SPX,20090713,879.06,901.05,901.05,875.32,879.13,21.92,2.49,2.93,
SPX,20090710,880.03,879.13,883.57,872.81,882.68,-3.55,-0.4,1.22,
SPX,20090709,879.55,882.68,887.86,878.45,879.56,3.12,0.35,1.07,
SPX,20090708,880.51,879.56,886.8,869.32,881.03,-1.47,-0.17,1.98,
SPX,20090707,898.72,881.03,898.6,879.93,898.72,-17.69,-1.97,2.08,
SPX,20090706,896.42,898.72,898.72,886.36,896.42,2.29,0.26,1.38,
SPX,20090702,923.31,896.42,921.24,896.42,923.33,-26.91,-2.91,2.69,
SPX,20090701,920.82,923.33,931.92,920.82,919.32,4.0,0.44,1.21,
SPX,20090831,1028.89,1020.62,1025.21,1014.62,1028.93,-8.31,-0.81,1.03,
SPX,20090828,1031.62,1028.93,1039.47,1023.13,1030.98,-2.05,-0.2,1.58,
SPX,20090827,1028.01,1030.98,1033.33,1016.2,1028.12,2.86,0.28,1.67,
SPX,20090826,1027.35,1028.12,1032.47,1021.57,1028.0,0.13,0.01,1.06,
SPX,20090825,1025.57,1028.0,1037.75,1026.21,1025.57,2.43,0.24,1.13,
SPX,20090824,1026.59,1025.57,1035.82,1022.48,1026.13,-0.56,-0.05,1.3,
SPX,20090821,1007.19,1026.13,1027.59,1009.06,1007.37,18.76,1.86,1.84,
SPX,20090820,996.41,1007.37,1008.92,996.39,996.46,10.91,1.09,1.26,
SPX,20090819,989.54,996.46,999.61,980.62,989.67,6.8,0.69,1.92,
SPX,20090818,979.68,989.67,991.2,980.62,979.73,9.94,1.01,1.08,
SPX,20090817,1003.88,979.73,998.18,978.51,1004.09,-24.36,-2.43,1.96,
SPX,20090814,1012.23,1004.09,1012.6,994.6,1012.73,-8.64,-0.85,1.78,
SPX,20090813,1005.86,1012.73,1013.14,1000.82,1005.81,6.93,0.69,1.22,
SPX,20090812,994.0,1005.81,1012.78,993.36,994.35,11.46,1.15,1.95,
SPX,20090811,1006.81,994.35,1005.77,992.4,1007.1,-12.75,-1.27,1.33,
SPX,20090810,1008.89,1007.1,1010.12,1000.99,1010.48,-3.38,-0.33,0.9,
SPX,20090807,999.83,1010.48,1018.0,999.83,997.08,13.39,1.34,1.82,
SPX,20090806,1002.59,997.08,1008.0,992.49,1002.72,-5.64,-0.56,1.55,
SPX,20090805,1005.41,1002.72,1006.64,994.31,1005.65,-2.92,-0.29,1.23,
SPX,20090804,1002.6,1005.65,1007.12,996.68,1002.63,3.02,0.3,1.04,
SPX,20090803,987.48,1002.63,1003.61,990.22,987.48,15.15,1.53,1.36,
SPX,20090930,1061.02,1057.08,1063.4,1046.47,1060.61,-3.53,-0.33,1.6,
SPX,20090929,1062.95,1060.61,1069.62,1057.82,1062.98,-2.38,-0.22,1.11,
SPX,20090928,1044.2,1062.98,1065.13,1045.38,1044.38,18.6,1.78,1.89,
SPX,20090925,1049.48,1044.38,1053.47,1041.17,1050.78,-6.4,-0.61,1.17,
SPX,20090924,1062.56,1050.78,1066.29,1045.85,1060.87,-10.08,-0.95,1.93,
SPX,20090923,1072.68,1060.87,1080.15,1060.39,1071.66,-10.8,-1.01,1.84,
SPX,20090922,1064.63,1071.66,1073.81,1066.35,1064.66,7.0,0.66,0.7,
SPX,20090921,1068.29,1064.66,1067.28,1057.46,1068.3,-3.64,-0.34,0.92,
SPX,20090918,1065.47,1068.3,1071.52,1064.27,1065.49,2.81,0.26,0.68,
SPX,20090917,1068.61,1065.49,1074.77,1061.19,1068.76,-3.27,-0.31,1.27,
SPX,20090916,1052.61,1068.76,1068.76,1052.87,1052.63,16.13,1.53,1.51,
SPX,20090915,1049.33,1052.63,1056.04,1043.42,1049.34,3.3,0.31,1.2,
SPX,20090914,1040.15,1049.34,1049.74,1035.0,1042.73,6.6,0.63,1.41,
SPX,20090911,1043.92,1042.73,1048.18,1038.4,1044.14,-1.41,-0.13,0.94,
SPX,20090910,1032.99,1044.14,1044.14,1028.04,1033.37,10.77,1.04,1.56,
SPX,20090909,1025.36,1033.37,1036.34,1023.97,1025.39,7.99,0.78,1.21,
SPX,20090908,1018.67,1025.39,1026.06,1018.67,1016.4,8.98,0.88,0.73,
SPX,20090904,1003.19,1016.4,1016.48,1001.65,1003.24,13.17,1.31,1.48,
SPX,20090903,996.12,1003.24,1003.43,992.25,994.75,8.48,0.85,1.12,
SPX,20090902,996.07,994.75,1000.34,991.97,998.04,-3.29,-0.33,0.84,
SPX,20090901,1019.52,998.04,1028.44,996.28,1020.62,-22.58,-2.21,3.15,
SPX,20091030,1065.41,1036.19,1065.41,1033.38,1066.11,-29.91,-2.81,3.0,
SPX,20091029,1042.55,1066.11,1066.83,1043.69,1042.63,23.48,2.25,2.22,
SPX,20091028,1063.28,1042.63,1063.26,1042.18,1063.41,-20.78,-1.95,1.98,
SPX,20091027,1066.95,1063.41,1072.48,1060.62,1066.95,-3.54,-0.33,1.11,
SPX,20091026,1080.36,1066.95,1091.75,1065.23,1079.6,-12.65,-1.17,2.46,
SPX,20091023,1092.91,1079.6,1095.82,1075.49,1092.91,-13.31,-1.22,1.86,
SPX,20091022,1080.96,1092.91,1095.21,1074.31,1081.4,11.51,1.06,1.93,
SPX,20091021,1090.36,1081.4,1101.36,1080.77,1091.06,-9.66,-0.89,1.89,
SPX,20091020,1097.89,1091.06,1098.64,1086.16,1097.91,-6.84,-0.62,1.14,
SPX,20091019,1087.68,1097.91,1100.17,1086.48,1087.68,10.23,0.94,1.26,
SPX,20091016,1096.56,1087.68,1094.67,1081.53,1096.56,-8.88,-0.81,1.2,
SPX,20091015,1092.02,1096.56,1096.56,1086.41,1092.02,4.54,0.42,0.93,
SPX,20091014,1073.15,1092.02,1093.17,1078.68,1073.19,18.83,1.75,1.35,
SPX,20091013,1076.12,1073.19,1075.3,1066.71,1076.19,-3.0,-0.28,0.8,
SPX,20091012,1071.63,1076.19,1079.46,1071.63,1071.49,4.7,0.44,0.73,
SPX,20091009,1065.48,1071.49,1071.51,1063.0,1065.48,6.01,0.56,0.8,
SPX,20091008,1057.58,1065.48,1070.67,1060.03,1057.58,7.9,0.75,1.01,
SPX,20091007,1054.17,1057.58,1058.02,1050.1,1054.72,2.87,0.27,0.75,
SPX,20091006,1040.44,1054.72,1060.55,1042.02,1040.46,14.26,1.37,1.78,
SPX,20091005,1025.21,1040.46,1042.58,1025.92,1025.21,15.24,1.49,1.63,
SPX,20091002,1029.8,1025.21,1030.6,1019.95,1029.85,-4.64,-0.45,1.03,
SPX,20091001,1054.91,1029.85,1054.91,1029.44,1057.08,-27.23,-2.58,2.41,
SPX,20091130,1091.06,1095.63,1097.24,1086.25,1091.49,4.14,0.38,1.01,
SPX,20091127,1110.37,1091.49,1105.47,1083.74,1110.63,-19.14,-1.72,1.96,
SPX,20091125,1106.49,1110.63,1111.18,1104.75,1105.65,4.98,0.45,0.58,
SPX,20091124,1105.82,1105.65,1107.56,1097.63,1106.24,-0.59,-0.05,0.9,
SPX,20091123,1094.86,1106.24,1112.38,1094.86,1091.38,14.86,1.36,1.61,
SPX,20091120,1094.66,1091.38,1094.66,1086.81,1094.9,-3.52,-0.32,0.72,
SPX,20091119,1109.79,1094.9,1106.44,1088.4,1109.8,-14.9,-1.34,1.63,
SPX,20091118,1110.14,1109.8,1111.1,1102.7,1110.32,-0.52,-0.05,0.76,
SPX,20091117,1109.32,1110.32,1110.52,1102.19,1109.3,1.02,0.09,0.75,
SPX,20091116,1094.13,1109.3,1113.68,1094.13,1093.48,15.82,1.45,1.79,
SPX,20091113,1087.59,1093.48,1097.79,1085.33,1087.24,6.24,0.57,1.15,
SPX,20091112,1098.31,1087.24,1101.97,1084.9,1098.51,-11.27,-1.03,1.55,
SPX,20091111,1093.01,1098.51,1105.37,1093.81,1093.01,5.49,0.5,1.06,
SPX,20091110,1091.86,1093.01,1096.42,1087.4,1093.08,-0.07,-0.01,0.83,
SPX,20091109,1072.31,1093.08,1093.19,1072.31,1069.3,23.78,2.22,1.95,
SPX,20091106,1064.95,1069.3,1071.48,1059.32,1066.63,2.67,0.25,1.14,
SPX,20091105,1046.45,1066.63,1066.65,1047.3,1046.5,20.13,1.92,1.85,
SPX,20091104,1045.14,1046.5,1061.0,1045.15,1045.41,1.09,0.1,1.52,
SPX,20091103,1042.87,1045.41,1046.36,1033.94,1042.88,2.53,0.24,1.19,
SPX,20091102,1036.18,1042.88,1052.18,1029.38,1036.19,6.68,0.64,2.2,
SPX,20091231,1126.42,1115.1,1127.64,1114.81,1126.42,-11.32,-1.0,1.14,
SPX,20091230,1126.1,1126.42,1126.42,1121.94,1126.2,0.22,0.02,0.4,
SPX,20091229,1128.55,1126.2,1130.38,1126.08,1127.78,-1.57,-0.14,0.38,
SPX,20091228,1126.33,1127.78,1130.38,1123.51,1126.48,1.3,0.12,0.61,
SPX,20091224,1120.59,1126.48,1126.48,1121.08,1120.59,5.88,0.53,0.48,
SPX,20091223,1117.73,1120.59,1121.58,1116.0,1118.02,2.57,0.23,0.5,
SPX,20091222,1114.03,1118.02,1120.27,1114.51,1114.05,3.98,0.36,0.52,
SPX,20091221,1102.46,1114.05,1117.68,1105.31,1102.47,11.58,1.05,1.12,
SPX,20091218,1097.86,1102.47,1103.74,1093.88,1096.08,6.38,0.58,0.9,
SPX,20091217,1109.13,1096.08,1106.36,1095.88,1109.18,-13.1,-1.18,0.94,
SPX,20091216,1108.61,1109.18,1116.21,1107.96,1107.93,1.25,0.11,0.74,
SPX,20091215,1114.11,1107.93,1114.11,1105.35,1114.11,-6.19,-0.56,0.79,
SPX,20091214,1107.84,1114.11,1114.76,1107.84,1106.41,7.7,0.7,0.63,
SPX,20091211,1103.96,1106.41,1108.5,1101.34,1102.35,4.06,0.37,0.65,
SPX,20091210,1095.84,1102.35,1106.25,1098.68,1095.95,6.4,0.58,0.69,
SPX,20091209,1091.84,1095.95,1097.04,1085.89,1091.94,4.01,0.37,1.02,
SPX,20091208,1103.13,1091.94,1103.04,1088.61,1103.25,-11.31,-1.03,1.31,
SPX,20091207,1105.93,1103.25,1110.72,1100.83,1105.98,-2.72,-0.25,0.89,
SPX,20091204,1099.91,1105.98,1119.13,1096.52,1099.92,6.05,0.55,2.06,
SPX,20091203,1109.2,1099.92,1117.28,1098.74,1109.24,-9.31,-0.84,1.67,
SPX,20091202,1108.72,1109.24,1115.58,1105.29,1108.86,0.37,0.03,0.93,
SPX,20091201,1098.89,1108.86,1112.28,1098.89,1095.63,13.23,1.21,1.22,
SPX,20100129,1084.52,1073.87,1096.45,1071.59,1084.53,-10.66,-0.98,2.29,
SPX,20100128,1097.42,1084.53,1100.22,1078.46,1097.5,-12.98,-1.18,1.98,
SPX,20100127,1092.13,1097.5,1099.51,1083.11,1092.17,5.34,0.49,1.5,
SPX,20100126,1095.8,1092.17,1103.69,1089.86,1096.78,-4.62,-0.42,1.26,
SPX,20100125,1091.74,1096.78,1102.97,1092.4,1091.76,5.03,0.46,0.97,
SPX,20100122,1115.49,1091.76,1115.49,1090.18,1116.48,-24.72,-2.21,2.27,
SPX,20100121,1138.01,1116.48,1141.58,1114.84,1138.04,-21.56,-1.89,2.35,
SPX,20100120,1150.07,1138.04,1147.95,1129.25,1150.23,-12.19,-1.06,1.63,
SPX,20100119,1136.03,1150.23,1150.45,1135.77,1136.03,14.2,1.25,1.29,
SPX,20100115,1147.72,1136.03,1147.77,1131.39,1148.46,-12.43,-1.08,1.43,
SPX,20100114,1145.68,1148.46,1150.41,1143.8,1145.68,2.78,0.24,0.58,
SPX,20100113,1137.31,1145.68,1148.4,1133.18,1136.22,9.45,0.83,1.34,
SPX,20100112,1143.81,1136.22,1143.81,1131.77,1146.98,-10.76,-0.94,1.05,
SPX,20100111,1145.96,1146.98,1149.74,1142.02,1144.98,2.0,0.17,0.67,
SPX,20100108,1140.52,1144.98,1145.39,1136.22,1141.69,3.29,0.29,0.8,
SPX,20100107,1137.08,1141.69,1142.46,1131.32,1137.14,4.56,0.4,0.98,
SPX,20100106,1136.02,1137.14,1139.19,1133.95,1136.52,0.61,0.05,0.46,
SPX,20100105,1132.66,1136.52,1136.63,1129.66,1132.99,3.54,0.31,0.62,
SPX,20100104,1115.07,1132.99,1133.87,1116.56,1115.1,17.88,1.6,1.55,
SPX,20100226,1102.9,1104.49,1107.24,1097.56,1102.94,1.55,0.14,0.88,
SPX,20100225,1101.24,1102.94,1103.5,1086.02,1105.24,-2.3,-0.21,1.58,
SPX,20100224,1094.42,1105.24,1106.42,1095.5,1094.6,10.64,0.97,1.0,
SPX,20100223,1108.0,1094.6,1108.58,1092.18,1108.01,-13.41,-1.21,1.48,
SPX,20100222,1110.0,1108.01,1112.29,1105.38,1109.17,-1.16,-0.1,0.62,
SPX,20100219,1106.58,1109.17,1112.42,1100.8,1106.75,2.42,0.22,1.05,
SPX,20100218,1099.03,1106.75,1108.24,1097.48,1099.51,7.24,0.66,0.98,
SPX,20100217,1094.69,1099.51,1101.03,1094.72,1094.87,4.64,0.42,0.58,
SPX,20100216,1075.48,1094.87,1095.67,1079.13,1075.51,19.36,1.8,1.54,
SPX,20100212,1075.95,1075.51,1077.81,1062.97,1078.47,-2.95,-0.27,1.38,
SPX,20100211,1067.98,1078.47,1080.04,1060.59,1068.13,10.33,0.97,1.82,
SPX,20100210,1069.68,1068.13,1073.67,1059.34,1070.52,-2.39,-0.22,1.34,
SPX,20100209,1060.06,1070.52,1079.28,1060.06,1056.74,13.78,1.3,1.82,
SPX,20100208,1065.51,1056.74,1071.2,1056.51,1066.19,-9.44,-0.89,1.38,
SPX,20100205,1063.11,1066.19,1067.13,1044.5,1063.11,3.08,0.29,2.13,
SPX,20100204,1097.25,1063.11,1097.25,1062.78,1097.28,-34.17,-3.11,3.14,
SPX,20100203,1100.67,1097.28,1102.72,1093.97,1103.32,-6.04,-0.55,0.79,
SPX,20100202,1089.18,1103.32,1104.73,1087.96,1089.19,14.13,1.3,1.54,
SPX,20100201,1073.89,1089.19,1089.38,1073.89,1073.87,15.32,1.43,1.44,
SPX,20100331,1173.26,1169.43,1174.56,1165.77,1173.27,-3.84,-0.33,0.75,
SPX,20100330,1173.09,1173.27,1177.83,1168.92,1173.22,0.05,0.0,0.76,
SPX,20100329,1167.71,1173.22,1174.85,1167.71,1166.59,6.63,0.57,0.61,
SPX,20100326,1165.72,1166.59,1173.93,1161.48,1165.73,0.86,0.07,1.07,
SPX,20100325,1167.72,1165.73,1180.69,1165.09,1167.72,-1.99,-0.17,1.34,
SPX,20100324,1174.17,1167.72,1173.04,1166.01,1174.17,-6.45,-0.55,0.6,
SPX,20100323,1166.47,1174.17,1174.72,1163.83,1165.81,8.36,0.72,0.93,
SPX,20100322,1159.87,1165.81,1167.82,1152.88,1159.9,5.91,0.51,1.29,
SPX,20100319,1165.83,1159.9,1169.2,1155.33,1165.83,-5.94,-0.51,1.19,
SPX,20100318,1166.13,1165.83,1167.77,1161.16,1166.21,-0.38,-0.03,0.57,
SPX,20100317,1159.94,1166.21,1169.84,1159.94,1159.46,6.75,0.58,0.85,
SPX,20100316,1150.5,1159.46,1160.28,1150.35,1150.51,8.95,0.78,0.86,
SPX,20100315,1148.53,1150.51,1150.98,1141.45,1149.99,0.52,0.05,0.83,
SPX,20100312,1151.71,1149.99,1153.41,1146.97,1150.24,-0.25,-0.02,0.56,
SPX,20100311,1143.96,1150.24,1150.24,1138.99,1145.61,4.63,0.4,0.98,
SPX,20100310,1140.22,1145.61,1148.26,1140.09,1140.45,5.16,0.45,0.72,
SPX,20100309,1137.56,1140.45,1145.37,1134.9,1138.5,1.94,0.17,0.92,
SPX,20100308,1138.4,1138.5,1141.05,1136.77,1138.7,-0.19,-0.02,0.38,
SPX,20100305,1125.12,1138.7,1139.38,1125.12,1122.97,15.72,1.4,1.27,
SPX,20100304,1118.76,1122.97,1123.73,1116.66,1118.79,4.18,0.37,0.63,
SPX,20100303,1119.36,1118.79,1125.64,1116.58,1118.31,0.48,0.04,0.81,
SPX,20100302,1115.71,1118.31,1123.46,1116.51,1115.71,2.6,0.23,0.62,
SPX,20100301,1104.46,1115.71,1116.11,1105.36,1104.49,11.22,1.02,0.97,
SPX,20100430,1206.77,1186.69,1207.99,1186.32,1206.78,-20.09,-1.66,1.8,
SPX,20100429,1193.3,1206.78,1209.36,1193.3,1191.36,15.42,1.29,1.35,
SPX,20100428,1183.5,1191.36,1195.05,1181.81,1183.71,7.64,0.65,1.12,
SPX,20100427,1209.92,1183.71,1211.38,1181.62,1212.05,-28.34,-2.34,2.46,
SPX,20100426,1217.27,1212.05,1219.8,1211.07,1217.28,-5.22,-0.43,0.72,
SPX,20100423,1207.87,1217.28,1217.28,1205.1,1208.67,8.61,0.71,1.01,
SPX,20100422,1205.88,1208.67,1210.27,1190.19,1205.94,2.73,0.23,1.67,
SPX,20100421,1207.16,1205.94,1210.99,1198.85,1207.17,-1.23,-0.1,1.01,
SPX,20100420,1199.04,1207.17,1208.58,1199.04,1197.52,9.66,0.81,0.8,
SPX,20100419,1192.06,1197.52,1197.87,1183.68,1192.13,5.39,0.45,1.19,
SPX,20100416,1210.17,1192.13,1210.17,1186.77,1211.67,-19.54,-1.61,1.93,
SPX,20100415,1210.77,1211.67,1213.92,1208.5,1210.65,1.02,0.08,0.45,
SPX,20100414,1198.69,1210.65,1210.65,1198.69,1197.3,13.35,1.12,1.0,
SPX,20100413,1195.94,1197.3,1199.04,1188.82,1196.48,0.82,0.07,0.85,
SPX,20100412,1194.37,1196.48,1199.2,1194.71,1194.37,2.11,0.18,0.38,
SPX,20100409,1186.44,1194.37,1194.66,1187.15,1186.44,7.93,0.67,0.63,
SPX,20100408,1181.75,1186.44,1188.55,1175.12,1182.45,3.99,0.34,1.14,
SPX,20100407,1188.92,1182.45,1189.6,1177.25,1189.44,-6.99,-0.59,1.04,
SPX,20100406,1187.44,1189.44,1191.8,1182.77,1187.44,2.0,0.17,0.76,
SPX,20100405,1178.71,1187.44,1187.73,1178.71,1178.1,9.34,0.79,0.77,
SPX,20100401,1169.39,1178.1,1181.43,1170.69,1169.43,8.67,0.74,0.92,
SPX,20100528,1102.59,1089.41,1102.59,1084.78,1103.06,-13.66,-1.24,1.61,
SPX,20100527,1067.57,1103.06,1103.52,1074.27,1067.95,35.11,3.29,2.74,
SPX,20100526,1075.51,1067.95,1090.75,1065.59,1074.03,-6.08,-0.57,2.34,
SPX,20100525,1073.65,1074.03,1074.75,1040.78,1073.65,0.37,0.03,3.16,
SPX,20100524,1087.68,1073.65,1089.95,1072.7,1087.69,-14.04,-1.29,1.59,
SPX,20100521,1071.58,1087.69,1090.16,1055.9,1071.59,16.1,1.5,3.2,
SPX,20100520,1107.34,1071.59,1107.34,1071.58,1115.05,-43.46,-3.9,3.21,
SPX,20100519,1119.57,1115.05,1124.27,1100.66,1120.8,-5.75,-0.51,2.11,
SPX,20100518,1138.78,1120.8,1148.66,1117.2,1136.94,-16.14,-1.42,2.77,
SPX,20100517,1136.52,1136.94,1141.88,1114.96,1135.68,1.26,0.11,2.37,
SPX,20100514,1157.19,1135.68,1157.19,1126.14,1157.44,-21.76,-1.88,2.68,
SPX,20100513,1170.04,1157.44,1173.57,1156.14,1171.67,-14.24,-1.21,1.49,
SPX,20100512,1155.43,1171.67,1172.87,1155.43,1155.79,15.89,1.37,1.51,
SPX,20100511,1159.49,1155.79,1170.48,1147.71,1159.73,-3.94,-0.34,1.96,
SPX,20100510,1122.27,1159.73,1163.85,1122.27,1110.88,48.84,4.4,3.74,
SPX,20100507,1127.04,1110.88,1135.13,1094.15,1128.15,-17.27,-1.53,3.63,
SPX,20100506,1164.38,1128.15,1167.58,1065.79,1165.9,-37.75,-3.24,8.73,
SPX,20100505,1173.32,1165.9,1175.95,1158.15,1173.6,-7.7,-0.66,1.52,
SPX,20100504,1202.26,1173.6,1197.5,1168.12,1202.26,-28.66,-2.38,2.44,
SPX,20100503,1186.69,1202.26,1205.13,1188.58,1186.69,15.57,1.31,1.39,
SPX,20100630,1040.56,1030.71,1048.08,1028.33,1041.24,-10.53,-1.01,1.9,
SPX,20100629,1071.1,1041.24,1071.1,1035.18,1074.57,-33.33,-3.1,3.34,
SPX,20100628,1077.5,1074.57,1082.6,1071.45,1076.76,-2.19,-0.2,1.04,
SPX,20100625,1075.1,1076.76,1083.56,1067.89,1073.69,3.07,0.29,1.46,
SPX,20100624,1092.04,1073.69,1090.93,1071.6,1092.04,-18.35,-1.68,1.77,
SPX,20100623,1095.57,1092.04,1099.64,1085.31,1095.31,-3.27,-0.3,1.31,
SPX,20100622,1113.05,1095.31,1118.5,1094.18,1113.2,-17.89,-1.61,2.18,
SPX,20100621,1122.79,1113.2,1131.23,1108.24,1117.51,-4.31,-0.39,2.06,
SPX,20100618,1116.16,1117.51,1121.01,1113.93,1116.04,1.48,0.13,0.63,
SPX,20100617,1114.46,1116.04,1117.72,1105.87,1114.61,1.43,0.13,1.06,
SPX,20100616,1115.2,1114.61,1118.74,1107.13,1115.23,-0.62,-0.06,1.04,
SPX,20100615,1089.62,1115.23,1115.59,1091.21,1089.63,25.6,2.35,2.24,
SPX,20100614,1091.57,1089.63,1105.91,1089.03,1091.6,-1.97,-0.18,1.55,
SPX,20100611,1082.65,1091.6,1092.25,1077.12,1086.84,4.76,0.44,1.39,
SPX,20100610,1058.77,1086.84,1087.85,1058.77,1055.69,31.15,2.95,2.75,
SPX,20100609,1062.75,1055.69,1077.74,1052.25,1062.0,-6.31,-0.59,2.4,
SPX,20100608,1050.34,1062.0,1063.15,1042.17,1050.47,11.53,1.1,2.0,
SPX,20100607,1065.84,1050.47,1071.36,1049.86,1064.88,-14.4,-1.35,2.02,
SPX,20100604,1098.43,1064.88,1098.43,1060.5,1102.83,-37.95,-3.44,3.44,
SPX,20100603,1098.82,1102.83,1105.67,1091.81,1098.38,4.45,0.41,1.26,
SPX,20100602,1073.01,1098.38,1098.56,1072.03,1070.71,27.67,2.58,2.48,
SPX,20100601,1087.3,1070.71,1094.77,1069.89,1089.41,-18.7,-1.72,2.28,
SPX,20100730,1098.44,1101.6,1106.44,1088.01,1101.53,0.07,0.01,1.67,
SPX,20100729,1105.96,1101.53,1115.9,1092.82,1106.13,-4.6,-0.42,2.09,
SPX,20100728,1112.84,1106.13,1114.66,1103.11,1113.84,-7.71,-0.69,1.04,
SPX,20100727,1117.36,1113.84,1120.95,1109.78,1115.01,-1.17,-0.11,1.0,
SPX,20100726,1102.89,1115.01,1115.01,1101.3,1102.66,12.35,1.12,1.24,
SPX,20100723,1092.17,1102.66,1103.73,1087.88,1093.67,8.99,0.82,1.45,
SPX,20100722,1072.14,1093.67,1097.5,1072.14,1069.59,24.08,2.25,2.37,
SPX,20100721,1083.33,1069.59,1088.96,1065.25,1083.48,-13.89,-1.28,2.19,
SPX,20100720,1071.23,1083.48,1083.94,1056.88,1071.25,12.24,1.14,2.53,
SPX,20100719,1064.86,1071.25,1074.7,1061.11,1064.88,6.37,0.6,1.28,
SPX,20100716,1096.45,1064.88,1093.85,1063.32,1096.48,-31.6,-2.88,2.78,
SPX,20100715,1094.46,1096.48,1098.66,1080.53,1095.17,1.3,0.12,1.66,
SPX,20100714,1095.61,1095.17,1099.08,1087.68,1095.34,-0.16,-0.02,1.04,
SPX,20100713,1080.65,1095.34,1099.46,1080.65,1078.75,16.59,1.54,1.74,
SPX,20100712,1077.95,1078.75,1080.78,1070.45,1077.96,0.79,0.07,0.96,
SPX,20100709,1070.25,1077.96,1078.16,1068.1,1070.25,7.71,0.72,0.94,
SPX,20100708,1060.23,1070.25,1071.25,1058.24,1060.27,9.97,0.94,1.23,
SPX,20100707,1027.55,1060.27,1060.89,1028.54,1028.06,32.21,3.13,3.15,
SPX,20100706,1028.09,1028.06,1042.5,1018.35,1022.58,5.48,0.54,2.36,
SPX,20100702,1027.65,1022.58,1032.95,1015.93,1027.37,-4.79,-0.47,1.66,
SPX,20100701,1031.1,1027.37,1033.58,1010.91,1030.71,-3.34,-0.32,2.2,
SPX,20100831,1048.88,1049.33,1055.14,1040.88,1048.92,0.4,0.04,1.36,
SPX,20100830,1064.38,1048.92,1064.4,1048.79,1064.59,-15.67,-1.47,1.47,
SPX,20100827,1049.27,1064.59,1065.21,1039.7,1047.22,17.37,1.66,2.44,
SPX,20100826,1056.28,1047.22,1061.45,1045.4,1055.33,-8.1,-0.77,1.52,
SPX,20100825,1048.98,1055.33,1059.38,1039.83,1051.87,3.46,0.33,1.86,
SPX,20100824,1063.2,1051.87,1063.2,1046.68,1067.36,-15.49,-1.45,1.55,
SPX,20100823,1071.68,1067.36,1081.58,1067.08,1071.69,-4.33,-0.4,1.35,
SPX,20100820,1075.63,1071.69,1075.63,1063.91,1075.63,-3.94,-0.37,1.09,
SPX,20100819,1092.44,1075.63,1092.44,1070.66,1094.16,-18.53,-1.69,1.99,
SPX,20100818,1092.4,1094.16,1099.77,1085.76,1092.54,1.62,0.15,1.28,
SPX,20100817,1081.16,1092.54,1100.14,1081.16,1079.38,13.17,1.22,1.76,
SPX,20100816,1079.19,1079.38,1082.62,1069.49,1079.25,0.13,0.01,1.22,
SPX,20100813,1083.57,1079.25,1086.25,1079.0,1083.61,-4.36,-0.4,0.67,
SPX,20100812,1081.48,1083.61,1086.72,1076.69,1089.47,-5.86,-0.54,0.92,
SPX,20100811,1120.52,1089.47,1116.89,1088.55,1121.06,-31.59,-2.82,2.53,
SPX,20100810,1127.77,1121.06,1127.16,1111.58,1127.79,-6.73,-0.6,1.38,
SPX,20100809,1122.8,1127.79,1129.24,1120.91,1121.64,6.15,0.55,0.74,
SPX,20100806,1125.69,1121.64,1123.06,1107.17,1125.81,-4.17,-0.37,1.41,
SPX,20100805,1127.2,1125.81,1126.56,1118.81,1127.24,-1.42,-0.13,0.69,
SPX,20100804,1121.06,1127.24,1128.75,1119.46,1120.46,6.78,0.61,0.83,
SPX,20100803,1125.86,1120.46,1125.44,1116.76,1125.86,-5.4,-0.48,0.77,
SPX,20100802,1101.6,1125.86,1127.3,1107.53,1101.6,24.26,2.2,1.79,
SPX,20100930,1145.97,1141.2,1157.16,1136.08,1144.73,-3.53,-0.31,1.84,
SPX,20100929,1147.56,1144.73,1148.63,1140.26,1147.7,-2.97,-0.26,0.73,
SPX,20100928,1141.97,1147.7,1150.0,1132.09,1142.16,5.54,0.48,1.57,
SPX,20100927,1148.64,1142.16,1149.92,1142.0,1148.67,-6.51,-0.57,0.69,
SPX,20100924,1124.83,1148.67,1148.9,1131.69,1124.83,23.84,2.12,1.53,
SPX,20100923,1131.1,1124.83,1136.77,1122.79,1134.28,-9.45,-0.83,1.23,
SPX,20100922,1139.49,1134.28,1144.38,1131.58,1139.78,-5.5,-0.48,1.12,
SPX,20100921,1142.69,1139.78,1148.59,1136.22,1142.71,-2.93,-0.26,1.08,
SPX,20100920,1126.57,1142.71,1144.86,1126.57,1125.59,17.12,1.52,1.62,
SPX,20100917,1126.39,1125.59,1131.47,1122.43,1124.66,0.93,0.08,0.8,
SPX,20100916,1123.89,1124.66,1125.44,1118.88,1125.07,-0.4,-0.04,0.58,
SPX,20100915,1119.43,1125.07,1126.46,1114.63,1121.1,3.97,0.35,1.06,
SPX,20100914,1121.9,1121.1,1127.36,1115.58,1121.9,-0.8,-0.07,1.05,
SPX,20100913,1109.16,1121.9,1123.87,1113.38,1109.55,12.35,1.11,0.95,
SPX,20100910,1104.57,1109.55,1110.88,1103.92,1104.18,5.37,0.49,0.63,
SPX,20100909,1098.86,1104.18,1110.27,1101.15,1098.87,5.31,0.48,0.83,
SPX,20100908,1091.63,1098.87,1103.26,1092.36,1091.84,7.03,0.64,1.0,
SPX,20100907,1102.6,1091.84,1102.6,1091.15,1104.51,-12.67,-1.15,1.04,
SPX,20100903,1090.08,1104.51,1105.1,1093.61,1090.1,14.41,1.32,1.05,
SPX,20100902,1080.66,1090.1,1090.1,1080.39,1080.29,9.81,0.91,0.9,
SPX,20100901,1049.72,1080.29,1081.3,1049.72,1049.33,30.97,2.95,3.01,
SPX,20101029,1183.78,1183.26,1185.46,1179.7,1183.78,-0.52,-0.04,0.49,
SPX,20101028,1182.36,1183.78,1189.53,1177.1,1182.45,1.33,0.11,1.05,
SPX,20101027,1183.84,1182.45,1183.84,1171.7,1185.64,-3.19,-0.27,1.02,
SPX,20101026,1185.62,1185.64,1187.11,1177.72,1185.62,0.02,0.0,0.79,
SPX,20101025,1184.74,1185.62,1196.14,1184.74,1183.08,2.54,0.22,0.96,
SPX,20101022,1180.52,1183.08,1183.93,1178.99,1180.26,2.81,0.24,0.42,
SPX,20101021,1178.11,1180.26,1189.43,1171.17,1178.17,2.09,0.18,1.55,
SPX,20101020,1165.72,1178.17,1182.94,1166.74,1165.9,12.28,1.05,1.39,
SPX,20101019,1178.64,1165.9,1178.64,1159.71,1184.71,-18.82,-1.59,1.6,
SPX,20101018,1176.17,1184.71,1185.53,1174.55,1176.19,8.52,0.72,0.93,
SPX,20101015,1173.81,1176.19,1181.2,1167.12,1173.81,2.37,0.2,1.2,
SPX,20101014,1178.1,1173.81,1178.89,1166.71,1178.1,-4.29,-0.36,1.03,
SPX,20101013,1171.32,1178.1,1184.38,1171.32,1169.77,8.33,0.71,1.12,
SPX,20101012,1164.28,1169.77,1172.58,1155.71,1165.32,4.45,0.38,1.45,
SPX,20101011,1165.15,1165.32,1168.68,1162.02,1165.15,0.17,0.01,0.57,
SPX,20101008,1158.36,1165.15,1167.73,1155.58,1158.06,7.09,0.61,1.05,
SPX,20101007,1159.97,1158.06,1163.87,1151.41,1159.97,-1.92,-0.17,1.07,
SPX,20101006,1160.16,1159.97,1162.33,1154.85,1160.75,-0.78,-0.07,0.64,
SPX,20101005,1140.68,1160.75,1162.76,1140.68,1137.03,23.72,2.09,1.94,
SPX,20101004,1144.96,1137.03,1148.16,1131.87,1146.24,-9.2,-0.8,1.42,
SPX,20101001,1143.49,1146.24,1150.3,1139.42,1141.2,5.04,0.44,0.95,
SPX,20101130,1182.96,1180.55,1187.4,1174.14,1187.76,-7.21,-0.61,1.12,
SPX,20101129,1189.08,1187.76,1190.34,1173.64,1189.4,-1.64,-0.14,1.4,
SPX,20101126,1198.07,1189.4,1194.16,1186.93,1198.35,-8.95,-0.75,0.6,
SPX,20101124,1183.7,1198.35,1198.62,1183.7,1180.73,17.63,1.49,1.26,
SPX,20101123,1197.82,1180.73,1192.51,1176.91,1197.84,-17.12,-1.43,1.3,
SPX,20101122,1199.72,1197.84,1198.94,1184.58,1199.73,-1.89,-0.16,1.2,
SPX,20101119,1196.12,1199.73,1199.97,1189.44,1196.69,3.04,0.25,0.88,
SPX,20101118,1178.57,1196.69,1200.29,1183.75,1178.59,18.1,1.54,1.4,
SPX,20101117,1178.15,1178.59,1183.56,1175.82,1178.34,0.24,0.02,0.66,
SPX,20101116,1194.79,1178.34,1194.79,1173.0,1197.75,-19.41,-1.62,1.82,
SPX,20101115,1200.44,1197.75,1207.43,1197.15,1199.21,-1.46,-0.12,0.86,
SPX,20101112,1209.07,1199.21,1210.5,1194.08,1213.54,-14.33,-1.18,1.35,
SPX,20101111,1218.71,1213.54,1215.45,1204.49,1218.71,-5.17,-0.42,0.9,
SPX,20101110,1213.14,1218.71,1218.75,1204.33,1213.4,5.31,0.44,1.19,
SPX,20101109,1222.87,1213.4,1226.84,1208.94,1223.25,-9.85,-0.81,1.46,
SPX,20101108,1225.69,1223.25,1224.57,1217.55,1225.85,-2.6,-0.21,0.57,
SPX,20101105,1221.2,1225.85,1227.08,1220.29,1221.06,4.79,0.39,0.56,
SPX,20101104,1197.75,1221.06,1221.25,1198.34,1197.96,23.09,1.93,1.91,
SPX,20101103,1193.79,1197.96,1198.3,1183.56,1193.57,4.39,0.37,1.23,
SPX,20101102,1187.86,1193.57,1195.88,1187.86,1184.38,9.18,0.78,0.68,
SPX,20101101,1185.71,1184.38,1195.81,1177.65,1183.26,1.13,0.1,1.53,
SPX,20101231,1256.76,1257.64,1259.34,1254.19,1257.88,-0.25,-0.02,0.41,
SPX,20101230,1259.44,1257.88,1261.09,1256.32,1259.78,-1.9,-0.15,0.38,
SPX,20101229,1258.78,1259.78,1262.6,1258.78,1258.51,1.27,0.1,0.3,
SPX,20101228,1257.53,1258.51,1259.9,1256.22,1257.54,0.98,0.08,0.29,
SPX,20101227,1254.66,1257.54,1258.43,1251.48,1256.77,0.76,0.06,0.55,
SPX,20101223,1257.53,1256.77,1258.59,1254.05,1258.84,-2.07,-0.16,0.36,
SPX,20101222,1254.42,1258.84,1259.39,1254.94,1254.6,4.24,0.34,0.35,
SPX,20101221,1249.43,1254.6,1255.82,1249.43,1247.08,7.52,0.6,0.51,
SPX,20101220,1245.76,1247.08,1250.2,1241.51,1243.91,3.17,0.25,0.7,
SPX,20101217,1242.86,1243.91,1245.81,1239.87,1242.87,1.04,0.08,0.48,
SPX,20101216,1236.34,1242.87,1243.75,1232.85,1235.23,7.64,0.62,0.88,
SPX,20101215,1241.58,1235.23,1244.25,1234.01,1241.59,-6.36,-0.51,0.82,
SPX,20101214,1241.84,1241.59,1246.59,1238.17,1240.46,1.13,0.09,0.68,
SPX,20101213,1242.52,1240.46,1246.73,1240.34,1240.4,0.06,0.0,0.52,
SPX,20101210,1233.85,1240.4,1240.4,1232.58,1233.0,7.4,0.6,0.63,
SPX,20101209,1228.19,1233.0,1234.71,1226.85,1228.28,4.71,0.38,0.64,
SPX,20101208,1223.47,1228.28,1228.93,1219.5,1223.75,4.54,0.37,0.77,
SPX,20101207,1223.1,1223.75,1235.05,1223.25,1223.12,0.63,0.05,0.96,
SPX,20101206,1223.87,1223.12,1225.8,1220.67,1224.71,-1.59,-0.13,0.42,
SPX,20101203,1219.93,1224.71,1225.57,1216.82,1221.53,3.18,0.26,0.72,
SPX,20101202,1206.81,1221.53,1221.89,1206.81,1206.07,15.46,1.28,1.25,
SPX,20101201,1180.41,1206.07,1207.61,1186.6,1180.55,25.51,2.16,1.78,
SPX,20110131,1276.5,1286.12,1287.17,1276.5,1276.34,9.78,0.77,0.84,
SPX,20110128,1299.53,1276.34,1302.67,1275.1,1299.54,-23.2,-1.79,2.12,
SPX,20110127,1296.57,1299.54,1301.29,1294.41,1296.63,2.91,0.22,0.53,
SPX,20110126,1291.97,1296.63,1299.74,1291.97,1291.18,5.45,0.42,0.6,
SPX,20110125,1290.8,1291.18,1291.26,1281.07,1290.84,0.34,0.03,0.79,
SPX,20110124,1283.29,1290.84,1291.93,1282.47,1283.35,7.49,0.58,0.74,
SPX,20110121,1280.23,1283.35,1291.21,1282.07,1280.26,3.09,0.24,0.71,
SPX,20110120,1280.85,1280.26,1283.35,1271.26,1281.92,-1.66,-0.13,0.94,
SPX,20110119,1294.84,1281.92,1294.6,1278.92,1295.02,-13.1,-1.01,1.21,
SPX,20110118,1293.22,1295.02,1296.06,1290.16,1293.24,1.77,0.14,0.46,
SPX,20110114,1282.9,1293.24,1293.24,1281.24,1283.76,9.49,0.74,0.93,
SPX,20110113,1285.96,1283.76,1286.7,1280.47,1285.96,-2.2,-0.17,0.48,
SPX,20110112,1275.65,1285.96,1286.87,1275.65,1274.48,11.47,0.9,0.88,
SPX,20110111,1272.58,1274.48,1277.25,1269.62,1269.75,4.73,0.37,0.6,
SPX,20110110,1270.84,1269.75,1271.52,1262.18,1271.5,-1.75,-0.14,0.73,
SPX,20110107,1274.41,1271.5,1276.83,1261.7,1273.85,-2.35,-0.18,1.19,
SPX,20110106,1276.29,1273.85,1278.17,1270.43,1276.56,-2.71,-0.21,0.61,
SPX,20110105,1270.04,1276.56,1277.63,1265.36,1270.2,6.37,0.5,0.97,
SPX,20110104,1271.85,1270.2,1274.12,1262.66,1271.87,-1.67,-0.13,0.9,
SPX,20110103,1257.62,1271.87,1276.17,1257.62,1257.64,14.23,1.13,1.47,
SPX,20110228,1319.81,1327.22,1329.38,1320.55,1319.88,7.34,0.56,0.67,
SPX,20110225,1305.76,1319.88,1320.61,1307.34,1306.1,13.78,1.06,1.02,
SPX,20110224,1307.47,1306.1,1310.91,1294.26,1307.4,-1.3,-0.1,1.27,
SPX,20110223,1315.42,1307.4,1317.91,1299.55,1315.44,-8.05,-0.61,1.4,
SPX,20110222,1338.91,1315.44,1338.91,1312.33,1343.01,-27.57,-2.05,1.98,
SPX,20110218,1340.38,1343.01,1344.07,1338.12,1340.43,2.59,0.19,0.44,
SPX,20110217,1334.37,1340.43,1341.5,1331.0,1336.32,4.1,0.31,0.79,
SPX,20110216,1329.51,1336.32,1337.61,1329.51,1328.01,8.31,0.63,0.61,
SPX,20110215,1332.3,1328.01,1330.43,1324.61,1332.32,-4.31,-0.32,0.44,
SPX,20110214,1328.88,1332.32,1332.96,1326.9,1329.15,3.18,0.24,0.46,
SPX,20110211,1321.69,1329.15,1330.79,1316.08,1321.87,7.28,0.55,1.11,
SPX,20110210,1320.76,1321.87,1322.78,1311.74,1320.88,0.99,0.07,0.84,
SPX,20110209,1324.49,1320.88,1324.54,1314.89,1324.57,-3.69,-0.28,0.73,
SPX,20110208,1318.76,1324.57,1324.87,1316.03,1319.05,5.52,0.42,0.67,
SPX,20110207,1311.85,1319.05,1322.85,1311.85,1310.87,8.18,0.62,0.84,
SPX,20110204,1307.08,1310.87,1311.0,1301.67,1307.1,3.77,0.29,0.71,
SPX,20110203,1302.77,1307.1,1308.6,1294.83,1304.03,3.07,0.24,1.06,
SPX,20110202,1307.36,1304.03,1307.61,1302.62,1307.59,-3.56,-0.27,0.38,
SPX,20110201,1286.12,1307.59,1308.86,1289.14,1286.12,21.47,1.67,1.53,
SPX,20110331,1328.26,1325.83,1329.77,1325.03,1328.26,-2.43,-0.18,0.36,
SPX,20110330,1321.89,1328.26,1331.74,1321.89,1319.44,8.82,0.67,0.75,
SPX,20110329,1309.37,1319.44,1319.45,1305.26,1310.19,9.25,0.71,1.08,
SPX,20110328,1313.8,1310.19,1319.74,1310.19,1313.8,-3.61,-0.27,0.73,
SPX,20110325,1311.8,1313.8,1319.18,1310.15,1309.66,4.14,0.32,0.69,
SPX,20110324,1300.61,1309.66,1311.34,1297.74,1297.54,12.12,0.93,1.05,
SPX,20110323,1292.19,1297.54,1300.51,1284.05,1293.77,3.77,0.29,1.27,
SPX,20110322,1298.29,1293.77,1299.35,1292.7,1298.38,-4.61,-0.36,0.51,
SPX,20110321,1279.2,1298.38,1300.58,1281.65,1279.2,19.18,1.5,1.48,
SPX,20110318,1273.72,1279.2,1288.88,1276.18,1273.72,5.49,0.43,1.0,
SPX,20110317,1261.61,1273.72,1278.88,1261.61,1256.88,16.84,1.34,1.37,
SPX,20110316,1281.83,1256.88,1280.91,1249.05,1281.87,-25.0,-1.95,2.49,
SPX,20110315,1288.46,1281.87,1288.46,1261.12,1296.39,-14.52,-1.12,2.11,
SPX,20110314,1301.19,1296.39,1301.19,1286.37,1304.28,-7.89,-0.61,1.14,
SPX,20110311,1294.72,1304.28,1308.35,1291.99,1295.11,9.18,0.71,1.26,
SPX,20110310,1315.72,1295.11,1315.72,1294.21,1320.02,-24.92,-1.89,1.63,
SPX,20110309,1321.64,1320.02,1323.21,1312.27,1321.82,-1.79,-0.14,0.83,
SPX,20110308,1311.05,1321.82,1325.74,1306.86,1310.13,11.69,0.89,1.44,
SPX,20110307,1321.11,1310.13,1327.68,1303.99,1321.15,-11.02,-0.83,1.79,
SPX,20110304,1330.96,1321.15,1331.08,1312.59,1330.97,-9.82,-0.74,1.39,
SPX,20110303,1308.39,1330.97,1332.28,1312.37,1308.44,22.53,1.72,1.52,
SPX,20110302,1306.12,1308.44,1314.19,1302.58,1306.33,2.11,0.16,0.89,
SPX,20110301,1327.22,1306.33,1332.09,1306.14,1327.22,-20.89,-1.57,1.96,
SPX,20110429,1360.48,1363.61,1364.56,1358.69,1360.48,3.13,0.23,0.43,
SPX,20110428,1355.57,1360.48,1361.71,1353.6,1355.66,4.82,0.36,0.6,
SPX,20110427,1347.01,1355.66,1357.49,1344.25,1347.24,8.42,0.62,0.98,
SPX,20110426,1335.25,1347.24,1349.55,1336.75,1335.25,11.99,0.9,0.96,
SPX,20110425,1337.14,1335.25,1337.55,1331.47,1337.38,-2.14,-0.16,0.45,
SPX,20110421,1333.23,1337.38,1337.49,1332.83,1330.36,7.03,0.53,0.35,
SPX,20110420,1312.59,1330.36,1332.66,1319.12,1312.62,17.74,1.35,1.03,
SPX,20110419,1305.11,1312.62,1312.7,1303.97,1305.14,7.49,0.57,0.67,
SPX,20110418,1313.35,1305.14,1313.35,1294.7,1319.68,-14.54,-1.1,1.41,
SPX,20110415,1314.52,1319.68,1322.88,1313.68,1314.52,5.16,0.39,0.7,
SPX,20110414,1314.39,1314.52,1316.79,1302.42,1314.41,0.11,0.01,1.09,
SPX,20110413,1314.03,1314.41,1321.35,1309.19,1314.16,0.26,0.02,0.93,
SPX,20110412,1321.96,1314.16,1321.96,1309.51,1324.46,-10.3,-0.78,0.94,
SPX,20110411,1328.17,1324.46,1333.77,1321.06,1328.17,-3.71,-0.28,0.96,
SPX,20110408,1333.51,1328.17,1339.46,1322.94,1333.51,-5.34,-0.4,1.24,
SPX,20110407,1334.82,1333.51,1338.8,1326.56,1335.54,-2.03,-0.15,0.92,
SPX,20110406,1335.94,1335.54,1339.38,1331.09,1332.63,2.91,0.22,0.62,
SPX,20110405,1332.86,1332.63,1338.21,1330.03,1332.87,-0.24,-0.02,0.61,
SPX,20110404,1332.28,1332.87,1336.74,1329.1,1332.41,0.46,0.03,0.57,
SPX,20110401,1325.83,1332.41,1337.85,1328.89,1325.83,6.59,0.5,0.68,
SPX,20110531,1331.08,1345.2,1345.2,1331.1,1331.1,14.09,1.06,1.06,
SPX,20110527,1325.45,1331.1,1334.62,1325.69,1325.69,5.41,0.41,0.67,
SPX,20110526,1320.64,1325.69,1328.51,1314.41,1320.47,5.22,0.4,1.07,
SPX,20110525,1316.23,1320.47,1325.86,1311.8,1316.28,4.19,0.32,1.07,
SPX,20110524,1317.7,1316.28,1323.72,1313.87,1317.37,-1.08,-0.08,0.75,
SPX,20110523,1333.26,1317.37,1333.07,1312.88,1333.27,-15.9,-1.19,1.51,
SPX,20110520,1343.6,1333.27,1342.0,1330.67,1343.6,-10.33,-0.77,0.84,
SPX,20110519,1340.57,1343.6,1346.82,1336.36,1340.68,2.92,0.22,0.78,
SPX,20110518,1328.54,1340.68,1341.82,1326.59,1328.98,11.7,0.88,1.15,
SPX,20110517,1329.27,1328.98,1330.42,1318.51,1329.47,-0.49,-0.04,0.9,
SPX,20110516,1337.69,1329.47,1343.33,1327.32,1337.78,-8.31,-0.62,1.2,
SPX,20110513,1348.6,1337.78,1350.47,1333.36,1348.65,-10.87,-0.81,1.27,
SPX,20110512,1339.39,1348.65,1351.05,1332.03,1342.08,6.57,0.49,1.42,
SPX,20110511,1356.43,1342.08,1354.51,1336.36,1357.16,-15.08,-1.11,1.34,
SPX,20110510,1348.34,1357.16,1359.44,1348.34,1346.3,10.86,0.81,0.82,
SPX,20110509,1340.2,1346.3,1349.44,1338.64,1340.2,6.09,0.45,0.81,
SPX,20110506,1334.95,1340.2,1354.36,1335.58,1335.1,5.1,0.38,1.41,
SPX,20110505,1344.16,1335.1,1348.0,1329.17,1347.32,-12.22,-0.91,1.4,
SPX,20110504,1356.49,1347.32,1355.9,1341.5,1356.62,-9.3,-0.69,1.06,
SPX,20110503,1359.76,1356.62,1360.84,1349.52,1361.22,-4.6,-0.34,0.83,
SPX,20110502,1363.61,1361.22,1370.58,1358.59,1363.61,-2.39,-0.18,0.88,
SPX,20110630,1307.4,1320.64,1321.97,1307.64,1307.41,13.23,1.01,1.1,
SPX,20110629,1296.51,1307.41,1309.21,1296.85,1296.67,10.74,0.83,0.95,
SPX,20110628,1279.83,1296.67,1296.8,1280.21,1280.1,16.58,1.3,1.3,
SPX,20110627,1268.45,1280.1,1284.91,1267.53,1268.45,11.65,0.92,1.37,
SPX,20110624,1283.04,1268.45,1283.93,1267.24,1283.5,-15.05,-1.17,1.3,
SPX,20110623,1287.14,1283.5,1286.6,1262.87,1287.14,-3.64,-0.28,1.84,
SPX,20110622,1295.47,1287.14,1298.61,1286.79,1295.52,-8.38,-0.65,0.91,
SPX,20110621,1278.4,1295.52,1297.62,1278.4,1278.36,17.16,1.34,1.5,
SPX,20110620,1271.5,1278.36,1280.42,1267.56,1271.5,6.86,0.54,1.01,
SPX,20110617,1268.58,1271.5,1279.82,1267.4,1267.64,3.87,0.31,0.98,
SPX,20110616,1265.53,1267.64,1274.11,1258.07,1265.42,2.21,0.17,1.27,
SPX,20110615,1287.85,1265.42,1287.87,1261.9,1287.87,-22.44,-1.74,2.02,
SPX,20110614,1272.22,1287.87,1292.5,1272.22,1271.83,16.04,1.26,1.59,
SPX,20110613,1271.31,1271.83,1277.04,1265.64,1270.98,0.85,0.07,0.9,
SPX,20110610,1288.99,1270.98,1288.6,1268.28,1289.0,-18.02,-1.4,1.58,
SPX,20110609,1279.63,1289.0,1294.54,1279.63,1279.56,9.45,0.74,1.17,
SPX,20110608,1284.68,1279.56,1287.04,1277.42,1284.94,-5.39,-0.42,0.75,
SPX,20110607,1286.31,1284.94,1296.22,1284.74,1286.17,-1.22,-0.1,0.89,
SPX,20110606,1300.26,1286.17,1300.26,1284.72,1300.16,-13.99,-1.08,1.2,
SPX,20110603,1312.92,1300.16,1312.94,1297.9,1312.94,-12.77,-0.97,1.15,
SPX,20110602,1314.47,1312.94,1318.03,1305.61,1314.55,-1.61,-0.12,0.94,
SPX,20110601,1345.2,1314.55,1345.2,1313.71,1345.2,-30.65,-2.28,2.34,
SPX,20110729,1300.67,1292.28,1304.16,1282.86,1300.67,-8.38,-0.64,1.64,951840.07
SPX,20110728,1304.84,1300.67,1316.32,1299.16,1304.89,-4.22,-0.32,1.32,748423.13
SPX,20110727,1331.88,1304.89,1331.91,1303.49,1331.94,-27.05,-2.03,2.13,852722.88
SPX,20110726,1337.43,1331.94,1338.51,1329.59,1337.43,-5.49,-0.41,0.67,652053.0
SPX,20110725,1345.01,1337.43,1344.32,1331.09,1345.02,-7.58,-0.56,0.98,576860.13
SPX,20110722,1343.8,1345.02,1346.1,1336.95,1343.8,1.21,0.09,0.68,585559.07
SPX,20110721,1325.65,1343.8,1347.0,1325.65,1325.84,17.96,1.35,1.61,829496.13
SPX,20110720,1328.66,1325.84,1330.43,1323.65,1326.73,-0.89,-0.07,0.51,644010.0
SPX,20110719,1305.44,1326.73,1328.14,1307.07,1305.44,21.29,1.63,1.61,696043.94
SPX,20110718,1315.94,1305.44,1315.94,1295.92,1316.14,-10.71,-0.81,1.52,678947.0
SPX,20110715,1308.87,1316.14,1317.7,1307.52,1308.87,7.28,0.56,0.78,884873.07
SPX,20110714,1317.7,1308.87,1326.88,1306.51,1317.72,-8.85,-0.67,1.55,720240.94
SPX,20110713,1314.45,1317.72,1331.48,1314.45,1313.64,4.08,0.31,1.3,665194.07
SPX,20110712,1319.48,1313.64,1327.17,1313.33,1319.49,-5.85,-0.44,1.05,727709.0
SPX,20110711,1343.8,1319.49,1343.31,1316.42,1343.8,-24.31,-1.81,2.0,634678.0
SPX,20110708,1352.39,1343.8,1352.39,1333.71,1353.22,-9.41,-0.7,1.38,604565.94
SPX,20110707,1339.62,1353.22,1356.48,1339.62,1339.22,13.99,1.04,1.26,
SPX,20110706,1337.56,1339.22,1340.94,1330.92,1337.88,1.35,0.1,0.75,
SPX,20110705,1339.66,1337.88,1340.89,1334.3,1339.67,-1.79,-0.13,0.49,
SPX,20110701,1320.64,1339.67,1341.01,1318.18,1320.64,19.03,1.44,1.73,
SPX,20110831,1213.0,1218.89,1230.71,1209.35,1212.92,5.97,0.49,1.76,963811.07
SPX,20110830,1209.8,1212.92,1220.1,1195.77,1210.08,2.84,0.23,2.01,794771.0
SPX,20110829,1176.67,1210.08,1210.28,1177.91,1176.8,33.28,2.83,2.75,686404.07
SPX,20110826,1159.1,1176.8,1181.23,1135.91,1159.27,17.53,1.51,3.91,917775.88
SPX,20110825,1177.58,1159.27,1190.68,1155.47,1177.6,-18.33,-1.56,2.99,944172.13
SPX,20110824,1162.24,1177.6,1178.56,1156.3,1162.35,15.25,1.31,1.92,876215.07
SPX,20110823,1124.36,1162.35,1162.35,1122.91,1123.82,38.53,3.43,3.51,962340.07
SPX,20110822,1123.55,1123.82,1145.49,1121.09,1123.53,0.29,0.03,2.17,911681.88
SPX,20110819,1140.65,1123.53,1154.54,1122.05,1140.65,-17.12,-1.5,2.85,1274017.0
SPX,20110818,1193.81,1140.65,1189.62,1131.03,1193.89,-53.24,-4.46,4.91,1304288.0
SPX,20110817,1192.43,1193.89,1208.47,1184.36,1192.76,1.12,0.09,2.02,784412.13
SPX,20110816,1204.22,1192.76,1204.22,1180.53,1204.49,-11.73,-0.97,1.97,871874.0
SPX,20110815,1178.72,1204.49,1204.49,1178.86,1178.81,25.68,2.18,2.17,855621.13
SPX,20110812,1172.62,1178.81,1189.04,1170.74,1172.64,6.17,0.53,1.56,1000795.0
SPX,20110811,1120.56,1172.64,1186.29,1121.3,1120.76,51.88,4.63,5.8,1528892.0
SPX,20110810,1171.77,1120.76,1171.77,1118.01,1172.53,-51.78,-4.42,4.58,1717760.0
SPX,20110809,1120.23,1172.53,1172.88,1101.54,1119.46,53.07,4.74,6.37,1861439.0
SPX,20110808,1198.48,1119.46,1198.48,1119.28,1199.38,-79.91,-6.66,6.6,1938224.0
SPX,20110805,1200.28,1199.38,1218.11,1168.09,1200.07,-0.7,-0.06,4.17,1724038.0
SPX,20110804,1260.28,1200.07,1260.23,1199.54,1260.34,-60.27,-4.78,4.82,1354440.0
SPX,20110803,1253.74,1260.34,1261.2,1234.56,1254.05,6.29,0.5,2.12,1017929.0
SPX,20110802,1286.56,1254.05,1286.56,1254.03,1286.94,-32.89,-2.56,2.53,960304.94
SPX,20110801,1292.59,1286.94,1307.38,1274.73,1292.28,-5.34,-0.41,2.53,851982.94
SPX,20110930,1159.93,1131.42,1159.93,1131.34,1160.4,-28.98,-2.5,2.46,986532.94
SPX,20110929,1151.74,1160.4,1175.87,1139.93,1151.06,9.34,0.81,3.12,883318.13
SPX,20110928,1175.12,1151.06,1184.71,1150.4,1175.38,-24.31,-2.07,2.92,789870.13
SPX,20110927,1163.32,1175.38,1195.86,1163.32,1162.95,12.43,1.07,2.8,900240.0
SPX,20110926,1136.43,1162.95,1164.19,1131.07,1136.43,26.52,2.33,2.91,918022.94
SPX,20110923,1128.82,1136.43,1141.72,1121.36,1129.56,6.87,0.61,1.8,951820.07
SPX,20110922,1166.76,1129.56,1164.55,1114.22,1166.76,-37.2,-3.19,4.31,1347290.0
SPX,20110921,1203.63,1166.76,1206.3,1166.21,1202.09,-35.33,-2.94,3.34,967540.07
SPX,20110920,1204.05,1202.09,1220.39,1201.29,1204.09,-2.0,-0.17,1.59,720959.94
SPX,20110919,1214.99,1204.09,1214.99,1188.36,1216.01,-11.92,-0.98,2.19,738602.07
SPX,20110916,1209.21,1216.01,1220.06,1204.46,1209.11,6.9,0.57,1.29,1568106.0
SPX,20110915,1189.44,1209.11,1209.11,1189.44,1188.68,20.44,1.72,1.65,802305.94
SPX,20110914,1172.87,1188.68,1202.38,1162.73,1172.87,15.8,1.35,3.38,887358.88
SPX,20110913,1161.85,1172.87,1176.41,1157.44,1162.27,10.61,0.91,1.63,832336.94
SPX,20110912,1153.5,1162.27,1162.52,1136.07,1154.23,8.03,0.7,2.29,857714.13
SPX,20110909,1185.37,1154.23,1185.37,1148.37,1185.9,-31.67,-2.67,3.12,993603.0
SPX,20110908,1197.98,1185.9,1204.4,1183.34,1198.62,-12.73,-1.06,1.76,782308.13
SPX,20110907,1164.99,1198.62,1198.62,1165.85,1165.24,33.39,2.87,2.81,771110.13
SPX,20110906,1173.97,1165.24,1173.97,1140.13,1173.97,-8.73,-0.74,2.88,860860.13
SPX,20110902,1203.9,1173.97,1203.9,1170.56,1204.42,-30.45,-2.53,2.77,723928.94
SPX,20110901,1219.12,1204.42,1229.29,1203.85,1218.89,-14.47,-1.19,2.09,742114.0
SPX,20111031,1285.09,1253.3,1284.96,1253.16,1285.09,-31.79,-2.47,2.47,860462.88
SPX,20111028,1284.39,1285.09,1287.08,1277.01,1284.59,0.5,0.04,0.78,773623.07
SPX,20111027,1241.93,1284.59,1292.66,1243.97,1242.0,42.59,3.43,3.92,1060954.0
SPX,20111026,1229.17,1242.0,1246.28,1221.06,1229.05,12.95,1.05,2.05,892603.0
SPX,20111025,1254.19,1229.05,1253.86,1226.79,1254.19,-25.14,-2.0,2.16,774021.0
SPX,20111024,1238.72,1254.19,1256.55,1238.72,1238.25,15.95,1.29,1.44,700004.88
SPX,20111021,1215.39,1238.25,1239.03,1215.39,1215.39,22.86,1.88,1.95,1039907.0
SPX,20111020,1209.85,1215.39,1219.53,1197.34,1209.88,5.51,0.46,1.83,768757.07
SPX,20111019,1225.19,1209.88,1229.64,1206.31,1225.38,-15.5,-1.26,1.9,776277.13
SPX,20111018,1200.75,1225.38,1233.1,1191.48,1200.86,24.52,2.04,3.47,853335.94
SPX,20111017,1224.54,1200.86,1224.47,1198.55,1224.58,-23.72,-1.94,2.12,679194.07
SPX,20111014,1205.65,1224.58,1224.61,1205.65,1203.66,20.92,1.74,1.58,627783.94
SPX,20111013,1206.96,1203.66,1207.46,1190.58,1207.25,-3.6,-0.3,1.4,678084.94
SPX,20111012,1196.19,1207.25,1220.25,1196.19,1195.54,11.72,0.98,2.01,805996.13
SPX,20111011,1194.87,1195.54,1199.24,1187.3,1194.89,0.65,0.05,1.0,650495.13
SPX,20111010,1158.15,1194.89,1194.91,1158.15,1155.46,39.42,3.41,3.18,654899.88
SPX,20111007,1164.97,1155.46,1171.4,1150.26,1164.97,-9.51,-0.82,1.81,881987.07
SPX,20111006,1143.93,1164.97,1165.55,1134.95,1144.03,20.94,1.83,2.67,851179.94
SPX,20111005,1123.37,1144.03,1146.07,1115.68,1123.95,20.09,1.79,2.7,973757.07
SPX,20111004,1099.12,1123.95,1125.12,1074.77,1099.23,24.72,2.25,4.58,1234751.0
SPX,20111003,1131.4,1099.23,1138.99,1098.92,1131.42,-32.19,-2.85,3.54,1064637.0
SPX,20111130,1195.02,1246.96,1247.11,1196.72,1195.19,51.77,4.33,4.22,1172115.0
SPX,20111129,1192.13,1195.19,1203.67,1191.8,1192.55,2.65,0.22,1.0,647615.94
SPX,20111128,1158.52,1192.55,1197.35,1158.67,1158.67,33.88,2.92,3.34,739215.07
SPX,20111125,1161.61,1158.67,1172.66,1158.66,1161.79,-3.12,-0.27,1.21,335956.07
SPX,20111123,1187.99,1161.79,1187.48,1161.79,1188.04,-26.24,-2.21,2.16,689777.13
SPX,20111122,1192.98,1188.04,1196.81,1181.65,1192.98,-4.95,-0.41,1.27,674946.07
SPX,20111121,1215.62,1192.98,1215.62,1183.16,1215.65,-22.67,-1.86,2.67,735398.94
SPX,20111118,1216.19,1215.65,1223.51,1211.36,1216.13,-0.47,-0.04,1.0,788179.94
SPX,20111117,1236.9,1216.13,1237.73,1209.43,1236.91,-20.79,-1.68,2.29,822872.07
SPX,20111116,1257.47,1236.91,1259.61,1235.67,1257.81,-20.9,-1.66,1.9,753541.0
SPX,20111115,1251.76,1257.81,1264.25,1244.34,1251.78,6.03,0.48,1.59,624302.0
SPX,20111114,1263.85,1251.78,1263.85,1246.68,1263.85,-12.07,-0.96,1.36,533462.88
SPX,20111111,1239.69,1263.85,1266.98,1240.12,1239.69,24.17,1.95,2.17,576720.94
SPX,20111110,1228.93,1239.69,1246.22,1227.7,1229.1,10.59,0.86,1.51,686103.0
SPX,20111109,1275.18,1229.1,1275.18,1226.64,1275.92,-46.83,-3.67,3.8,851197.0
SPX,20111108,1261.12,1275.92,1277.55,1254.99,1261.12,14.8,1.17,1.79,658714.13
SPX,20111107,1253.21,1261.12,1261.7,1240.75,1253.23,7.89,0.63,1.67,599517.07
SPX,20111104,1261.14,1253.23,1260.82,1238.92,1261.15,-7.93,-0.63,1.74,650297.13
SPX,20111103,1238.25,1261.15,1263.21,1234.81,1237.9,23.25,1.88,2.29,794730.94
SPX,20111102,1218.17,1237.9,1242.48,1219.62,1218.28,19.63,1.61,1.88,751246.13
SPX,20111101,1253.29,1218.28,1251.0,1215.42,1253.3,-35.02,-2.79,2.84,1000384.1
SPX,20111230,1262.99,1257.6,1264.12,1257.46,1263.02,-5.41,-0.43,0.53,422083.0
SPX,20111229,1249.75,1263.02,1263.54,1249.75,1249.64,13.38,1.07,1.1,375206.07
SPX,20111228,1265.38,1249.64,1265.85,1248.64,1265.43,-15.79,-1.25,1.36,388378.94
SPX,20111227,1265.02,1265.43,1269.37,1262.3,1265.33,0.1,0.01,0.56,347087.88
SPX,20111223,1253.99,1265.33,1265.42,1254.0,1254.0,11.33,0.9,0.91,352909.94
SPX,20111222,1243.4,1254.0,1255.22,1243.72,1243.72,10.28,0.83,0.92,615073.0
SPX,20111221,1241.28,1243.72,1245.09,1229.51,1241.3,2.41,0.19,1.26,715569.07
SPX,20111220,1205.72,1241.3,1242.82,1205.72,1205.35,35.95,2.98,3.08,741105.0
SPX,20111219,1219.74,1205.35,1224.57,1202.37,1219.66,-14.31,-1.17,1.82,569816.88
SPX,20111216,1215.73,1219.66,1231.04,1215.2,1215.75,3.9,0.32,1.3,1403591.0
SPX,20111215,1212.12,1215.75,1225.6,1212.12,1211.82,3.93,0.32,1.11,648747.07
SPX,20111214,1225.73,1211.82,1225.73,1209.47,1225.73,-13.91,-1.14,1.33,698586.94
SPX,20111213,1236.83,1225.73,1249.86,1219.43,1236.47,-10.74,-0.87,2.46,735543.0
SPX,20111212,1255.05,1236.47,1255.05,1227.25,1255.19,-18.72,-1.49,2.21,610944.07
SPX,20111209,1234.48,1255.19,1258.25,1234.48,1234.35,20.84,1.69,1.93,607239.0
SPX,20111208,1260.99,1234.35,1260.87,1231.47,1261.01,-26.66,-2.11,2.33,710781.0
SPX,20111207,1258.14,1261.01,1267.06,1244.8,1258.47,2.54,0.2,1.77,717575.94
SPX,20111206,1257.06,1258.47,1266.03,1253.03,1257.08,1.39,0.11,1.03,595394.07
SPX,20111205,1244.33,1257.08,1266.73,1244.33,1244.28,12.8,1.03,1.8,681305.94
SPX,20111202,1246.03,1244.28,1260.08,1243.35,1244.58,-0.3,-0.02,1.34,664845.0
SPX,20111201,1246.92,1244.58,1251.09,1239.73,1246.96,-2.38,-0.19,0.91,616267.07
SPX,20120131,1313.01,1312.41,1321.41,1306.69,1313.01,-0.6,-0.05,1.12,797230.0
SPX,20120130,1316.32,1313.01,1316.16,1300.49,1316.33,-3.31,-0.25,1.19,577399.88
SPX,20120127,1318.38,1316.33,1320.06,1311.72,1318.43,-2.1,-0.16,0.63,676624.0
SPX,20120126,1326.28,1318.43,1333.47,1313.6,1326.05,-7.62,-0.57,1.5,701746.13
SPX,20120125,1314.64,1326.05,1328.3,1307.65,1314.65,11.39,0.87,1.57,686712.88
SPX,20120124,1315.97,1314.65,1315.96,1306.06,1316.0,-1.35,-0.1,0.75,584740.0
SPX,20120123,1315.29,1316.0,1322.28,1309.89,1315.38,0.62,0.05,0.94,583433.13
SPX,20120120,1314.47,1315.38,1315.38,1309.17,1314.5,0.88,0.07,0.47,878320.07
SPX,20120119,1308.07,1314.5,1315.49,1308.07,1308.04,6.46,0.49,0.57,663576.88
SPX,20120118,1293.46,1308.04,1308.11,1290.99,1293.67,14.37,1.11,1.32,675850.13
SPX,20120117,1289.09,1293.67,1303.0,1290.22,1289.09,4.58,0.35,0.99,641969.0
SPX,20120113,1294.82,1289.09,1294.82,1277.58,1295.5,-6.41,-0.49,1.33,656666.0
SPX,20120112,1292.48,1295.5,1296.82,1285.77,1292.48,3.03,0.23,0.85,580177.0
SPX,20120111,1292.02,1292.48,1293.8,1285.41,1292.08,0.4,0.03,0.65,568740.94
SPX,20120110,1280.68,1292.08,1296.46,1280.77,1280.7,11.38,0.89,1.23,653259.07
SPX,20120109,1277.83,1280.7,1281.99,1274.55,1277.81,2.89,0.23,0.58,582309.07
SPX,20120106,1280.58,1277.81,1281.84,1273.34,1281.06,-3.25,-0.25,0.66,586007.07
SPX,20120105,1277.3,1281.06,1283.05,1265.26,1277.3,3.76,0.29,1.39,661073.0
SPX,20120104,1276.79,1277.3,1278.73,1268.1,1277.06,0.24,0.02,0.83,613302.0
SPX,20120103,1258.86,1277.06,1284.62,1258.86,1257.6,19.46,1.55,2.05,662715.07
SPX,20120229,1372.2,1365.68,1378.04,1363.81,1372.18,-6.49,-0.47,1.04,839339.13
SPX,20120228,1367.37,1372.18,1373.09,1365.97,1367.59,4.59,0.34,0.52,586647.94
SPX,20120227,1365.2,1367.59,1371.94,1354.92,1365.74,1.84,0.13,1.25,572529.07
SPX,20120224,1363.46,1365.74,1368.92,1363.46,1363.46,2.28,0.17,0.4,472035.88
SPX,20120223,1357.53,1363.46,1364.24,1352.28,1357.66,5.8,0.43,0.88,568545.88
SPX,20120222,1362.15,1357.66,1362.7,1355.53,1362.21,-4.55,-0.33,0.53,564038.07
SPX,20120221,1361.22,1362.21,1367.76,1358.11,1361.23,0.98,0.07,0.71,621982.94
SPX,20120217,1358.0,1361.23,1363.4,1357.24,1358.04,3.18,0.23,0.45,847907.94
SPX,20120216,1343.05,1358.04,1359.02,1341.22,1343.23,14.82,1.1,1.33,613532.94
SPX,20120215,1350.06,1343.23,1355.87,1340.8,1350.5,-7.27,-0.54,1.12,620011.94
SPX,20120214,1351.3,1350.5,1351.3,1340.83,1351.77,-1.27,-0.09,0.77,575332.07
SPX,20120213,1343.06,1351.77,1353.35,1343.06,1342.64,9.13,0.68,0.77,509389.88
SPX,20120210,1351.21,1342.64,1351.21,1337.35,1351.95,-9.31,-0.69,1.03,563291.0
SPX,20120209,1349.97,1351.95,1354.32,1344.63,1349.96,1.99,0.15,0.72,607917.0
SPX,20120208,1346.58,1349.96,1351.0,1341.95,1347.05,2.91,0.22,0.67,595613.07
SPX,20120207,1344.33,1347.05,1349.24,1335.92,1344.33,2.71,0.2,0.99,535133.07
SPX,20120206,1344.9,1344.33,1344.36,1337.52,1344.9,-0.57,-0.04,0.51,531777.13
SPX,20120203,1326.21,1344.9,1345.34,1326.21,1325.54,19.36,1.46,1.44,665334.0
SPX,20120202,1323.99,1325.54,1329.19,1321.57,1324.09,1.45,0.11,0.58,584222.88
SPX,20120201,1312.45,1324.09,1330.52,1312.45,1312.41,11.68,0.89,1.38,672663.07
SPX,20120330,1403.27,1408.47,1410.89,1401.42,1403.28,5.19,0.37,0.67,744670.88
SPX,20120329,1405.51,1403.28,1405.39,1391.56,1405.54,-2.27,-0.16,0.98,620549.07
SPX,20120328,1412.21,1405.54,1413.65,1397.2,1412.52,-6.97,-0.49,1.16,632733.88
SPX,20120327,1416.36,1412.52,1419.15,1411.95,1416.51,-4.0,-0.28,0.51,554126.0
SPX,20120326,1397.11,1416.51,1416.58,1397.11,1397.11,19.4,1.39,1.39,556882.07
SPX,20120323,1392.78,1397.11,1399.18,1386.87,1392.78,4.32,0.31,0.88,570172.13
SPX,20120322,1402.89,1392.78,1402.89,1388.73,1402.89,-10.11,-0.72,1.01,568355.0
SPX,20120321,1405.52,1402.89,1407.75,1400.64,1405.52,-2.62,-0.19,0.51,569389.88
SPX,20120320,1409.73,1405.52,1409.59,1397.68,1409.75,-4.23,-0.3,0.84,543643.07
SPX,20120319,1404.17,1409.75,1414.0,1402.43,1404.17,5.57,0.4,0.82,545545.88
SPX,20120316,1402.59,1404.17,1405.88,1401.47,1402.6,1.57,0.11,0.31,1343126.0
SPX,20120315,1394.17,1402.6,1402.63,1392.78,1394.28,8.32,0.6,0.71,662602.07
SPX,20120314,1395.91,1394.28,1399.42,1389.97,1395.95,-1.67,-0.12,0.68,678427.0
SPX,20120313,1370.64,1395.95,1396.13,1371.92,1371.09,24.85,1.81,1.77,672518.07
SPX,20120312,1370.8,1371.09,1373.04,1366.69,1370.87,0.23,0.02,0.46,473773.94
SPX,20120309,1365.91,1370.87,1374.76,1365.97,1365.91,4.96,0.36,0.64,517233.88
SPX,20120308,1352.65,1365.91,1368.72,1352.65,1352.63,13.28,0.98,1.19,531454.13
SPX,20120307,1343.39,1352.63,1354.85,1343.39,1343.36,9.27,0.69,0.85,618035.88
SPX,20120306,1364.29,1343.36,1363.63,1340.03,1364.34,-20.98,-1.54,1.73,658266.13
SPX,20120305,1369.56,1364.34,1369.59,1359.13,1369.63,-5.29,-0.39,0.76,529724.13
SPX,20120302,1374.09,1369.63,1374.53,1366.42,1374.09,-4.46,-0.32,0.59,471320.07
SPX,20120301,1365.9,1374.09,1376.17,1365.9,1365.68,8.4,0.62,0.75,617111.07
SPX,20120430,1403.26,1397.91,1403.26,1394.0,1403.36,-5.45,-0.39,0.66,607527.13
SPX,20120427,1399.96,1403.36,1406.64,1397.31,1399.98,3.38,0.24,0.67,574422.13
SPX,20120426,1390.64,1399.98,1402.09,1387.28,1390.69,9.29,0.67,1.06,587282.94
SPX,20120425,1371.78,1390.69,1391.37,1372.11,1371.97,18.72,1.36,1.4,632292.0
SPX,20120424,1366.97,1371.97,1375.57,1366.82,1366.94,5.03,0.37,0.64,607308.13
SPX,20120423,1378.53,1366.94,1378.53,1358.79,1378.53,-11.59,-0.84,1.43,625934.07
SPX,20120420,1376.89,1378.53,1387.4,1376.96,1376.92,1.61,0.12,0.76,869052.0
SPX,20120419,1385.08,1376.92,1390.46,1370.3,1385.14,-8.22,-0.59,1.46,661352.07
SPX,20120418,1390.78,1385.14,1390.78,1383.29,1390.78,-5.64,-0.41,0.54,552800.07
SPX,20120417,1369.57,1390.78,1392.76,1369.57,1369.57,21.21,1.55,1.69,550793.94
SPX,20120416,1370.26,1369.57,1379.66,1365.38,1370.26,-0.69,-0.05,1.04,587616.94
SPX,20120413,1387.61,1370.26,1387.61,1369.85,1387.57,-17.3,-1.25,1.28,620009.07
SPX,20120412,1368.69,1387.57,1388.13,1368.77,1368.71,18.86,1.38,1.41,539961.94
SPX,20120411,1358.98,1368.71,1374.71,1358.98,1358.59,10.11,0.74,1.16,585197.0
SPX,20120410,1382.2,1358.59,1383.01,1357.38,1382.2,-23.61,-1.71,1.85,722583.0
SPX,20120409,1398.08,1382.2,1397.45,1378.24,1398.08,-15.88,-1.14,1.37,530184.07
SPX,20120405,1398.47,1398.08,1401.6,1392.92,1398.96,-0.87,-0.06,0.62,538038.07
SPX,20120404,1413.09,1398.96,1413.09,1394.09,1413.38,-14.42,-1.02,1.34,624982.94
SPX,20120403,1418.76,1413.38,1419.0,1404.62,1419.04,-5.66,-0.4,1.01,638204.13
SPX,20120402,1408.47,1419.04,1422.38,1404.46,1408.47,10.58,0.75,1.27,578591.07
SPX,20120531,1313.09,1310.33,1319.74,1298.9,1313.32,-2.99,-0.23,1.59,940925.07
SPX,20120530,1331.25,1313.32,1331.25,1310.76,1332.42,-19.1,-1.43,1.54,579641.13
SPX,20120529,1318.9,1332.42,1334.93,1318.9,1317.82,14.6,1.11,1.22,550950.94
SPX,20120525,1320.68,1317.82,1324.2,1314.23,1320.68,-2.86,-0.22,0.75,449802.0
SPX,20120524,1318.65,1320.68,1324.14,1310.5,1318.86,1.82,0.14,1.03,614731.94
SPX,20120523,1316.59,1318.86,1320.71,1296.53,1316.63,2.23,0.17,1.84,693139.88
SPX,20120522,1316.09,1316.63,1328.49,1310.04,1315.99,0.64,0.05,1.4,622407.0
SPX,20120521,1295.73,1315.99,1316.39,1295.73,1295.22,20.77,1.6,1.6,622745.13
SPX,20120518,1305.05,1295.22,1312.24,1291.98,1304.86,-9.64,-0.74,1.55,975332.07
SPX,20120517,1324.82,1304.86,1326.36,1304.86,1324.8,-19.94,-1.51,1.62,680753.94
SPX,20120516,1330.78,1324.8,1341.78,1324.79,1330.66,-5.86,-0.44,1.28,665460.94
SPX,20120515,1338.36,1330.66,1344.94,1328.41,1338.35,-7.69,-0.57,1.24,655384.07
SPX,20120514,1353.29,1338.35,1351.93,1336.61,1353.39,-15.04,-1.11,1.13,618913.07
SPX,20120511,1357.84,1353.39,1365.66,1348.89,1357.99,-4.6,-0.34,1.23,611355.94
SPX,20120510,1354.58,1357.99,1365.88,1354.58,1354.58,3.42,0.25,0.83,647812.0
SPX,20120509,1363.34,1354.58,1363.73,1343.13,1363.72,-9.15,-0.67,1.51,711608.88
SPX,20120508,1369.41,1363.72,1369.16,1347.75,1369.58,-5.86,-0.43,1.56,675232.94
SPX,20120507,1369.09,1369.58,1373.91,1363.94,1369.1,0.49,0.04,0.73,576964.13
SPX,20120504,1391.51,1369.1,1391.51,1367.96,1391.57,-22.47,-1.61,1.69,585374.0
SPX,20120503,1402.18,1391.57,1403.07,1388.71,1402.31,-10.74,-0.77,1.02,581532.94
SPX,20120502,1405.5,1402.31,1405.5,1393.92,1405.82,-3.51,-0.25,0.82,546297.13
SPX,20120501,1397.91,1405.82,1415.32,1395.73,1397.91,7.91,0.57,1.4,565454.13
SPX,20120629,1330.12,1362.16,1362.17,1330.12,1329.04,33.11,2.49,2.41,852334.94
SPX,20120628,1331.79,1329.04,1331.52,1313.29,1331.85,-2.81,-0.21,1.37,692429.94
SPX,20120627,1319.77,1331.85,1334.4,1320.71,1319.99,11.86,0.9,1.04,499592.07
SPX,20120626,1314.09,1319.99,1324.24,1310.3,1313.72,6.27,0.48,1.06,550334.94
SPX,20120625,1334.86,1313.72,1334.9,1309.27,1335.02,-21.3,-1.6,1.92,596637.94
SPX,20120622,1325.92,1335.02,1337.82,1325.92,1325.51,9.51,0.72,0.9,929041.0
SPX,20120621,1355.43,1325.51,1358.27,1324.41,1355.69,-30.18,-2.23,2.5,677891.13
SPX,20120620,1357.94,1355.69,1361.57,1346.45,1357.98,-2.29,-0.17,1.11,573022.94
SPX,20120619,1344.75,1357.98,1363.46,1344.83,1344.78,13.21,0.98,1.39,586628.94
SPX,20120618,1342.42,1344.78,1348.22,1334.46,1342.84,1.94,0.14,1.02,540693.13
SPX,20120615,1329.09,1342.84,1343.32,1329.19,1329.1,13.74,1.03,1.06,1141818.0
SPX,20120614,1314.86,1329.1,1333.68,1314.14,1314.88,14.22,1.08,1.49,608022.94
SPX,20120613,1323.84,1314.88,1327.28,1310.51,1324.18,-9.3,-0.7,1.27,553876.0
SPX,20120612,1309.4,1324.18,1324.31,1306.62,1308.93,15.24,1.16,1.35,573850.13
SPX,20120611,1325.72,1308.93,1335.52,1307.73,1325.66,-16.72,-1.26,2.1,566392.07
SPX,20120608,1314.96,1325.66,1325.81,1307.77,1314.99,10.67,0.81,1.37,527230.94
SPX,20120607,1316.15,1314.99,1329.05,1312.68,1315.13,-0.14,-0.01,1.24,649344.0
SPX,20120606,1285.61,1315.13,1315.13,1285.61,1285.5,29.63,2.31,2.3,652861.07
SPX,20120605,1278.14,1285.5,1287.62,1274.16,1278.18,7.32,0.57,1.05,558438.0
SPX,20120604,1278.29,1278.18,1282.55,1266.74,1278.04,0.13,0.01,1.24,635946.07
SPX,20120601,1310.28,1278.04,1309.87,1277.25,1310.33,-32.28,-2.46,2.49,782220.0
SPX,20120731,1385.29,1379.32,1387.16,1379.17,1385.3,-5.98,-0.43,0.58,669729.0
SPX,20120730,1385.94,1385.3,1391.74,1381.37,1385.97,-0.67,-0.05,0.75,484707.07
SPX,20120727,1359.97,1385.97,1389.19,1360.05,1360.02,25.95,1.91,2.14,740575.94
SPX,20120726,1338.17,1360.02,1363.13,1338.17,1337.89,22.14,1.65,1.87,705312.0
SPX,20120725,1338.35,1337.89,1343.98,1331.5,1338.31,-0.43,-0.03,0.93,643148.94
SPX,20120724,1350.52,1338.31,1351.53,1329.24,1350.52,-12.2,-0.9,1.65,616405.0
SPX,20120723,1362.63,1350.52,1362.34,1337.56,1362.66,-12.14,-0.89,1.82,591487.07
SPX,20120720,1376.48,1362.66,1376.51,1362.19,1376.51,-13.85,-1.01,1.04,851766.13
SPX,20120719,1373.01,1376.51,1380.39,1371.21,1372.78,3.73,0.27,0.67,631243.88
SPX,20120718,1363.47,1372.78,1375.26,1358.96,1363.67,9.11,0.67,1.2,573272.0
SPX,20120717,1353.64,1363.67,1365.36,1345.07,1353.64,10.03,0.74,1.5,554444.07
SPX,20120716,1356.5,1353.64,1357.26,1348.51,1356.78,-3.14,-0.23,0.64,460441.88
SPX,20120713,1334.81,1356.78,1357.7,1334.81,1334.76,22.03,1.65,1.71,522325.94
SPX,20120712,1341.29,1334.76,1341.29,1325.41,1341.45,-6.7,-0.5,1.18,597864.0
SPX,20120711,1341.34,1341.45,1345.0,1333.25,1341.47,-0.02,0.0,0.88,593545.88
SPX,20120710,1352.96,1341.47,1361.54,1336.27,1352.46,-10.98,-0.81,1.87,557227.07
SPX,20120709,1354.66,1352.46,1354.87,1346.65,1354.68,-2.22,-0.16,0.61,488550.07
SPX,20120706,1367.09,1354.68,1367.09,1348.03,1367.58,-12.91,-0.94,1.39,473892.07
SPX,20120705,1374.0,1367.58,1373.85,1363.02,1374.02,-6.43,-0.47,0.79,491315.94
SPX,20120703,1365.75,1374.02,1374.81,1363.53,1365.51,8.5,0.62,0.83,333804.94
SPX,20120702,1362.13,1365.51,1366.35,1355.7,1362.16,3.35,0.25,0.78,544915.07
SPX,20120831,1399.46,1406.58,1413.09,1398.96,1399.48,7.09,0.51,1.01,566311.07
SPX,20120830,1410.3,1399.48,1410.08,1397.01,1410.49,-11.01,-0.78,0.93,398456.07
SPX,20120829,1408.99,1410.49,1413.95,1406.57,1409.3,1.19,0.08,0.52,391056.88
SPX,20120828,1410.35,1409.3,1413.63,1405.59,1410.44,-1.14,-0.08,0.57,400891.13
SPX,20120827,1411.13,1410.44,1416.17,1409.11,1411.13,-0.69,-0.05,0.5,414499.0
SPX,20120824,1401.87,1411.13,1413.46,1398.04,1402.08,9.04,0.65,1.1,425660.88
SPX,20120823,1413.49,1402.08,1413.49,1400.5,1413.49,-11.41,-0.81,0.92,451905.0
SPX,20120822,1413.08,1413.49,1416.12,1406.78,1413.17,0.32,0.02,0.66,501633.07
SPX,20120821,1418.12,1413.17,1426.68,1410.86,1418.13,-4.96,-0.35,1.12,506638.94
SPX,20120820,1418.14,1418.13,1418.13,1412.12,1418.16,-0.03,0.0,0.42,435135.0
SPX,20120817,1415.51,1418.16,1418.71,1414.67,1415.51,2.65,0.19,0.29,585809.07
SPX,20120816,1405.43,1415.51,1417.44,1404.15,1405.53,9.99,0.71,0.95,500153.07
SPX,20120815,1403.89,1405.53,1407.73,1401.83,1403.93,1.6,0.11,0.42,419470.94
SPX,20120814,1404.06,1403.93,1410.03,1400.6,1404.11,-0.18,-0.01,0.67,429520.0
SPX,20120813,1405.87,1404.11,1405.87,1397.32,1405.87,-1.76,-0.13,0.61,380475.13
SPX,20120810,1402.58,1405.87,1405.98,1395.62,1402.8,3.07,0.22,0.74,441987.07
SPX,20120809,1402.26,1402.8,1405.95,1398.8,1402.22,0.58,0.04,0.51,448492.94
SPX,20120808,1401.23,1402.22,1404.14,1396.13,1401.35,0.87,0.06,0.57,466719.0
SPX,20120807,1394.2,1401.35,1407.14,1394.46,1394.23,7.12,0.51,0.91,519595.0
SPX,20120806,1390.98,1394.23,1399.63,1391.04,1390.99,3.24,0.23,0.62,479861.07
SPX,20120803,1365.45,1390.99,1394.16,1365.45,1365.0,25.99,1.9,2.1,551766.13
SPX,20120802,1375.03,1365.0,1375.13,1354.65,1375.14,-10.14,-0.74,1.49,615875.0
SPX,20120801,1379.32,1375.14,1385.03,1373.35,1379.32,-4.19,-0.3,0.85,689418.0
SPX,20120928,1447.13,1440.67,1447.13,1435.6,1447.15,-6.48,-0.45,0.8,628322.0
SPX,20120927,1433.24,1447.15,1450.2,1433.36,1433.32,13.84,0.97,1.17,479754.88
SPX,20120926,1441.34,1433.32,1441.6,1430.53,1441.59,-8.27,-0.57,0.77,535569.07
SPX,20120925,1456.94,1441.59,1463.24,1441.59,1456.89,-15.3,-1.05,1.49,593072.0
SPX,20120924,1459.76,1456.89,1460.72,1452.06,1460.15,-3.27,-0.22,0.59,490690.94
SPX,20120921,1460.26,1460.15,1467.07,1459.51,1460.26,-0.11,-0.01,0.52,1473948.0
SPX,20120920,1460.84,1460.26,1461.23,1449.98,1461.05,-0.79,-0.05,0.77,526569.07
SPX,20120919,1459.5,1461.05,1465.15,1457.88,1459.32,1.73,0.12,0.5,514793.94
SPX,20120918,1461.16,1459.32,1461.47,1456.13,1461.19,-1.87,-0.13,0.37,487004.88
SPX,20120917,1465.42,1461.19,1465.63,1457.55,1465.77,-4.59,-0.31,0.55,517631.13
SPX,20120914,1459.98,1465.77,1474.51,1460.07,1459.99,5.79,0.4,0.99,732027.13
SPX,20120913,1436.56,1459.99,1463.76,1435.34,1436.56,23.42,1.63,1.98,608373.07
SPX,20120912,1433.25,1436.56,1439.15,1432.99,1433.56,3.0,0.21,0.43,493270.0
SPX,20120911,1429.13,1433.56,1437.76,1429.13,1429.08,4.48,0.31,0.6,520792.0
SPX,20120910,1437.85,1429.08,1438.74,1428.98,1437.92,-8.83,-0.61,0.68,487013.94
SPX,20120907,1432.12,1437.92,1437.92,1431.45,1432.12,5.8,0.4,0.45,540397.0
SPX,20120906,1403.26,1432.12,1432.12,1403.74,1403.44,28.68,2.04,2.02,563049.07
SPX,20120905,1404.94,1403.44,1408.81,1401.25,1404.94,-1.5,-0.11,0.54,468363.07
SPX,20120904,1406.55,1404.94,1409.31,1396.56,1406.58,-1.64,-0.12,0.91,464460.94
SPX,20121031,1411.85,1412.16,1418.76,1405.95,1411.94,0.22,0.02,0.91,653602.07
SPX,20121026,1412.97,1411.94,1417.09,1403.28,1412.97,-1.03,-0.07,0.98,605527.13
SPX,20121025,1408.73,1412.97,1421.12,1405.14,1408.75,4.22,0.3,1.13,557434.07
SPX,20121024,1413.2,1408.75,1420.04,1407.1,1413.11,-4.36,-0.31,0.92,541725.13
SPX,20121023,1433.82,1413.11,1433.74,1407.56,1433.82,-20.71,-1.44,1.83,552733.88
SPX,20121022,1433.16,1433.82,1435.46,1422.06,1433.19,0.63,0.04,0.93,511793.0
SPX,20121019,1457.34,1433.19,1457.34,1429.85,1457.34,-24.15,-1.66,1.89,885608.88
SPX,20121018,1460.83,1457.34,1464.02,1452.63,1460.91,-3.57,-0.24,0.78,565584.94
SPX,20121017,1454.75,1460.91,1462.2,1453.35,1454.92,5.99,0.41,0.61,551740.0
SPX,20121016,1440.13,1454.92,1455.51,1440.31,1440.13,14.79,1.03,1.06,484885.0
SPX,20121015,1428.58,1440.13,1441.31,1427.24,1428.59,11.54,0.81,0.98,489333.0
SPX,20121012,1432.81,1428.59,1438.43,1425.53,1432.84,-4.25,-0.3,0.9,513582.07
SPX,20121011,1432.82,1432.84,1443.9,1432.82,1432.56,0.28,0.02,0.77,496856.94
SPX,20121010,1441.48,1432.56,1442.52,1430.64,1441.48,-8.92,-0.62,0.82,453628.94
SPX,20121009,1455.9,1441.48,1455.9,1441.18,1455.88,-14.39,-0.99,1.01,476218.0
SPX,20121008,1460.93,1455.88,1460.93,1453.1,1460.93,-5.05,-0.35,0.54,350746.13
SPX,20121005,1461.4,1460.93,1470.96,1456.89,1461.4,-0.47,-0.03,0.96,478513.94
SPX,20121004,1450.97,1461.4,1463.14,1451.08,1450.99,10.4,0.72,0.83,496740.94
SPX,20121003,1446.05,1450.99,1454.3,1441.99,1445.75,5.24,0.36,0.85,506553.0
SPX,20121002,1444.48,1445.75,1451.52,1439.01,1444.49,1.27,0.09,0.87,457426.0
SPX,20121001,1440.65,1444.49,1457.14,1440.9,1440.67,3.81,0.26,1.13,511947.0
SPX,20121130,1415.95,1416.18,1418.86,1411.63,1415.95,0.23,0.02,0.51,836941.88
SPX,20121129,1409.96,1415.95,1419.7,1409.04,1409.93,6.02,0.43,0.76,509860.13
SPX,20121128,1398.53,1409.93,1410.31,1385.43,1398.94,10.99,0.79,1.78,552197.0
SPX,20121127,1406.29,1398.94,1409.01,1398.03,1406.29,-7.35,-0.52,0.78,527017.07
SPX,20121126,1409.12,1406.29,1409.15,1397.68,1409.15,-2.86,-0.2,0.81,505032.0
SPX,20121123,1391.03,1409.15,1409.16,1391.03,1391.03,18.13,1.3,1.3,242179.0
SPX,20121121,1387.78,1391.03,1391.25,1386.39,1387.81,3.21,0.23,0.35,392239.0
SPX,20121120,1386.78,1387.81,1389.77,1377.04,1386.89,0.93,0.07,0.92,508090.07
SPX,20121119,1359.88,1386.89,1386.89,1359.88,1359.88,27.01,1.99,1.99,563439.94
SPX,20121116,1353.36,1359.88,1362.03,1343.35,1353.33,6.55,0.48,1.38,842559.07
SPX,20121115,1355.39,1353.33,1360.62,1348.05,1355.49,-2.16,-0.16,0.93,602714.13
SPX,20121114,1374.64,1355.49,1380.13,1352.5,1374.53,-19.04,-1.39,2.01,659656.0
SPX,20121113,1380.03,1374.53,1388.81,1371.39,1380.03,-5.5,-0.4,1.26,551632.07
SPX,20121112,1379.85,1380.03,1384.87,1377.19,1379.85,0.18,0.01,0.56,282625.0
SPX,20121109,1377.46,1379.85,1391.39,1373.03,1377.51,2.34,0.17,1.33,575874.0
SPX,20121108,1394.52,1377.51,1401.23,1377.51,1394.53,-17.02,-1.22,1.7,612832.07
SPX,20121107,1428.27,1394.53,1428.27,1388.14,1428.39,-33.86,-2.37,2.81,692221.94
SPX,20121106,1417.26,1428.39,1433.38,1417.26,1417.26,11.13,0.79,1.14,542762.94
SPX,20121105,1414.2,1417.26,1419.9,1408.13,1414.2,3.06,0.22,0.83,459313.94
SPX,20121102,1427.59,1414.2,1434.27,1412.91,1427.59,-13.39,-0.94,1.5,607514.88
SPX,20121101,1412.2,1427.59,1428.35,1412.2,1412.16,15.43,1.09,1.14,599183.13
SPX,20121231,1402.43,1426.19,1426.74,1398.11,1402.43,23.76,1.69,2.04,585218.0
SPX,20121228,1418.02,1402.43,1418.1,1401.58,1418.1,-15.67,-1.1,1.16,397520.0
SPX,20121227,1419.83,1418.1,1422.8,1401.8,1419.83,-1.73,-0.12,1.48,434249.0
SPX,20121226,1426.66,1419.83,1429.42,1416.43,1426.66,-6.84,-0.48,0.91,355821.07
SPX,20121224,1429.97,1426.66,1430.15,1424.66,1430.15,-3.49,-0.24,0.38,218666.0
SPX,20121221,1443.59,1430.15,1443.67,1422.58,1443.69,-13.54,-0.94,1.46,1514501.0
SPX,20121220,1435.81,1443.69,1443.7,1432.82,1435.81,7.88,0.55,0.76,511447.0
SPX,20121219,1446.74,1435.81,1447.75,1435.8,1446.79,-10.98,-0.76,0.83,569535.88
SPX,20121218,1430.36,1446.79,1448.0,1430.47,1430.36,16.43,1.15,1.23,642268.07
SPX,20121217,1413.57,1430.36,1430.67,1413.54,1413.58,16.78,1.19,1.21,572655.0
SPX,20121214,1419.45,1413.58,1419.45,1411.88,1419.45,-5.87,-0.41,0.53,517488.07
SPX,20121213,1428.48,1419.45,1431.36,1416.0,1428.48,-9.03,-0.63,1.08,506508.07
SPX,20121212,1427.71,1428.48,1438.59,1426.76,1427.84,0.64,0.04,0.83,550927.0
SPX,20121211,1418.55,1427.84,1434.27,1418.55,1418.55,9.29,0.66,1.11,574978.0
SPX,20121210,1418.01,1418.55,1421.64,1415.64,1418.07,0.47,0.03,0.42,468455.07
SPX,20121207,1413.95,1418.07,1420.34,1410.9,1413.94,4.13,0.29,0.67,471402.13
SPX,20121206,1409.43,1413.94,1413.95,1405.93,1409.28,4.67,0.33,0.57,502934.07
SPX,20121205,1407.05,1409.28,1415.56,1398.23,1407.05,2.23,0.16,1.23,610202.88
SPX,20121204,1409.43,1407.05,1413.14,1403.65,1409.46,-2.41,-0.17,0.67,534148.94
SPX,20121203,1416.34,1409.46,1423.73,1408.46,1416.18,-6.72,-0.47,1.08,517129.88
SPX,20130131,1501.96,1498.11,1504.19,1496.76,1501.96,-3.85,-0.26,0.49,712668.0
SPX,20130130,1507.84,1501.96,1509.94,1500.11,1507.84,-5.88,-0.39,0.65,541017.07
SPX,20130129,1500.18,1507.84,1509.35,1498.09,1500.18,7.66,0.51,0.75,562427.0
SPX,20130128,1502.96,1500.18,1503.23,1496.33,1502.96,-2.78,-0.19,0.46,502845.0
SPX,20130125,1494.82,1502.96,1503.26,1494.82,1494.82,8.14,0.54,0.56,559070.07
SPX,20130124,1494.81,1494.82,1502.27,1489.46,1494.81,0.01,0.0,0.86,543481.94
SPX,20130123,1492.56,1494.81,1496.13,1489.9,1492.56,2.25,0.15,0.42,479226.07
SPX,20130122,1485.98,1492.56,1492.56,1481.16,1485.98,6.58,0.44,0.77,559020.0
SPX,20130118,1480.95,1485.98,1485.98,1475.81,1480.94,5.04,0.34,0.69,920956.07
SPX,20130117,1472.63,1480.94,1485.16,1472.63,1472.63,8.31,0.56,0.85,591465.07
SPX,20130116,1472.33,1472.63,1473.96,1467.6,1472.34,0.29,0.02,0.43,485847.88
SPX,20130115,1470.67,1472.34,1473.31,1463.76,1470.68,1.66,0.11,0.65,470708.0
SPX,20130114,1472.05,1470.68,1472.05,1465.69,1472.05,-1.38,-0.09,0.43,480688.0
SPX,20130111,1472.12,1472.05,1472.75,1467.58,1472.12,-0.07,0.0,0.35,470769.07
SPX,20130110,1461.02,1472.12,1472.3,1461.02,1461.02,11.1,0.76,0.77,544220.94
SPX,20130109,1457.15,1461.02,1464.73,1457.15,1457.15,3.87,0.27,0.52,489881.13
SPX,20130108,1461.89,1457.15,1461.89,1451.64,1461.89,-4.74,-0.32,0.7,532587.88
SPX,20130107,1466.47,1461.89,1466.47,1456.62,1466.47,-4.58,-0.31,0.67,471486.07
SPX,20130104,1459.37,1466.47,1467.94,1458.99,1459.37,7.1,0.49,0.61,489371.13
SPX,20130103,1462.42,1459.37,1465.47,1455.53,1462.42,-3.06,-0.21,0.68,561262.94
SPX,20130102,1426.19,1462.42,1462.43,1426.19,1426.19,36.23,2.54,2.54,665146.0
SPX,20130228,1515.99,1514.68,1525.34,1514.46,1515.99,-1.31,-0.09,0.72,735425.07
SPX,20130227,1496.94,1515.99,1520.08,1494.88,1496.94,19.04,1.27,1.68,479813.0
SPX,20130226,1487.85,1496.94,1498.99,1485.01,1487.85,9.1,0.61,0.94,569354.0
SPX,20130225,1515.6,1487.85,1525.84,1487.85,1515.6,-27.75,-1.83,2.51,627165.07
SPX,20130222,1502.42,1515.6,1515.64,1502.42,1502.42,13.18,0.88,0.88,505050.07
SPX,20130221,1511.95,1502.42,1511.95,1497.29,1511.95,-9.53,-0.63,0.97,588934.07
SPX,20130220,1530.94,1511.95,1530.94,1511.41,1530.94,-18.99,-1.24,1.28,583104.0
SPX,20130219,1519.79,1530.94,1530.94,1519.79,1519.79,11.15,0.73,0.73,558582.07
SPX,20130215,1521.38,1519.79,1524.24,1514.14,1521.38,-1.59,-0.1,0.66,802927.0
SPX,20130214,1520.33,1521.38,1523.14,1514.02,1520.33,1.05,0.07,0.6,524251.0
SPX,20130213,1519.43,1520.33,1524.69,1515.93,1519.43,0.9,0.06,0.58,495489.0
SPX,20130212,1517.01,1519.43,1522.29,1515.61,1517.01,2.42,0.16,0.44,469782.0
SPX,20130211,1517.93,1517.01,1518.31,1513.61,1517.93,-0.92,-0.06,0.31,382889.88
SPX,20130208,1509.39,1517.93,1518.31,1509.39,1509.39,8.53,0.57,0.59,459823.0
SPX,20130207,1512.12,1509.39,1512.9,1498.49,1512.12,-2.72,-0.18,0.95,534511.0
SPX,20130206,1511.29,1512.12,1512.53,1504.71,1511.29,0.83,0.05,0.52,543812.0
SPX,20130205,1495.71,1511.29,1514.96,1495.71,1495.71,15.58,1.04,1.29,576457.07
SPX,20130204,1513.17,1495.71,1513.17,1495.02,1513.17,-17.46,-1.15,1.2,566862.07
SPX,20130201,1498.11,1513.17,1514.41,1498.11,1498.11,15.06,1.01,1.09,576498.07
SPX,20130328,1562.86,1569.19,1570.28,1561.08,1562.85,6.33,0.41,0.59,661077.88
SPX,20130327,1563.75,1562.85,1564.07,1551.9,1563.77,-0.92,-0.06,0.78,407532.94
SPX,20130326,1551.69,1563.77,1563.95,1551.69,1551.69,12.08,0.78,0.79,404452.88
SPX,20130325,1556.89,1551.69,1564.91,1546.22,1556.89,-5.19,-0.33,1.2,522845.0
SPX,20130322,1545.9,1556.89,1557.74,1545.9,1545.8,11.08,0.72,0.77,491219.0
SPX,20130321,1558.71,1545.8,1558.71,1543.55,1558.71,-12.91,-0.83,0.97,505314.94
SPX,20130320,1548.34,1558.71,1561.56,1548.34,1548.34,10.37,0.67,0.85,499141.13
SPX,20130319,1552.1,1548.34,1557.25,1538.57,1552.1,-3.76,-0.24,1.2,535004.88
SPX,20130318,1560.7,1552.1,1560.7,1545.13,1560.7,-8.59,-0.55,1.0,495349.13
SPX,20130315,1563.21,1560.7,1563.62,1555.74,1563.23,-2.54,-0.16,0.5,1426617.0
SPX,20130314,1554.52,1563.23,1563.32,1554.52,1554.52,8.72,0.56,0.57,494834.0
SPX,20130313,1552.48,1554.52,1556.39,1548.25,1552.48,2.04,0.13,0.52,409148.94
SPX,20130312,1556.22,1552.48,1556.77,1548.24,1556.22,-3.75,-0.24,0.55,457794.94
SPX,20130311,1551.15,1556.22,1556.27,1547.36,1551.18,5.05,0.33,0.57,437760.0
SPX,20130308,1544.26,1551.18,1552.48,1542.94,1544.26,6.92,0.45,0.62,479459.0
SPX,20130307,1541.46,1544.26,1545.78,1541.46,1541.46,2.8,0.18,0.28,489028.07
SPX,20130306,1539.79,1541.46,1545.25,1538.11,1539.79,1.67,0.11,0.46,490727.07
SPX,20130305,1525.2,1539.79,1543.47,1525.2,1525.2,14.59,0.96,1.2,499572.0
SPX,20130304,1518.2,1525.2,1525.27,1512.29,1518.2,7.0,0.46,0.85,490188.0
SPX,20130301,1514.68,1518.2,1519.99,1501.48,1514.68,3.52,0.23,1.22,522709.0
SPX,20130430,1593.58,1597.57,1597.57,1586.5,1593.61,3.96,0.25,0.69,669424.07
SPX,20130429,1582.34,1593.61,1596.65,1582.34,1582.24,11.37,0.72,0.9,445706.07
SPX,20130426,1585.16,1582.24,1585.78,1577.56,1585.16,-2.92,-0.18,0.52,543972.88
SPX,20130425,1578.93,1585.16,1592.64,1578.93,1578.79,6.37,0.4,0.87,577886.94
SPX,20130424,1578.78,1578.79,1583.0,1575.8,1578.78,0.01,0.0,0.46,562507.07
SPX,20130423,1562.5,1578.78,1579.58,1562.5,1562.5,16.28,1.04,1.09,540531.0
SPX,20130422,1555.25,1562.5,1565.55,1548.19,1555.25,7.25,0.47,1.12,509229.0
SPX,20130419,1541.61,1555.25,1555.89,1539.4,1541.61,13.64,0.88,1.07,779256.13
SPX,20130418,1552.03,1541.61,1554.38,1536.03,1552.01,-10.4,-0.67,1.18,615946.07
SPX,20130417,1574.57,1552.01,1574.57,1543.69,1574.57,-22.55,-1.43,1.96,673252.94
SPX,20130416,1552.36,1574.57,1575.35,1552.36,1552.36,22.2,1.43,1.48,548572.0
SPX,20130415,1588.84,1552.36,1588.84,1552.28,1588.85,-36.49,-2.3,2.3,703752.94
SPX,20130412,1593.3,1588.85,1593.3,1579.97,1593.37,-4.52,-0.28,0.84,529327.88
SPX,20130411,1587.73,1593.37,1597.35,1586.17,1587.73,5.64,0.36,0.7,521190.94
SPX,20130410,1568.61,1587.73,1589.07,1568.61,1568.61,19.12,1.22,1.3,510781.0
SPX,20130409,1563.11,1568.61,1573.89,1560.92,1563.07,5.54,0.35,0.83,511134.07
SPX,20130408,1553.26,1563.07,1563.07,1548.63,1553.28,9.79,0.63,0.93,448688.0
SPX,20130405,1559.98,1553.28,1559.98,1539.5,1559.98,-6.7,-0.43,1.31,547925.07
SPX,20130404,1553.69,1559.98,1562.6,1552.52,1553.69,6.29,0.41,0.65,471727.07
SPX,20130403,1570.25,1553.69,1571.47,1549.8,1570.25,-16.57,-1.05,1.38,576827.88
SPX,20130402,1562.17,1570.25,1573.66,1562.17,1562.17,8.08,0.52,0.74,462829.13
SPX,20130401,1569.18,1562.17,1570.57,1558.47,1569.19,-7.01,-0.45,0.77,413574.0
SPX,20130531,1652.13,1630.74,1658.99,1630.74,1654.41,-23.67,-1.43,1.71,856566.88
SPX,20130530,1649.14,1654.41,1661.91,1648.61,1648.36,6.05,0.37,0.81,516664.07
SPX,20130529,1656.57,1648.36,1656.57,1640.05,1660.06,-11.7,-0.7,1.0,497996.13
SPX,20130528,1652.63,1660.06,1674.21,1652.63,1649.6,10.45,0.63,1.31,541920.88
SPX,20130524,1646.67,1649.6,1649.78,1636.88,1650.51,-0.91,-0.05,0.78,438657.0
SPX,20130523,1651.62,1650.51,1655.5,1636.42,1655.35,-4.84,-0.29,1.15,593565.94
SPX,20130522,1669.39,1655.35,1687.18,1648.86,1669.16,-13.81,-0.83,2.3,671304.94
SPX,20130521,1666.2,1669.16,1674.93,1662.67,1666.29,2.87,0.17,0.74,502429.94
SPX,20130520,1665.71,1666.29,1672.84,1663.52,1667.47,-1.18,-0.07,0.56,476357.94
SPX,20130517,1652.45,1667.47,1667.47,1652.45,1650.47,17.0,1.03,0.91,706870.13
SPX,20130516,1658.07,1650.47,1660.51,1648.6,1658.78,-8.31,-0.5,0.72,548320.07
SPX,20130515,1649.13,1658.78,1661.49,1646.68,1650.34,8.44,0.51,0.9,528246.13
SPX,20130514,1633.75,1650.34,1651.1,1633.75,1633.77,16.57,1.01,1.06,518094.0
SPX,20130513,1632.1,1633.77,1636.0,1626.74,1633.7,0.06,0.0,0.57,442420.88
SPX,20130510,1626.69,1633.7,1633.7,1623.71,1626.67,7.03,0.43,0.61,463329.13
SPX,20130509,1632.69,1626.67,1635.01,1623.09,1632.69,-6.02,-0.37,0.73,473996.13
SPX,20130508,1625.95,1632.69,1632.78,1622.7,1625.96,6.73,0.41,0.62,497363.07
SPX,20130507,1617.55,1625.96,1626.03,1616.64,1617.5,8.46,0.52,0.58,468628.94
SPX,20130506,1614.4,1617.5,1619.77,1614.21,1614.42,3.08,0.19,0.34,469344.0
SPX,20130503,1597.6,1614.42,1618.46,1597.6,1597.59,16.83,1.05,1.31,519253.94
SPX,20130502,1582.77,1597.59,1598.6,1582.77,1582.7,14.89,0.94,1.0,457001.94
SPX,20130501,1597.55,1582.7,1597.55,1581.28,1597.57,-14.86,-0.93,1.02,506554.94
SPX,20130628,1611.12,1606.28,1615.94,1601.06,1613.2,-6.92,-0.43,0.92,1063673.0
SPX,20130627,1606.44,1613.2,1620.07,1606.44,1603.26,9.94,0.62,0.85,510156.0
SPX,20130626,1592.27,1603.26,1606.83,1592.27,1588.03,15.23,0.96,0.92,559626.0
SPX,20130625,1577.52,1588.03,1593.79,1577.09,1573.09,14.94,0.95,1.06,591516.13
SPX,20130624,1588.77,1573.09,1588.77,1560.33,1592.43,-19.34,-1.21,1.79,670781.0
SPX,20130621,1588.62,1592.43,1599.19,1577.7,1588.19,4.24,0.27,1.35,1507584.0
SPX,20130620,1624.62,1588.19,1624.62,1584.32,1628.93,-40.74,-2.5,2.47,768032.0
SPX,20130619,1651.83,1628.93,1652.45,1628.91,1651.81,-22.88,-1.39,1.43,555541.0
SPX,20130618,1639.77,1651.81,1654.19,1639.77,1639.04,12.77,0.78,0.88,461272.0
SPX,20130617,1630.64,1639.04,1646.5,1630.34,1626.73,12.31,0.76,0.99,510038.07
SPX,20130614,1635.52,1626.73,1640.8,1623.96,1636.36,-9.64,-0.59,1.03,449350.13
SPX,20130613,1612.15,1636.36,1639.25,1608.07,1612.52,23.84,1.48,1.93,501745.13
SPX,20130612,1629.94,1612.52,1637.71,1610.92,1626.13,-13.61,-0.84,1.65,488081.07
SPX,20130611,1638.64,1626.13,1640.13,1622.92,1642.81,-16.68,-1.02,1.05,487199.94
SPX,20130610,1644.67,1642.81,1648.69,1639.26,1643.38,-0.57,-0.03,0.57,434288.07
SPX,20130607,1625.27,1643.38,1644.4,1625.27,1622.56,20.82,1.28,1.18,576780.0
SPX,20130606,1609.29,1622.56,1622.56,1598.23,1608.9,13.66,0.85,1.51,603290.07
SPX,20130605,1629.05,1608.9,1629.31,1607.09,1631.38,-22.49,-1.38,1.36,563821.07
SPX,20130604,1640.73,1631.38,1646.53,1623.62,1640.42,-9.04,-0.55,1.4,558107.94
SPX,20130603,1631.71,1640.42,1640.42,1622.72,1630.74,9.68,0.59,1.09,601528.07
SPX,20130731,1687.76,1685.73,1698.43,1684.94,1685.96,-0.23,-0.01,0.8,649043.0
SPX,20130730,1687.92,1685.96,1693.19,1682.42,1685.33,0.63,0.04,0.64,492158.94
SPX,20130729,1690.32,1685.33,1690.92,1681.86,1691.65,-6.32,-0.37,0.54,411188.0
SPX,20130726,1687.31,1691.65,1691.85,1676.03,1690.25,1.39,0.08,0.94,457342.07
SPX,20130725,1685.21,1690.25,1690.94,1680.07,1685.94,4.32,0.26,0.64,501448.0
SPX,20130724,1696.06,1685.94,1698.38,1682.57,1692.39,-6.45,-0.38,0.93,513599.13
SPX,20130723,1696.63,1692.39,1698.78,1691.13,1695.53,-3.14,-0.19,0.45,438285.88
SPX,20130722,1694.41,1695.53,1697.61,1690.67,1692.09,3.44,0.2,0.41,465020.0
SPX,20130719,1686.15,1692.09,1692.09,1684.08,1689.37,2.72,0.16,0.47,754883.07
SPX,20130718,1681.05,1689.37,1693.12,1681.05,1680.91,8.46,0.5,0.72,510856.94
SPX,20130717,1677.91,1680.91,1684.75,1677.91,1676.26,4.65,0.28,0.41,497825.94
SPX,20130716,1682.7,1676.26,1683.73,1671.84,1682.5,-6.24,-0.37,0.71,453247.07
SPX,20130715,1679.59,1682.5,1684.51,1677.89,1680.19,2.31,0.14,0.39,414407.0
SPX,20130712,1675.26,1680.19,1680.19,1672.33,1675.02,5.17,0.31,0.47,575988.07
SPX,20130711,1657.41,1675.02,1676.63,1657.41,1652.62,22.41,1.36,1.16,554747.07
SPX,20130710,1651.56,1652.62,1657.92,1647.66,1652.32,0.3,0.02,0.62,498099.13
SPX,20130709,1642.89,1652.32,1654.18,1642.89,1640.46,11.85,0.72,0.69,507487.07
SPX,20130708,1634.2,1640.46,1644.68,1634.2,1631.89,8.57,0.53,0.64,734962.88
SPX,20130705,1618.65,1631.89,1632.07,1614.71,1615.41,16.48,1.02,1.07,422677.0
SPX,20130703,1611.48,1615.41,1618.97,1604.57,1614.08,1.33,0.08,0.89,299428.94
SPX,20130702,1614.29,1614.08,1624.26,1606.77,1614.96,-0.88,-0.05,1.08,520740.0
SPX,20130701,1609.78,1614.96,1626.61,1609.78,1606.28,8.68,0.54,1.05,518229.0
SPX,20130830,1638.89,1632.97,1640.08,1628.05,1638.17,-5.2,-0.32,0.73,531583.0
SPX,20130829,1633.5,1638.17,1646.41,1630.88,1634.96,3.21,0.2,0.95,378211.94
SPX,20130828,1630.25,1634.96,1641.18,1627.47,1630.48,4.48,0.27,0.84,430461.94
SPX,20130827,1652.54,1630.48,1652.54,1629.05,1656.78,-26.31,-1.59,1.42,494832.07
SPX,20130826,1664.29,1656.78,1669.51,1656.02,1663.5,-6.72,-0.4,0.81,409042.0
SPX,20130823,1659.92,1663.5,1664.85,1654.81,1656.96,6.55,0.4,0.61,444289.07
SPX,20130822,1645.03,1656.96,1659.55,1645.03,1642.8,14.16,0.86,0.88,623230.94
SPX,20130821,1650.66,1642.8,1656.99,1639.43,1652.35,-9.55,-0.58,1.06,473475.13
SPX,20130820,1646.81,1652.35,1658.92,1646.08,1646.06,6.29,0.38,0.78,428045.88
SPX,20130819,1655.25,1646.06,1659.18,1645.84,1655.83,-9.77,-0.59,0.81,433605.94
SPX,20130816,1661.22,1655.83,1663.6,1652.61,1661.32,-5.49,-0.33,0.66,639131.13
SPX,20130815,1679.61,1661.32,1679.61,1658.59,1685.39,-24.07,-1.43,1.25,499350.13
SPX,20130814,1693.88,1685.39,1695.52,1684.83,1694.16,-8.78,-0.52,0.63,409584.94
SPX,20130813,1690.65,1694.16,1696.81,1682.62,1689.47,4.69,0.28,0.84,402377.94
SPX,20130812,1688.37,1689.47,1691.49,1683.35,1691.42,-1.95,-0.12,0.48,369592.07
SPX,20130809,1696.1,1691.42,1699.42,1686.02,1697.48,-6.06,-0.36,0.79,403394.07
SPX,20130808,1693.35,1697.48,1700.18,1688.38,1690.91,6.57,0.39,0.7,446999.0
SPX,20130807,1695.3,1690.91,1695.3,1684.91,1697.37,-6.46,-0.38,0.61,438512.94
SPX,20130806,1705.79,1697.37,1705.79,1693.29,1707.14,-9.77,-0.57,0.73,446352.07
SPX,20130805,1708.01,1707.14,1709.24,1703.55,1709.67,-2.54,-0.15,0.33,363477.07
SPX,20130802,1706.1,1709.67,1709.67,1700.68,1706.87,2.8,0.16,0.53,494195.07
SPX,20130801,1689.42,1706.87,1707.85,1689.42,1685.73,21.14,1.25,1.09,520233.88
SPX,20130930,1687.26,1681.55,1687.26,1674.99,1691.75,-10.2,-0.6,0.73,605954.13
SPX,20130927,1695.52,1691.75,1695.52,1687.11,1698.67,-6.92,-0.41,0.5,464569.07
SPX,20130926,1694.05,1698.67,1703.85,1693.11,1692.77,5.9,0.35,0.63,408875.0
SPX,20130925,1698.02,1692.77,1701.71,1691.88,1697.42,-4.66,-0.27,0.58,460818.13
SPX,20130924,1702.6,1697.42,1707.63,1694.9,1701.84,-4.42,-0.26,0.75,489428.0
SPX,20130923,1711.44,1701.84,1711.44,1697.1,1709.91,-8.07,-0.47,0.84,501457.07
SPX,20130920,1722.44,1709.91,1725.23,1708.89,1722.34,-12.43,-0.72,0.95,1373852.0
SPX,20130919,1727.34,1722.34,1729.86,1720.2,1725.52,-3.18,-0.18,0.56,504375.0
SPX,20130918,1705.74,1725.52,1729.44,1700.35,1704.76,20.76,1.22,1.71,568125.0
SPX,20130917,1697.73,1704.76,1705.52,1697.73,1697.6,7.16,0.42,0.46,416784.94
SPX,20130916,1691.7,1697.6,1704.95,1691.7,1687.99,9.61,0.57,0.78,446946.07
SPX,20130913,1685.04,1687.99,1688.73,1682.22,1683.42,4.57,0.27,0.39,384105.94
SPX,20130912,1689.21,1683.42,1689.97,1681.96,1689.13,-5.71,-0.34,0.47,441993.88
SPX,20130911,1681.04,1689.13,1689.13,1678.7,1683.99,5.14,0.31,0.62,476873.07
SPX,20130910,1674.32,1683.99,1684.09,1674.32,1671.71,12.27,0.73,0.58,489084.94
SPX,20130909,1656.85,1671.71,1672.4,1656.85,1655.17,16.55,1.0,0.94,423764.88
SPX,20130906,1657.44,1655.17,1664.83,1640.62,1655.08,0.09,0.01,1.46,484449.0
SPX,20130905,1653.28,1655.08,1659.17,1653.07,1653.08,2.0,0.12,0.37,428636.94
SPX,20130904,1640.72,1653.08,1655.72,1637.41,1639.77,13.31,0.81,1.12,524195.07
SPX,20130903,1635.95,1639.77,1651.35,1633.41,1632.97,6.8,0.42,1.1,513959.0
SPX,20131031,1763.24,1756.54,1768.53,1755.72,1763.31,-6.76,-0.38,0.73,624290.07
SPX,20131030,1772.27,1763.31,1775.22,1757.24,1771.95,-8.64,-0.49,1.01,469583.0
SPX,20131029,1762.93,1771.95,1772.09,1762.93,1762.11,9.84,0.56,0.52,479777.13
SPX,20131028,1759.42,1762.11,1764.99,1757.67,1759.77,2.34,0.13,0.42,564004.88
SPX,20131025,1756.01,1759.77,1759.82,1752.45,1752.07,7.7,0.44,0.42,528511.94
SPX,20131024,1747.48,1752.07,1753.94,1745.5,1746.38,5.69,0.33,0.48,512871.13
SPX,20131023,1752.27,1746.38,1752.27,1740.5,1754.67,-8.3,-0.47,0.67,520475.13
SPX,20131022,1746.48,1754.67,1759.33,1746.48,1744.66,10.01,0.57,0.74,556148.94
SPX,20131021,1745.2,1744.66,1747.79,1740.67,1744.5,0.15,0.01,0.41,484952.88
SPX,20131018,1736.72,1744.5,1745.31,1735.74,1733.15,11.35,0.65,0.55,685297.13
SPX,20131017,1720.17,1733.15,1733.45,1714.12,1721.54,11.61,0.67,1.12,522976.07
SPX,20131016,1700.49,1721.54,1721.76,1700.49,1698.06,23.48,1.38,1.25,507676.0
SPX,20131015,1709.17,1698.06,1711.57,1695.93,1710.14,-12.08,-0.71,0.91,499720.94
SPX,20131014,1699.86,1710.14,1711.03,1692.13,1703.2,6.95,0.41,1.11,410558.13
SPX,20131011,1691.09,1703.2,1703.44,1688.52,1692.56,10.63,0.63,0.88,470001.94
SPX,20131010,1660.88,1692.56,1692.56,1660.88,1656.4,36.16,2.18,1.91,533384.07
SPX,20131009,1656.99,1656.4,1662.47,1646.47,1655.45,0.95,0.06,0.97,548554.94
SPX,20131008,1676.22,1655.45,1676.79,1655.03,1676.12,-20.67,-1.23,1.3,537021.0
SPX,20131007,1687.15,1676.12,1687.15,1674.7,1690.5,-14.39,-0.85,0.74,413591.07
SPX,20131004,1678.79,1690.5,1691.94,1677.33,1678.66,11.85,0.71,0.87,421106.94
SPX,20131003,1692.35,1678.66,1692.35,1670.36,1693.87,-15.21,-0.9,1.3,482093.0
SPX,20131002,1691.9,1693.87,1693.87,1680.34,1695.0,-1.13,-0.07,0.8,467281.0
SPX,20131001,1682.41,1695.0,1696.55,1682.07,1681.55,13.45,0.8,0.86,440246.13
SPX,20131129,1808.69,1805.81,1813.55,1803.98,1807.23,-1.42,-0.08,0.53,353097.88
SPX,20131127,1803.48,1807.23,1808.27,1802.77,1802.75,4.48,0.25,0.31,372648.94
SPX,20131126,1802.87,1802.75,1808.42,1800.77,1802.48,0.27,0.02,0.42,558534.94
SPX,20131125,1806.33,1802.48,1808.1,1800.58,1804.76,-2.28,-0.13,0.42,471349.13
SPX,20131122,1797.21,1804.76,1804.84,1794.7,1795.85,8.9,0.5,0.56,439915.07
SPX,20131121,1783.52,1795.85,1797.16,1783.52,1781.37,14.48,0.81,0.77,479361.07
SPX,20131120,1789.59,1781.37,1795.73,1777.23,1787.87,-6.49,-0.36,1.03,461740.94
SPX,20131119,1790.79,1787.87,1795.51,1784.72,1791.53,-3.66,-0.2,0.6,459569.07
SPX,20131118,1798.82,1791.53,1802.33,1788.0,1798.18,-6.65,-0.37,0.8,482498.07
SPX,20131115,1790.66,1798.18,1798.22,1790.66,1790.62,7.56,0.42,0.42,656775.88
SPX,20131114,1782.75,1790.62,1791.53,1780.22,1782.0,8.61,0.48,0.63,509929.94
SPX,20131113,1764.37,1782.0,1782.0,1760.64,1767.69,14.32,0.81,1.21,505308.13
SPX,20131112,1769.51,1767.69,1771.78,1762.29,1771.89,-4.21,-0.24,0.54,444458.0
SPX,20131111,1769.96,1771.89,1773.44,1767.85,1770.61,1.29,0.07,0.32,376761.0
SPX,20131108,1748.37,1770.61,1770.78,1747.63,1747.15,23.45,1.34,1.33,564636.94
SPX,20131107,1770.74,1747.15,1774.54,1746.2,1770.49,-23.34,-1.32,1.6,590009.07
SPX,20131106,1765.0,1770.49,1773.74,1764.4,1762.97,7.52,0.43,0.53,492660.88
SPX,20131105,1765.67,1762.97,1767.03,1755.76,1767.93,-4.96,-0.28,0.64,477731.94
SPX,20131104,1763.4,1767.93,1768.78,1761.56,1761.64,6.29,0.36,0.41,420023.94
SPX,20131101,1758.7,1761.64,1765.67,1752.7,1756.54,5.1,0.29,0.74,538311.07
SPX,20131231,1842.61,1848.36,1849.44,1842.41,1841.07,7.29,0.4,0.38,393922.13
SPX,20131230,1841.47,1841.07,1842.47,1838.77,1841.4,-0.33,-0.02,0.2,301815.94
SPX,20131227,1842.97,1841.4,1844.89,1839.81,1842.02,-0.62,-0.03,0.28,269983.88
SPX,20131226,1834.96,1842.02,1842.84,1834.96,1833.32,8.7,0.47,0.43,293272.94
SPX,20131224,1828.02,1833.32,1833.32,1828.02,1827.99,5.33,0.29,0.29,183931.0
SPX,20131223,1822.92,1827.99,1829.75,1822.92,1818.32,9.67,0.53,0.38,433647.0
SPX,20131220,1810.39,1818.32,1823.75,1810.25,1809.6,8.72,0.48,0.75,1387107.0
SPX,20131219,1809.0,1809.6,1810.88,1801.35,1810.65,-1.05,-0.06,0.53,510585.94
SPX,20131218,1781.46,1810.65,1811.08,1767.99,1781.0,29.64,1.66,2.42,690179.94
SPX,20131217,1786.47,1781.0,1786.77,1777.05,1786.54,-5.53,-0.31,0.54,506318.13
SPX,20131216,1777.48,1786.54,1792.22,1777.48,1775.32,11.22,0.63,0.83,529194.07
SPX,20131213,1777.98,1775.32,1780.92,1772.45,1775.5,-0.18,-0.01,0.48,440291.0
SPX,20131212,1781.71,1775.5,1782.99,1772.28,1782.22,-6.72,-0.38,0.6,516063.0
SPX,20131211,1802.76,1782.22,1802.97,1780.09,1802.62,-20.4,-1.13,1.27,545718.0
SPX,20131210,1807.6,1802.62,1808.52,1801.75,1808.37,-5.75,-0.32,0.37,464117.94
SPX,20131209,1806.21,1808.37,1811.52,1806.21,1805.09,3.28,0.18,0.29,485615.0
SPX,20131206,1788.36,1805.09,1806.04,1788.36,1785.03,20.06,1.12,0.99,499811.07
SPX,20131205,1792.82,1785.03,1792.82,1783.38,1792.81,-7.78,-0.43,0.53,556844.0
SPX,20131204,1793.15,1792.81,1799.8,1779.09,1795.15,-2.34,-0.13,1.15,573024.88
SPX,20131203,1800.1,1795.15,1800.1,1787.85,1800.9,-5.74,-0.32,0.68,525407.94
SPX,20131202,1806.55,1800.9,1810.02,1798.6,1805.81,-4.91,-0.27,0.63,461947.0
SPX,20140131,1790.88,1782.59,1793.88,1772.26,1794.19,-11.6,-0.65,1.21,755379.88
SPX,20140130,1777.17,1794.19,1798.77,1777.17,1774.2,19.99,1.13,1.22,545041.0
SPX,20140129,1790.15,1774.2,1790.15,1770.45,1792.5,-18.29,-1.02,1.1,601114.0
SPX,20140128,1783.0,1792.5,1793.87,1779.49,1781.56,10.94,0.61,0.81,494782.0
SPX,20140127,1791.03,1781.56,1795.98,1772.88,1790.29,-8.73,-0.49,1.29,631897.94
SPX,20140124,1826.96,1790.29,1826.96,1790.29,1828.46,-38.18,-2.09,2.01,711185.07
SPX,20140123,1842.29,1828.46,1842.29,1820.06,1844.86,-16.39,-0.89,1.2,581096.94
SPX,20140122,1844.71,1844.86,1846.87,1840.88,1843.8,1.05,0.06,0.32,500007.07
SPX,20140121,1841.05,1843.8,1849.31,1832.38,1838.7,5.11,0.28,0.92,594304.94
SPX,20140117,1844.23,1838.7,1846.04,1835.23,1845.89,-7.19,-0.39,0.59,806647.0
SPX,20140116,1847.99,1845.89,1847.99,1840.3,1848.38,-2.49,-0.13,0.42,473037.13
SPX,20140115,1840.52,1848.38,1850.84,1840.52,1838.88,9.5,0.52,0.56,556881.13
SPX,20140114,1821.36,1838.88,1839.26,1821.36,1819.2,19.68,1.08,0.98,510487.07
SPX,20140113,1841.26,1819.2,1843.45,1815.52,1842.37,-23.17,-1.26,1.52,574069.07
SPX,20140110,1840.06,1842.37,1843.15,1832.43,1838.13,4.25,0.23,0.58,486021.0
SPX,20140109,1839.0,1838.13,1843.23,1830.38,1837.49,0.63,0.03,0.7,520632.07
SPX,20140108,1837.9,1837.49,1840.02,1831.4,1837.88,-0.38,-0.02,0.47,576758.07
SPX,20140107,1828.71,1837.88,1840.1,1828.71,1826.77,11.11,0.61,0.62,496528.07
SPX,20140106,1832.31,1826.77,1837.16,1823.73,1831.37,-4.6,-0.25,0.73,491156.0
SPX,20140103,1833.21,1831.37,1838.24,1829.13,1831.98,-0.62,-0.03,0.5,387737.07
SPX,20140102,1845.86,1831.98,1845.86,1827.74,1848.36,-16.37,-0.89,0.98,446075.94
SPX,20140228,1855.12,1859.45,1867.92,1847.67,1854.29,5.16,0.28,1.09,716525.88
SPX,20140227,1844.9,1854.29,1854.53,1841.13,1845.16,9.13,0.49,0.73,506492.94
SPX,20140226,1845.79,1845.16,1852.65,1840.66,1845.12,0.04,0.0,0.65,493821.07
SPX,20140225,1847.66,1845.12,1852.91,1840.19,1847.61,-2.49,-0.14,0.69,498266.13
SPX,20140224,1836.78,1847.61,1858.71,1836.78,1836.25,11.37,0.62,1.19,694457.07
SPX,20140221,1841.07,1836.25,1846.13,1835.6,1839.78,-3.54,-0.19,0.57,673575.94
SPX,20140220,1829.24,1839.78,1842.79,1824.58,1828.75,11.04,0.6,1.0,512917.0
SPX,20140219,1838.9,1828.75,1847.5,1826.99,1840.76,-12.01,-0.65,1.11,516751.94
SPX,20140218,1839.03,1840.76,1842.87,1835.01,1838.63,2.12,0.12,0.43,538003.94
SPX,20140214,1828.46,1838.63,1841.65,1825.59,1829.83,8.8,0.48,0.88,488468.0
SPX,20140213,1814.82,1829.83,1830.25,1809.22,1819.26,10.57,0.58,1.16,534754.88
SPX,20140212,1820.12,1819.26,1826.55,1815.97,1819.75,-0.48,-0.03,0.58,483525.88
SPX,20140211,1800.45,1819.75,1823.54,1800.41,1799.84,19.91,1.11,1.29,532935.07
SPX,20140210,1796.2,1799.84,1799.94,1791.83,1797.02,2.82,0.16,0.45,485825.94
SPX,20140207,1776.01,1797.02,1798.03,1776.01,1773.43,23.59,1.33,1.24,589310.07
SPX,20140206,1752.99,1773.43,1774.06,1752.99,1751.64,21.79,1.24,1.2,561418.0
SPX,20140205,1753.38,1751.64,1755.79,1737.92,1755.2,-3.56,-0.2,1.02,578631.13
SPX,20140204,1743.82,1755.2,1758.73,1743.82,1741.89,13.32,0.76,0.86,620707.07
SPX,20140203,1782.68,1741.89,1784.83,1739.66,1782.59,-40.7,-2.28,2.53,744277.13
SPX,20140331,1859.16,1872.34,1875.18,1859.16,1857.62,14.72,0.79,0.86,577813.94
SPX,20140328,1850.07,1857.62,1866.63,1850.07,1849.04,8.58,0.46,0.9,453538.07
SPX,20140327,1852.11,1849.04,1855.55,1842.11,1852.56,-3.52,-0.19,0.73,583008.07
SPX,20140326,1867.09,1852.56,1875.92,1852.56,1865.62,-13.06,-0.7,1.25,557826.88
SPX,20140325,1859.48,1865.62,1871.87,1855.96,1857.44,8.18,0.44,0.86,491561.07
SPX,20140324,1867.67,1857.44,1873.34,1849.69,1866.52,-9.08,-0.49,1.27,588008.07
SPX,20140321,1874.53,1866.52,1883.97,1863.46,1872.01,-5.49,-0.29,1.1,1546978.0
SPX,20140320,1860.09,1872.01,1873.49,1854.63,1860.77,11.24,0.6,1.01,467186.07
SPX,20140319,1872.25,1860.77,1874.14,1850.35,1872.25,-11.48,-0.61,1.27,499477.07
SPX,20140318,1858.92,1872.25,1873.76,1858.92,1858.83,13.42,0.72,0.8,408702.88
SPX,20140317,1842.81,1858.83,1862.3,1842.81,1841.13,17.7,0.96,1.06,452592.07
SPX,20140314,1845.07,1841.13,1852.44,1839.57,1846.34,-5.21,-0.28,0.7,491443.13
SPX,20140313,1869.06,1846.34,1874.4,1841.86,1868.2,-21.85,-1.17,1.74,512752.94
SPX,20140312,1866.15,1868.2,1868.38,1854.38,1867.63,0.57,0.03,0.75,449370.13
SPX,20140311,1878.26,1867.63,1882.35,1863.88,1877.17,-9.55,-0.51,0.98,442986.07
SPX,20140310,1877.86,1877.17,1877.87,1867.04,1878.04,-0.87,-0.05,0.58,430738.07
SPX,20140307,1878.52,1878.04,1883.57,1870.56,1877.03,1.01,0.05,0.69,497040.07
SPX,20140306,1874.18,1877.03,1881.94,1874.18,1873.81,3.21,0.17,0.41,498565.94
SPX,20140305,1874.05,1873.81,1876.53,1871.11,1873.91,-0.1,-0.01,0.29,482065.94
SPX,20140304,1849.23,1873.91,1876.23,1849.23,1845.73,28.18,1.53,1.46,544440.94
SPX,20140303,1857.68,1845.73,1857.68,1834.44,1859.45,-13.71,-0.74,1.25,498458.0
SPX,20140430,1877.1,1883.95,1885.2,1872.69,1878.33,5.62,0.3,0.67,629090.07
SPX,20140429,1870.78,1878.33,1880.6,1870.78,1869.43,8.9,0.48,0.53,489826.88
SPX,20140428,1865.0,1869.43,1877.01,1850.61,1863.4,6.02,0.32,1.42,644490.0
SPX,20140425,1877.72,1863.4,1877.72,1859.7,1878.61,-15.21,-0.81,0.96,526707.07
SPX,20140424,1881.97,1878.61,1884.06,1870.24,1875.39,3.22,0.17,0.74,523936.07
SPX,20140423,1879.32,1875.39,1879.75,1873.91,1879.55,-4.16,-0.22,0.31,477804.94
SPX,20140422,1872.57,1879.55,1884.89,1872.57,1871.89,7.66,0.41,0.66,492960.94
SPX,20140421,1865.79,1871.89,1871.89,1863.18,1864.85,7.04,0.38,0.47,445573.0
SPX,20140417,1861.73,1864.85,1869.63,1856.72,1862.31,2.54,0.14,0.69,665680.94
SPX,20140416,1846.01,1862.31,1862.31,1846.01,1842.98,19.33,1.05,0.88,536607.94
SPX,20140415,1831.45,1842.98,1844.02,1816.29,1830.61,12.37,0.68,1.51,591856.94
SPX,20140414,1818.18,1830.61,1834.19,1815.8,1815.69,14.92,0.82,1.01,524945.07
SPX,20140411,1830.65,1815.69,1835.07,1814.36,1833.08,-17.39,-0.95,1.13,662181.88
SPX,20140410,1872.28,1833.08,1872.53,1830.87,1872.18,-39.1,-2.09,2.23,636877.94
SPX,20140409,1852.64,1872.18,1872.43,1852.38,1851.96,20.22,1.09,1.08,528285.88
SPX,20140408,1845.48,1851.96,1854.95,1837.49,1845.04,6.92,0.38,0.95,552300.07
SPX,20140407,1863.92,1845.04,1864.04,1841.48,1865.09,-20.06,-1.08,1.21,658209.94
SPX,20140404,1890.25,1865.09,1897.28,1863.26,1888.77,-23.68,-1.25,1.8,638969.0
SPX,20140403,1891.43,1888.77,1893.8,1882.65,1890.9,-2.13,-0.11,0.59,486950.94
SPX,20140402,1886.61,1890.9,1893.17,1883.79,1885.52,5.38,0.29,0.5,465008.07
SPX,20140401,1873.96,1885.52,1885.84,1873.96,1872.34,13.18,0.7,0.63,517336.94
SPX,20140530,1920.33,1923.57,1924.03,1916.64,1920.03,3.55,0.18,0.38,600491.94
SPX,20140529,1910.6,1920.03,1920.03,1909.82,1909.78,10.24,0.54,0.53,371596.94
SPX,20140528,1911.77,1909.78,1914.46,1907.3,1911.91,-2.13,-0.11,0.37,408918.94
SPX,20140527,1902.01,1911.91,1912.28,1902.01,1900.53,11.38,0.6,0.54,469658.94
SPX,20140523,1893.32,1900.53,1901.26,1893.32,1892.49,8.04,0.42,0.42,373480.0
SPX,20140522,1888.19,1892.49,1896.33,1885.39,1888.03,4.46,0.24,0.58,385629.88
SPX,20140521,1873.34,1888.03,1888.8,1873.34,1872.83,15.2,0.81,0.83,410778.07
SPX,20140520,1884.88,1872.83,1884.88,1868.14,1885.08,-12.25,-0.65,0.89,434975.13
SPX,20140519,1876.66,1885.08,1886.0,1872.42,1877.86,7.23,0.38,0.72,433388.94
SPX,20140516,1871.19,1877.86,1878.28,1864.82,1870.85,7.01,0.37,0.72,624155.0
SPX,20140515,1888.16,1870.85,1888.16,1862.36,1888.53,-17.68,-0.94,1.37,547160.88
SPX,20140514,1897.13,1888.53,1897.13,1885.77,1897.45,-8.92,-0.47,0.6,422048.13
SPX,20140513,1896.75,1897.45,1902.17,1896.06,1896.65,0.79,0.04,0.32,418340.07
SPX,20140512,1880.03,1896.65,1897.13,1880.03,1878.48,18.18,0.97,0.91,448903.07
SPX,20140509,1875.27,1878.48,1878.57,1867.02,1875.63,2.85,0.15,0.62,473573.0
SPX,20140508,1877.39,1875.63,1889.07,1870.05,1878.21,-2.58,-0.14,1.01,488607.94
SPX,20140507,1868.53,1878.21,1878.83,1859.79,1867.72,10.49,0.56,1.02,563540.07
SPX,20140506,1883.69,1867.72,1883.69,1867.72,1884.66,-16.94,-0.9,0.85,474483.88
SPX,20140505,1879.45,1884.66,1885.51,1866.77,1881.14,3.52,0.19,1.0,417770.0
SPX,20140502,1885.3,1881.14,1891.33,1878.5,1883.68,-2.55,-0.14,0.68,463669.94
SPX,20140501,1884.39,1883.68,1888.59,1878.04,1883.95,-0.27,-0.01,0.56,468010.0
SPX,20140630,1960.79,1960.23,1964.24,1958.22,1960.96,-0.73,-0.04,0.31,527459.0
SPX,20140627,1956.56,1960.96,1961.47,1952.18,1957.22,3.74,0.19,0.47,736990.94
SPX,20140626,1959.89,1957.22,1959.89,1944.69,1959.53,-2.31,-0.12,0.78,404542.0
SPX,20140625,1949.27,1959.53,1960.83,1947.49,1949.98,9.55,0.49,0.68,455365.94
SPX,20140624,1961.97,1949.98,1968.17,1948.34,1962.61,-12.63,-0.64,1.01,482070.07
SPX,20140623,1962.92,1962.61,1963.74,1958.89,1962.87,-0.26,-0.01,0.25,411854.0
SPX,20140620,1960.45,1962.87,1963.91,1959.17,1959.48,3.39,0.17,0.24,1209685.0
SPX,20140619,1957.5,1959.48,1959.87,1952.26,1956.98,2.5,0.13,0.39,476001.94
SPX,20140618,1942.73,1956.98,1957.74,1939.29,1941.99,14.99,0.77,0.95,436454.13
SPX,20140617,1937.15,1941.99,1943.69,1933.55,1937.78,4.21,0.22,0.52,405863.07
SPX,20140616,1934.84,1937.78,1941.15,1930.91,1936.16,1.62,0.08,0.53,437288.07
SPX,20140613,1930.8,1936.16,1937.3,1927.69,1930.11,6.04,0.31,0.5,445392.07
SPX,20140612,1943.35,1930.11,1943.35,1925.78,1943.89,-13.78,-0.71,0.9,459956.07
SPX,20140611,1949.37,1943.89,1949.37,1940.08,1950.79,-6.9,-0.35,0.48,387282.94
SPX,20140610,1950.34,1950.79,1950.86,1944.64,1951.27,-0.48,-0.02,0.32,405664.07
SPX,20140609,1948.97,1951.27,1955.55,1947.16,1949.44,1.83,0.09,0.43,422430.94
SPX,20140606,1942.41,1949.44,1949.44,1942.41,1940.46,8.98,0.46,0.36,445160.88
SPX,20140605,1928.52,1940.46,1941.74,1922.93,1927.88,12.58,0.65,0.98,431125.0
SPX,20140604,1923.06,1927.88,1928.63,1918.6,1924.24,3.63,0.19,0.52,403725.13
SPX,20140603,1923.07,1924.24,1925.07,1918.79,1924.97,-0.72,-0.04,0.33,414841.07
SPX,20140602,1923.87,1924.97,1925.88,1915.98,1923.57,1.39,0.07,0.51,376845.94
SPX,20140731,1965.14,1930.67,1965.14,1930.67,1970.07,-39.39,-2.0,1.75,623628.94
SPX,20140730,1973.21,1970.07,1978.9,1962.42,1969.95,0.12,0.01,0.84,476985.13
SPX,20140729,1980.03,1969.95,1984.85,1969.95,1978.91,-8.96,-0.45,0.75,492837.88
SPX,20140728,1978.25,1978.91,1981.52,1967.31,1978.34,0.57,0.03,0.72,436387.94
SPX,20140725,1984.6,1978.34,1984.6,1974.37,1987.98,-9.64,-0.48,0.51,414635.0
SPX,20140724,1988.07,1987.98,1991.39,1985.79,1987.01,0.98,0.05,0.28,471603.0
SPX,20140723,1985.32,1987.01,1989.23,1982.44,1983.53,3.48,0.18,0.34,468319.07
SPX,20140722,1975.65,1983.53,1986.24,1975.65,1973.63,9.9,0.5,0.54,425726.07
SPX,20140721,1976.93,1973.63,1976.93,1965.77,1978.22,-4.59,-0.23,0.56,397417.0
SPX,20140718,1961.54,1978.22,1979.91,1960.82,1958.12,20.1,1.03,0.97,582965.07
SPX,20140717,1979.75,1958.12,1981.8,1955.59,1981.57,-23.45,-1.18,1.32,541629.88
SPX,20140716,1976.35,1981.57,1983.94,1975.67,1973.28,8.29,0.42,0.42,517539.07
SPX,20140715,1977.36,1973.28,1982.52,1965.34,1977.1,-3.82,-0.19,0.87,544581.07
SPX,20140714,1969.86,1977.1,1979.85,1969.86,1967.57,9.53,0.48,0.51,398063.94
SPX,20140711,1965.76,1967.57,1968.67,1959.63,1964.68,2.89,0.15,0.46,375548.13
SPX,20140710,1966.67,1964.68,1969.84,1952.86,1972.83,-8.16,-0.41,0.86,417456.07
SPX,20140709,1965.1,1972.83,1974.15,1965.1,1963.71,9.12,0.46,0.46,414872.07
SPX,20140708,1976.39,1963.71,1976.39,1959.46,1977.65,-13.94,-0.7,0.86,482720.94
SPX,20140707,1984.22,1977.65,1984.22,1974.88,1985.44,-7.79,-0.39,0.47,399490.94
SPX,20140703,1975.88,1985.44,1985.59,1975.88,1974.62,10.82,0.55,0.49,366541.0
SPX,20140702,1973.06,1974.62,1976.67,1972.58,1973.32,1.3,0.07,0.21,386021.0
SPX,20140701,1962.29,1973.32,1978.58,1962.29,1960.23,13.09,0.67,0.83,438761.0
SPX,20140829,1998.45,2003.37,2003.38,1994.65,1996.74,6.63,0.33,0.44,425022.94
SPX,20140828,1997.42,1996.74,1998.55,1990.52,2000.12,-3.38,-0.17,0.4,315882.07
SPX,20140827,2000.54,2000.12,2002.14,1996.2,2000.02,0.1,0.0,0.3,342143.07
SPX,20140826,1998.59,2000.02,2005.04,1998.59,1997.92,2.1,0.11,0.32,314079.13
SPX,20140825,1991.74,1997.92,2001.95,1991.74,1988.4,9.52,0.48,0.51,336825.94
SPX,20140822,1992.6,1988.4,1993.54,1984.76,1992.37,-3.96,-0.2,0.44,377872.07
SPX,20140821,1986.82,1992.37,1994.76,1986.82,1986.51,5.86,0.29,0.4,395027.13
SPX,20140820,1980.46,1986.51,1988.57,1977.68,1981.6,4.91,0.25,0.55,378231.94
SPX,20140819,1972.73,1981.6,1982.57,1972.73,1971.74,9.86,0.5,0.5,393522.94
SPX,20140818,1958.36,1971.74,1971.99,1958.36,1955.06,16.68,0.85,0.7,422144.07
SPX,20140815,1958.87,1955.06,1964.04,1941.5,1955.18,-0.12,-0.01,1.15,599550.07
SPX,20140814,1947.41,1955.18,1955.23,1947.41,1946.72,8.46,0.43,0.4,322147.0
SPX,20140813,1935.6,1946.72,1948.41,1935.6,1933.75,12.98,0.67,0.66,368395.0
SPX,20140812,1935.73,1933.75,1939.65,1928.29,1936.92,-3.17,-0.16,0.59,352023.94
SPX,20140811,1933.43,1936.92,1944.9,1933.43,1931.59,5.32,0.28,0.59,399490.0
SPX,20140808,1910.35,1931.59,1932.38,1909.01,1909.57,22.02,1.15,1.22,456087.88
SPX,20140807,1923.03,1909.57,1928.89,1904.78,1920.24,-10.67,-0.56,1.26,474066.88
SPX,20140806,1917.29,1920.24,1927.91,1911.45,1920.21,0.02,0.0,0.86,488368.88
SPX,20140805,1936.34,1920.21,1936.34,1913.77,1938.99,-18.78,-0.97,1.16,500527.13
SPX,20140804,1926.62,1938.99,1942.92,1921.2,1925.15,13.83,0.72,1.13,468874.0
SPX,20140801,1929.8,1925.15,1937.35,1916.37,1930.67,-5.52,-0.29,1.09,519199.94
SPX,20140930,1978.21,1972.29,1985.17,1968.96,1977.8,-5.51,-0.28,0.82,590851.07
SPX,20140929,1978.96,1977.8,1981.28,1964.04,1982.85,-5.04,-0.25,0.87,421743.88
SPX,20140926,1966.22,1982.85,1986.37,1966.22,1965.99,16.86,0.86,1.02,436267.07
SPX,20140925,1997.32,1965.99,1997.32,1965.99,1998.3,-32.31,-1.62,1.57,526199.0
SPX,20140924,1983.34,1998.3,1999.79,1978.63,1982.77,15.54,0.78,1.07,486043.94
SPX,20140923,1992.78,1982.77,1995.41,1982.77,1994.29,-11.52,-0.58,0.63,483709.94
SPX,20140922,2009.08,1994.29,2009.08,1991.01,2010.4,-16.11,-0.8,0.9,474794.94
SPX,20140919,2012.74,2010.4,2019.26,2006.59,2011.36,-0.97,-0.05,0.63,1399699.0
SPX,20140918,2003.07,2011.36,2012.34,2003.07,2001.57,9.79,0.49,0.46,475879.88
SPX,20140917,1999.3,2001.57,2010.74,1993.29,1998.98,2.59,0.13,0.87,478418.0
SPX,20140916,1981.93,1998.98,2002.28,1979.06,1984.13,14.85,0.75,1.17,441782.94
SPX,20140915,1986.04,1984.13,1987.18,1978.48,1985.54,-1.4,-0.07,0.44,433853.0
SPX,20140912,1996.74,1985.54,1996.74,1980.26,1997.45,-11.91,-0.6,0.83,500131.13
SPX,20140911,1992.85,1997.45,1997.65,1985.93,1995.69,1.75,0.09,0.59,399775.88
SPX,20140910,1988.41,1995.69,1996.66,1982.99,1988.44,7.25,0.36,0.69,427131.13
SPX,20140909,2000.73,1988.44,2001.01,1984.61,2001.54,-13.1,-0.65,0.82,450978.0
SPX,20140908,2007.17,2001.54,2007.17,1995.6,2007.71,-6.17,-0.31,0.58,411969.0
SPX,20140905,1998.0,2007.71,2007.71,1990.1,1997.65,10.06,0.5,0.88,450560.07
SPX,20140904,2001.67,1997.65,2011.17,1992.54,2000.72,-3.07,-0.15,0.93,426756.13
SPX,20140903,2003.57,2000.72,2009.28,1998.14,2002.28,-1.56,-0.08,0.56,396733.88
SPX,20140902,2004.07,2002.28,2006.12,1994.85,2003.37,-1.08,-0.05,0.56,399418.0
SPX,20141031,2001.2,2018.05,2018.19,2001.2,1994.65,23.4,1.17,0.85,699250.0
SPX,20141030,1979.49,1994.65,1999.4,1974.75,1982.3,12.35,0.62,1.24,512018.07
SPX,20141029,1983.29,1982.3,1991.4,1969.04,1985.05,-2.74,-0.14,1.13,550834.0
SPX,20141028,1964.14,1985.05,1985.05,1964.14,1961.63,23.42,1.19,1.07,514670.88
SPX,20141027,1962.97,1961.63,1964.64,1951.37,1964.58,-2.95,-0.15,0.68,465868.88
SPX,20141024,1951.59,1964.58,1965.27,1946.27,1950.82,13.76,0.71,0.97,499168.0
SPX,20141023,1931.02,1950.82,1961.95,1931.02,1927.11,23.71,1.23,1.61,560099.13
SPX,20141022,1941.29,1927.11,1949.31,1926.83,1941.28,-14.17,-0.73,1.16,601110.13
SPX,20141021,1909.38,1941.28,1942.45,1909.38,1904.01,37.27,1.96,1.74,586162.13
SPX,20141020,1885.62,1904.01,1905.03,1882.3,1886.76,17.25,0.91,1.2,529712.88
SPX,20141017,1864.91,1886.76,1898.16,1864.91,1862.76,24.0,1.29,1.78,805007.07
SPX,20141016,1855.95,1862.76,1876.01,1835.02,1862.49,0.27,0.01,2.2,795956.07
SPX,20141015,1874.18,1862.49,1874.18,1820.66,1877.7,-15.21,-0.81,2.85,926523.94
SPX,20141014,1877.11,1877.7,1898.71,1871.79,1874.74,2.96,0.16,1.44,689429.94
SPX,20141013,1905.65,1874.74,1912.09,1874.14,1906.13,-31.39,-1.65,1.99,670483.88
SPX,20141010,1925.63,1906.13,1936.98,1906.05,1928.21,-22.08,-1.14,1.6,757485.13
SPX,20141009,1967.68,1928.21,1967.68,1927.56,1968.89,-40.68,-2.07,2.04,604573.0
SPX,20141008,1935.55,1968.89,1970.36,1925.25,1935.1,33.79,1.75,2.33,610653.07
SPX,20141007,1962.36,1935.1,1962.36,1934.87,1964.82,-29.73,-1.51,1.4,519126.94
SPX,20141006,1970.01,1964.82,1977.84,1958.43,1967.9,-3.08,-0.16,0.99,433672.13
SPX,20141003,1948.12,1967.9,1971.19,1948.12,1946.17,21.74,1.12,1.19,544388.94
SPX,20141002,1945.83,1946.17,1952.32,1926.03,1946.16,0.01,0.0,1.35,513087.88
SPX,20141001,1971.44,1946.16,1971.44,1941.72,1972.29,-26.13,-1.32,1.51,585263.94
SPX,20141128,2074.78,2067.56,2075.76,2065.06,2072.83,-5.27,-0.25,0.52,411803.94
SPX,20141126,2067.36,2072.83,2073.29,2066.62,2067.03,5.79,0.28,0.32,510052.0
SPX,20141125,2070.15,2067.03,2074.21,2064.75,2069.41,-2.38,-0.11,0.46,587165.07
SPX,20141124,2065.07,2069.41,2070.17,2065.07,2063.5,5.91,0.29,0.25,483152.13
SPX,20141121,2057.46,2063.5,2071.46,2056.75,2052.75,10.75,0.52,0.72,725438.0
SPX,20141120,2045.87,2052.75,2053.84,2040.49,2048.72,4.03,0.2,0.65,444962.88
SPX,20141119,2051.16,2048.72,2052.14,2040.37,2051.8,-3.07,-0.15,0.57,456780.0
SPX,20141118,2041.48,2051.8,2056.08,2041.48,2041.32,10.48,0.51,0.72,465626.94
SPX,20141117,2038.29,2041.32,2043.07,2034.46,2039.82,1.5,0.07,0.42,466017.07
SPX,20141114,2039.74,2039.82,2042.22,2035.2,2039.33,0.49,0.02,0.34,447822.0
SPX,20141113,2039.21,2039.33,2046.18,2030.44,2038.25,1.07,0.05,0.77,470727.07
SPX,20141112,2037.75,2038.25,2040.33,2031.95,2039.68,-1.43,-0.07,0.41,460474.13
SPX,20141111,2038.2,2039.68,2041.28,2035.28,2038.26,1.42,0.07,0.29,379238.07
SPX,20141110,2032.01,2038.26,2038.7,2030.17,2031.92,6.34,0.31,0.42,459543.94
SPX,20141107,2032.36,2031.92,2034.26,2025.07,2031.21,0.71,0.03,0.45,507607.94
SPX,20141106,2023.33,2031.21,2031.61,2015.86,2023.57,7.64,0.38,0.78,497882.07
SPX,20141105,2015.29,2023.57,2023.77,2014.42,2012.1,11.48,0.57,0.46,511039.07
SPX,20141104,2015.81,2012.1,2015.98,2001.01,2017.81,-5.72,-0.28,0.74,523652.13
SPX,20141103,2018.21,2017.81,2024.46,2013.68,2018.05,-0.24,-0.01,0.53,495466.07
SPX,20141231,2082.11,2058.9,2085.58,2057.94,2080.35,-21.44,-1.03,1.33,415222.88
SPX,20141230,2088.49,2080.35,2088.49,2079.53,2090.57,-10.23,-0.49,0.43,307731.94
SPX,20141229,2087.63,2090.57,2093.55,2085.75,2088.77,1.81,0.09,0.37,331931.88
SPX,20141226,2084.3,2088.77,2092.7,2084.3,2081.88,6.88,0.33,0.4,286784.94
SPX,20141224,2083.25,2081.88,2087.56,2081.86,2082.17,-0.29,-0.01,0.27,224945.0
SPX,20141223,2081.48,2082.17,2086.73,2079.77,2078.54,3.63,0.17,0.33,473272.0
SPX,20141222,2069.28,2078.54,2078.76,2069.28,2070.65,7.89,0.38,0.46,550803.0
SPX,20141219,2061.04,2070.65,2077.85,2061.03,2061.23,9.42,0.46,0.82,1633999.0
SPX,20141218,2018.98,2061.23,2061.23,2018.98,2012.89,48.34,2.4,2.1,667228.0
SPX,20141217,1973.77,2012.89,2016.75,1973.77,1972.74,40.15,2.04,2.18,658790.07
SPX,20141216,1986.71,1972.74,2016.89,1972.56,1989.63,-16.89,-0.85,2.23,690264.88
SPX,20141215,2005.03,1989.63,2018.69,1982.26,2002.33,-12.7,-0.63,1.82,670000.0
SPX,20141212,2030.36,2002.33,2032.25,2002.33,2035.33,-32.99,-1.62,1.47,657438.0
SPX,20141211,2027.92,2035.33,2055.53,2027.92,2026.14,9.18,0.45,1.36,527529.07
SPX,20141210,2058.86,2026.14,2058.86,2024.26,2059.82,-33.67,-1.63,1.68,619377.94
SPX,20141209,2056.55,2059.82,2060.6,2034.17,2060.31,-0.49,-0.02,1.28,530053.94
SPX,20141208,2074.84,2060.31,2075.78,2054.27,2075.37,-15.06,-0.73,1.04,547803.0
SPX,20141205,2072.78,2075.37,2079.47,2070.81,2071.92,3.45,0.17,0.42,492974.13
SPX,20141204,2073.64,2071.92,2077.34,2062.34,2074.33,-2.42,-0.12,0.72,495739.0
SPX,20141203,2067.45,2074.33,2076.28,2066.65,2066.55,7.79,0.38,0.47,536333.0
SPX,20141202,2053.77,2066.55,2068.77,2053.77,2053.44,13.11,0.64,0.73,498399.88
SPX,20141201,2065.78,2053.44,2065.78,2049.57,2067.56,-14.12,-0.68,0.78,547608.88
SPX,20150130,2019.35,1994.99,2023.32,1993.38,2021.25,-26.26,-1.3,1.48,893217.07
SPX,20150129,2002.45,2021.25,2024.64,1989.18,2002.16,19.1,0.95,1.77,620129.88
SPX,20150128,2032.34,2002.16,2042.49,2001.49,2029.55,-27.4,-1.35,2.02,648480.0
SPX,20150127,2047.86,2029.55,2047.86,2019.91,2057.09,-27.54,-1.34,1.36,562176.0
SPX,20150126,2050.42,2057.09,2057.62,2040.97,2051.82,5.27,0.26,0.81,525986.07
SPX,20150123,2062.98,2051.82,2062.98,2050.54,2063.15,-11.32,-0.55,0.6,535455.07
SPX,20150122,2034.3,2063.15,2064.62,2026.38,2032.12,31.03,1.53,1.88,643547.13
SPX,20150121,2020.19,2032.12,2038.29,2012.04,2022.55,9.57,0.47,1.3,538996.13
SPX,20150120,2020.76,2022.55,2028.94,2004.49,2019.42,3.13,0.15,1.21,605394.07
SPX,20150116,1992.25,2019.42,2020.46,1988.12,1992.67,26.75,1.34,1.62,731827.88
SPX,20150115,2013.75,1992.67,2021.35,1991.47,2011.27,-18.6,-0.92,1.49,608258.07
SPX,20150114,2018.4,2011.27,2018.4,1988.44,2023.03,-11.76,-0.58,1.48,673001.0
SPX,20150113,2031.58,2023.03,2056.93,2008.25,2028.26,-5.23,-0.26,2.4,610181.88
SPX,20150112,2046.13,2028.26,2049.3,2022.58,2044.81,-16.55,-0.81,1.31,536631.13
SPX,20150109,2063.45,2044.81,2064.43,2038.33,2062.14,-17.33,-0.84,1.27,503886.94
SPX,20150108,2030.61,2062.14,2064.08,2030.61,2025.9,36.24,1.79,1.65,604826.88
SPX,20150107,2005.55,2025.9,2029.61,2005.55,2002.61,23.29,1.16,1.2,538478.0
SPX,20150106,2022.15,2002.61,2030.25,1992.44,2020.58,-17.96,-0.89,1.87,628224.13
SPX,20150105,2054.44,2020.58,2054.44,2017.34,2058.2,-37.63,-1.83,1.8,611506.13
SPX,20150102,2058.9,2058.2,2072.36,2046.04,2058.9,-0.7,-0.03,1.28,426937.0
SPX,20150227,2110.88,2104.5,2112.74,2103.75,2110.74,-6.24,-0.3,0.43,596555.94
SPX,20150226,2113.91,2110.74,2113.91,2103.76,2113.86,-3.12,-0.15,0.48,504308.13
SPX,20150225,2115.3,2113.86,2119.59,2109.89,2115.48,-1.62,-0.08,0.46,481020.0
SPX,20150224,2109.1,2115.48,2117.94,2105.87,2109.66,5.83,0.28,0.57,499804.94
SPX,20150223,2109.83,2109.66,2110.05,2103.0,2110.3,-0.64,-0.03,0.33,497016.13
SPX,20150220,2097.65,2110.3,2110.61,2085.44,2097.45,12.85,0.61,1.2,621832.07
SPX,20150219,2099.25,2097.45,2102.13,2090.79,2099.68,-2.23,-0.11,0.54,462240.0
SPX,20150218,2099.16,2099.68,2100.23,2092.15,2100.34,-0.67,-0.03,0.38,458221.94
SPX,20150217,2096.47,2100.34,2101.3,2089.8,2096.99,3.36,0.16,0.55,557220.0
SPX,20150213,2088.78,2096.99,2097.03,2086.7,2088.48,8.5,0.41,0.49,501222.88
SPX,20150212,2069.98,2088.48,2088.53,2069.98,2068.53,19.95,0.96,0.9,563402.13
SPX,20150211,2068.55,2068.53,2073.48,2057.99,2068.59,-0.06,0.0,0.75,502374.0
SPX,20150210,2049.38,2068.59,2070.86,2048.62,2046.74,21.85,1.07,1.09,537837.88
SPX,20150209,2053.47,2046.74,2056.16,2041.88,2055.47,-8.73,-0.42,0.69,502321.07
SPX,20150206,2062.28,2055.47,2072.4,2049.97,2062.52,-7.05,-0.34,1.09,590732.94
SPX,20150205,2043.45,2062.52,2063.55,2043.45,2041.51,21.01,1.03,0.98,532688.0
SPX,20150204,2048.86,2041.51,2054.74,2036.72,2050.03,-8.52,-0.42,0.88,638853.0
SPX,20150203,2022.71,2050.03,2050.3,2022.71,2020.85,29.18,1.44,1.37,658300.07
SPX,20150202,1996.67,2020.85,2021.66,1980.9,1994.99,25.86,1.3,2.04,637708.0
SPX,20150331,2084.05,2067.89,2084.05,2067.04,2086.24,-18.35,-0.88,0.82,663987.07
SPX,20150330,2064.11,2086.24,2088.97,2064.11,2061.02,25.22,1.22,1.21,493689.94
SPX,20150327,2055.78,2061.02,2062.83,2052.96,2056.15,4.87,0.24,0.48,537750.0
SPX,20150326,2059.94,2056.15,2067.15,2045.5,2061.05,-4.9,-0.24,1.05,619686.07
SPX,20150325,2093.1,2061.05,2097.43,2061.05,2091.5,-30.45,-1.46,1.74,582073.0
SPX,20150324,2103.94,2091.5,2107.63,2091.5,2104.42,-12.92,-0.61,0.77,512610.13
SPX,20150323,2107.99,2104.42,2114.86,2104.42,2108.1,-3.68,-0.17,0.5,500085.94
SPX,20150320,2090.32,2108.1,2113.92,2090.32,2089.27,18.82,0.9,1.13,1560822.0
SPX,20150319,2098.69,2089.27,2098.69,2085.56,2099.5,-10.23,-0.49,0.63,528261.94
SPX,20150318,2072.84,2099.5,2106.85,2061.23,2074.28,25.22,1.22,2.2,628925.07
SPX,20150317,2080.59,2074.28,2080.59,2065.08,2081.19,-6.92,-0.33,0.75,475714.13
SPX,20150316,2055.35,2081.19,2081.41,2055.35,2053.4,27.79,1.35,1.27,541612.07
SPX,20150313,2064.56,2053.4,2064.56,2041.17,2065.95,-12.56,-0.61,1.13,553445.07
SPX,20150312,2041.1,2065.95,2066.41,2041.1,2040.24,25.72,1.26,1.24,541587.88
SPX,20150311,2044.69,2040.24,2050.08,2039.69,2044.16,-3.93,-0.19,0.51,540137.94
SPX,20150310,2076.14,2044.16,2076.14,2044.16,2079.43,-35.26,-1.7,1.54,618042.0
SPX,20150309,2072.25,2079.43,2083.49,2072.21,2071.26,8.17,0.39,0.54,491672.13
SPX,20150306,2100.91,2071.26,2100.91,2067.27,2101.04,-29.78,-1.42,1.6,654413.07
SPX,20150305,2098.54,2101.04,2104.25,2095.22,2098.53,2.51,0.12,0.43,479611.07
SPX,20150304,2107.72,2098.53,2107.72,2087.62,2107.78,-9.25,-0.44,0.95,489024.88
SPX,20150303,2115.76,2107.78,2115.76,2098.26,2117.39,-9.61,-0.45,0.83,488593.0
SPX,20150302,2105.23,2117.39,2117.52,2104.5,2104.5,12.89,0.61,0.62,516612.07
SPX,20150430,2105.52,2085.51,2105.52,2077.59,2106.85,-21.34,-1.01,1.33,686082.07
SPX,20150429,2112.49,2106.85,2113.65,2097.41,2114.76,-7.91,-0.37,0.77,550783.94
SPX,20150428,2108.35,2114.76,2116.09,2094.89,2108.92,5.84,0.28,1.01,549649.88
SPX,20150427,2119.29,2108.92,2125.92,2107.04,2117.69,-8.77,-0.41,0.89,590999.0
SPX,20150424,2112.8,2117.69,2120.92,2112.8,2112.93,4.76,0.23,0.38,555376.0
SPX,20150423,2107.21,2112.93,2120.49,2103.19,2107.96,4.97,0.24,0.82,566843.0
SPX,20150422,2098.27,2107.96,2109.98,2091.05,2097.29,10.68,0.51,0.9,505662.13
SPX,20150421,2102.82,2097.29,2109.64,2094.38,2100.4,-3.11,-0.15,0.73,485075.94
SPX,20150420,2084.11,2100.4,2103.94,2084.11,2081.18,19.22,0.92,0.95,481863.07
SPX,20150417,2102.58,2081.18,2102.58,2072.37,2104.99,-23.81,-1.13,1.44,661793.94
SPX,20150416,2105.96,2104.99,2111.3,2100.02,2106.63,-1.64,-0.08,0.54,494694.07
SPX,20150415,2097.82,2106.63,2111.91,2097.82,2095.84,10.79,0.51,0.67,561622.07
SPX,20150414,2092.28,2095.84,2098.62,2083.24,2092.43,3.41,0.16,0.74,449837.88
SPX,20150413,2102.03,2092.43,2107.65,2092.33,2102.06,-9.63,-0.46,0.73,489876.0
SPX,20150410,2091.51,2102.06,2102.61,2091.51,2091.18,10.87,0.52,0.53,467375.0
SPX,20150409,2081.29,2091.18,2093.31,2074.29,2081.9,9.28,0.45,0.91,473658.94
SPX,20150408,2076.94,2081.9,2086.69,2073.3,2076.33,5.57,0.27,0.64,488249.0
SPX,20150407,2080.79,2076.33,2089.81,2076.1,2080.62,-4.28,-0.21,0.66,436475.13
SPX,20150406,2064.87,2080.62,2086.99,2056.52,2066.96,13.65,0.66,1.47,603791.0
SPX,20150402,2060.03,2066.96,2072.17,2057.32,2059.69,7.27,0.35,0.72,484704.13
SPX,20150401,2067.63,2059.69,2067.63,2048.38,2067.89,-8.2,-0.4,0.93,564988.07
SPX,20150529,2120.66,2107.39,2120.66,2104.89,2120.79,-13.4,-0.63,0.74,760128.94
SPX,20150528,2122.27,2120.79,2122.27,2112.86,2123.48,-2.69,-0.13,0.44,434135.0
SPX,20150527,2105.13,2123.48,2126.22,2105.13,2104.2,19.28,0.92,1.0,511248.07
SPX,20150526,2125.34,2104.2,2125.34,2099.18,2126.06,-21.86,-1.03,1.23,557833.0
SPX,20150522,2130.36,2126.06,2132.15,2126.06,2130.82,-4.76,-0.22,0.29,423418.94
SPX,20150521,2125.55,2130.82,2134.28,2122.95,2125.85,4.97,0.23,0.53,468556.88
SPX,20150520,2127.79,2125.85,2134.72,2122.59,2127.83,-1.98,-0.09,0.57,477722.88
SPX,20150519,2129.45,2127.83,2133.02,2124.5,2129.2,-1.37,-0.06,0.4,493349.13
SPX,20150518,2121.3,2129.2,2131.78,2120.01,2122.73,6.47,0.3,0.55,444239.0
SPX,20150515,2122.07,2122.73,2123.89,2116.79,2121.1,1.63,0.08,0.33,609123.07
SPX,20150514,2100.43,2121.1,2121.45,2100.43,2098.48,22.62,1.08,1.0,477949.0
SPX,20150513,2099.62,2098.48,2110.19,2096.04,2099.12,-0.64,-0.03,0.67,473510.0
SPX,20150512,2102.87,2099.12,2105.06,2085.57,2105.33,-6.21,-0.29,0.93,468681.88
SPX,20150511,2115.56,2105.33,2117.69,2104.58,2116.1,-10.77,-0.51,0.62,467022.0
SPX,20150508,2092.13,2116.1,2117.66,2092.13,2088.0,28.1,1.35,1.22,524517.07
SPX,20150507,2079.96,2088.0,2092.9,2074.99,2080.15,7.85,0.38,0.86,523758.07
SPX,20150506,2091.26,2080.15,2098.42,2067.93,2089.46,-9.31,-0.45,1.46,552153.07
SPX,20150505,2112.63,2089.46,2115.24,2088.46,2114.49,-25.03,-1.18,1.27,532113.07
SPX,20150504,2110.23,2114.49,2120.95,2110.23,2108.29,6.2,0.29,0.51,458688.0
SPX,20150501,2087.38,2108.29,2108.41,2087.38,2085.51,22.78,1.09,1.01,509568.13
SPX,20150630,2061.19,2063.11,2074.28,2056.32,2057.64,5.47,0.27,0.87,717670.88
SPX,20150629,2098.63,2057.64,2098.63,2056.64,2101.49,-43.85,-2.09,2.0,586955.07
SPX,20150626,2102.62,2101.49,2108.92,2095.38,2102.31,-0.82,-0.04,0.64,927539.07
SPX,20150625,2109.96,2102.31,2116.04,2101.78,2108.58,-6.27,-0.3,0.68,494345.94
SPX,20150624,2123.33,2108.58,2125.1,2108.58,2124.2,-15.62,-0.74,0.78,534019.07
SPX,20150623,2123.16,2124.2,2128.03,2119.89,2122.85,1.35,0.06,0.38,453115.0
SPX,20150622,2112.5,2122.85,2129.87,2112.5,2109.99,12.86,0.61,0.82,468228.0
SPX,20150619,2121.03,2109.99,2121.64,2109.38,2121.24,-11.25,-0.53,0.58,1255422.0
SPX,20150618,2101.58,2121.24,2126.65,2101.58,2100.44,20.8,0.99,1.19,544428.0
SPX,20150617,2097.4,2100.44,2106.79,2088.86,2096.29,4.15,0.2,0.86,480804.94
SPX,20150616,2084.26,2096.29,2097.4,2082.1,2084.43,11.86,0.57,0.73,410709.94
SPX,20150615,2091.34,2084.43,2091.34,2072.49,2094.11,-9.68,-0.46,0.9,504787.13
SPX,20150612,2107.43,2094.11,2107.43,2091.33,2108.86,-14.75,-0.7,0.76,449502.94
SPX,20150611,2106.24,2108.86,2115.02,2106.24,2105.2,3.66,0.17,0.42,529773.94
SPX,20150610,2081.12,2105.2,2108.5,2081.12,2080.15,25.05,1.2,1.32,507554.94
SPX,20150609,2079.07,2080.15,2085.62,2072.14,2079.28,0.87,0.04,0.65,488823.0
SPX,20150608,2092.34,2079.28,2093.01,2079.11,2092.83,-13.55,-0.65,0.66,488323.0
SPX,20150605,2095.09,2092.83,2100.99,2085.67,2095.84,-3.01,-0.14,0.73,559311.07
SPX,20150604,2112.35,2095.84,2112.89,2093.23,2114.07,-18.23,-0.86,0.93,521556.88
SPX,20150603,2110.64,2114.07,2121.92,2109.61,2109.6,4.47,0.21,0.58,464527.13
SPX,20150602,2110.41,2109.6,2117.59,2099.14,2111.73,-2.13,-0.1,0.87,471166.0
SPX,20150601,2108.64,2111.73,2119.15,2102.54,2107.39,4.34,0.21,0.79,488083.0
SPX,20150731,2111.6,2103.84,2114.24,2102.07,2108.63,-4.79,-0.23,0.58,639716.07
SPX,20150730,2106.78,2108.63,2110.48,2094.97,2108.57,0.06,0.0,0.74,505302.0
SPX,20150729,2094.7,2108.57,2110.6,2094.08,2093.25,15.32,0.73,0.79,568110.13
SPX,20150728,2070.75,2093.25,2095.6,2069.09,2067.64,25.61,1.24,1.28,612199.0
SPX,20150727,2078.19,2067.64,2078.19,2063.52,2079.65,-12.01,-0.58,0.71,658424.07
SPX,20150724,2102.24,2079.65,2106.01,2077.09,2102.15,-22.5,-1.07,1.38,622862.07
SPX,20150723,2114.16,2102.15,2116.87,2098.63,2114.15,-12.0,-0.57,0.86,583756.13
SPX,20150722,2118.21,2114.15,2118.51,2110.0,2119.21,-5.06,-0.24,0.4,604850.13
SPX,20150721,2127.55,2119.21,2128.49,2115.4,2128.28,-9.07,-0.43,0.62,549092.07
SPX,20150720,2126.85,2128.28,2132.82,2123.65,2126.64,1.64,0.08,0.43,498063.0
SPX,20150717,2126.8,2126.64,2128.91,2119.88,2124.29,2.35,0.11,0.43,626054.94
SPX,20150716,2110.55,2124.29,2124.42,2110.55,2107.4,16.89,0.8,0.66,531489.0
SPX,20150715,2109.01,2107.4,2114.14,2102.49,2108.95,-1.55,-0.07,0.55,538810.07
SPX,20150714,2099.72,2108.95,2111.98,2098.18,2099.6,9.35,0.45,0.66,501242.94
SPX,20150713,2080.03,2099.6,2100.67,2080.03,2076.62,22.98,1.11,0.99,504047.13
SPX,20150710,2052.74,2076.62,2081.31,2052.74,2051.31,25.31,1.23,1.39,487491.94
SPX,20150709,2049.73,2051.31,2074.28,2049.73,2046.68,4.63,0.23,1.2,553570.07
SPX,20150708,2077.66,2046.68,2077.66,2044.66,2081.34,-34.66,-1.67,1.59,372275.88
SPX,20150707,2069.52,2081.34,2083.74,2044.02,2068.76,12.58,0.61,1.92,624382.07
SPX,20150706,2073.95,2068.76,2078.61,2058.4,2076.78,-8.02,-0.39,0.97,586209.0
SPX,20150702,2078.03,2076.78,2085.06,2071.02,2077.42,-0.64,-0.03,0.68,484439.94
SPX,20150701,2067.0,2077.42,2082.78,2067.0,2063.11,14.31,0.69,0.76,531751.0
SPX,20150831,1986.73,1972.18,1986.73,1965.98,1988.87,-16.69,-0.84,1.04,764740.94
SPX,20150828,1986.06,1988.87,1993.48,1975.19,1987.66,1.21,0.06,0.92,723483.88
SPX,20150827,1942.77,1987.66,1989.6,1942.77,1940.51,47.15,2.43,2.41,924279.07
SPX,20150826,1872.75,1940.51,1943.09,1872.75,1867.61,72.9,3.9,3.77,1028889.9
SPX,20150825,1898.08,1867.61,1948.04,1867.08,1893.21,-25.6,-1.35,4.28,1051285.0
SPX,20150824,1965.15,1893.21,1965.15,1867.01,1970.89,-77.68,-3.94,4.98,1333409.0
SPX,20150821,2034.08,1970.89,2034.08,1970.89,2035.73,-64.84,-3.19,3.1,1064386.0
SPX,20150820,2076.61,2035.73,2076.61,2035.73,2079.61,-43.88,-2.11,1.97,674625.0
SPX,20150819,2095.69,2079.61,2096.17,2070.53,2096.92,-17.31,-0.83,1.22,571230.94
SPX,20150818,2101.99,2096.92,2103.47,2094.14,2102.44,-5.52,-0.26,0.44,444210.94
SPX,20150817,2089.7,2102.44,2102.87,2079.3,2091.54,10.9,0.52,1.13,426042.0
SPX,20150814,2083.15,2091.54,2092.45,2080.61,2083.39,8.15,0.39,0.57,448636.0
SPX,20150813,2086.19,2083.39,2092.93,2078.26,2086.05,-2.66,-0.13,0.7,502475.13
SPX,20150812,2081.1,2086.05,2089.06,2052.09,2084.07,1.98,0.1,1.77,632320.07
SPX,20150811,2102.66,2084.07,2102.66,2076.49,2104.18,-20.11,-0.96,1.24,562080.07
SPX,20150810,2080.98,2104.18,2105.35,2080.98,2077.57,26.61,1.28,1.17,536951.88
SPX,20150807,2082.61,2077.57,2082.61,2067.91,2083.56,-5.99,-0.29,0.71,529686.07
SPX,20150806,2100.75,2083.56,2103.32,2075.53,2099.84,-16.28,-0.78,1.32,611689.94
SPX,20150805,2095.27,2099.84,2112.66,2095.27,2093.32,6.52,0.31,0.83,580780.0
SPX,20150804,2097.68,2093.32,2102.51,2088.6,2098.04,-4.72,-0.22,0.66,545885.0
SPX,20150803,2104.49,2098.04,2105.7,2087.31,2103.84,-5.8,-0.28,0.87,546235.13
SPX,20150930,1887.14,1920.03,1920.53,1887.14,1884.09,35.94,1.91,1.77,848521.0
SPX,20150929,1881.9,1884.09,1899.48,1871.91,1881.77,2.32,0.12,1.47,735886.0
SPX,20150928,1929.18,1881.77,1929.18,1879.21,1931.34,-49.57,-2.57,2.59,776043.0
SPX,20150925,1935.93,1931.34,1952.89,1921.5,1932.24,-0.9,-0.05,1.62,691099.13
SPX,20150924,1934.81,1932.24,1937.17,1908.92,1938.76,-6.52,-0.34,1.46,715117.94
SPX,20150923,1943.24,1938.76,1949.52,1932.57,1942.74,-3.98,-0.2,0.87,505058.13
SPX,20150922,1961.39,1942.74,1961.39,1929.22,1966.97,-24.23,-1.23,1.64,692586.94
SPX,20150921,1960.84,1966.97,1979.64,1955.8,1958.03,8.94,0.46,1.22,570774.88
SPX,20150918,1989.66,1958.03,1989.66,1953.45,1990.2,-32.17,-1.62,1.82,1860981.0
SPX,20150917,1995.33,1990.2,2020.86,1986.73,1995.31,-5.11,-0.26,1.71,704674.07
SPX,20150916,1978.02,1995.31,1997.26,1977.93,1978.09,17.22,0.87,0.98,592020.0
SPX,20150915,1955.1,1978.09,1983.19,1954.3,1953.03,25.06,1.28,1.48,538205.07
SPX,20150914,1963.06,1953.03,1963.06,1948.27,1961.05,-8.02,-0.41,0.75,546552.0
SPX,20150911,1951.45,1961.05,1961.05,1939.19,1952.29,8.76,0.45,1.12,589037.13
SPX,20150910,1941.59,1952.29,1965.29,1937.19,1942.04,10.25,0.53,1.45,668617.94
SPX,20150909,1971.45,1942.04,1988.63,1937.88,1969.41,-27.37,-1.39,2.58,666980.94
SPX,20150908,1927.3,1969.41,1970.42,1927.3,1921.22,48.19,2.51,2.24,683168.0
SPX,20150904,1947.76,1921.22,1947.76,1911.21,1951.13,-29.91,-1.53,1.87,665449.94
SPX,20150903,1950.79,1951.13,1975.01,1944.72,1948.86,2.27,0.12,1.55,632699.0
SPX,20150902,1916.52,1948.86,1948.91,1916.52,1913.85,35.01,1.83,1.69,732830.07
SPX,20150901,1970.09,1913.85,1970.09,1903.07,1972.18,-58.33,-2.96,3.4,870125.0
SPX,20151030,2090.0,2079.36,2094.32,2079.34,2089.41,-10.05,-0.48,0.72,789096.94
SPX,20151029,2088.35,2089.41,2092.52,2082.63,2090.35,-0.94,-0.04,0.47,549091.07
SPX,20151028,2066.48,2090.35,2090.35,2063.11,2065.89,24.46,1.18,1.32,660968.0
SPX,20151027,2068.75,2065.89,2070.37,2058.84,2071.18,-5.29,-0.26,0.56,650112.07
SPX,20151026,2075.08,2071.18,2075.14,2066.53,2075.15,-3.97,-0.19,0.41,602332.07
SPX,20151023,2058.19,2075.15,2079.74,2058.19,2052.51,22.64,1.1,1.05,745334.94
SPX,20151022,2021.88,2052.51,2055.2,2021.88,2018.94,33.57,1.66,1.65,786028.07
SPX,20151021,2033.47,2018.94,2037.97,2017.22,2030.77,-11.83,-0.58,1.02,610204.13
SPX,20151020,2033.13,2030.77,2039.12,2026.61,2033.66,-2.89,-0.14,0.62,563655.0
SPX,20151019,2031.73,2033.66,2034.45,2022.31,2033.11,0.55,0.03,0.6,600551.0
SPX,20151016,2024.37,2033.11,2033.54,2020.46,2023.86,9.25,0.46,0.65,711470.0
SPX,20151015,1996.47,2023.86,2024.15,1996.47,1994.24,29.62,1.49,1.39,671059.07
SPX,20151014,2003.66,1994.24,2009.56,1990.73,2003.69,-9.45,-0.47,0.94,629947.0
SPX,20151013,2015.0,2003.69,2022.34,2001.78,2017.46,-13.77,-0.68,1.02,567343.0
SPX,20151012,2015.65,2017.46,2018.66,2010.55,2014.89,2.57,0.13,0.4,464137.94
SPX,20151009,2013.73,2014.89,2020.13,2007.61,2013.43,1.46,0.07,0.62,623423.13
SPX,20151008,1994.01,2013.43,2016.5,1987.53,1995.83,17.6,0.88,1.45,604478.0
SPX,20151007,1982.34,1995.83,1999.31,1976.44,1979.92,15.91,0.8,1.16,735394.07
SPX,20151006,1986.63,1979.92,1991.62,1971.99,1987.05,-7.13,-0.36,0.99,679865.94
SPX,20151005,1954.33,1987.05,1989.17,1954.33,1951.36,35.69,1.83,1.79,725881.13
SPX,20151002,1921.77,1951.36,1951.36,1893.7,1923.82,27.54,1.43,3.0,763254.88
SPX,20151001,1919.65,1923.82,1927.21,1900.7,1920.03,3.79,0.2,1.38,676563.0
SPX,20151130,2090.95,2080.41,2093.81,2080.41,2090.11,-9.7,-0.46,0.64,818038.07
SPX,20151127,2088.82,2090.11,2093.29,2084.13,2088.87,1.24,0.06,0.44,240297.0
SPX,20151125,2089.3,2088.87,2093.0,2086.3,2089.14,-0.27,-0.01,0.32,440227.07
SPX,20151124,2084.42,2089.14,2094.12,2070.29,2086.59,2.55,0.12,1.14,607006.13
SPX,20151123,2089.41,2086.59,2095.61,2081.39,2089.17,-2.58,-0.12,0.68,571414.07
SPX,20151120,2082.82,2089.17,2097.06,2082.82,2081.24,7.93,0.38,0.68,689172.13
SPX,20151119,2083.7,2081.24,2086.74,2078.76,2083.58,-2.34,-0.11,0.38,536851.07
SPX,20151118,2051.99,2083.58,2085.31,2051.99,2050.44,33.14,1.62,1.63,608652.13
SPX,20151117,2053.67,2050.44,2066.69,2045.9,2053.19,-2.75,-0.13,1.01,677184.07
SPX,20151116,2022.08,2053.19,2053.22,2019.39,2023.04,30.15,1.49,1.67,607470.0
SPX,20151113,2044.64,2023.04,2044.64,2022.02,2045.97,-22.93,-1.12,1.11,652851.07
SPX,20151112,2072.29,2045.97,2072.29,2045.66,2075.0,-29.03,-1.4,1.28,573865.0
SPX,20151111,2083.41,2075.0,2086.94,2074.85,2081.72,-6.72,-0.32,0.58,511666.0
SPX,20151110,2077.19,2081.72,2083.67,2069.91,2078.58,3.14,0.15,0.66,564877.94
SPX,20151109,2096.56,2078.58,2096.56,2068.24,2099.2,-20.62,-0.98,1.35,664846.94
SPX,20151106,2098.6,2099.2,2101.91,2083.74,2099.93,-0.73,-0.03,0.87,661105.0
SPX,20151105,2101.68,2099.93,2108.78,2090.41,2102.31,-2.38,-0.11,0.87,589737.07
SPX,20151104,2110.6,2102.31,2114.59,2096.98,2109.79,-7.48,-0.35,0.83,615424.07
SPX,20151103,2102.63,2109.79,2116.48,2097.51,2104.05,5.74,0.27,0.9,588205.07
SPX,20151102,2080.76,2104.05,2106.2,2080.76,2079.36,24.69,1.19,1.22,579601.07
SPX,20151231,2060.59,2043.94,2062.54,2043.62,2063.36,-19.42,-0.94,0.92,482595.94
SPX,20151230,2077.34,2063.36,2077.34,2061.97,2078.36,-15.0,-0.72,0.74,334631.13
SPX,20151229,2060.54,2078.36,2081.56,2060.54,2056.5,21.86,1.06,1.02,379027.13
SPX,20151228,2057.77,2056.5,2057.77,2044.2,2060.99,-4.49,-0.22,0.66,367737.07
SPX,20151224,2063.52,2060.99,2067.36,2058.73,2064.29,-3.3,-0.16,0.42,250570.0
SPX,20151223,2042.2,2064.29,2064.73,2042.2,2038.97,25.32,1.24,1.1,545190.94
SPX,20151222,2023.15,2038.97,2042.74,2020.49,2021.15,17.82,0.88,1.1,546862.07
SPX,20151221,2010.27,2021.15,2022.9,2005.93,2005.55,15.6,0.78,0.85,610293.94
SPX,20151218,2040.81,2005.55,2040.81,2005.33,2041.89,-36.34,-1.78,1.74,1811569.0
SPX,20151217,2073.76,2041.89,2076.37,2041.66,2073.07,-31.18,-1.5,1.67,646284.94
SPX,20151216,2046.5,2073.07,2076.72,2042.43,2043.41,29.66,1.45,1.68,680650.88
SPX,20151215,2025.55,2043.41,2053.87,2025.55,2021.94,21.47,1.06,1.4,689853.0
SPX,20151214,2013.37,2021.94,2022.92,1993.26,2012.37,9.57,0.48,1.47,771571.07
SPX,20151211,2047.27,2012.37,2047.27,2008.8,2052.23,-39.86,-1.94,1.87,718417.0
SPX,20151210,2047.93,2052.23,2067.65,2045.67,2047.62,4.61,0.23,1.07,597997.07
SPX,20151209,2061.17,2047.62,2080.33,2036.53,2063.59,-15.97,-0.77,2.12,719904.07
SPX,20151208,2073.39,2063.59,2073.85,2052.32,2077.07,-13.48,-0.65,1.04,666623.07
SPX,20151207,2090.42,2077.07,2090.42,2066.78,2091.69,-14.62,-0.7,1.13,639168.94
SPX,20151204,2051.24,2091.69,2093.84,2051.24,2049.62,42.07,2.05,2.08,740000.0
SPX,20151203,2080.71,2049.62,2085.0,2042.35,2079.51,-29.89,-1.44,2.05,749533.94
SPX,20151202,2101.71,2079.51,2104.27,2077.11,2102.63,-23.12,-1.1,1.29,615433.13
SPX,20151201,2082.93,2102.63,2103.37,2082.93,2080.41,22.22,1.07,0.98,591053.0
SPX,20160129,1894.0,1940.24,1940.24,1894.0,1893.36,46.88,2.48,2.44,1218351.0
SPX,20160128,1885.22,1893.36,1902.96,1873.65,1882.95,10.41,0.55,1.56,820295.88
SPX,20160127,1902.52,1882.95,1916.99,1872.7,1903.63,-20.68,-1.09,2.33,801305.94
SPX,20160126,1878.79,1903.63,1906.73,1878.79,1877.08,26.55,1.41,1.49,695956.07
SPX,20160125,1906.28,1877.08,1906.28,1875.97,1906.9,-29.82,-1.56,1.59,760930.94
SPX,20160122,1877.4,1906.9,1908.85,1877.4,1868.99,37.91,2.03,1.68,809147.0
SPX,20160121,1861.46,1868.99,1889.85,1848.98,1859.33,9.66,0.52,2.2,853633.07
SPX,20160120,1876.18,1859.33,1876.18,1812.29,1881.33,-22.0,-1.17,3.4,1078051.0
SPX,20160119,1888.66,1881.33,1901.44,1864.6,1880.33,1.0,0.05,1.96,876358.88
SPX,20160115,1916.68,1880.33,1916.68,1857.83,1921.84,-41.51,-2.16,3.06,1194942.0
SPX,20160114,1891.68,1921.84,1934.47,1878.93,1890.28,31.56,1.67,2.94,920304.94
SPX,20160113,1940.34,1890.28,1950.33,1886.41,1938.68,-48.4,-2.5,3.3,874564.94
SPX,20160112,1927.83,1938.68,1947.38,1914.35,1923.67,15.01,0.78,1.72,759188.94
SPX,20160111,1926.12,1923.67,1935.65,1901.1,1922.03,1.64,0.09,1.8,775646.0
SPX,20160108,1945.97,1922.03,1960.4,1918.46,1943.09,-21.06,-1.08,2.16,800798.13
SPX,20160107,1985.32,1943.09,1985.32,1938.83,1990.26,-47.17,-2.37,2.34,860517.07
SPX,20160106,2011.71,1990.26,2011.71,1979.05,2016.71,-26.45,-1.31,1.62,734820.07
SPX,20160105,2013.78,2016.71,2021.94,2004.17,2012.66,4.05,0.2,0.88,619260.0
SPX,20160104,2038.2,2012.66,2038.2,1989.68,2043.94,-31.28,-1.53,2.37,802072.0
SPX,20160229,1947.13,1932.23,1958.27,1931.81,1948.05,-15.82,-0.81,1.36,849487.07
SPX,20160226,1954.95,1948.05,1962.96,1945.78,1951.7,-3.65,-0.19,0.88,669969.0
SPX,20160225,1931.87,1951.7,1951.83,1925.41,1929.8,21.9,1.13,1.37,590047.13
SPX,20160224,1917.56,1929.8,1932.08,1891.0,1921.27,8.53,0.44,2.14,662291.0
SPX,20160223,1942.38,1921.27,1942.38,1919.44,1945.5,-24.23,-1.25,1.18,626779.07
SPX,20160222,1924.44,1945.5,1946.7,1924.44,1917.78,27.72,1.45,1.16,663512.94
SPX,20160219,1916.74,1917.78,1918.78,1902.17,1917.83,-0.05,0.0,0.87,862747.07
SPX,20160218,1927.57,1917.83,1930.0,1915.09,1926.82,-8.99,-0.47,0.77,729872.07
SPX,20160217,1898.8,1926.82,1930.68,1898.8,1895.58,31.24,1.65,1.68,818657.94
SPX,20160216,1871.44,1895.58,1895.77,1871.44,1864.78,30.8,1.65,1.3,840930.94
SPX,20160212,1833.4,1864.78,1864.78,1833.4,1829.08,35.7,1.95,1.72,803668.94
SPX,20160211,1847.0,1829.08,1847.0,1810.1,1851.86,-22.78,-1.23,1.99,959312.0
SPX,20160210,1857.1,1851.86,1881.6,1850.32,1852.21,-0.35,-0.02,1.69,765063.0
SPX,20160209,1848.46,1852.21,1868.25,1834.94,1853.44,-1.23,-0.07,1.8,847334.94
SPX,20160208,1873.25,1853.44,1873.25,1828.46,1880.05,-26.61,-1.42,2.38,1012893.1
SPX,20160205,1913.07,1880.05,1913.07,1872.65,1915.45,-35.4,-1.85,2.11,866331.07
SPX,20160204,1911.67,1915.45,1927.35,1900.52,1912.53,2.92,0.15,1.4,865531.0
SPX,20160203,1907.07,1912.53,1918.01,1872.23,1903.03,9.5,0.5,2.41,893685.07
SPX,20160202,1935.26,1903.03,1935.26,1897.29,1939.38,-36.35,-1.87,1.96,788014.88
SPX,20160201,1936.94,1939.38,1947.2,1920.3,1940.24,-0.86,-0.04,1.39,714147.94
SPX,20160331,2063.77,2059.74,2067.92,2057.46,2063.95,-4.21,-0.2,0.51,636510.0
SPX,20160330,2058.27,2063.95,2072.21,2058.27,2055.01,8.94,0.44,0.68,511409.94
SPX,20160329,2035.75,2055.01,2055.91,2028.31,2037.05,17.96,0.88,1.35,571883.07
SPX,20160328,2037.89,2037.05,2042.67,2031.96,2035.94,1.11,0.05,0.53,460626.94
SPX,20160324,2032.48,2035.94,2036.04,2022.49,2036.71,-0.77,-0.04,0.67,600131.13
SPX,20160323,2048.55,2036.71,2048.55,2034.86,2049.8,-13.09,-0.64,0.67,542134.07
SPX,20160322,2048.64,2049.8,2056.6,2040.57,2051.6,-1.8,-0.09,0.78,555485.13
SPX,20160321,2047.88,2051.6,2053.91,2043.14,2049.58,2.02,0.1,0.53,535576.88
SPX,20160318,2041.16,2049.58,2052.36,2041.16,2040.59,8.99,0.44,0.55,1743158.0
SPX,20160317,2026.9,2040.59,2046.24,2022.16,2027.22,13.37,0.66,1.19,661762.94
SPX,20160316,2014.24,2027.22,2032.02,2010.04,2015.93,11.29,0.56,1.09,617670.88
SPX,20160315,2015.27,2015.93,2015.94,2005.23,2019.64,-3.71,-0.18,0.53,529502.94
SPX,20160314,2019.27,2019.64,2024.57,2012.05,2022.19,-2.55,-0.13,0.62,546841.07
SPX,20160311,1994.71,2022.19,2022.37,1994.71,1989.57,32.62,1.64,1.39,641711.94
SPX,20160310,1990.97,1989.57,2005.08,1969.25,1989.26,0.31,0.02,1.8,665444.07
SPX,20160309,1981.44,1989.26,1992.69,1979.84,1979.26,10.0,0.51,0.65,608081.07
SPX,20160308,1996.88,1979.26,1996.88,1977.43,2001.76,-22.5,-1.12,0.97,699805.94
SPX,20160307,1996.11,2001.76,2006.12,1989.38,1999.99,1.77,0.09,0.84,654455.07
SPX,20160304,1994.01,1999.99,2009.13,1986.77,1993.4,6.59,0.33,1.12,782584.0
SPX,20160303,1985.6,1993.4,1993.69,1977.37,1986.45,6.95,0.35,0.82,667829.13
SPX,20160302,1976.6,1986.45,1986.51,1968.8,1978.35,8.1,0.41,0.9,680819.07
SPX,20160301,1937.09,1978.35,1978.35,1937.09,1932.23,46.12,2.39,2.14,742687.0
SPX,20160429,2071.82,2065.3,2073.85,2052.28,2075.81,-10.51,-0.51,1.04,887326.88
SPX,20160428,2090.93,2075.81,2099.3,2071.62,2095.15,-19.34,-0.92,1.32,689220.0
SPX,20160427,2092.33,2095.15,2099.89,2082.31,2091.7,3.45,0.16,0.84,672757.07
SPX,20160426,2089.84,2091.7,2096.87,2085.8,2087.79,3.91,0.19,0.53,598554.94
SPX,20160425,2089.37,2087.79,2089.37,2077.52,2091.58,-3.79,-0.18,0.57,544779.07
SPX,20160422,2091.49,2091.58,2094.32,2081.2,2091.48,0.1,0.0,0.63,705982.94
SPX,20160421,2102.09,2091.48,2103.78,2088.52,2102.4,-10.92,-0.52,0.73,651246.13
SPX,20160420,2101.52,2102.4,2111.05,2096.32,2100.8,1.6,0.08,0.7,604654.07
SPX,20160419,2096.05,2100.8,2104.05,2091.68,2094.34,6.46,0.31,0.59,590323.0
SPX,20160418,2078.83,2094.34,2094.66,2073.65,2080.73,13.61,0.65,1.01,547243.88
SPX,20160415,2083.1,2080.73,2083.22,2076.31,2082.78,-2.05,-0.1,0.33,693553.94
SPX,20160414,2082.89,2082.78,2087.84,2078.13,2082.42,0.36,0.02,0.47,563107.94
SPX,20160413,2065.92,2082.42,2083.18,2065.92,2061.72,20.7,1.0,0.84,630914.07
SPX,20160412,2043.72,2061.72,2065.05,2039.74,2041.99,19.73,0.97,1.24,590856.94
SPX,20160411,2050.23,2041.99,2062.93,2041.88,2047.6,-5.61,-0.27,1.03,586553.94
SPX,20160408,2045.54,2047.6,2060.63,2041.69,2041.91,5.69,0.28,0.93,534860.13
SPX,20160407,2063.01,2041.91,2063.01,2033.8,2066.66,-24.75,-1.2,1.41,618277.13
SPX,20160406,2045.56,2066.66,2067.33,2043.09,2045.17,21.49,1.05,1.19,581198.0
SPX,20160405,2062.5,2045.17,2062.5,2042.56,2066.13,-20.96,-1.01,0.97,666163.07
SPX,20160404,2073.19,2066.13,2074.02,2062.57,2072.78,-6.65,-0.32,0.55,532705.07
SPX,20160401,2056.62,2072.78,2075.07,2043.98,2059.74,13.04,0.63,1.51,655021.0
SPX,20160531,2100.13,2096.96,2103.48,2088.66,2099.06,-2.1,-0.1,0.71,904459.0
SPX,20160527,2090.06,2099.06,2099.06,2090.06,2090.1,8.96,0.43,0.43,508492.94
SPX,20160526,2091.44,2090.1,2094.3,2087.08,2090.54,-0.44,-0.02,0.35,474137.94
SPX,20160525,2078.93,2090.54,2094.73,2078.93,2076.06,14.48,0.7,0.76,561668.94
SPX,20160524,2052.65,2076.06,2079.67,2052.65,2048.04,28.02,1.37,1.32,557587.88
SPX,20160523,2052.23,2048.04,2055.58,2047.26,2052.32,-4.28,-0.21,0.41,524841.07
SPX,20160520,2041.88,2052.32,2058.35,2041.88,2040.04,12.28,0.6,0.81,697842.07
SPX,20160519,2044.21,2040.04,2044.21,2025.91,2047.63,-7.59,-0.37,0.89,589913.07
SPX,20160518,2044.38,2047.63,2060.61,2034.49,2047.21,0.42,0.02,1.28,558156.0
SPX,20160517,2065.04,2047.21,2065.69,2040.82,2066.66,-19.45,-0.94,1.2,686680.94
SPX,20160516,2046.53,2066.66,2071.88,2046.53,2046.61,20.05,0.98,1.24,567330.07
SPX,20160513,2062.5,2046.61,2066.79,2043.13,2064.11,-17.5,-0.85,1.15,567481.94
SPX,20160512,2067.17,2064.11,2073.99,2053.13,2064.46,-0.35,-0.02,1.01,588563.94
SPX,20160511,2083.29,2064.46,2083.29,2064.46,2084.39,-19.93,-0.96,0.9,580138.94
SPX,20160510,2062.63,2084.39,2084.87,2062.63,2058.69,25.7,1.25,1.08,520435.07
SPX,20160509,2057.55,2058.69,2064.15,2054.31,2057.14,1.55,0.08,0.48,557448.0
SPX,20160506,2047.77,2057.14,2057.72,2039.45,2050.63,6.51,0.32,0.89,588440.94
SPX,20160505,2052.95,2050.63,2060.23,2045.77,2051.12,-0.49,-0.02,0.7,596257.07
SPX,20160504,2060.3,2051.12,2060.3,2045.55,2063.37,-12.25,-0.59,0.71,626803.94
SPX,20160503,2077.18,2063.37,2077.18,2054.89,2081.43,-18.06,-0.87,1.07,635556.88
SPX,20160502,2067.17,2081.43,2083.42,2066.11,2065.3,16.13,0.78,0.84,604121.13
SPX,20160630,2073.17,2098.86,2098.94,2070.0,2070.77,28.09,1.36,1.4,892555.94
SPX,20160629,2042.69,2070.77,2073.13,2042.69,2036.09,34.68,1.7,1.5,691857.94
SPX,20160628,2006.67,2036.09,2036.09,2006.67,2000.54,35.55,1.78,1.47,718967.07
SPX,20160627,2031.45,2000.54,2031.45,1991.68,2037.41,-36.87,-1.81,1.95,882683.13
SPX,20160624,2103.81,2037.41,2103.81,2032.57,2113.32,-75.91,-3.59,3.37,1403897.0
SPX,20160623,2092.8,2113.32,2113.32,2092.8,2085.45,27.87,1.34,0.98,525308.13
SPX,20160622,2089.75,2085.45,2099.71,2084.36,2088.9,-3.45,-0.17,0.73,519438.0
SPX,20160621,2085.19,2088.9,2093.66,2083.02,2083.25,5.65,0.27,0.51,537087.88
SPX,20160620,2075.58,2083.25,2100.66,2075.58,2071.22,12.03,0.58,1.21,598149.88
SPX,20160617,2078.2,2071.22,2078.2,2062.84,2077.99,-6.77,-0.33,0.74,1301351.0
SPX,20160616,2066.36,2077.99,2079.62,2050.37,2071.5,6.49,0.31,1.41,552019.07
SPX,20160615,2077.6,2071.5,2085.65,2069.8,2075.32,-3.82,-0.18,0.76,575938.0
SPX,20160614,2076.65,2075.32,2081.3,2064.1,2079.06,-3.74,-0.18,0.83,576788.07
SPX,20160613,2091.75,2079.06,2098.12,2078.46,2096.07,-17.01,-0.81,0.94,564040.07
SPX,20160610,2109.57,2096.07,2109.57,2089.96,2115.48,-19.41,-0.92,0.93,552199.0
SPX,20160609,2115.65,2115.48,2117.64,2107.73,2119.12,-3.64,-0.17,0.47,482643.07
SPX,20160608,2112.71,2119.12,2120.55,2112.71,2112.13,6.99,0.33,0.37,496866.94
SPX,20160607,2110.18,2112.13,2119.22,2110.18,2109.41,2.72,0.13,0.43,536131.13
SPX,20160606,2100.83,2109.41,2113.36,2100.83,2099.13,10.28,0.49,0.6,532938.94
SPX,20160603,2104.07,2099.13,2104.07,2085.36,2105.26,-6.13,-0.29,0.89,568032.94
SPX,20160602,2097.71,2105.26,2105.26,2088.59,2099.33,5.93,0.28,0.79,628062.0
SPX,20160601,2093.94,2099.33,2100.97,2085.1,2096.96,2.37,0.11,0.76,556851.07
SPX,20160729,2168.83,2173.6,2177.09,2163.49,2170.06,3.54,0.16,0.63,787085.94
SPX,20160728,2166.05,2170.06,2172.85,2159.74,2166.58,3.48,0.16,0.61,564543.0
SPX,20160727,2169.81,2166.58,2174.98,2159.07,2169.18,-2.6,-0.12,0.73,661629.88
SPX,20160726,2168.97,2169.18,2173.54,2160.18,2168.48,0.7,0.03,0.62,537572.0
SPX,20160725,2173.71,2168.48,2173.71,2161.95,2175.03,-6.55,-0.3,0.54,511374.0
SPX,20160722,2166.47,2175.03,2175.11,2163.24,2165.17,9.86,0.46,0.55,525935.07
SPX,20160721,2172.91,2165.17,2174.56,2159.75,2173.02,-7.85,-0.36,0.68,559292.0
SPX,20160720,2166.1,2173.02,2175.63,2164.89,2163.78,9.24,0.43,0.5,500205.07
SPX,20160719,2163.79,2163.78,2164.63,2159.01,2166.89,-3.11,-0.14,0.26,516605.0
SPX,20160718,2162.04,2166.89,2168.35,2159.63,2161.74,5.15,0.24,0.4,478404.07
SPX,20160715,2165.13,2161.74,2169.05,2155.79,2163.75,-2.01,-0.09,0.61,643101.07
SPX,20160714,2157.88,2163.75,2168.99,2157.88,2152.43,11.32,0.53,0.52,530310.07
SPX,20160713,2153.81,2152.43,2156.45,2146.21,2152.14,0.29,0.01,0.48,514541.0
SPX,20160712,2139.5,2152.14,2155.4,2139.5,2137.16,14.98,0.7,0.74,599251.94
SPX,20160711,2131.72,2137.16,2143.16,2131.72,2129.9,7.26,0.34,0.54,514370.13
SPX,20160708,2106.97,2129.9,2131.71,2106.97,2097.9,32.0,1.53,1.18,597241.94
SPX,20160707,2100.42,2097.9,2109.08,2089.39,2099.73,-1.83,-0.09,0.94,546431.88
SPX,20160706,2084.43,2099.73,2100.72,2074.02,2088.55,11.18,0.54,1.28,649648.94
SPX,20160705,2095.05,2088.55,2095.05,2080.86,2102.95,-14.4,-0.68,0.67,650706.07
SPX,20160701,2099.34,2102.95,2108.71,2097.9,2098.86,4.09,0.19,0.52,551736.07
SPX,20160831,2173.56,2170.95,2173.79,2161.35,2176.12,-5.17,-0.24,0.57,659162.13
SPX,20160830,2179.45,2176.12,2182.27,2170.41,2180.38,-4.26,-0.2,0.54,470169.94
SPX,20160829,2170.19,2180.38,2183.48,2170.19,2169.04,11.34,0.52,0.61,434407.0
SPX,20160826,2175.1,2169.04,2187.94,2160.39,2172.47,-3.43,-0.16,1.27,494425.07
SPX,20160825,2173.29,2172.47,2179.0,2169.74,2175.44,-2.97,-0.14,0.43,459397.94
SPX,20160824,2185.09,2175.44,2186.66,2171.25,2186.9,-11.46,-0.52,0.7,472263.94
SPX,20160823,2187.81,2186.9,2193.42,2186.8,2182.64,4.26,0.2,0.3,466736.07
SPX,20160822,2181.58,2182.64,2185.15,2175.96,2183.87,-1.23,-0.06,0.42,463032.94
SPX,20160819,2184.24,2183.87,2185.0,2175.13,2187.02,-3.15,-0.14,0.45,580186.07
SPX,20160818,2181.9,2187.02,2187.03,2180.46,2182.22,4.8,0.22,0.3,510513.94
SPX,20160817,2177.84,2182.22,2183.08,2168.5,2178.15,4.07,0.19,0.67,499855.94
SPX,20160816,2186.24,2178.15,2186.24,2178.14,2190.15,-12.0,-0.55,0.37,484438.94
SPX,20160815,2186.08,2190.15,2193.81,2186.08,2184.05,6.1,0.28,0.35,441304.94
SPX,20160812,2183.74,2184.05,2186.28,2179.42,2185.79,-1.74,-0.08,0.31,432156.0
SPX,20160811,2177.97,2185.79,2188.45,2177.97,2175.49,10.3,0.47,0.48,464458.0
SPX,20160810,2182.81,2175.49,2183.41,2172.0,2181.74,-6.25,-0.29,0.52,439573.0
SPX,20160809,2182.24,2181.74,2187.66,2178.61,2180.89,0.85,0.04,0.41,427986.07
SPX,20160808,2183.76,2180.89,2185.44,2177.85,2182.87,-1.98,-0.09,0.35,486958.0
SPX,20160805,2168.79,2182.87,2182.87,2168.79,2164.25,18.62,0.86,0.65,569849.13
SPX,20160804,2163.51,2164.25,2168.19,2159.07,2163.79,0.46,0.02,0.42,492387.94
SPX,20160803,2156.81,2163.79,2163.79,2152.56,2157.03,6.76,0.31,0.52,542284.94
SPX,20160802,2169.94,2157.03,2170.2,2147.58,2170.84,-13.81,-0.64,1.04,619382.07
SPX,20160801,2173.15,2170.84,2178.29,2166.21,2173.6,-2.76,-0.13,0.56,543777.13
SPX,20160930,2156.51,2168.27,2175.3,2156.51,2151.13,17.14,0.8,0.87,809084.94
SPX,20160929,2168.9,2151.13,2172.67,2145.2,2171.37,-20.24,-0.93,1.27,616761.94
SPX,20160928,2161.85,2171.37,2172.4,2151.79,2159.93,11.44,0.53,0.95,558056.88
SPX,20160927,2146.04,2159.93,2161.13,2141.55,2146.1,13.83,0.64,0.91,534092.07
SPX,20160926,2158.54,2146.1,2158.54,2145.04,2164.69,-18.59,-0.86,0.62,517726.07
SPX,20160923,2173.29,2164.69,2173.75,2163.97,2177.18,-12.49,-0.57,0.45,520708.0
SPX,20160922,2170.94,2177.18,2179.99,2170.94,2163.12,14.06,0.65,0.42,521694.07
SPX,20160921,2144.58,2163.12,2165.11,2139.57,2139.76,23.36,1.09,1.19,584044.94
SPX,20160920,2145.94,2139.76,2150.8,2139.17,2139.12,0.64,0.03,0.54,484990.0
SPX,20160919,2143.99,2139.12,2153.61,2135.91,2139.16,-0.04,0.0,0.83,513135.0
SPX,20160916,2146.48,2139.16,2146.48,2131.2,2147.26,-8.1,-0.38,0.71,1474359.0
SPX,20160915,2125.36,2147.26,2151.31,2122.36,2125.77,21.49,1.01,1.36,582039.07
SPX,20160914,2127.86,2125.77,2141.33,2119.9,2127.02,-1.25,-0.06,1.01,613056.88
SPX,20160913,2150.47,2127.02,2150.47,2120.27,2159.04,-32.02,-1.48,1.4,671922.13
SPX,20160912,2120.86,2159.04,2163.3,2119.12,2127.81,31.23,1.47,2.08,678673.13
SPX,20160909,2169.08,2127.81,2169.08,2127.81,2181.3,-53.49,-2.45,1.89,733227.07
SPX,20160908,2182.76,2181.3,2184.94,2177.49,2186.16,-4.86,-0.22,0.34,530082.07
SPX,20160907,2185.17,2186.16,2187.87,2179.07,2186.48,-0.32,-0.01,0.4,511720.0
SPX,20160906,2181.61,2186.48,2186.57,2175.1,2179.98,6.5,0.3,0.53,569188.0
SPX,20160902,2177.49,2179.98,2184.87,2173.59,2170.86,9.12,0.42,0.52,491981.94
SPX,20160901,2171.33,2170.86,2173.56,2157.09,2170.95,-0.09,0.0,0.76,507263.94
SPX,20161031,2129.78,2126.15,2133.25,2125.53,2126.41,-0.26,-0.01,0.36,673262.94
SPX,20161028,2132.23,2126.41,2140.72,2119.36,2133.04,-6.63,-0.31,1.0,641366.94
SPX,20161027,2144.06,2133.04,2147.13,2132.52,2139.43,-6.39,-0.3,0.68,614708.0
SPX,20161026,2136.97,2139.43,2145.73,2131.59,2143.16,-3.73,-0.17,0.66,562086.94
SPX,20161025,2149.72,2143.16,2151.44,2141.93,2151.33,-8.17,-0.38,0.44,530792.0
SPX,20161024,2148.5,2151.33,2154.79,2146.91,2141.16,10.17,0.47,0.37,523563.94
SPX,20161021,2139.43,2141.16,2142.63,2130.09,2141.34,-0.18,-0.01,0.59,654860.13
SPX,20161020,2142.51,2141.34,2147.18,2133.44,2144.29,-2.95,-0.14,0.64,571361.07
SPX,20161019,2140.81,2144.29,2148.44,2138.15,2139.6,4.69,0.22,0.48,544371.13
SPX,20161018,2138.31,2139.6,2144.38,2135.49,2126.5,13.1,0.62,0.42,475279.07
SPX,20161017,2132.95,2126.5,2135.61,2124.43,2132.98,-6.48,-0.3,0.52,479259.07
SPX,20161014,2139.68,2132.98,2149.19,2132.98,2132.55,0.43,0.02,0.76,548992.94
SPX,20161013,2130.26,2132.55,2138.19,2114.72,2139.18,-6.63,-0.31,1.1,561304.94
SPX,20161012,2137.67,2139.18,2145.36,2132.77,2136.73,2.45,0.11,0.59,458982.94
SPX,20161011,2161.35,2136.73,2161.56,2128.84,2163.66,-26.93,-1.24,1.51,576873.07
SPX,20161010,2160.39,2163.66,2169.6,2160.39,2153.74,9.92,0.46,0.43,452832.07
SPX,20161007,2164.19,2153.74,2165.86,2144.85,2160.77,-7.03,-0.33,0.97,620210.94
SPX,20161006,2158.22,2160.77,2162.93,2150.28,2159.73,1.04,0.05,0.59,517702.88
SPX,20161005,2155.15,2159.73,2163.95,2155.15,2150.49,9.24,0.43,0.41,599657.0
SPX,20161004,2163.37,2150.49,2165.46,2144.01,2161.2,-10.71,-0.5,0.99,562929.94
SPX,20161003,2164.33,2161.2,2164.41,2154.77,2168.27,-7.07,-0.33,0.44,514417.0
SPX,20161130,2204.97,2198.81,2214.1,2198.81,2204.66,-5.85,-0.27,0.69,1055352.0
SPX,20161129,2200.76,2204.66,2210.46,2198.15,2201.72,2.94,0.13,0.56,578282.94
SPX,20161128,2210.21,2201.72,2211.14,2200.36,2213.35,-11.63,-0.53,0.49,562044.94
SPX,20161125,2206.27,2213.35,2213.35,2206.27,2204.72,8.63,0.39,0.32,261974.13
SPX,20161123,2198.55,2204.72,2204.72,2194.51,2202.94,1.78,0.08,0.46,523778.07
SPX,20161122,2201.56,2202.94,2204.8,2194.51,2198.18,4.76,0.22,0.47,593601.07
SPX,20161121,2186.43,2198.18,2198.7,2186.43,2181.9,16.28,0.75,0.56,571010.0
SPX,20161118,2186.85,2181.9,2189.89,2180.38,2187.12,-5.22,-0.24,0.43,670518.07
SPX,20161117,2178.61,2187.12,2188.06,2176.65,2176.94,10.18,0.47,0.52,569018.07
SPX,20161116,2177.53,2176.94,2179.22,2172.2,2180.39,-3.45,-0.16,0.32,569326.88
SPX,20161115,2168.29,2180.39,2180.84,2166.38,2164.2,16.19,0.75,0.67,683976.07
SPX,20161114,2165.64,2164.2,2171.36,2156.08,2164.45,-0.25,-0.01,0.71,798241.94
SPX,20161111,2162.71,2164.45,2165.92,2152.49,2167.48,-3.03,-0.14,0.62,734601.07
SPX,20161110,2167.49,2167.48,2182.3,2151.17,2163.26,4.22,0.2,1.44,997867.94
SPX,20161109,2131.56,2163.26,2170.1,2125.35,2139.56,23.7,1.11,2.09,992770.0
SPX,20161108,2129.92,2139.56,2146.87,2123.56,2131.52,8.04,0.38,1.09,556634.07
SPX,20161107,2100.59,2131.52,2132.0,2100.59,2085.18,46.34,2.22,1.51,608621.13
SPX,20161104,2083.79,2085.18,2099.07,2083.79,2088.66,-3.48,-0.17,0.73,624672.13
SPX,20161103,2098.8,2088.66,2102.56,2085.23,2097.94,-9.28,-0.44,0.83,593008.07
SPX,20161102,2109.43,2097.94,2111.76,2094.0,2111.72,-13.78,-0.65,0.84,641501.0
SPX,20161101,2128.68,2111.72,2131.45,2097.85,2126.15,-14.43,-0.68,1.58,712604.0
SPX,20161230,2251.61,2238.83,2253.58,2233.62,2249.26,-10.43,-0.46,0.89,1580595.0
SPX,20161229,2249.5,2249.26,2254.51,2244.56,2249.92,-0.66,-0.03,0.44,1264830.0
SPX,20161228,2270.23,2249.92,2271.31,2249.11,2268.88,-18.96,-0.84,0.98,1343528.0
SPX,20161227,2266.23,2268.88,2273.82,2266.15,2263.79,5.09,0.22,0.34,1090974.0
SPX,20161223,2260.25,2263.79,2263.79,2258.84,2260.96,2.83,0.13,0.22,1082067.0
SPX,20161222,2262.93,2260.96,2263.18,2256.08,2265.18,-4.22,-0.19,0.31,1713661.0
SPX,20161221,2270.54,2265.18,2271.23,2265.15,2270.76,-5.58,-0.25,0.27,1585087.0
SPX,20161220,2266.5,2270.76,2272.56,2266.14,2262.53,8.23,0.36,0.28,1797798.0
SPX,20161219,2259.24,2262.53,2267.47,2258.21,2258.07,4.46,0.2,0.41,1855781.0
SPX,20161216,2266.81,2258.07,2268.05,2254.24,2262.03,-3.96,-0.18,0.61,3710588.0
SPX,20161215,2253.77,2262.03,2272.12,2253.77,2253.28,8.75,0.39,0.81,2428153.0
SPX,20161214,2268.35,2253.28,2276.2,2248.44,2271.72,-18.44,-0.81,1.22,2660459.0
SPX,20161213,2263.32,2271.72,2277.53,2263.32,2256.96,14.76,0.65,0.63,2311255.0
SPX,20161212,2258.83,2256.96,2264.03,2252.37,2259.53,-2.57,-0.11,0.52,2358393.0
SPX,20161209,2249.73,2259.53,2259.8,2249.23,2246.19,13.34,0.59,0.47,2200678.0
SPX,20161208,2241.13,2246.19,2251.69,2237.57,2241.35,4.84,0.22,0.63,2436820.0
SPX,20161207,2210.72,2241.35,2241.63,2208.93,2212.23,29.12,1.32,1.48,2734847.0
SPX,20161206,2207.26,2212.23,2212.78,2202.21,2204.71,7.52,0.34,0.48,2170130.0
SPX,20161205,2200.65,2204.71,2209.42,2199.97,2191.95,12.76,0.58,0.43,2353018.0
SPX,20161202,2191.12,2191.95,2197.95,2188.37,2191.08,0.87,0.04,0.44,587430.94
SPX,20161201,2200.17,2191.08,2202.6,2187.44,2198.81,-7.73,-0.35,0.69,742047.13
SPX,20170131,2274.02,2278.87,2279.09,2267.21,2280.9,-2.03,-0.09,0.52,2555320.0
SPX,20170130,2286.01,2280.9,2286.01,2268.04,2294.69,-13.79,-0.6,0.78,2108083.0
SPX,20170127,2299.02,2294.69,2299.02,2291.62,2296.68,-1.99,-0.09,0.32,1999261.0
SPX,20170126,2298.63,2296.68,2300.99,2294.08,2298.37,-1.69,-0.07,0.3,2333681.0
SPX,20170125,2288.88,2298.37,2299.55,2288.88,2280.07,18.3,0.8,0.47,2461512.0
SPX,20170124,2267.88,2280.07,2284.63,2266.68,2265.2,14.87,0.66,0.79,2229227.0
SPX,20170123,2267.78,2265.2,2271.78,2257.02,2271.31,-6.11,-0.27,0.65,1990552.0
SPX,20170120,2269.96,2271.31,2276.96,2265.01,2263.69,7.62,0.34,0.53,2311814.0
SPX,20170119,2271.9,2263.69,2274.33,2258.41,2271.89,-8.2,-0.36,0.7,2041282.0
SPX,20170118,2269.14,2271.89,2272.01,2263.35,2267.89,4.0,0.18,0.38,1998643.0
SPX,20170117,2269.14,2267.89,2272.08,2262.81,2274.64,-6.75,-0.3,0.41,2212200.0
SPX,20170113,2272.74,2274.64,2278.68,2271.51,2270.44,4.2,0.18,0.32,1780997.0
SPX,20170112,2271.14,2270.44,2271.78,2254.25,2275.32,-4.88,-0.21,0.77,1937385.0
SPX,20170111,2268.6,2275.32,2275.32,2260.83,2268.9,6.42,0.28,0.64,2118289.0
SPX,20170110,2269.72,2268.9,2279.27,2265.27,2268.9,0.0,0.0,0.62,2138024.0
SPX,20170109,2273.59,2268.9,2275.49,2268.9,2276.98,-8.08,-0.35,0.29,1914652.0
SPX,20170106,2271.14,2276.98,2282.1,2264.06,2269.0,7.98,0.35,0.8,1957181.0
SPX,20170105,2268.18,2269.0,2271.5,2260.45,2270.75,-1.75,-0.08,0.49,2187189.0
SPX,20170104,2261.6,2270.75,2272.82,2261.6,2257.83,12.92,0.57,0.5,2097360.0
SPX,20170103,2251.57,2257.83,2263.88,2245.13,2238.83,19.0,0.85,0.84,2318947.0
SPX,20170228,2366.08,2363.64,2367.79,2358.96,2369.75,-6.11,-0.26,0.37,2538169.0
SPX,20170227,2365.23,2369.75,2371.54,2361.87,2367.34,2.41,0.1,0.41,1881304.0
SPX,20170224,2355.73,2367.34,2367.34,2352.87,2363.81,3.53,0.15,0.61,2190395.0
SPX,20170223,2367.5,2363.81,2368.26,2355.09,2362.82,0.99,0.04,0.56,2200797.0
SPX,20170222,2361.11,2362.82,2365.13,2358.34,2365.38,-2.56,-0.11,0.29,1953850.0
SPX,20170221,2354.91,2365.38,2366.71,2354.91,2351.16,14.22,0.6,0.5,2108632.0
SPX,20170217,2343.01,2351.16,2351.16,2339.58,2347.22,3.94,0.17,0.49,2119431.0
SPX,20170216,2349.64,2347.22,2351.31,2338.87,2349.25,-2.03,-0.09,0.53,2086044.0
SPX,20170215,2335.58,2349.25,2351.3,2334.81,2337.58,11.67,0.5,0.71,2251620.0
SPX,20170214,2326.12,2337.58,2337.58,2322.17,2328.25,9.33,0.4,0.66,2161361.0
SPX,20170213,2321.72,2328.25,2331.58,2321.42,2316.1,12.15,0.52,0.44,1958736.0
SPX,20170210,2312.27,2316.1,2319.23,2311.1,2307.87,8.23,0.36,0.35,2067124.0
SPX,20170209,2296.7,2307.87,2311.08,2296.61,2294.67,13.2,0.58,0.63,2118564.0
SPX,20170208,2289.55,2294.67,2295.91,2285.38,2293.08,1.59,0.07,0.46,2113479.0
SPX,20170207,2295.87,2293.08,2299.4,2290.16,2292.56,0.52,0.02,0.4,2079166.0
SPX,20170206,2294.28,2292.56,2296.18,2288.57,2297.42,-4.86,-0.21,0.33,1902540.0
SPX,20170203,2288.54,2297.42,2298.31,2287.88,2280.85,16.57,0.73,0.46,2208634.0
SPX,20170202,2276.69,2280.85,2283.97,2271.65,2279.55,1.3,0.06,0.54,2321960.0
SPX,20170201,2285.59,2279.55,2289.14,2272.44,2278.87,0.68,0.03,0.73,2478979.0
SPX,20170331,2364.82,2362.72,2370.35,2362.6,2368.06,-5.34,-0.23,0.33,1997044.0
SPX,20170330,2361.31,2368.06,2370.42,2358.58,2361.13,6.93,0.29,0.5,1848896.0
SPX,20170329,2356.54,2361.13,2363.36,2352.94,2358.57,2.56,0.11,0.44,1734143.0
SPX,20170328,2339.79,2358.57,2363.78,2337.63,2341.59,16.98,0.73,1.12,1951314.0
SPX,20170327,2329.11,2341.59,2344.9,2322.25,2343.98,-2.39,-0.1,0.97,1931760.0
SPX,20170324,2350.42,2343.98,2356.22,2335.74,2345.96,-1.98,-0.08,0.87,1920254.0
SPX,20170323,2345.97,2345.96,2358.92,2342.13,2348.45,-2.49,-0.11,0.71,1918717.0
SPX,20170322,2343.0,2348.45,2351.81,2336.45,2344.02,4.43,0.19,0.66,2138555.0
SPX,20170321,2379.32,2344.02,2381.93,2341.9,2373.47,-29.45,-1.24,1.69,2637088.0
SPX,20170320,2378.24,2373.47,2379.55,2369.66,2378.25,-4.78,-0.2,0.42,1822463.0
SPX,20170317,2383.71,2378.25,2385.71,2377.64,2381.38,-3.13,-0.13,0.34,3398205.0
SPX,20170316,2387.71,2381.38,2388.1,2377.18,2385.26,-3.88,-0.16,0.46,1878039.0
SPX,20170315,2370.34,2385.26,2390.01,2368.94,2365.45,19.81,0.84,0.89,2124878.0
SPX,20170314,2368.55,2365.45,2368.55,2358.18,2373.47,-8.02,-0.34,0.44,1685090.0
SPX,20170313,2371.56,2373.47,2374.42,2368.52,2372.6,0.87,0.04,0.25,1822264.0
SPX,20170310,2372.52,2372.6,2376.86,2363.04,2364.87,7.73,0.33,0.58,2017930.0
SPX,20170309,2363.49,2364.87,2369.08,2354.54,2362.98,1.89,0.08,0.62,2019165.0
SPX,20170308,2369.81,2362.98,2373.09,2361.01,2368.39,-5.41,-0.23,0.51,2085506.0
SPX,20170307,2370.74,2368.39,2375.12,2365.51,2375.31,-6.92,-0.29,0.4,1912964.0
SPX,20170306,2375.23,2375.31,2378.8,2367.98,2383.12,-7.81,-0.33,0.45,1888989.0
SPX,20170303,2380.92,2383.12,2383.89,2375.39,2381.92,1.2,0.05,0.36,1832913.0
SPX,20170302,2394.75,2381.92,2394.75,2380.17,2395.96,-14.04,-0.59,0.61,2120548.0
SPX,20170301,2380.13,2395.96,2400.98,2380.13,2363.64,32.32,1.37,0.88,2575918.0
SPX,20170428,2393.68,2384.2,2393.68,2382.36,2388.77,-4.57,-0.19,0.47,2239465.0
SPX,20170427,2389.7,2388.77,2392.1,2382.68,2387.45,1.32,0.06,0.39,2205559.0
SPX,20170426,2388.98,2387.45,2398.16,2386.76,2388.61,-1.16,-0.05,0.48,2223616.0
SPX,20170425,2381.51,2388.61,2392.48,2381.15,2374.15,14.46,0.61,0.48,2304917.0
SPX,20170424,2370.33,2374.15,2376.98,2369.19,2348.69,25.46,1.08,0.33,2248662.0
SPX,20170421,2354.74,2348.69,2356.18,2344.51,2355.84,-7.15,-0.3,0.5,2071759.0
SPX,20170420,2342.69,2355.84,2361.37,2340.91,2338.17,17.67,0.76,0.88,2089716.0
SPX,20170419,2346.79,2338.17,2352.63,2335.05,2342.19,-4.02,-0.17,0.75,1946833.0
SPX,20170418,2342.53,2342.19,2348.35,2334.54,2349.01,-6.82,-0.29,0.59,1903471.0
SPX,20170417,2332.62,2349.01,2349.14,2332.51,2328.95,20.06,0.86,0.71,1626264.0
SPX,20170413,2341.98,2328.95,2348.26,2328.95,2344.93,-15.98,-0.68,0.82,1764747.0
SPX,20170412,2352.15,2344.93,2352.72,2341.18,2353.78,-8.85,-0.38,0.49,1897910.0
SPX,20170411,2353.92,2353.78,2355.22,2337.25,2357.16,-3.38,-0.14,0.76,1817530.0
SPX,20170410,2357.16,2357.16,2366.37,2351.5,2355.54,1.62,0.07,0.63,1620329.0
SPX,20170407,2356.59,2355.54,2363.76,2350.74,2357.49,-1.95,-0.08,0.55,1730732.0
SPX,20170406,2353.79,2357.49,2364.16,2348.9,2352.95,4.54,0.19,0.65,1936974.0
SPX,20170405,2366.59,2352.95,2378.36,2350.52,2360.16,-7.21,-0.31,1.18,2104798.0
SPX,20170404,2354.76,2360.16,2360.53,2350.72,2358.84,1.32,0.06,0.42,1820405.0
SPX,20170403,2362.34,2358.84,2365.87,2344.73,2362.72,-3.88,-0.16,0.89,2182258.0
SPX,20170531,2415.63,2411.8,2415.99,2403.59,2412.91,-1.11,-0.05,0.51,2610802.0
SPX,20170530,2411.67,2412.91,2415.26,2409.43,2415.82,-2.91,-0.12,0.24,1776699.0
SPX,20170526,2414.5,2415.82,2416.68,2412.2,2415.07,0.75,0.03,0.19,1524512.0
SPX,20170525,2409.54,2415.07,2418.71,2408.01,2404.39,10.68,0.44,0.45,2010590.0
SPX,20170524,2401.41,2404.39,2405.58,2397.99,2398.42,5.97,0.25,0.32,1797590.0
SPX,20170523,2397.04,2398.42,2400.85,2393.88,2394.02,4.4,0.18,0.29,1770956.0
SPX,20170522,2387.21,2394.02,2395.46,2386.92,2381.73,12.29,0.52,0.36,1858439.0
SPX,20170519,2371.37,2381.73,2389.06,2370.43,2365.72,16.01,0.68,0.79,2249728.0
SPX,20170518,2354.69,2365.72,2375.74,2352.72,2357.03,8.69,0.37,0.98,2308543.0
SPX,20170517,2382.95,2357.03,2384.87,2356.21,2400.67,-43.64,-1.82,1.19,2717639.0
SPX,20170516,2404.55,2400.67,2405.77,2396.05,2402.32,-1.65,-0.07,0.4,2039120.0
SPX,20170515,2393.98,2402.32,2404.05,2393.94,2390.9,11.42,0.48,0.42,1896371.0
SPX,20170512,2392.44,2390.9,2392.44,2387.19,2394.44,-3.54,-0.15,0.22,1786639.0
SPX,20170511,2394.84,2394.44,2395.72,2381.74,2399.63,-5.19,-0.22,0.58,2024700.0
SPX,20170510,2396.79,2399.63,2399.74,2392.79,2396.92,2.71,0.11,0.29,1985193.0
SPX,20170509,2401.58,2396.92,2403.87,2392.44,2399.38,-2.46,-0.1,0.48,1855963.0
SPX,20170508,2399.94,2399.38,2401.36,2393.92,2399.29,0.09,0.0,0.31,1845375.0
SPX,20170505,2392.37,2399.29,2399.29,2389.38,2389.52,9.77,0.41,0.41,1823790.0
SPX,20170504,2389.79,2389.52,2391.43,2380.35,2388.13,1.39,0.06,0.46,2236620.0
SPX,20170503,2386.5,2388.13,2389.82,2379.75,2391.17,-3.04,-0.13,0.42,2270224.0
SPX,20170502,2391.05,2391.17,2392.93,2385.82,2388.33,2.84,0.12,0.3,2371689.0
SPX,20170501,2388.5,2388.33,2394.49,2384.83,2384.2,4.13,0.17,0.41,1893003.0
SPX,20170630,2429.2,2423.41,2432.71,2421.65,2419.7,3.71,0.15,0.46,2068473.0
SPX,20170629,2442.38,2419.7,2442.73,2405.7,2440.69,-20.99,-0.86,1.52,2437153.0
SPX,20170628,2428.7,2440.69,2442.97,2428.02,2419.38,21.31,0.88,0.62,1978838.0
SPX,20170627,2436.34,2419.38,2440.15,2419.38,2439.07,-19.69,-0.81,0.85,2029472.0
SPX,20170626,2443.32,2439.07,2450.42,2437.03,2438.3,0.77,0.03,0.55,1807411.0
SPX,20170623,2434.65,2438.3,2441.4,2431.11,2434.5,3.8,0.16,0.42,2954291.0
SPX,20170622,2437.4,2434.5,2441.62,2433.27,2435.61,-1.11,-0.05,0.34,1975028.0
SPX,20170621,2439.31,2435.61,2442.23,2430.74,2437.03,-1.42,-0.06,0.47,2194973.0
SPX,20170620,2450.66,2437.03,2450.66,2436.6,2453.46,-16.43,-0.67,0.57,1981273.0
SPX,20170619,2442.55,2453.46,2453.82,2441.79,2433.15,20.31,0.83,0.49,1881643.0
SPX,20170616,2431.24,2433.15,2433.15,2422.88,2432.46,0.69,0.03,0.42,3474906.0
SPX,20170615,2424.14,2432.46,2433.95,2418.53,2437.92,-5.46,-0.22,0.63,2056413.0
SPX,20170614,2443.75,2437.92,2443.75,2428.34,2440.35,-2.43,-0.1,0.63,2077561.0
SPX,20170613,2434.15,2440.35,2441.49,2431.28,2429.39,10.96,0.45,0.42,2078680.0
SPX,20170612,2425.88,2429.39,2430.38,2419.97,2431.77,-2.38,-0.1,0.43,2715835.0
SPX,20170609,2436.39,2431.77,2446.2,2415.7,2433.79,-2.02,-0.08,1.25,2624858.0
SPX,20170608,2434.27,2433.79,2439.27,2427.94,2433.14,0.65,0.03,0.47,2247663.0
SPX,20170607,2432.03,2433.14,2435.28,2424.75,2429.33,3.81,0.16,0.43,2087406.0
SPX,20170606,2431.92,2429.33,2436.21,2428.12,2436.1,-6.77,-0.28,0.33,1972388.0
SPX,20170605,2437.83,2436.1,2439.55,2434.32,2439.07,-2.97,-0.12,0.21,1742363.0
SPX,20170602,2431.28,2439.07,2440.23,2427.71,2430.06,9.01,0.37,0.52,2017388.0
SPX,20170601,2415.65,2430.06,2430.06,2413.54,2411.8,18.26,0.76,0.68,2156065.0
SPX,20170731,2475.94,2470.3,2477.96,2468.53,2472.1,-1.8,-0.07,0.38,2189634.0
SPX,20170728,2469.12,2472.1,2473.53,2464.66,2475.42,-3.32,-0.13,0.36,2043354.0
SPX,20170727,2482.76,2475.42,2484.04,2459.93,2477.83,-2.41,-0.1,0.97,2677231.0
SPX,20170726,2479.97,2477.83,2481.69,2474.94,2477.13,0.7,0.03,0.27,2261843.0
SPX,20170725,2477.88,2477.13,2481.24,2474.91,2469.91,7.22,0.29,0.26,2373902.0
SPX,20170724,2472.04,2469.91,2473.1,2466.32,2472.54,-2.63,-0.11,0.27,1943951.0
SPX,20170721,2467.4,2472.54,2472.54,2465.06,2473.45,-0.91,-0.04,0.3,1946505.0
SPX,20170720,2475.56,2473.45,2477.62,2468.43,2473.83,-0.38,-0.02,0.37,1993809.0
SPX,20170719,2463.85,2473.83,2473.83,2463.85,2460.61,13.22,0.54,0.41,1849694.0
SPX,20170718,2455.88,2460.61,2460.92,2450.34,2459.14,1.47,0.06,0.43,1750952.0
SPX,20170717,2459.5,2459.14,2462.82,2457.16,2459.27,-0.13,-0.01,0.23,1655943.0
SPX,20170714,2449.16,2459.27,2463.54,2446.69,2447.83,11.44,0.47,0.69,1667639.0
SPX,20170713,2444.99,2447.83,2449.32,2441.69,2443.25,4.58,0.19,0.31,1845640.0
SPX,20170712,2435.75,2443.25,2445.76,2435.75,2425.53,17.72,0.73,0.41,1856436.0
SPX,20170711,2427.35,2425.53,2429.3,2412.79,2427.43,-1.9,-0.08,0.68,1732498.0
SPX,20170710,2424.51,2427.43,2432.0,2422.27,2425.18,2.25,0.09,0.4,1767991.0
SPX,20170707,2413.52,2425.18,2426.92,2413.52,2409.75,15.43,0.64,0.56,1668168.0
SPX,20170706,2423.44,2409.75,2424.28,2407.7,2432.54,-22.79,-0.94,0.68,2021301.0
SPX,20170705,2430.78,2432.54,2434.9,2422.05,2429.01,3.53,0.15,0.53,2001772.0
SPX,20170703,2431.39,2429.01,2439.17,2428.69,2423.41,5.6,0.23,0.43,1196619.0
SPX,20170831,2462.65,2471.65,2475.01,2462.65,2457.59,14.06,0.57,0.5,2076949.0
SPX,20170830,2446.06,2457.59,2460.31,2443.77,2446.3,11.29,0.46,0.68,1552246.0
SPX,20170829,2431.94,2446.3,2449.19,2428.2,2444.24,2.06,0.08,0.86,1503811.0
SPX,20170828,2447.35,2444.24,2449.12,2439.03,2443.05,1.19,0.05,0.41,1466542.0
SPX,20170825,2444.72,2443.05,2453.96,2442.22,2438.97,4.08,0.17,0.48,1500901.0
SPX,20170824,2447.91,2438.97,2450.39,2436.19,2444.04,-5.07,-0.21,0.58,1678957.0
SPX,20170823,2444.88,2444.04,2448.91,2441.42,2452.51,-8.47,-0.35,0.31,1583454.0
SPX,20170822,2433.75,2452.51,2454.77,2433.67,2428.37,24.14,0.99,0.87,1588714.0
SPX,20170821,2425.5,2428.37,2430.58,2417.35,2425.55,2.82,0.12,0.55,1635774.0
SPX,20170818,2427.64,2425.55,2440.27,2420.69,2430.01,-4.46,-0.18,0.81,1962081.0
SPX,20170817,2462.95,2430.01,2465.02,2430.01,2468.11,-38.1,-1.54,1.42,1929351.0
SPX,20170816,2468.63,2468.11,2474.93,2463.86,2464.61,3.5,0.14,0.45,1686070.0
SPX,20170815,2468.66,2464.61,2468.9,2461.61,2465.84,-1.23,-0.05,0.3,1689634.0
SPX,20170814,2454.96,2465.84,2468.22,2454.96,2441.32,24.52,1.0,0.54,1586224.0
SPX,20170811,2441.04,2441.32,2448.09,2437.85,2438.21,3.11,0.13,0.42,1659263.0
SPX,20170810,2465.38,2438.21,2465.38,2437.75,2474.02,-35.81,-1.45,1.12,2079315.0
SPX,20170809,2465.35,2474.02,2474.41,2462.08,2474.92,-0.9,-0.04,0.5,1821056.0
SPX,20170808,2478.35,2474.92,2490.87,2470.32,2480.91,-5.99,-0.24,0.83,1826291.0
SPX,20170807,2477.14,2480.91,2480.95,2475.88,2476.83,4.08,0.16,0.2,1639568.0
SPX,20170804,2476.88,2476.83,2480.0,2472.08,2472.16,4.67,0.19,0.32,1869114.0
SPX,20170803,2476.03,2472.16,2476.03,2468.85,2477.57,-5.41,-0.22,0.29,2039487.0
SPX,20170802,2480.38,2477.57,2480.38,2466.48,2476.35,1.22,0.05,0.56,2125484.0
SPX,20170801,2477.1,2476.35,2478.51,2471.14,2470.3,6.05,0.24,0.3,2076284.0
SPX,20170929,2509.96,2519.36,2519.44,2507.99,2510.06,9.3,0.37,0.46,1809912.0
SPX,20170928,2503.41,2510.06,2510.81,2502.93,2507.04,3.02,0.12,0.31,1782170.0
SPX,20170927,2503.3,2507.04,2511.75,2495.91,2496.84,10.2,0.41,0.63,2035326.0
SPX,20170926,2501.04,2496.84,2503.51,2495.12,2496.66,0.18,0.01,0.34,1822049.0
SPX,20170925,2499.39,2496.66,2502.54,2488.03,2502.22,-5.56,-0.22,0.58,2033920.0
SPX,20170922,2497.26,2502.22,2503.47,2496.54,2500.6,1.62,0.06,0.28,1672337.0
SPX,20170921,2507.16,2500.6,2507.16,2499.0,2508.24,-7.64,-0.3,0.33,1811929.0
SPX,20170920,2506.84,2508.24,2508.85,2496.67,2506.65,1.59,0.06,0.49,2066414.0
SPX,20170919,2506.29,2506.65,2507.84,2503.19,2503.87,2.78,0.11,0.19,1920071.0
SPX,20170918,2502.51,2503.87,2508.32,2499.92,2500.23,3.64,0.15,0.34,1922721.0
SPX,20170915,2495.67,2500.23,2500.23,2493.16,2495.62,4.61,0.18,0.28,3038856.0
SPX,20170914,2494.56,2495.62,2498.43,2491.35,2498.37,-2.75,-0.11,0.28,1916765.0
SPX,20170913,2493.89,2498.37,2498.37,2492.14,2496.48,1.89,0.08,0.25,1897323.0
SPX,20170912,2491.94,2496.48,2496.77,2490.37,2488.11,8.37,0.34,0.26,1937394.0
SPX,20170911,2474.52,2488.11,2488.95,2474.52,2461.43,26.68,1.08,0.59,1933077.0
SPX,20170908,2462.25,2461.43,2467.11,2459.4,2465.1,-3.67,-0.15,0.31,2003872.0
SPX,20170907,2468.06,2465.1,2468.62,2460.29,2465.54,-0.44,-0.02,0.34,2097114.0
SPX,20170906,2463.83,2465.54,2469.64,2459.2,2457.85,7.69,0.31,0.42,2049759.0
SPX,20170905,2470.35,2457.85,2471.97,2446.55,2476.55,-18.7,-0.76,1.03,2114363.0
SPX,20170901,2474.42,2476.55,2480.38,2473.85,2471.65,4.9,0.2,0.26,1581549.0
SPX,20171031,2575.99,2575.26,2578.29,2572.15,2572.83,2.43,0.09,0.24,2301425.0
SPX,20171030,2577.75,2572.83,2580.03,2568.25,2581.07,-8.24,-0.32,0.46,2274923.0
SPX,20171027,2570.26,2581.07,2582.98,2565.94,2560.4,20.67,0.81,0.67,2620459.0
SPX,20171026,2560.08,2560.4,2567.07,2559.8,2557.15,3.25,0.13,0.28,2300759.0
SPX,20171025,2566.52,2557.15,2567.4,2544.0,2569.13,-11.98,-0.47,0.91,2467912.0
SPX,20171024,2568.66,2569.13,2572.18,2565.58,2564.98,4.15,0.16,0.26,2163380.0
SPX,20171023,2578.08,2564.98,2578.29,2564.33,2575.21,-10.23,-0.4,0.54,2043652.0
SPX,20171020,2567.56,2575.21,2575.44,2567.56,2562.1,13.11,0.51,0.31,2151131.0
SPX,20171019,2553.39,2562.1,2562.36,2547.92,2561.26,0.84,0.03,0.56,1896003.0
SPX,20171018,2562.87,2561.26,2564.11,2559.67,2559.36,1.9,0.07,0.17,1793322.0
SPX,20171017,2557.17,2559.36,2559.71,2554.69,2557.64,1.72,0.07,0.2,1783193.0
SPX,20171016,2555.57,2557.64,2559.47,2552.64,2553.17,4.47,0.18,0.27,1736356.0
SPX,20171013,2555.66,2553.17,2557.65,2552.09,2550.93,2.24,0.09,0.22,1893931.0
SPX,20171012,2552.88,2550.93,2555.33,2548.31,2555.24,-4.31,-0.17,0.27,2056842.0
SPX,20171011,2550.62,2555.24,2555.24,2547.95,2550.64,4.6,0.18,0.29,1817198.0
SPX,20171010,2549.99,2550.64,2555.23,2544.86,2544.73,5.91,0.23,0.41,1728125.0
SPX,20171009,2551.39,2544.73,2551.82,2541.6,2549.33,-4.6,-0.18,0.4,1505566.0
SPX,20171006,2547.44,2549.33,2549.41,2543.79,2552.07,-2.74,-0.11,0.22,1642294.0
SPX,20171005,2540.86,2552.07,2552.51,2540.02,2537.74,14.33,0.56,0.49,1729396.0
SPX,20171004,2533.48,2537.74,2540.53,2531.8,2534.58,3.16,0.12,0.34,1699098.0
SPX,20171003,2530.34,2534.58,2535.13,2528.85,2529.12,5.46,0.22,0.25,1737511.0
SPX,20171002,2521.2,2529.12,2529.23,2520.4,2519.36,9.76,0.39,0.35,1856378.0
SPX,20171130,2633.93,2647.58,2657.74,2633.93,2626.07,21.51,0.82,0.91,3122109.0
SPX,20171129,2627.82,2626.07,2634.89,2620.32,2627.04,-0.97,-0.04,0.55,2671028.0
SPX,20171128,2605.94,2627.04,2627.69,2605.44,2601.42,25.62,0.98,0.86,2068827.0
SPX,20171127,2602.66,2601.42,2606.41,2598.87,2602.42,-1.0,-0.04,0.29,1728810.0
SPX,20171124,2600.42,2602.42,2604.21,2600.42,2597.08,5.34,0.21,0.15,728272.94
SPX,20171122,2600.31,2597.08,2600.94,2595.23,2599.03,-1.95,-0.08,0.22,1596057.0
SPX,20171121,2589.17,2599.03,2601.19,2589.17,2582.14,16.89,0.65,0.47,1920977.0
SPX,20171120,2579.49,2582.14,2584.64,2578.24,2578.85,3.29,0.13,0.25,1786157.0
SPX,20171117,2582.94,2578.85,2583.96,2577.62,2585.64,-6.79,-0.26,0.25,2088322.0
SPX,20171116,2572.95,2585.64,2590.09,2572.95,2564.62,21.02,0.82,0.67,2046697.0
SPX,20171115,2569.45,2564.62,2572.84,2557.45,2578.87,-14.25,-0.55,0.6,2090801.0
SPX,20171114,2577.75,2578.87,2579.66,2566.56,2584.84,-5.97,-0.23,0.51,2207476.0
SPX,20171113,2576.53,2584.84,2587.66,2574.48,2582.3,2.54,0.1,0.51,2099115.0
SPX,20171110,2580.18,2582.3,2583.81,2575.57,2584.62,-2.32,-0.09,0.32,2045162.0
SPX,20171109,2584.0,2584.62,2586.5,2566.33,2594.38,-9.76,-0.38,0.78,2233489.0
SPX,20171108,2588.71,2594.38,2595.47,2585.02,2590.64,3.74,0.14,0.4,2092333.0
SPX,20171107,2592.11,2590.64,2597.02,2584.35,2591.13,-0.49,-0.02,0.49,2089737.0
SPX,20171106,2587.47,2591.13,2593.38,2585.66,2587.84,3.29,0.13,0.3,2116417.0
SPX,20171103,2581.93,2587.84,2588.42,2576.77,2579.85,7.99,0.31,0.45,2052553.0
SPX,20171102,2579.46,2579.85,2581.11,2566.17,2579.36,0.49,0.02,0.58,2416738.0
SPX,20171101,2583.21,2579.36,2588.4,2574.92,2575.26,4.1,0.16,0.52,2210945.0
SPX,20171229,2689.15,2673.61,2692.12,2673.61,2687.54,-13.93,-0.52,0.69,1354525.0
SPX,20171228,2686.1,2687.54,2687.66,2682.69,2682.62,4.92,0.18,0.19,1131234.0
SPX,20171227,2682.1,2682.62,2685.64,2678.91,2680.5,2.12,0.08,0.25,1187071.0
SPX,20171226,2679.09,2680.5,2682.74,2677.96,2683.34,-2.84,-0.11,0.18,1100331.0
SPX,20171222,2684.22,2683.34,2685.35,2678.13,2684.57,-1.23,-0.05,0.27,1426879.0
SPX,20171221,2683.02,2684.57,2692.64,2682.4,2679.25,5.32,0.2,0.38,1948410.0
SPX,20171220,2688.18,2679.25,2691.01,2676.11,2681.47,-2.22,-0.08,0.56,1965565.0
SPX,20171219,2692.71,2681.47,2694.44,2680.74,2690.16,-8.69,-0.32,0.51,1951683.0
SPX,20171218,2685.92,2690.16,2694.97,2685.92,2675.81,14.35,0.54,0.34,2173508.0
SPX,20171215,2660.63,2675.81,2679.63,2659.14,2652.01,23.8,0.9,0.77,3745746.0
SPX,20171214,2665.87,2652.01,2668.09,2652.01,2662.85,-10.84,-0.41,0.6,1997408.0
SPX,20171213,2667.59,2662.85,2671.88,2662.85,2664.11,-1.26,-0.05,0.34,2001775.0
SPX,20171212,2661.73,2664.11,2669.72,2659.78,2659.99,4.12,0.15,0.37,2021583.0
SPX,20171211,2652.19,2659.99,2660.33,2651.47,2651.5,8.49,0.32,0.33,1811178.0
SPX,20171208,2646.21,2651.5,2651.65,2644.1,2636.98,14.52,0.55,0.29,1843451.0
SPX,20171207,2628.38,2636.98,2640.99,2626.53,2629.27,7.71,0.29,0.55,1977524.0
SPX,20171206,2626.24,2629.27,2634.41,2624.75,2629.57,-0.3,-0.01,0.37,1926062.0
SPX,20171205,2639.78,2629.57,2648.72,2627.73,2639.44,-9.87,-0.37,0.8,2274451.0
SPX,20171204,2657.19,2639.44,2665.19,2639.03,2642.22,-2.78,-0.11,0.99,2795998.0
SPX,20171201,2645.1,2642.22,2650.62,2605.52,2647.58,-5.36,-0.2,1.7,2497629.0
SPX,20180131,2832.41,2823.81,2839.26,2813.04,2822.43,1.38,0.05,0.93,2823742.0
SPX,20180130,2832.74,2822.43,2837.75,2818.27,2853.53,-31.1,-1.09,0.68,2405602.0
SPX,20180129,2867.23,2853.53,2870.62,2851.48,2872.87,-19.34,-0.67,0.67,2175684.0
SPX,20180126,2847.48,2872.87,2872.87,2846.18,2839.25,33.62,1.18,0.94,2215919.0
SPX,20180125,2846.24,2839.25,2848.56,2830.94,2837.54,1.71,0.06,0.62,2317282.0
SPX,20180124,2845.42,2837.54,2852.97,2824.81,2839.13,-1.59,-0.06,0.99,2447566.0
SPX,20180123,2835.05,2839.13,2842.24,2830.59,2832.97,6.16,0.22,0.41,2168016.0
SPX,20180122,2809.16,2832.97,2833.03,2808.12,2810.3,22.67,0.81,0.89,2162474.0
SPX,20180119,2802.6,2810.3,2810.33,2798.08,2798.03,12.27,0.44,0.44,2440065.0
SPX,20180118,2802.4,2798.03,2805.83,2792.56,2802.56,-4.53,-0.16,0.47,2307360.0
SPX,20180117,2784.99,2802.56,2807.04,2778.38,2776.42,26.14,0.94,1.03,2419145.0
SPX,20180116,2798.96,2776.42,2807.54,2768.64,2786.24,-9.82,-0.35,1.4,2600259.0
SPX,20180112,2770.18,2786.24,2787.85,2769.64,2767.56,18.68,0.67,0.66,2129410.0
SPX,20180111,2752.97,2767.56,2767.56,2752.78,2748.23,19.33,0.7,0.54,1975974.0
SPX,20180110,2745.55,2748.23,2750.8,2736.06,2751.29,-3.06,-0.11,0.54,2091187.0
SPX,20180109,2751.15,2751.29,2759.14,2747.86,2747.71,3.58,0.13,0.41,2022847.0
SPX,20180108,2742.67,2747.71,2748.51,2737.6,2743.15,4.56,0.17,0.4,1965531.0
SPX,20180105,2731.33,2743.15,2743.45,2727.92,2723.99,19.16,0.7,0.57,1998928.0
SPX,20180104,2719.31,2723.99,2729.29,2719.07,2713.06,10.93,0.4,0.38,2209735.0
SPX,20180103,2697.85,2713.06,2714.37,2697.77,2695.81,17.25,0.64,0.62,2247361.0
SPX,20180102,2683.73,2695.81,2695.89,2682.36,2673.61,22.2,0.83,0.51,1892677.0
SPX,20180228,2753.78,2713.83,2761.52,2713.54,2744.28,-30.45,-1.11,1.75,2606286.0
SPX,20180227,2780.45,2744.28,2789.15,2744.22,2779.6,-35.32,-1.27,1.62,2357084.0
SPX,20180226,2757.37,2779.6,2780.64,2753.78,2747.3,32.3,1.18,0.98,2112407.0
SPX,20180223,2715.8,2747.3,2747.76,2713.74,2703.96,43.34,1.6,1.26,1869038.0
SPX,20180222,2710.42,2703.96,2731.26,2697.77,2701.33,2.63,0.1,1.24,2099630.0
SPX,20180221,2720.53,2701.33,2747.75,2701.29,2716.26,-14.93,-0.55,1.71,2221588.0
SPX,20180220,2722.99,2716.26,2737.6,2706.76,2732.22,-15.96,-0.58,1.13,2135922.0
SPX,20180216,2727.14,2732.22,2754.42,2725.11,2731.2,1.02,0.04,1.07,2214919.0
SPX,20180215,2713.46,2731.2,2731.51,2689.82,2698.63,32.57,1.21,1.54,2296146.0
SPX,20180214,2651.21,2698.63,2702.1,2648.87,2662.94,35.69,1.34,2.0,2420070.0
SPX,20180213,2646.27,2662.94,2668.84,2637.08,2656.0,6.94,0.26,1.2,2093173.0
SPX,20180212,2636.75,2656.0,2672.61,2622.45,2619.55,36.45,1.39,1.91,2679600.0
SPX,20180209,2601.78,2619.55,2638.67,2532.69,2581.0,38.55,1.49,4.11,3731315.0
SPX,20180208,2685.01,2581.0,2685.27,2580.56,2681.66,-100.66,-3.75,3.9,3249463.0
SPX,20180207,2690.95,2681.66,2727.67,2681.33,2695.14,-13.48,-0.5,1.72,2838299.0
SPX,20180206,2614.78,2695.14,2701.04,2593.07,2648.94,46.2,1.74,4.08,4024144.0
SPX,20180205,2741.06,2648.94,2763.39,2638.17,2762.13,-113.19,-4.1,4.53,3544118.0
SPX,20180202,2808.92,2762.13,2808.92,2759.97,2821.98,-59.85,-2.12,1.73,2721618.0
SPX,20180201,2816.45,2821.98,2835.96,2812.7,2823.81,-1.83,-0.06,0.82,2466174.0
SPX,20180329,2614.41,2640.87,2659.07,2609.72,2605.0,35.87,1.38,1.89,2348029.0
SPX,20180328,2611.3,2605.0,2632.65,2593.06,2612.62,-7.62,-0.29,1.52,2574192.0
SPX,20180327,2667.57,2612.62,2674.78,2596.12,2658.55,-45.93,-1.73,2.96,2501316.0
SPX,20180326,2619.35,2658.55,2661.36,2601.81,2588.26,70.29,2.72,2.3,2434498.0
SPX,20180323,2646.71,2588.26,2657.67,2585.89,2643.69,-55.43,-2.1,2.72,2558218.0
SPX,20180322,2691.36,2643.69,2695.68,2641.59,2711.93,-68.24,-2.52,1.99,2492921.0
SPX,20180321,2714.99,2711.93,2739.14,2709.79,2716.94,-5.01,-0.18,1.08,2074884.0
SPX,20180320,2715.05,2716.94,2724.22,2710.05,2712.92,4.02,0.15,0.52,2088202.0
SPX,20180319,2741.38,2712.92,2741.38,2694.59,2752.01,-39.09,-1.42,1.7,2191395.0
SPX,20180316,2750.57,2752.01,2761.85,2749.97,2747.33,4.68,0.17,0.43,3459193.0
SPX,20180315,2754.27,2747.33,2763.03,2741.47,2749.48,-2.15,-0.08,0.78,1998737.0
SPX,20180314,2774.06,2749.48,2777.11,2744.38,2765.31,-15.83,-0.57,1.18,2179976.0
SPX,20180313,2792.31,2765.31,2801.9,2758.68,2783.02,-17.71,-0.64,1.55,2353889.0
SPX,20180312,2790.54,2783.02,2796.98,2779.26,2786.57,-3.55,-0.13,0.64,2157969.0
SPX,20180309,2752.91,2786.57,2786.57,2751.54,2738.97,47.6,1.74,1.28,2195651.0
SPX,20180308,2732.75,2738.97,2740.45,2722.65,2726.8,12.17,0.45,0.65,2047405.0
SPX,20180307,2710.18,2726.8,2730.6,2701.74,2728.12,-1.32,-0.05,1.06,2204997.0
SPX,20180306,2730.18,2728.12,2732.08,2711.26,2720.94,7.18,0.26,0.77,2080635.0
SPX,20180305,2681.06,2720.94,2728.09,2675.75,2691.25,29.69,1.1,1.94,2341947.0
SPX,20180302,2658.89,2691.25,2696.25,2647.32,2677.67,13.58,0.51,1.83,2445884.0
SPX,20180301,2715.22,2677.67,2730.89,2659.65,2713.83,-36.16,-1.33,2.63,2790764.0
SPX,20180430,2675.05,2648.05,2682.92,2648.04,2669.91,-21.86,-0.82,1.31,2335652.0
SPX,20180427,2675.47,2669.91,2677.35,2659.01,2666.94,2.97,0.11,0.69,2104565.0
SPX,20180426,2651.65,2666.94,2676.48,2647.16,2639.4,27.54,1.04,1.11,2543294.0
SPX,20180425,2634.92,2639.4,2645.3,2612.67,2634.56,4.84,0.18,1.24,2203580.0
SPX,20180424,2680.8,2634.56,2683.55,2617.32,2670.29,-35.73,-1.34,2.48,2413969.0
SPX,20180423,2675.4,2670.29,2682.86,2657.99,2670.14,0.15,0.01,0.93,1858105.0
SPX,20180420,2692.56,2670.14,2693.94,2660.61,2693.13,-22.99,-0.85,1.24,2308509.0
SPX,20180419,2701.16,2693.13,2702.84,2681.9,2708.64,-15.51,-0.57,0.77,2168637.0
SPX,20180418,2710.11,2708.64,2717.49,2703.63,2706.39,2.25,0.08,0.51,1965630.0
SPX,20180417,2692.74,2706.39,2713.34,2692.05,2677.84,28.55,1.07,0.8,1925631.0
SPX,20180416,2670.1,2677.84,2686.49,2665.16,2656.3,21.54,0.81,0.8,1866870.0
SPX,20180413,2676.9,2656.3,2680.26,2645.05,2663.99,-7.69,-0.29,1.32,1823269.0
SPX,20180412,2653.83,2663.99,2674.72,2653.83,2642.19,21.8,0.83,0.79,1922966.0
SPX,20180411,2643.89,2642.19,2661.43,2639.25,2656.87,-14.68,-0.55,0.83,1788526.0
SPX,20180410,2638.41,2656.87,2665.45,2635.78,2613.16,43.71,1.67,1.14,2132600.0
SPX,20180409,2617.18,2613.16,2653.55,2610.79,2604.47,8.69,0.33,1.64,1923051.0
SPX,20180406,2645.82,2604.47,2656.88,2586.27,2662.84,-58.37,-2.19,2.65,2187112.0
SPX,20180405,2657.36,2662.84,2672.08,2649.58,2644.69,18.15,0.69,0.85,2008036.0
SPX,20180404,2584.04,2644.69,2649.86,2573.61,2614.45,30.24,1.16,2.92,2220731.0
SPX,20180403,2592.17,2614.45,2619.14,2575.49,2581.88,32.57,1.26,1.69,2169555.0
SPX,20180402,2633.45,2581.88,2638.3,2553.8,2640.87,-58.99,-2.23,3.2,2468994.0
SPX,20180531,2720.98,2705.27,2722.5,2700.68,2724.01,-18.74,-0.69,0.8,2746987.0
SPX,20180530,2702.43,2724.01,2729.34,2702.43,2689.86,34.15,1.27,1.0,2032101.0
SPX,20180529,2705.11,2689.86,2710.67,2676.81,2721.33,-31.47,-1.16,1.24,2250972.0
SPX,20180525,2723.6,2721.33,2727.36,2714.99,2727.76,-6.43,-0.24,0.45,1683086.0
SPX,20180524,2730.94,2727.76,2731.97,2707.38,2733.29,-5.53,-0.2,0.9,1965052.0
SPX,20180523,2713.98,2733.29,2733.33,2709.54,2724.44,8.85,0.32,0.87,2030186.0
SPX,20180522,2738.34,2724.44,2742.24,2721.88,2733.01,-8.57,-0.31,0.74,1907819.0
SPX,20180521,2725.95,2733.01,2739.19,2725.7,2712.97,20.04,0.74,0.5,1789869.0
SPX,20180518,2717.35,2712.97,2719.5,2709.18,2720.13,-7.16,-0.26,0.38,1956929.0
SPX,20180517,2719.71,2720.13,2731.96,2711.36,2722.46,-2.33,-0.09,0.76,1863613.0
SPX,20180516,2712.62,2722.46,2727.76,2712.17,2711.45,11.01,0.41,0.57,1844280.0
SPX,20180515,2718.59,2711.45,2718.59,2701.91,2730.13,-18.68,-0.68,0.61,1964096.0
SPX,20180514,2733.37,2730.13,2742.1,2725.47,2727.72,2.41,0.09,0.61,1820433.0
SPX,20180511,2722.7,2727.72,2732.86,2717.45,2723.07,4.65,0.17,0.57,1796034.0
SPX,20180510,2705.02,2723.07,2726.11,2704.54,2697.79,25.28,0.94,0.8,1835354.0
SPX,20180509,2678.12,2697.79,2701.27,2674.14,2671.92,25.87,0.97,1.02,2083098.0
SPX,20180508,2670.26,2671.92,2676.34,2655.2,2672.63,-0.71,-0.03,0.79,2106586.0
SPX,20180507,2669.36,2672.63,2683.35,2664.7,2663.42,9.21,0.35,0.7,1911248.0
SPX,20180504,2621.45,2663.42,2670.93,2615.32,2629.73,33.69,1.28,2.11,1915007.0
SPX,20180503,2628.08,2629.73,2637.14,2594.62,2635.67,-5.94,-0.23,1.61,2395693.0
SPX,20180502,2654.24,2635.67,2660.87,2631.7,2654.8,-19.13,-0.72,1.1,2303620.0
SPX,20180501,2643.64,2654.8,2655.27,2625.41,2648.05,6.75,0.25,1.13,2185438.0
SPX,20180629,2727.13,2718.37,2743.26,2718.03,2716.31,2.06,0.08,0.93,2247612.0
SPX,20180628,2698.69,2716.31,2724.34,2691.99,2699.63,16.68,0.62,1.2,2123740.0
SPX,20180627,2728.45,2699.63,2746.09,2699.38,2723.06,-23.43,-0.86,1.72,2277333.0
SPX,20180626,2722.12,2723.06,2732.91,2715.6,2717.07,5.99,0.22,0.64,2209004.0
SPX,20180625,2742.94,2717.07,2742.94,2698.67,2754.88,-37.81,-1.37,1.61,2404385.0
SPX,20180622,2760.79,2754.88,2764.17,2752.68,2749.76,5.12,0.19,0.42,2887234.0
SPX,20180621,2769.28,2749.76,2769.28,2744.39,2767.32,-17.56,-0.63,0.9,2149437.0
SPX,20180620,2769.73,2767.32,2774.86,2763.91,2762.59,4.73,0.17,0.4,2184212.0
SPX,20180619,2752.01,2762.59,2765.05,2743.19,2773.75,-11.16,-0.4,0.79,2214222.0
SPX,20180618,2765.79,2773.75,2774.99,2757.12,2779.66,-5.91,-0.21,0.64,2029883.0
SPX,20180615,2777.78,2779.66,2782.81,2761.73,2782.49,-2.83,-0.1,0.76,3501178.0
SPX,20180614,2783.21,2782.49,2789.06,2776.52,2775.63,6.86,0.25,0.45,2271012.0
SPX,20180613,2787.94,2775.63,2791.47,2774.65,2786.85,-11.22,-0.4,0.6,2422914.0
SPX,20180612,2785.6,2786.85,2789.8,2778.78,2782.0,4.85,0.17,0.4,1989894.0
SPX,20180611,2780.18,2782.0,2790.21,2780.17,2779.03,2.97,0.11,0.36,1917078.0
SPX,20180608,2765.84,2779.03,2779.39,2763.59,2770.37,8.66,0.31,0.57,1813372.0
SPX,20180607,2774.84,2770.37,2779.9,2760.16,2772.35,-1.98,-0.07,0.71,2139133.0
SPX,20180606,2753.25,2772.35,2772.39,2748.46,2748.8,23.55,0.86,0.87,2130321.0
SPX,20180605,2748.46,2748.8,2752.61,2739.51,2746.87,1.93,0.07,0.48,1982321.0
SPX,20180604,2741.67,2746.87,2749.16,2740.54,2734.62,12.25,0.45,0.32,1974155.0
SPX,20180601,2718.7,2734.62,2736.93,2718.7,2705.27,29.35,1.08,0.67,1995116.0
SPX,20180731,2809.73,2816.29,2824.46,2808.06,2802.6,13.69,0.49,0.59,2449761.0
SPX,20180730,2819.0,2802.6,2821.74,2798.11,2818.82,-16.22,-0.58,0.84,2240038.0
SPX,20180727,2842.35,2818.82,2843.17,2808.34,2837.44,-18.62,-0.66,1.23,2343659.0
SPX,20180726,2835.49,2837.44,2845.57,2835.26,2846.07,-8.63,-0.3,0.36,2578243.0
SPX,20180725,2817.73,2846.07,2848.03,2817.73,2820.4,25.67,0.91,1.07,2288128.0
SPX,20180724,2820.68,2820.4,2829.99,2811.12,2806.98,13.42,0.48,0.67,2183987.0
SPX,20180723,2799.17,2806.98,2808.61,2795.14,2801.83,5.15,0.18,0.48,1863978.0
SPX,20180720,2804.55,2801.83,2809.7,2800.01,2804.49,-2.66,-0.09,0.35,2082882.0
SPX,20180719,2809.37,2804.49,2812.05,2799.77,2815.62,-11.13,-0.4,0.44,2110255.0
SPX,20180718,2811.35,2815.62,2816.76,2805.89,2809.55,6.07,0.22,0.39,1946267.0
SPX,20180717,2789.34,2809.55,2814.19,2789.24,2798.43,11.12,0.4,0.89,1848700.0
SPX,20180716,2801.43,2798.43,2803.71,2793.39,2801.31,-2.88,-0.1,0.37,1791632.0
SPX,20180713,2796.93,2801.31,2804.53,2791.69,2798.29,3.02,0.11,0.46,1757998.0
SPX,20180712,2783.14,2798.29,2799.22,2781.53,2774.02,24.27,0.87,0.64,1862928.0
SPX,20180711,2779.82,2774.02,2785.91,2770.77,2793.84,-19.82,-0.71,0.54,1806015.0
SPX,20180710,2788.56,2793.84,2795.58,2786.24,2784.17,9.67,0.35,0.34,1743428.0
SPX,20180709,2768.51,2784.17,2784.65,2768.51,2759.82,24.35,0.88,0.58,1859165.0
SPX,20180706,2737.68,2759.82,2764.41,2733.52,2736.61,23.21,0.85,1.13,1570610.0
SPX,20180705,2724.19,2736.61,2737.83,2716.02,2713.22,23.39,0.86,0.8,1709736.0
SPX,20180703,2733.27,2713.22,2736.58,2711.16,2726.71,-13.49,-0.49,0.93,1148653.0
SPX,20180702,2704.95,2726.71,2727.26,2698.95,2718.37,8.34,0.31,1.04,1774975.0
SPX,20180831,2898.37,2901.52,2906.32,2891.73,2901.13,0.39,0.01,0.5,1806137.0
SPX,20180830,2908.94,2901.13,2912.46,2895.22,2914.04,-12.91,-0.44,0.59,1725980.0
SPX,20180829,2900.62,2914.04,2916.5,2898.4,2897.52,16.52,0.57,0.62,1761496.0
SPX,20180828,2901.45,2897.52,2903.77,2893.5,2896.74,0.78,0.03,0.35,1788302.0
SPX,20180827,2884.69,2896.74,2898.25,2884.69,2874.69,22.05,0.77,0.47,2055946.0
SPX,20180824,2862.35,2874.69,2876.16,2862.35,2856.98,17.71,0.62,0.48,1675498.0
SPX,20180823,2860.29,2856.98,2868.78,2854.03,2861.82,-4.84,-0.17,0.52,1653914.0
SPX,20180822,2860.99,2861.82,2867.54,2856.05,2862.96,-1.14,-0.04,0.4,1583705.0
SPX,20180821,2861.51,2862.96,2873.23,2861.32,2857.05,5.91,0.21,0.42,1897095.0
SPX,20180820,2853.93,2857.05,2859.76,2850.62,2850.13,6.92,0.24,0.32,1673590.0
SPX,20180817,2838.32,2850.13,2855.63,2833.73,2840.69,9.44,0.33,0.77,1897229.0
SPX,20180816,2831.44,2840.69,2850.49,2831.44,2818.37,22.32,0.79,0.68,1990092.0
SPX,20180815,2827.95,2818.37,2827.95,2802.49,2839.96,-21.59,-0.76,0.9,2170175.0
SPX,20180814,2827.88,2839.96,2843.11,2826.58,2821.93,18.03,0.64,0.59,1733261.0
SPX,20180813,2835.46,2821.93,2843.4,2819.88,2833.28,-11.35,-0.4,0.83,1852091.0
SPX,20180810,2839.64,2833.28,2842.2,2825.81,2853.58,-20.3,-0.71,0.57,1817775.0
SPX,20180809,2857.19,2853.58,2862.48,2851.98,2857.7,-4.12,-0.14,0.37,1670803.0
SPX,20180808,2856.79,2857.7,2862.44,2853.09,2858.45,-0.75,-0.03,0.33,1624655.0
SPX,20180807,2855.92,2858.45,2863.43,2855.92,2850.4,8.05,0.28,0.26,1792641.0
SPX,20180806,2840.29,2850.4,2853.29,2835.98,2840.35,10.05,0.35,0.61,1755403.0
SPX,20180803,2829.62,2840.35,2840.38,2827.37,2827.22,13.13,0.46,0.46,1829937.0
SPX,20180802,2800.48,2827.22,2829.91,2796.34,2813.36,13.86,0.49,1.19,2040387.0
SPX,20180801,2821.17,2813.36,2825.83,2805.85,2816.29,-2.93,-0.1,0.71,2200609.0
SPX,20180928,2910.03,2913.98,2920.53,2907.5,2914.0,-0.02,0.0,0.45,2193940.0
SPX,20180927,2911.65,2914.0,2927.22,2909.27,2905.97,8.03,0.28,0.62,1803058.0
SPX,20180926,2916.98,2905.97,2931.15,2903.28,2915.56,-9.59,-0.33,0.96,2053175.0
SPX,20180925,2921.75,2915.56,2923.95,2913.7,2919.37,-3.81,-0.13,0.35,2034745.0
SPX,20180924,2921.83,2919.37,2923.79,2912.63,2929.67,-10.3,-0.35,0.38,2105481.0
SPX,20180921,2936.76,2929.67,2940.91,2927.11,2930.75,-1.08,-0.04,0.47,3900792.0
SPX,20180920,2919.73,2930.75,2934.8,2919.73,2907.95,22.8,0.78,0.52,2102348.0
SPX,20180919,2906.6,2907.95,2912.36,2903.82,2904.31,3.64,0.13,0.29,1942348.0
SPX,20180918,2890.74,2904.31,2911.17,2890.43,2888.8,15.51,0.54,0.72,1947735.0
SPX,20180917,2903.83,2888.8,2904.65,2886.16,2904.98,-16.18,-0.56,0.64,1855646.0
SPX,20180914,2906.38,2904.98,2908.3,2895.77,2904.18,0.8,0.03,0.43,1896516.0
SPX,20180913,2896.85,2904.18,2906.76,2896.39,2888.92,15.26,0.53,0.36,2167358.0
SPX,20180912,2888.29,2888.92,2894.65,2879.2,2887.89,1.03,0.04,0.53,2063573.0
SPX,20180911,2871.57,2887.89,2892.52,2866.78,2877.13,10.76,0.37,0.89,1880844.0
SPX,20180910,2881.39,2877.13,2886.93,2875.94,2871.68,5.45,0.19,0.38,1762586.0
SPX,20180907,2868.26,2871.68,2883.81,2864.12,2878.05,-6.37,-0.22,0.68,1942170.0
SPX,20180906,2888.64,2878.05,2892.05,2867.29,2888.6,-10.55,-0.37,0.86,2025173.0
SPX,20180905,2891.59,2888.6,2894.21,2876.92,2896.72,-8.12,-0.28,0.6,2277718.0
SPX,20180904,2896.96,2896.72,2900.18,2885.13,2901.52,-4.8,-0.17,0.52,1952726.0
SPX,20181031,2705.6,2711.74,2736.69,2705.6,2682.63,29.11,1.09,1.16,3254302.0
SPX,20181030,2640.68,2682.63,2685.43,2635.34,2641.25,41.38,1.57,1.9,3337205.0
SPX,20181029,2682.65,2641.25,2706.85,2603.54,2658.69,-17.44,-0.66,3.89,2965732.0
SPX,20181026,2667.86,2658.69,2692.38,2628.16,2705.57,-46.88,-1.73,2.37,3296392.0
SPX,20181025,2674.88,2705.57,2722.7,2667.84,2656.1,49.47,1.86,2.07,3062114.0
SPX,20181024,2737.87,2656.1,2742.59,2651.89,2740.69,-84.59,-3.09,3.31,3140536.0
SPX,20181023,2721.03,2740.69,2753.59,2691.43,2755.88,-15.19,-0.55,2.26,2810569.0
SPX,20181022,2773.94,2755.88,2778.94,2749.22,2767.78,-11.9,-0.43,1.07,2219051.0
SPX,20181019,2775.66,2767.78,2797.77,2760.27,2768.78,-1.0,-0.04,1.35,2467481.0
SPX,20181018,2802.0,2768.78,2806.04,2755.18,2809.21,-40.43,-1.44,1.81,2330696.0
SPX,20181017,2811.67,2809.21,2816.94,2781.81,2809.92,-0.71,-0.03,1.25,2120419.0
SPX,20181016,2767.05,2809.92,2813.46,2766.91,2750.79,59.13,2.15,1.69,2137275.0
SPX,20181015,2763.83,2750.79,2775.99,2749.03,2767.13,-16.34,-0.59,0.97,2023152.0
SPX,20181012,2770.54,2767.13,2775.77,2729.44,2728.37,38.76,1.42,1.7,2665303.0
SPX,20181011,2776.87,2728.37,2795.14,2710.51,2785.68,-57.31,-2.06,3.04,3309535.0
SPX,20181010,2873.9,2785.68,2874.02,2784.86,2880.34,-94.66,-3.29,3.1,2895006.0
SPX,20181009,2882.51,2880.34,2894.83,2874.27,2884.43,-4.09,-0.14,0.71,2136560.0
SPX,20181008,2877.53,2884.43,2889.45,2862.08,2885.57,-1.14,-0.04,0.95,2013127.0
SPX,20181005,2902.54,2885.57,2909.64,2869.29,2901.61,-16.04,-0.55,1.39,2091495.0
SPX,20181004,2919.35,2901.61,2919.78,2883.92,2925.51,-23.9,-0.82,1.23,2105861.0
SPX,20181003,2931.69,2925.51,2939.86,2921.36,2923.43,2.08,0.07,0.63,2101580.0
SPX,20181002,2923.8,2923.43,2931.42,2919.37,2924.59,-1.16,-0.04,0.41,2060043.0
SPX,20181001,2926.29,2924.59,2937.06,2917.91,2913.98,10.61,0.36,0.66,2148844.0
SPX,20181130,2737.76,2760.17,2760.88,2732.76,2737.76,22.41,0.82,1.03,3061711.0
SPX,20181129,2736.97,2737.76,2753.75,2722.94,2743.79,-6.03,-0.22,1.12,2102760.0
SPX,20181128,2691.45,2743.79,2744.0,2684.38,2682.17,61.62,2.3,2.22,2464244.0
SPX,20181127,2663.75,2682.17,2682.53,2655.89,2673.45,8.72,0.33,1.0,2164784.0
SPX,20181126,2649.97,2673.45,2674.35,2649.97,2632.56,40.89,1.55,0.93,2223764.0
SPX,20181123,2633.36,2632.56,2647.55,2631.09,2649.93,-17.37,-0.66,0.62,996601.0
SPX,20181121,2657.74,2649.93,2670.73,2649.82,2641.89,8.04,0.3,0.79,2052551.0
SPX,20181120,2654.6,2641.89,2669.44,2631.52,2690.73,-48.84,-1.82,1.41,2887816.0
SPX,20181119,2730.74,2690.73,2733.16,2681.09,2736.27,-45.54,-1.66,1.9,2528464.0
SPX,20181116,2718.54,2736.27,2746.75,2712.16,2730.2,6.07,0.22,1.27,2693967.0
SPX,20181115,2693.52,2730.2,2735.38,2670.75,2701.58,28.62,1.06,2.39,2723522.0
SPX,20181114,2737.9,2701.58,2746.8,2685.75,2722.18,-20.6,-0.76,2.24,2669620.0
SPX,20181113,2730.05,2722.18,2754.6,2714.98,2726.22,-4.04,-0.15,1.45,2355351.0
SPX,20181112,2773.93,2726.22,2775.99,2722.0,2781.01,-54.79,-1.97,1.94,2439374.0
SPX,20181109,2794.1,2781.01,2794.1,2764.24,2806.83,-25.82,-0.92,1.06,2507594.0
SPX,20181108,2806.38,2806.83,2814.75,2794.99,2813.89,-7.06,-0.25,0.7,2264118.0
SPX,20181107,2774.13,2813.89,2815.15,2774.13,2755.45,58.44,2.12,1.49,2449056.0
SPX,20181106,2738.4,2755.45,2756.82,2737.08,2738.31,17.14,0.63,0.72,2102933.0
SPX,20181105,2726.37,2738.31,2744.27,2717.94,2723.06,15.25,0.56,0.97,2194667.0
SPX,20181102,2745.45,2723.06,2756.55,2700.44,2740.37,-17.31,-0.63,2.05,2848403.0
SPX,20181101,2717.58,2740.37,2741.67,2708.85,2711.74,28.63,1.06,1.21,2791012.0
SPX,20181231,2498.94,2506.85,2509.24,2482.82,2485.74,21.11,0.85,1.06,1998138.0
SPX,20181228,2498.77,2485.74,2520.27,2472.89,2488.83,-3.09,-0.12,1.9,2209845.0
SPX,20181227,2442.5,2488.83,2489.1,2397.94,2467.7,21.13,0.86,3.69,2552055.0
SPX,20181226,2363.12,2467.7,2467.76,2346.58,2351.1,116.6,4.96,5.15,2731627.0
SPX,20181224,2400.56,2351.1,2410.34,2351.1,2416.62,-65.52,-2.71,2.45,1724367.0
SPX,20181221,2465.38,2416.62,2504.41,2408.55,2467.42,-50.8,-2.06,3.89,4946861.0
SPX,20181220,2496.77,2467.42,2509.63,2441.18,2506.96,-39.54,-1.58,2.73,3622684.0
SPX,20181219,2547.05,2506.96,2585.29,2488.96,2546.16,-39.2,-1.54,3.78,3383319.0
SPX,20181218,2559.9,2546.16,2573.99,2528.71,2545.94,0.22,0.01,1.78,2748353.0
SPX,20181217,2590.75,2545.94,2601.13,2530.54,2599.95,-54.01,-2.08,2.72,2879375.0
SPX,20181214,2629.68,2599.95,2635.07,2593.84,2650.54,-50.59,-1.91,1.56,2536288.0
SPX,20181213,2658.7,2650.54,2670.19,2637.27,2651.07,-0.53,-0.02,1.24,2364353.0
SPX,20181212,2658.23,2651.07,2685.44,2650.26,2636.78,14.29,0.54,1.33,2473052.0
SPX,20181211,2664.44,2636.78,2674.35,2621.3,2637.72,-0.94,-0.04,2.01,2354563.0
SPX,20181210,2630.86,2637.72,2647.51,2583.23,2633.08,4.64,0.18,2.44,2521729.0
SPX,20181207,2691.26,2633.08,2708.54,2623.14,2695.95,-62.87,-2.33,3.17,2607990.0
SPX,20181206,2663.51,2695.95,2696.15,2621.53,2700.06,-4.11,-0.15,2.76,3220645.0
SPX,20181204,2782.43,2700.06,2785.93,2697.18,2790.37,-90.31,-3.24,3.18,2990888.0
SPX,20181203,2790.5,2790.37,2800.18,2773.38,2760.17,30.2,1.09,0.97,2752398.0
SPX,20190131,2685.49,2704.1,2708.95,2678.65,2681.05,23.05,0.86,1.13,3383826.0
SPX,20190130,2653.62,2681.05,2690.44,2648.34,2640.0,41.05,1.55,1.59,2544658.0
SPX,20190129,2644.89,2640.0,2650.93,2631.05,2643.85,-3.85,-0.15,0.75,2148989.0
SPX,20190128,2644.97,2643.85,2644.97,2624.06,2664.76,-20.91,-0.78,0.78,2314399.0
SPX,20190125,2657.44,2664.76,2672.38,2657.33,2642.33,22.43,0.85,0.57,2499715.0
SPX,20190124,2638.84,2642.33,2647.2,2627.01,2638.7,3.63,0.14,0.77,2434656.0
SPX,20190123,2643.48,2638.7,2653.19,2612.86,2632.9,5.8,0.22,1.53,2239099.0
SPX,20190122,2657.88,2632.9,2657.88,2617.27,2670.71,-37.81,-1.42,1.52,2590517.0
SPX,20190118,2651.27,2670.71,2675.47,2647.58,2635.96,34.75,1.32,1.06,2617845.0
SPX,20190117,2609.28,2635.96,2645.06,2606.36,2616.1,19.86,0.76,1.48,2450727.0
SPX,20190116,2614.75,2616.1,2625.76,2612.68,2610.3,5.8,0.22,0.5,2417329.0
SPX,20190115,2585.1,2610.3,2613.08,2585.1,2582.61,27.69,1.07,1.08,2299612.0
SPX,20190114,2580.31,2582.61,2589.32,2570.41,2596.26,-13.65,-0.53,0.73,2242883.0
SPX,20190111,2588.11,2596.26,2596.27,2577.4,2596.64,-0.38,-0.01,0.73,2063515.0
SPX,20190110,2573.51,2596.64,2597.82,2562.02,2584.96,11.68,0.45,1.38,2330498.0
SPX,20190109,2580.0,2584.96,2595.32,2568.89,2574.41,10.55,0.41,1.03,2463517.0
SPX,20190108,2568.11,2574.41,2579.82,2547.56,2549.69,24.72,0.97,1.27,2458286.0
SPX,20190107,2535.61,2549.69,2566.16,2524.56,2531.94,17.75,0.7,1.64,2526552.0
SPX,20190104,2474.33,2531.94,2538.07,2474.33,2447.89,84.05,3.43,2.6,2661710.0
SPX,20190103,2491.92,2447.89,2493.14,2443.96,2510.03,-62.14,-2.48,1.96,2754753.0
SPX,20190102,2476.96,2510.03,2519.49,2467.47,2506.85,3.18,0.13,2.08,2233765.0
SPX,20190228,2788.11,2784.49,2793.73,2782.51,2792.38,-7.89,-0.28,0.4,2492904.0
SPX,20190227,2787.5,2792.38,2795.76,2775.13,2793.9,-1.52,-0.05,0.74,2053868.0
SPX,20190226,2792.36,2793.9,2803.12,2789.47,2796.11,-2.21,-0.08,0.49,2033263.0
SPX,20190225,2804.35,2796.11,2813.49,2794.99,2792.67,3.44,0.12,0.66,2303642.0
SPX,20190222,2780.67,2792.67,2794.2,2779.11,2774.88,17.79,0.64,0.54,2087755.0
SPX,20190221,2780.24,2774.88,2781.58,2764.55,2784.7,-9.82,-0.35,0.61,1979489.0
SPX,20190220,2779.05,2784.7,2789.88,2774.06,2779.76,4.94,0.18,0.57,2139230.0
SPX,20190219,2769.28,2779.76,2787.33,2767.29,2775.6,4.16,0.15,0.72,1984415.0
SPX,20190215,2760.24,2775.6,2775.66,2760.24,2745.73,29.87,1.09,0.56,2385153.0
SPX,20190214,2743.5,2745.73,2757.9,2731.23,2753.03,-7.3,-0.27,0.97,2141245.0
SPX,20190213,2750.3,2753.03,2761.85,2748.63,2744.73,8.3,0.3,0.48,2141981.0
SPX,20190212,2722.61,2744.73,2748.19,2722.61,2709.8,34.93,1.29,0.94,2290316.0
SPX,20190211,2712.4,2709.8,2718.05,2703.79,2707.88,1.92,0.07,0.53,1977783.0
SPX,20190208,2692.36,2707.88,2708.07,2681.83,2706.05,1.83,0.07,0.97,2219274.0
SPX,20190207,2717.53,2706.05,2719.32,2687.26,2731.61,-25.56,-0.94,1.17,2449415.0
SPX,20190206,2735.05,2731.61,2738.08,2724.15,2737.7,-6.09,-0.22,0.51,2056292.0
SPX,20190205,2728.34,2737.7,2738.98,2724.03,2724.87,12.83,0.47,0.55,2175721.0
SPX,20190204,2706.49,2724.87,2724.99,2698.75,2706.53,18.34,0.68,0.97,2070562.0
SPX,20190201,2702.32,2706.53,2716.66,2696.88,2704.1,2.43,0.09,0.73,2431455.0
SPX,20190329,2828.27,2834.4,2836.03,2819.23,2815.44,18.96,0.67,0.6,2184384.0
SPX,20190328,2809.4,2815.44,2819.71,2798.77,2805.37,10.07,0.36,0.75,1774788.0
SPX,20190327,2819.72,2805.37,2825.56,2787.72,2818.46,-13.09,-0.46,1.34,1918159.0
SPX,20190326,2812.66,2818.46,2829.87,2803.99,2798.36,20.1,0.72,0.92,1917605.0
SPX,20190325,2796.01,2798.36,2809.79,2785.02,2800.71,-2.35,-0.08,0.88,1931448.0
SPX,20190322,2844.52,2800.71,2846.16,2800.47,2854.88,-54.17,-1.9,1.6,2485350.0
SPX,20190321,2819.72,2854.88,2860.31,2817.38,2824.23,30.65,1.09,1.52,2323248.0
SPX,20190320,2831.34,2824.23,2843.54,2812.43,2832.57,-8.34,-0.29,1.1,2289336.0
SPX,20190319,2840.76,2832.57,2852.42,2823.27,2832.94,-0.37,-0.01,1.03,2243489.0
SPX,20190318,2822.61,2832.94,2835.41,2821.99,2822.48,10.46,0.37,0.48,2031401.0
SPX,20190315,2810.79,2822.48,2830.73,2810.79,2808.48,14.0,0.5,0.71,3734916.0
SPX,20190314,2810.38,2808.48,2815.0,2803.46,2810.92,-2.44,-0.09,0.41,2052995.0
SPX,20190313,2799.78,2810.92,2821.24,2799.78,2791.52,19.4,0.69,0.77,2162512.0
SPX,20190312,2787.34,2791.52,2798.32,2786.73,2783.3,8.22,0.3,0.42,1995476.0
SPX,20190311,2747.61,2783.3,2784.0,2747.61,2743.07,40.23,1.47,1.33,2054706.0
SPX,20190308,2730.79,2743.07,2744.13,2722.27,2748.93,-5.86,-0.21,0.8,1971521.0
SPX,20190307,2766.53,2748.93,2767.25,2739.09,2771.45,-22.52,-0.81,1.02,2280992.0
SPX,20190306,2790.27,2771.45,2790.27,2768.69,2789.65,-18.2,-0.65,0.77,2111486.0
SPX,20190305,2794.41,2789.65,2796.44,2782.97,2792.81,-3.16,-0.11,0.48,2118384.0
SPX,20190304,2814.37,2792.81,2816.88,2767.66,2803.69,-10.88,-0.39,1.76,2245925.0
SPX,20190301,2798.22,2803.69,2808.02,2787.38,2784.49,19.2,0.69,0.74,2250380.0
SPX,20190430,2937.14,2945.83,2948.22,2924.11,2943.03,2.8,0.1,0.82,2364280.0
SPX,20190429,2940.58,2943.03,2949.52,2939.35,2939.88,3.15,0.11,0.35,1848857.0
SPX,20190426,2925.81,2939.88,2939.88,2917.56,2926.17,13.71,0.47,0.76,2080498.0
SPX,20190425,2928.99,2926.17,2933.1,2912.84,2927.25,-1.08,-0.04,0.69,2089426.0
SPX,20190424,2934.0,2927.25,2936.83,2926.05,2933.68,-6.43,-0.22,0.37,2035576.0
SPX,20190423,2909.99,2933.68,2936.31,2908.53,2907.97,25.71,0.88,0.96,2171881.0
SPX,20190422,2898.78,2907.97,2909.51,2896.35,2905.03,2.94,0.1,0.45,1747454.0
SPX,20190418,2904.81,2905.03,2908.4,2891.9,2900.45,4.58,0.16,0.57,2079240.0
SPX,20190417,2916.04,2900.45,2918.0,2895.45,2907.06,-6.61,-0.23,0.78,2310103.0
SPX,20190416,2912.26,2907.06,2916.06,2900.71,2905.58,1.48,0.05,0.53,2059164.0
SPX,20190415,2908.32,2905.58,2909.6,2896.48,2907.41,-1.83,-0.06,0.45,1719880.0
SPX,20190412,2900.86,2907.41,2910.54,2898.37,2888.32,19.09,0.66,0.42,2175149.0
SPX,20190411,2891.92,2888.32,2893.42,2881.99,2888.21,0.11,0.0,0.4,1625618.0
SPX,20190410,2881.37,2888.21,2889.71,2879.13,2878.2,10.01,0.35,0.37,1595774.0
SPX,20190409,2886.58,2878.2,2886.88,2873.33,2895.77,-17.57,-0.61,0.47,1712480.0
SPX,20190408,2888.46,2895.77,2895.95,2880.78,2892.74,3.03,0.1,0.52,1744343.0
SPX,20190405,2884.16,2892.74,2893.24,2882.99,2879.39,13.35,0.46,0.36,1747286.0
SPX,20190404,2873.99,2879.39,2881.28,2867.14,2873.4,5.99,0.21,0.49,1740949.0
SPX,20190403,2876.09,2873.4,2885.25,2865.17,2867.24,6.16,0.21,0.7,2216125.0
SPX,20190402,2868.24,2867.24,2872.9,2858.75,2867.19,0.05,0.0,0.49,1874915.0
SPX,20190401,2848.63,2867.19,2869.4,2848.63,2834.4,32.79,1.16,0.73,2065945.0
SPX,20190531,2766.15,2752.06,2768.98,2750.52,2788.86,-36.8,-1.32,0.66,2206214.0
SPX,20190530,2786.94,2788.86,2799.0,2776.74,2783.02,5.84,0.21,0.8,1757961.0
SPX,20190529,2790.25,2783.02,2792.03,2766.06,2802.39,-19.37,-0.69,0.93,2100549.0
SPX,20190528,2830.03,2802.39,2840.51,2801.58,2826.06,-23.67,-0.84,1.38,2507191.0
SPX,20190524,2832.41,2826.06,2841.36,2820.19,2822.24,3.82,0.14,0.75,1601399.0
SPX,20190523,2836.7,2822.24,2836.7,2805.49,2856.27,-34.03,-1.19,1.09,2225396.0
SPX,20190522,2856.06,2856.27,2865.47,2851.11,2864.36,-8.09,-0.28,0.5,1794215.0
SPX,20190521,2854.02,2864.36,2868.88,2854.02,2840.23,24.13,0.85,0.52,1802041.0
SPX,20190520,2841.94,2840.23,2853.86,2831.29,2859.53,-19.3,-0.67,0.79,1899719.0
SPX,20190517,2858.6,2859.53,2885.48,2854.23,2876.32,-16.79,-0.58,1.09,1887750.0
SPX,20190516,2855.8,2876.32,2892.15,2855.8,2850.96,25.36,0.89,1.28,1925488.0
SPX,20190515,2820.38,2850.96,2858.68,2815.08,2834.41,16.55,0.58,1.54,1877762.0
SPX,20190514,2820.12,2834.41,2852.54,2820.12,2811.87,22.54,0.8,1.15,1947349.0
SPX,20190513,2840.19,2811.87,2840.19,2801.43,2881.4,-69.53,-2.41,1.35,2324157.0
SPX,20190510,2863.1,2881.4,2891.31,2825.39,2870.72,10.68,0.37,2.3,2004543.0
SPX,20190509,2859.84,2870.72,2875.97,2836.4,2879.42,-8.7,-0.3,1.37,2122567.0
SPX,20190508,2879.61,2879.42,2897.96,2873.28,2884.05,-4.63,-0.16,0.86,1919367.0
SPX,20190507,2913.03,2884.05,2913.03,2862.6,2932.47,-48.42,-1.65,1.72,2283554.0
SPX,20190506,2908.89,2932.47,2937.32,2898.21,2945.64,-13.17,-0.45,1.33,1857443.0
SPX,20190503,2929.21,2945.64,2947.85,2929.21,2917.52,28.12,0.96,0.64,1880651.0
SPX,20190502,2922.16,2917.52,2931.68,2900.5,2923.73,-6.21,-0.21,1.07,2136002.0
SPX,20190501,2952.33,2923.73,2954.13,2923.36,2945.83,-22.1,-0.75,1.04,2227214.0
SPX,20190628,2932.94,2941.76,2943.98,2929.05,2924.92,16.84,0.58,0.51,2959726.0
SPX,20190627,2919.66,2924.92,2929.3,2918.57,2913.78,11.14,0.38,0.37,1725783.0
SPX,20190626,2926.07,2913.78,2932.59,2912.99,2917.38,-3.6,-0.12,0.67,2005584.0
SPX,20190625,2945.78,2917.38,2946.52,2916.01,2945.35,-27.97,-0.95,1.04,2020033.0
SPX,20190624,2951.42,2945.35,2954.92,2944.05,2950.46,-5.11,-0.17,0.37,1733220.0
SPX,20190621,2952.71,2950.46,2964.15,2946.87,2954.18,-3.72,-0.13,0.58,3033185.0
SPX,20190620,2949.6,2954.18,2958.06,2931.5,2926.46,27.72,0.95,0.91,2057678.0
SPX,20190619,2920.55,2926.46,2931.74,2911.43,2917.75,8.71,0.3,0.7,1864220.0
SPX,20190618,2906.71,2917.75,2930.79,2905.44,2889.67,28.08,0.97,0.88,2003753.0
SPX,20190617,2889.75,2889.67,2897.27,2887.3,2886.98,2.69,0.09,0.35,1579314.0
SPX,20190614,2886.82,2886.98,2894.45,2879.62,2891.64,-4.66,-0.16,0.51,1562977.0
SPX,20190613,2886.24,2891.64,2895.24,2881.99,2879.84,11.8,0.41,0.46,1638957.0
SPX,20190612,2882.73,2879.84,2888.57,2874.68,2885.72,-5.88,-0.2,0.48,1618916.0
SPX,20190611,2903.27,2885.72,2910.61,2878.53,2886.73,-1.01,-0.03,1.11,2038180.0
SPX,20190610,2885.83,2886.73,2904.77,2885.51,2873.34,13.39,0.47,0.67,1854780.0
SPX,20190607,2852.87,2873.34,2884.97,2852.87,2843.49,29.85,1.05,1.13,1848514.0
SPX,20190606,2828.51,2843.49,2852.1,2822.45,2826.15,17.34,0.61,1.05,1949548.0
SPX,20190605,2818.09,2826.15,2827.28,2800.92,2803.27,22.88,0.82,0.94,2031190.0
SPX,20190604,2762.64,2803.27,2804.49,2762.64,2744.45,58.82,2.14,1.52,2294213.0
SPX,20190603,2751.53,2744.45,2763.07,2728.81,2752.06,-7.61,-0.28,1.24,2421191.0
SPX,20190731,3016.22,2980.38,3017.4,2958.08,3013.18,-32.8,-1.09,1.97,2731634.0
SPX,20190730,3007.66,3013.18,3017.19,3000.94,3020.97,-7.79,-0.26,0.54,1837520.0
SPX,20190729,3024.47,3020.97,3025.61,3014.3,3025.86,-4.89,-0.16,0.37,1761304.0
SPX,20190726,3013.25,3025.86,3027.98,3012.59,3003.67,22.19,0.74,0.51,1807303.0
SPX,20190725,3016.26,3003.67,3016.31,2997.24,3019.56,-15.89,-0.53,0.63,1977743.0
SPX,20190724,2998.77,3019.56,3019.59,2996.82,3005.47,14.09,0.47,0.76,1925227.0
SPX,20190723,2994.74,3005.47,3005.9,2988.56,2985.03,20.44,0.68,0.58,1870689.0
SPX,20190722,2981.93,2985.03,2990.71,2976.65,2976.61,8.42,0.28,0.47,1667005.0
SPX,20190719,3004.26,2976.61,3006.02,2975.86,2995.11,-18.5,-0.62,1.01,1872665.0
SPX,20190718,2978.87,2995.11,2998.28,2973.09,2984.42,10.69,0.36,0.84,1793633.0
SPX,20190717,3005.1,2984.42,3005.26,2984.25,3004.04,-19.62,-0.65,0.7,1743301.0
SPX,20190716,3012.13,3004.04,3015.02,3001.15,3014.3,-10.26,-0.34,0.46,1742567.0
SPX,20190715,3017.8,3014.3,3017.8,3008.77,3013.77,0.53,0.02,0.3,1604048.0
SPX,20190712,3003.36,3013.77,3013.92,3001.87,2999.91,13.86,0.46,0.4,1609598.0
SPX,20190711,2999.62,2999.91,3002.33,2988.8,2993.07,6.84,0.23,0.45,1731136.0
SPX,20190710,2989.3,2993.07,3002.98,2984.62,2979.63,13.44,0.45,0.62,1643619.0
SPX,20190709,2965.52,2979.63,2981.9,2963.44,2975.95,3.68,0.12,0.62,1636493.0
SPX,20190708,2979.77,2975.95,2980.76,2970.09,2990.41,-14.46,-0.48,0.36,1554003.0
SPX,20190705,2984.25,2990.41,2994.03,2967.97,2995.82,-5.41,-0.18,0.87,1287370.0
SPX,20190703,2978.08,2995.82,2995.84,2977.96,2973.01,22.81,0.77,0.6,1093867.0
SPX,20190702,2964.66,2973.01,2973.21,2955.92,2964.33,8.68,0.29,0.58,1656797.0
SPX,20190701,2971.41,2964.33,2977.93,2952.22,2941.76,22.57,0.77,0.87,2042077.0
SPX,20190830,2937.09,2926.46,2940.43,2913.32,2924.58,1.88,0.06,0.93,1609575.0
SPX,20190829,2910.37,2924.58,2930.5,2905.67,2887.94,36.64,1.27,0.86,1620492.0
SPX,20190828,2861.28,2887.94,2890.03,2853.05,2869.16,18.78,0.65,1.29,1657199.0
SPX,20190827,2893.14,2869.16,2898.79,2860.59,2878.38,-9.22,-0.32,1.33,1949097.0
SPX,20190826,2866.7,2878.38,2879.27,2856.0,2847.11,31.27,1.1,0.82,1594021.0
SPX,20190823,2911.07,2847.11,2927.01,2834.97,2922.95,-75.84,-2.59,3.15,2353652.0
SPX,20190822,2930.94,2922.95,2939.08,2904.51,2924.43,-1.48,-0.05,1.18,1586736.0
SPX,20190821,2922.04,2924.43,2928.73,2917.91,2900.51,23.92,0.82,0.37,1587399.0
SPX,20190820,2919.01,2900.51,2923.63,2899.6,2923.65,-23.14,-0.79,0.82,1678619.0
SPX,20190819,2913.48,2923.65,2931.0,2913.48,2888.68,34.97,1.21,0.61,1779496.0
SPX,20190816,2864.74,2888.68,2893.63,2864.74,2847.6,41.08,1.44,1.01,2063083.0
SPX,20190815,2846.2,2847.6,2856.67,2825.51,2840.6,7.0,0.25,1.1,2421110.0
SPX,20190814,2894.15,2840.6,2894.15,2839.64,2926.32,-85.72,-2.93,1.86,2543385.0
SPX,20190813,2880.72,2926.32,2943.31,2877.05,2883.75,42.57,1.48,2.3,2129331.0
SPX,20190812,2907.07,2883.75,2907.58,2873.14,2918.65,-34.9,-1.2,1.18,1440439.0
SPX,20190809,2930.51,2918.65,2935.75,2900.15,2938.09,-19.44,-0.66,1.21,1888617.0
SPX,20190808,2896.21,2938.09,2938.72,2894.47,2883.98,54.11,1.88,1.53,2209464.0
SPX,20190807,2858.65,2883.98,2892.17,2825.71,2881.77,2.21,0.08,2.31,2360894.0
SPX,20190806,2861.18,2881.77,2884.4,2847.42,2844.74,37.03,1.3,1.3,2177204.0
SPX,20190805,2898.07,2844.74,2898.07,2822.12,2932.05,-87.31,-2.98,2.59,2614971.0
SPX,20190802,2943.9,2932.05,2945.5,2914.11,2953.56,-21.51,-0.73,1.06,2210278.0
SPX,20190801,2980.32,2953.56,3013.59,2945.23,2980.38,-26.82,-0.9,2.29,2707086.0
SPX,20190930,2967.07,2976.74,2983.85,2967.07,2961.79,14.95,0.5,0.57,1663002.0
SPX,20190927,2985.47,2961.79,2987.31,2945.53,2977.62,-15.83,-0.53,1.4,1770249.0
SPX,20190926,2985.73,2977.62,2987.28,2963.71,2984.87,-7.25,-0.24,0.79,1589730.0
SPX,20190925,2968.35,2984.87,2989.82,2952.86,2966.6,18.27,0.62,1.25,1755736.0
SPX,20190924,3002.43,2966.6,3007.98,2957.73,2991.78,-25.18,-0.84,1.68,2022515.0
SPX,20190923,2983.5,2991.78,2999.15,2982.23,2992.07,-0.29,-0.01,0.57,1584859.0
SPX,20190920,3008.42,2992.07,3016.37,2984.68,3006.79,-14.72,-0.49,1.05,3239391.0
SPX,20190919,3010.36,3006.79,3021.99,3003.16,3006.73,0.06,0.0,0.63,1552071.0
SPX,20190918,3001.5,3006.73,3007.83,2978.57,3005.7,1.03,0.03,0.97,1711315.0
SPX,20190917,2995.67,3005.7,3006.21,2993.73,2997.96,7.74,0.26,0.42,1835650.0
SPX,20190916,2996.41,2997.96,3002.19,2990.67,3007.39,-9.43,-0.31,0.38,1865797.0
SPX,20190913,3012.21,3007.39,3017.33,3002.9,3009.57,-2.18,-0.07,0.48,1885112.0
SPX,20190912,3009.08,3009.57,3020.74,3000.92,3000.93,8.64,0.29,0.66,2110913.0
SPX,20190911,2981.41,3000.93,3000.93,2975.31,2979.39,21.54,0.72,0.86,2023031.0
SPX,20190910,2971.01,2979.39,2979.39,2957.01,2978.43,0.96,0.03,0.75,2313901.0
SPX,20190909,2988.43,2978.43,2989.43,2969.39,2978.71,-0.28,-0.01,0.67,2109066.0
SPX,20190906,2980.33,2978.71,2985.03,2972.51,2976.0,2.71,0.09,0.42,1660755.0
SPX,20190905,2960.6,2976.0,2985.86,2960.6,2937.78,38.22,1.3,0.86,1985626.0
SPX,20190904,2924.67,2937.78,2938.84,2921.86,2906.27,31.51,1.08,0.58,1638026.0
SPX,20190903,2909.01,2906.27,2914.39,2891.85,2926.46,-20.19,-0.69,0.77,1709526.0
SPX,20191031,3046.9,3037.56,3046.9,3023.19,3046.77,-9.21,-0.3,0.78,2207521.0
SPX,20191030,3039.74,3046.77,3050.1,3025.96,3036.89,9.88,0.33,0.79,1968173.0
SPX,20191029,3035.39,3036.89,3047.87,3034.81,3039.42,-2.53,-0.08,0.43,1811956.0
SPX,20191028,3032.12,3039.42,3044.08,3032.12,3022.55,16.87,0.56,0.4,1871168.0
SPX,20191025,3003.32,3022.55,3027.39,3001.94,3010.29,12.26,0.41,0.85,1773426.0
SPX,20191024,3014.78,3010.29,3016.07,3000.42,3004.52,5.77,0.19,0.52,1935919.0
SPX,20191023,2994.01,3004.52,3004.78,2991.21,2995.99,8.53,0.28,0.45,1760876.0
SPX,20191022,3010.73,2995.99,3014.57,2995.04,3006.72,-10.73,-0.36,0.65,1843265.0
SPX,20191021,2996.48,3006.72,3007.33,2995.35,2986.2,20.52,0.69,0.4,1749381.0
SPX,20191018,2996.84,2986.2,3000.0,2976.31,2997.95,-11.75,-0.39,0.79,1986309.0
SPX,20191017,3000.77,2997.95,3008.29,2991.79,2989.69,8.26,0.28,0.55,1623369.0
SPX,20191016,2989.68,2989.69,2997.54,2985.2,2995.68,-5.99,-0.2,0.41,1740299.0
SPX,20191015,2973.61,2995.68,3003.28,2973.61,2966.15,29.53,1.0,1.0,1676566.0
SPX,20191014,2965.81,2966.15,2972.84,2962.94,2970.27,-4.12,-0.14,0.33,1332784.0
SPX,20191011,2963.07,2970.27,2993.28,2963.07,2938.13,32.14,1.09,1.03,1952865.0
SPX,20191010,2918.55,2938.13,2948.46,2917.12,2919.4,18.73,0.64,1.07,1630781.0
SPX,20191009,2911.1,2919.4,2929.32,2907.41,2893.06,26.34,0.91,0.76,1409637.0
SPX,20191008,2920.4,2893.06,2925.47,2892.66,2938.79,-45.73,-1.56,1.12,1831154.0
SPX,20191007,2944.23,2938.79,2959.75,2935.68,2952.01,-13.22,-0.45,0.82,1497860.0
SPX,20191004,2918.56,2952.01,2953.74,2918.56,2910.63,41.38,1.42,1.21,1598499.0
SPX,20191003,2885.38,2910.63,2911.13,2855.94,2887.61,23.02,0.8,1.91,1879071.0
SPX,20191002,2924.78,2887.61,2924.78,2874.93,2940.25,-52.64,-1.79,1.7,2132409.0
SPX,20191001,2983.69,2940.25,2992.53,2938.7,2976.74,-36.49,-1.23,1.81,1889537.0
SPX,20191129,3147.18,3140.98,3150.3,3139.34,3153.63,-12.65,-0.4,0.35,836642.0
SPX,20191127,3145.49,3153.63,3154.26,3143.41,3140.52,13.11,0.42,0.35,1493045.0
SPX,20191126,3134.85,3140.52,3142.69,3131.0,3133.64,6.88,0.22,0.37,2493337.0
SPX,20191125,3117.44,3133.64,3133.83,3117.44,3110.29,23.35,0.75,0.53,1904704.0
SPX,20191122,3111.41,3110.29,3112.87,3099.26,3103.54,6.75,0.22,0.44,1626733.0
SPX,20191121,3108.49,3103.54,3110.11,3094.55,3108.46,-4.92,-0.16,0.5,1862138.0
SPX,20191120,3114.66,3108.46,3118.97,3091.41,3120.18,-11.72,-0.38,0.88,2372417.0
SPX,20191119,3127.45,3120.18,3127.64,3113.47,3122.03,-1.85,-0.06,0.45,1924172.0
SPX,20191118,3117.91,3122.03,3124.17,3112.06,3120.46,1.57,0.05,0.39,1834376.0
SPX,20191115,3107.92,3120.46,3120.46,3104.6,3096.63,23.83,0.77,0.51,1868560.0
SPX,20191114,3090.75,3096.63,3098.2,3083.26,3094.04,2.59,0.08,0.48,1658728.0
SPX,20191113,3084.18,3094.04,3098.06,3078.8,3091.84,2.2,0.07,0.62,1716745.0
SPX,20191112,3089.28,3091.84,3102.61,3084.73,3087.01,4.83,0.16,0.58,1682132.0
SPX,20191111,3080.33,3087.01,3088.33,3075.82,3093.08,-6.07,-0.2,0.4,1407761.0
SPX,20191108,3081.25,3093.08,3093.09,3073.58,3085.18,7.9,0.26,0.63,1691975.0
SPX,20191107,3087.02,3085.18,3097.77,3080.23,3076.78,8.4,0.27,0.57,2160097.0
SPX,20191106,3075.1,3076.78,3078.34,3065.89,3074.62,2.16,0.07,0.4,2022312.0
SPX,20191105,3080.8,3074.62,3083.95,3072.15,3078.27,-3.65,-0.12,0.38,2249853.0
SPX,20191104,3078.96,3078.27,3085.2,3074.87,3066.91,11.36,0.37,0.34,2114369.0
SPX,20191101,3050.72,3066.91,3066.95,3050.72,3037.56,29.35,0.97,0.53,1950717.0
SPX,20191231,3215.18,3230.78,3231.72,3212.03,3221.29,9.49,0.29,0.61,1285724.0
SPX,20191230,3240.09,3221.29,3240.92,3216.57,3240.02,-18.73,-0.58,0.75,1198741.0
SPX,20191227,3247.23,3240.02,3247.93,3234.37,3239.91,0.11,0.0,0.42,1110176.0
SPX,20191226,3227.2,3239.91,3240.08,3227.2,3223.38,16.53,0.51,0.4,1047945.0
SPX,20191224,3225.45,3223.38,3226.43,3220.51,3224.01,-0.63,-0.02,0.18,604561.0
SPX,20191223,3226.05,3224.01,3227.78,3222.3,3221.22,2.79,0.09,0.17,1580052.0
SPX,20191220,3223.33,3221.22,3225.65,3216.03,3205.37,15.85,0.49,0.3,3697537.0
SPX,20191219,3192.32,3205.37,3205.48,3192.32,3191.14,14.23,0.45,0.41,1923928.0
SPX,20191218,3195.21,3191.14,3198.48,3191.14,3192.52,-1.38,-0.04,0.23,2109637.0
SPX,20191217,3195.4,3192.52,3198.22,3191.03,3191.45,1.07,0.03,0.23,1971591.0
SPX,20191216,3183.63,3191.45,3197.71,3183.63,3168.8,22.65,0.71,0.44,2164545.0
SPX,20191213,3166.65,3168.8,3182.68,3156.51,3168.57,0.23,0.01,0.83,1956820.0
SPX,20191212,3141.23,3168.57,3176.28,3138.47,3141.63,26.94,0.86,1.2,2217305.0
SPX,20191211,3135.75,3141.63,3143.98,3133.21,3132.52,9.11,0.29,0.34,1711033.0
SPX,20191210,3135.36,3132.52,3142.12,3126.09,3135.96,-3.44,-0.11,0.51,1662835.0
SPX,20191209,3141.86,3135.96,3148.87,3135.46,3145.91,-9.95,-0.32,0.43,1596216.0
SPX,20191206,3134.62,3145.91,3150.6,3134.62,3117.43,28.48,0.91,0.51,1699014.0
SPX,20191205,3119.21,3117.43,3119.45,3103.76,3112.76,4.67,0.15,0.5,1645722.0
SPX,20191204,3103.5,3112.76,3119.38,3102.53,3093.2,19.56,0.63,0.54,1791049.0
SPX,20191203,3087.41,3093.2,3094.97,3070.33,3113.87,-20.67,-0.66,0.79,1991485.0
SPX,20191202,3143.85,3113.87,3144.31,3110.78,3140.98,-27.11,-0.86,1.07,1786642.0
SPX,20200131,3282.33,3225.52,3282.33,3214.68,3283.66,-58.14,-1.77,2.06,2678836.0
SPX,20200130,3256.45,3283.66,3285.91,3242.8,3273.4,10.26,0.31,1.32,2253789.0
SPX,20200129,3289.46,3273.4,3293.47,3271.89,3276.24,-2.84,-0.09,0.66,2124924.0
SPX,20200128,3255.35,3276.24,3285.78,3253.22,3243.63,32.61,1.01,1.0,2023969.0
SPX,20200127,3247.16,3243.63,3258.85,3234.5,3295.47,-51.84,-1.57,0.74,2136118.0
SPX,20200124,3333.1,3295.47,3333.18,3281.53,3325.54,-30.07,-0.9,1.55,2106788.0
SPX,20200123,3315.77,3325.54,3326.88,3301.87,3321.75,3.79,0.11,0.75,2034160.0
SPX,20200122,3330.02,3321.75,3337.77,3320.04,3320.79,0.96,0.03,0.53,1852031.0
SPX,20200121,3321.03,3320.79,3329.79,3316.61,3329.62,-8.83,-0.27,0.4,2190848.0
SPX,20200117,3323.66,3329.62,3329.88,3318.86,3316.81,12.81,0.39,0.33,2148781.0
SPX,20200116,3302.97,3316.81,3317.11,3302.82,3289.29,27.52,0.84,0.43,1795632.0
SPX,20200115,3282.27,3289.29,3298.66,3280.69,3283.15,6.14,0.19,0.55,1807141.0
SPX,20200114,3285.35,3283.15,3294.25,3277.19,3288.13,-4.98,-0.15,0.52,1969901.0
SPX,20200113,3271.13,3288.13,3288.13,3268.43,3265.35,22.78,0.7,0.6,1765159.0
SPX,20200110,3281.81,3265.35,3282.99,3260.86,3274.7,-9.35,-0.29,0.68,1631680.0
SPX,20200109,3266.03,3274.7,3275.58,3263.67,3253.05,21.65,0.67,0.37,1839202.0
SPX,20200108,3238.59,3253.05,3267.07,3236.67,3237.18,15.87,0.49,0.94,1956337.0
SPX,20200107,3241.86,3237.18,3244.91,3232.43,3246.28,-9.1,-0.28,0.38,1892856.0
SPX,20200106,3217.55,3246.28,3246.84,3214.64,3234.85,11.43,0.35,1.0,1872803.0
SPX,20200103,3226.36,3234.85,3246.15,3222.34,3257.85,-23.0,-0.71,0.73,1733948.0
SPX,20200102,3244.67,3257.85,3258.14,3235.53,3230.78,27.07,0.84,0.7,1827686.0
SPX,20200228,2916.9,2954.22,2959.72,2855.84,2978.76,-24.54,-0.82,3.49,5142324.0
SPX,20200227,3062.54,2978.76,3097.07,2977.39,3116.39,-137.63,-4.42,3.84,3935258.0
SPX,20200226,3139.9,3116.39,3182.51,3108.99,3128.21,-11.82,-0.38,2.35,2992301.0
SPX,20200225,3238.94,3128.21,3246.99,3118.77,3225.89,-97.68,-3.03,3.97,3132890.0
SPX,20200224,3257.61,3225.89,3259.81,3214.65,3337.75,-111.86,-3.35,1.35,2745643.0
SPX,20200221,3360.5,3337.75,3360.76,3328.45,3373.23,-35.48,-1.05,0.96,2118610.0
SPX,20200220,3380.45,3373.23,3389.15,3341.02,3386.15,-12.92,-0.38,1.42,2028506.0
SPX,20200219,3380.39,3386.15,3393.52,3378.83,3370.29,15.86,0.47,0.44,1725813.0
SPX,20200218,3369.04,3370.29,3375.01,3355.61,3380.16,-9.87,-0.29,0.57,1914015.0
SPX,20200214,3378.08,3380.16,3380.69,3366.15,3373.94,6.22,0.18,0.43,1667357.0
SPX,20200213,3365.9,3373.94,3385.09,3360.52,3379.45,-5.51,-0.16,0.73,1909389.0
SPX,20200212,3370.5,3379.45,3381.47,3369.72,3357.75,21.7,0.65,0.35,2006519.0
SPX,20200211,3365.87,3357.75,3375.63,3352.72,3352.09,5.66,0.17,0.68,1879876.0
SPX,20200210,3318.28,3352.09,3352.26,3317.77,3327.71,24.38,0.73,1.04,1735189.0
SPX,20200207,3335.54,3327.71,3341.42,3322.12,3345.78,-18.07,-0.54,0.58,1851360.0
SPX,20200206,3344.92,3345.78,3347.96,3334.39,3334.69,11.09,0.33,0.41,1953737.0
SPX,20200205,3324.91,3334.69,3337.58,3313.75,3297.59,37.1,1.13,0.72,2252879.0
SPX,20200204,3280.61,3297.59,3306.92,3280.61,3248.92,48.67,1.5,0.81,2140872.0
SPX,20200203,3235.66,3248.92,3268.44,3235.66,3225.52,23.4,0.73,1.02,2113053.0
SPX,20200331,2614.69,2584.59,2641.39,2571.15,2626.65,-42.06,-1.6,2.67,3991879.0
SPX,20200330,2558.98,2626.65,2631.8,2545.28,2541.47,85.18,3.35,3.4,3370872.0
SPX,20200327,2555.87,2541.47,2615.91,2520.02,2630.07,-88.6,-3.37,3.65,3590712.0
SPX,20200326,2501.29,2630.07,2637.01,2500.72,2475.56,154.51,6.24,5.51,4340887.0
SPX,20200325,2457.77,2475.56,2571.42,2407.53,2447.33,28.23,1.15,6.7,4881201.0
SPX,20200324,2344.44,2447.33,2449.71,2344.44,2237.4,209.93,9.38,4.71,4718870.0
SPX,20200323,2290.71,2237.4,2300.73,2191.86,2304.92,-67.52,-2.93,4.72,4617078.0
SPX,20200320,2431.94,2304.92,2453.01,2295.56,2409.39,-104.47,-4.34,6.53,5264098.0
SPX,20200319,2393.48,2409.39,2466.97,2319.78,2398.1,11.29,0.47,6.14,4557744.0
SPX,20200318,2436.5,2398.1,2453.57,2280.52,2529.19,-131.09,-5.18,6.84,5196784.0
SPX,20200317,2425.66,2529.19,2553.93,2367.04,2386.13,143.06,6.0,7.83,4826351.0
SPX,20200316,2508.59,2386.13,2562.98,2380.94,2711.02,-324.89,-11.98,6.71,4650983.0
SPX,20200313,2569.99,2711.02,2711.33,2492.37,2480.64,230.38,9.29,8.83,4895413.0
SPX,20200312,2630.86,2480.64,2660.95,2478.86,2741.38,-260.74,-9.51,6.64,5218634.0
SPX,20200311,2825.6,2741.38,2825.6,2707.22,2882.23,-140.85,-4.89,4.11,4241643.0
SPX,20200310,2813.48,2882.23,2882.59,2734.0,2746.56,135.67,4.94,5.41,4346012.0
SPX,20200309,2863.89,2746.56,2863.89,2734.43,2972.37,-225.81,-7.6,4.36,4706064.0
SPX,20200306,2954.2,2972.37,2985.93,2901.54,3023.94,-51.57,-1.71,2.79,3910119.0
SPX,20200305,3075.7,3023.94,3083.04,2999.83,3130.12,-106.18,-3.39,2.66,3234689.0
SPX,20200304,3045.75,3130.12,3130.97,3034.38,3003.37,126.75,4.22,3.22,3078036.0
SPX,20200303,3096.46,3003.37,3136.72,2976.63,3090.23,-86.86,-2.81,5.18,3871212.0
SPX,20200302,2974.28,3090.23,3090.96,2945.19,2954.22,136.01,4.6,4.93,3819117.0
SPX,20200430,2930.91,2912.43,2930.91,2892.47,2939.51,-27.08,-0.92,1.31,3721236.0
SPX,20200429,2918.46,2939.51,2954.86,2912.16,2863.39,76.12,2.66,1.49,3862945.0
SPX,20200428,2909.96,2863.39,2921.15,2860.71,2878.48,-15.09,-0.52,2.1,3237749.0
SPX,20200427,2854.65,2878.48,2887.72,2852.89,2836.74,41.74,1.47,1.23,2795944.0
SPX,20200424,2812.64,2836.74,2842.71,2791.76,2797.8,38.94,1.39,1.82,2882793.0
SPX,20200423,2810.42,2797.8,2844.9,2794.26,2799.31,-1.51,-0.05,1.81,2919384.0
SPX,20200422,2787.89,2799.31,2815.1,2775.95,2736.56,62.75,2.29,1.43,2779868.0
SPX,20200421,2784.81,2736.56,2785.54,2727.1,2823.16,-86.6,-3.07,2.07,3096010.0
SPX,20200420,2845.62,2823.16,2868.98,2820.43,2874.56,-51.4,-1.79,1.69,2935032.0
SPX,20200417,2842.43,2874.56,2879.22,2830.88,2799.55,75.01,2.68,1.73,3554593.0
SPX,20200416,2799.34,2799.55,2806.51,2764.32,2783.36,16.19,0.58,1.52,3185794.0
SPX,20200415,2795.64,2783.36,2801.88,2761.54,2846.06,-62.7,-2.2,1.42,3123468.0
SPX,20200414,2805.1,2846.06,2851.85,2805.1,2761.63,84.43,3.06,1.69,3113389.0
SPX,20200413,2782.46,2761.63,2782.46,2721.17,2789.82,-28.19,-1.01,2.2,2900381.0
SPX,20200409,2776.99,2789.82,2818.57,2762.36,2749.98,39.84,1.45,2.04,4359303.0
SPX,20200408,2685.0,2749.98,2760.75,2663.3,2659.41,90.57,3.41,3.66,3343868.0
SPX,20200407,2738.65,2659.41,2756.89,2657.67,2663.68,-4.27,-0.16,3.72,4218973.0
SPX,20200406,2578.28,2663.68,2676.85,2574.57,2488.65,175.03,7.03,4.11,4022970.0
SPX,20200403,2514.92,2488.65,2538.18,2459.96,2526.9,-38.25,-1.51,3.1,3593003.0
SPX,20200402,2458.54,2526.9,2533.22,2455.79,2470.5,56.4,2.28,3.13,3870184.0
SPX,20200401,2498.08,2470.5,2522.75,2447.49,2584.59,-114.09,-4.41,2.91,3666502.0
SPX,20200529,3025.17,3044.31,3049.17,2998.61,3029.73,14.58,0.48,1.67,4381829.0
SPX,20200528,3046.61,3029.73,3068.67,3023.4,3036.13,-6.4,-0.21,1.49,3140297.0
SPX,20200527,3015.65,3036.13,3036.25,2969.75,2991.77,44.36,1.48,2.22,3661743.0
SPX,20200526,3004.08,2991.77,3021.72,2988.17,2955.45,36.32,1.23,1.14,3355999.0
SPX,20200522,2948.05,2955.45,2956.76,2933.59,2948.51,6.94,0.24,0.79,2185305.0
SPX,20200521,2969.95,2948.51,2978.5,2938.57,2971.61,-23.1,-0.78,1.34,2780244.0
SPX,20200520,2953.63,2971.61,2980.29,2953.63,2922.94,48.67,1.67,0.91,2849677.0
SPX,20200519,2948.59,2922.94,2964.21,2922.35,2953.91,-30.97,-1.05,1.42,2858251.0
SPX,20200518,2913.86,2953.91,2968.09,2913.86,2863.7,90.21,3.15,1.89,3642082.0
SPX,20200515,2829.95,2863.7,2865.01,2816.78,2852.5,11.2,0.39,1.69,3306749.0
SPX,20200514,2794.54,2852.5,2852.8,2766.64,2820.0,32.5,1.15,3.06,3348510.0
SPX,20200513,2865.86,2820.0,2874.14,2793.15,2870.12,-50.12,-1.75,2.82,3551451.0
SPX,20200512,2939.5,2870.12,2945.82,2869.59,2930.32,-60.2,-2.05,2.6,2668655.0
SPX,20200511,2915.46,2930.32,2944.25,2903.44,2929.8,0.52,0.02,1.39,2609807.0
SPX,20200508,2908.83,2929.8,2932.16,2902.88,2881.19,48.61,1.69,1.02,2617878.0
SPX,20200507,2878.26,2881.19,2901.92,2876.48,2848.42,32.77,1.15,0.89,2831489.0
SPX,20200506,2883.14,2848.42,2891.11,2847.65,2868.44,-20.02,-0.7,1.52,2855444.0
SPX,20200505,2868.88,2868.44,2898.23,2863.55,2842.74,25.7,0.9,1.22,2974283.0
SPX,20200504,2815.01,2842.74,2844.24,2797.85,2830.71,12.03,0.42,1.64,2877618.0
SPX,20200501,2869.09,2830.71,2869.09,2821.61,2912.43,-81.72,-2.81,1.63,2914265.0
SPX,20200630,3050.2,3100.29,3111.51,3047.83,3053.24,47.05,1.54,2.09,2757388.0
SPX,20200629,3018.59,3053.24,3053.89,2999.74,3009.05,44.19,1.47,1.8,2633409.0
SPX,20200626,3073.2,3009.05,3073.73,3004.63,3083.76,-74.71,-2.42,2.24,4385258.0
SPX,20200625,3046.6,3083.76,3086.25,3024.01,3050.33,33.43,1.1,2.04,2707762.0
SPX,20200624,3114.4,3050.33,3115.01,3032.13,3131.29,-80.96,-2.59,2.65,3203220.0
SPX,20200623,3138.7,3131.29,3154.9,3127.12,3117.86,13.43,0.43,0.89,2719245.0
SPX,20200622,3094.42,3117.86,3120.92,3079.39,3097.74,20.12,0.65,1.34,2559745.0
SPX,20200619,3140.29,3097.74,3155.53,3083.11,3115.34,-17.6,-0.56,2.32,4992777.0
SPX,20200618,3101.64,3115.34,3120.0,3093.51,3113.49,1.85,0.06,0.85,2399668.0
SPX,20200617,3136.13,3113.49,3141.16,3108.03,3124.74,-11.25,-0.36,1.06,2483191.0
SPX,20200616,3131.0,3124.74,3153.45,3076.06,3066.59,58.15,1.9,2.52,3286789.0
SPX,20200615,2993.76,3066.59,3079.76,2965.66,3041.31,25.28,0.83,3.75,3208913.0
SPX,20200612,3071.04,3041.31,3088.42,2984.47,3002.1,39.21,1.31,3.46,3385763.0
SPX,20200611,3123.53,3002.1,3123.53,2999.49,3190.14,-188.04,-5.89,3.89,4123278.0
SPX,20200610,3213.42,3190.14,3223.27,3181.49,3207.18,-17.04,-0.53,1.3,3568861.0
SPX,20200609,3213.32,3207.18,3222.71,3193.11,3232.39,-25.21,-0.78,0.92,3156922.0
SPX,20200608,3199.92,3232.39,3233.13,3196.0,3193.93,38.46,1.2,1.16,3698463.0
SPX,20200605,3163.84,3193.93,3211.72,3163.84,3112.35,81.58,2.62,1.54,4795459.0
SPX,20200604,3111.56,3112.35,3128.91,3090.41,3122.87,-10.52,-0.34,1.23,3738796.0
SPX,20200603,3098.9,3122.87,3130.94,3098.9,3080.82,42.05,1.36,1.04,3160241.0
SPX,20200602,3064.78,3080.82,3081.07,3051.64,3055.73,25.09,0.82,0.96,2807173.0
SPX,20200601,3038.78,3055.73,3062.18,3031.54,3044.31,11.42,0.38,1.01,2501351.0
SPX,20200731,3270.45,3271.12,3272.17,3220.26,3246.22,24.9,0.77,1.6,3065635.0
SPX,20200730,3231.76,3246.22,3250.92,3204.13,3258.44,-12.22,-0.38,1.44,2425539.0
SPX,20200729,3227.22,3258.44,3264.74,3227.22,3218.44,40.0,1.24,1.17,2467083.0
SPX,20200728,3234.27,3218.44,3243.72,3216.17,3239.41,-20.97,-0.65,0.85,2235535.0
SPX,20200727,3219.84,3239.41,3241.43,3214.25,3215.63,23.78,0.74,0.85,2355911.0
SPX,20200724,3218.58,3215.63,3227.26,3200.05,3235.66,-20.03,-0.62,0.84,2460014.0
SPX,20200723,3271.64,3235.66,3279.99,3222.66,3276.02,-40.36,-1.23,1.75,2737811.0
SPX,20200722,3254.86,3276.02,3279.32,3253.1,3257.3,18.72,0.57,0.8,2412595.0
SPX,20200721,3268.52,3257.3,3277.29,3247.77,3251.84,5.46,0.17,0.91,2472395.0
SPX,20200720,3224.29,3251.84,3258.61,3215.16,3224.73,27.11,0.84,1.35,2171757.0
SPX,20200717,3224.21,3224.73,3233.52,3205.65,3215.57,9.16,0.28,0.87,2219971.0
SPX,20200716,3208.36,3215.57,3220.39,3198.59,3226.56,-10.99,-0.34,0.68,2209582.0
SPX,20200715,3225.98,3226.56,3238.28,3200.76,3197.52,29.04,0.91,1.17,2841976.0
SPX,20200714,3141.11,3197.52,3200.95,3127.66,3155.22,42.3,1.34,2.32,2628539.0
SPX,20200713,3205.08,3155.22,3235.32,3149.43,3185.04,-29.82,-0.94,2.7,2695332.0
SPX,20200710,3152.47,3185.04,3186.82,3136.22,3152.05,32.99,1.05,1.61,2407407.0
SPX,20200709,3176.17,3152.05,3179.78,3115.7,3169.94,-17.89,-0.56,2.02,2597178.0
SPX,20200708,3153.07,3169.94,3171.8,3136.53,3145.32,24.62,0.78,1.12,2390190.0
SPX,20200707,3166.44,3145.32,3184.15,3142.93,3179.72,-34.4,-1.08,1.3,2287837.0
SPX,20200706,3155.29,3179.72,3182.59,3155.29,3130.01,49.71,1.59,0.87,2380432.0
SPX,20200702,3143.64,3130.01,3165.81,3124.52,3115.86,14.15,0.45,1.33,2326768.0
SPX,20200701,3105.92,3115.86,3128.44,3101.17,3100.29,15.57,0.5,0.88,2697727.0
SPX,20200831,3509.73,3500.31,3514.77,3493.25,3508.01,-7.7,-0.22,0.61,2543022.0
SPX,20200828,3494.69,3508.01,3509.23,3484.32,3484.55,23.46,0.67,0.71,2044016.0
SPX,20200827,3485.14,3484.55,3501.38,3468.35,3478.73,5.82,0.17,0.95,2317902.0
SPX,20200826,3449.97,3478.73,3481.07,3444.15,3443.62,35.11,1.02,1.07,2003087.0
SPX,20200825,3435.95,3443.62,3444.21,3425.84,3431.28,12.34,0.36,0.54,2040870.0
SPX,20200824,3418.09,3431.28,3432.09,3413.13,3397.16,34.12,1.0,0.56,2271750.0
SPX,20200821,3386.01,3397.16,3399.96,3379.31,3385.51,11.65,0.34,0.61,1994453.0
SPX,20200820,3360.48,3385.51,3390.8,3354.69,3374.85,10.66,0.32,1.07,1832094.0
SPX,20200819,3392.51,3374.85,3399.54,3369.66,3389.78,-14.93,-0.44,0.88,2018140.0
SPX,20200818,3387.04,3389.78,3395.06,3370.15,3381.99,7.79,0.23,0.74,1794618.0
SPX,20200817,3380.86,3381.99,3387.59,3379.22,3372.85,9.14,0.27,0.25,1951692.0
SPX,20200814,3368.66,3372.85,3378.51,3361.64,3373.43,-0.58,-0.02,0.5,1711021.0
SPX,20200813,3372.95,3373.43,3387.24,3363.35,3380.35,-6.92,-0.2,0.71,1964512.0
SPX,20200812,3355.46,3380.35,3387.89,3355.46,3333.69,46.66,1.4,0.97,2245003.0
SPX,20200811,3370.34,3333.69,3381.01,3326.44,3360.47,-26.78,-0.8,1.62,2900494.0
SPX,20200810,3356.04,3360.47,3363.29,3335.44,3351.28,9.19,0.27,0.83,2566549.0
SPX,20200807,3340.05,3351.28,3352.54,3328.72,3349.16,2.12,0.06,0.71,2282910.0
SPX,20200806,3323.17,3349.16,3351.03,3318.14,3327.77,21.39,0.64,0.99,2414279.0
SPX,20200805,3317.37,3327.77,3330.77,3317.37,3306.51,21.26,0.64,0.41,2446007.0
SPX,20200804,3289.92,3306.51,3306.84,3286.37,3294.61,11.9,0.36,0.62,2404966.0
SPX,20200803,3288.26,3294.61,3302.73,3284.53,3271.12,23.49,0.72,0.56,2378356.0
SPX,20200930,3341.21,3363.0,3393.56,3340.47,3335.47,27.53,0.83,1.59,2616747.0
SPX,20200929,3350.92,3335.47,3357.92,3327.54,3351.6,-16.13,-0.48,0.91,1945023.0
SPX,20200928,3333.9,3351.6,3360.74,3332.91,3298.46,53.14,1.61,0.84,2221021.0
SPX,20200925,3236.66,3298.46,3306.88,3228.44,3246.59,51.87,1.6,2.42,2180314.0
SPX,20200924,3226.14,3246.59,3278.7,3209.45,3236.92,9.67,0.3,2.14,2386884.0
SPX,20200923,3320.11,3236.92,3323.35,3232.57,3315.57,-78.65,-2.37,2.74,2462124.0
SPX,20200922,3295.75,3315.57,3320.31,3270.95,3281.06,34.51,1.05,1.5,2364818.0
SPX,20200921,3285.57,3281.06,3285.57,3229.1,3319.47,-38.41,-1.16,1.7,2973367.0
SPX,20200918,3357.38,3319.47,3362.27,3292.4,3357.01,-37.54,-1.12,2.08,4087680.0
SPX,20200917,3346.86,3357.01,3375.17,3328.82,3385.49,-28.48,-0.84,1.37,2740865.0
SPX,20200916,3411.23,3385.49,3428.92,3384.45,3401.2,-15.71,-0.46,1.31,2843660.0
SPX,20200915,3407.73,3401.2,3419.48,3389.25,3383.54,17.66,0.52,0.89,2482005.0
SPX,20200914,3363.56,3383.54,3402.93,3363.56,3340.97,42.57,1.27,1.18,2363165.0
SPX,20200911,3352.7,3340.97,3368.95,3310.47,3339.19,1.78,0.05,1.75,2352259.0
SPX,20200910,3412.56,3339.19,3425.55,3329.25,3398.96,-59.77,-1.76,2.83,2574758.0
SPX,20200909,3369.82,3398.96,3424.77,3366.84,3331.84,67.12,2.01,1.74,2508541.0
SPX,20200908,3371.88,3331.84,3379.97,3329.27,3426.96,-95.12,-2.78,1.48,3066119.0
SPX,20200904,3453.6,3426.96,3479.15,3349.63,3455.06,-28.1,-0.81,3.75,3044872.0
SPX,20200903,3564.74,3455.06,3564.85,3427.41,3580.84,-125.78,-3.51,3.84,3193602.0
SPX,20200902,3543.76,3580.84,3588.11,3535.23,3526.65,54.19,1.54,1.5,2581525.0
SPX,20200901,3507.44,3526.65,3528.03,3494.6,3500.31,26.34,0.75,0.96,2245334.0
SPX,20201030,3293.59,3269.96,3304.93,3233.94,3310.11,-40.15,-1.21,2.14,3007795.0
SPX,20201029,3277.17,3310.11,3341.05,3259.82,3271.03,39.08,1.19,2.48,2740394.0
SPX,20201028,3342.48,3271.03,3342.48,3268.89,3390.68,-119.65,-3.53,2.17,3147816.0
SPX,20201027,3403.15,3390.68,3409.51,3388.71,3400.97,-10.29,-0.3,0.61,2377161.0
SPX,20201026,3441.42,3400.97,3441.42,3364.86,3465.39,-64.42,-1.86,2.21,2434640.0
SPX,20201023,3464.9,3465.39,3466.46,3440.45,3453.49,11.9,0.34,0.75,2161970.0
SPX,20201022,3438.5,3453.49,3460.53,3415.34,3435.56,17.93,0.52,1.32,2386791.0
SPX,20201021,3439.91,3435.56,3464.86,3433.06,3443.12,-7.56,-0.22,0.92,2069875.0
SPX,20201020,3439.38,3443.12,3476.93,3435.65,3426.92,16.2,0.47,1.2,2113617.0
SPX,20201019,3493.66,3426.92,3502.42,3419.93,3483.81,-56.89,-1.63,2.37,2190496.0
SPX,20201016,3493.5,3483.81,3515.76,3480.45,3483.34,0.47,0.01,1.01,2221195.0
SPX,20201015,3453.72,3483.34,3489.08,3440.89,3488.67,-5.33,-0.15,1.38,2009665.0
SPX,20201014,3515.47,3488.67,3527.94,3480.55,3511.93,-23.26,-0.66,1.35,2183734.0
SPX,20201013,3534.01,3511.93,3534.01,3500.86,3534.22,-22.29,-0.63,0.94,2357876.0
SPX,20201012,3500.02,3534.22,3549.85,3499.61,3477.13,57.09,1.64,1.44,2243800.0
SPX,20201009,3459.67,3477.13,3482.34,3458.07,3446.83,30.3,0.88,0.7,2227950.0
SPX,20201008,3434.28,3446.83,3447.28,3428.15,3419.45,27.38,0.8,0.56,2088860.0
SPX,20201007,3384.56,3419.45,3426.26,3384.56,3360.95,58.5,1.74,1.24,2074262.0
SPX,20201006,3408.74,3360.95,3431.56,3354.54,3408.63,-47.68,-1.4,2.26,2549973.0
SPX,20201005,3367.27,3408.63,3409.57,3367.27,3348.44,60.19,1.8,1.26,2040148.0
SPX,20201002,3338.94,3348.44,3369.1,3323.69,3380.8,-32.36,-0.96,1.34,2350091.0
SPX,20201001,3385.87,3380.8,3397.18,3361.39,3363.0,17.8,0.53,1.06,2355862.0
SPX,20201130,3634.18,3621.63,3634.18,3594.39,3638.35,-16.72,-0.46,1.09,3647662.0
SPX,20201127,3638.55,3638.35,3644.31,3629.33,3629.65,8.7,0.24,0.41,1222838.0
SPX,20201125,3635.5,3629.65,3635.5,3617.76,3635.41,-5.76,-0.16,0.49,2321815.0
SPX,20201124,3594.52,3635.41,3642.31,3594.52,3577.59,57.82,1.62,1.34,3188009.0
SPX,20201123,3566.82,3577.59,3589.81,3552.77,3557.54,20.05,0.56,1.04,2513050.0
SPX,20201120,3579.31,3557.54,3581.23,3556.85,3581.87,-24.33,-0.68,0.68,2236662.0
SPX,20201119,3559.41,3581.87,3585.22,3543.84,3567.79,14.08,0.39,1.16,2276561.0
SPX,20201118,3612.09,3567.79,3619.09,3567.33,3609.53,-41.74,-1.16,1.43,2683279.0
SPX,20201117,3610.31,3609.53,3623.11,3588.68,3626.91,-17.38,-0.48,0.95,2404417.0
SPX,20201116,3600.16,3626.91,3628.51,3600.16,3585.15,41.76,1.16,0.79,2859254.0
SPX,20201113,3552.57,3585.15,3593.66,3552.57,3537.01,48.14,1.36,1.16,2273001.0
SPX,20201112,3562.67,3537.01,3569.02,3518.58,3572.66,-35.65,-1.0,1.41,2402811.0
SPX,20201111,3563.22,3572.66,3581.16,3557.0,3545.53,27.13,0.77,0.68,2507689.0
SPX,20201110,3543.26,3545.53,3557.22,3511.91,3550.5,-4.97,-0.14,1.28,3448216.0
SPX,20201109,3583.04,3550.5,3645.99,3547.48,3509.44,41.06,1.17,2.81,5064547.0
SPX,20201106,3508.34,3509.44,3521.58,3484.34,3510.45,-1.01,-0.03,1.06,2167666.0
SPX,20201105,3485.74,3510.45,3529.05,3485.74,3443.44,67.01,1.95,1.26,2557809.0
SPX,20201104,3406.46,3443.44,3486.25,3405.17,3369.16,74.28,2.2,2.41,2903448.0
SPX,20201103,3336.25,3369.16,3389.49,3336.25,3310.24,58.92,1.78,1.61,2326423.0
SPX,20201102,3296.2,3310.24,3330.14,3279.74,3269.96,40.28,1.23,1.54,2527876.0
SPX,20201231,3733.27,3756.07,3760.2,3726.88,3732.04,24.03,0.64,0.89,1661516.0
SPX,20201230,3736.19,3732.04,3744.63,3730.21,3727.04,5.0,0.13,0.39,1559438.0
SPX,20201229,3750.01,3727.04,3756.12,3723.31,3735.36,-8.32,-0.22,0.88,1639530.0
SPX,20201228,3723.03,3735.36,3740.51,3723.03,3703.06,32.3,0.87,0.47,1651104.0
SPX,20201224,3694.03,3703.06,3703.82,3689.32,3690.01,13.05,0.35,0.39,814705.0
SPX,20201223,3693.42,3690.01,3711.24,3689.28,3687.26,2.75,0.07,0.6,1825277.0
SPX,20201222,3698.08,3687.26,3698.26,3676.16,3694.92,-7.66,-0.21,0.6,2173875.0
SPX,20201221,3684.28,3694.92,3702.9,3636.48,3709.41,-14.49,-0.39,1.79,2644226.0
SPX,20201218,3722.39,3709.41,3726.7,3685.84,3722.48,-13.07,-0.35,1.1,4274405.0
SPX,20201217,3713.65,3722.48,3725.12,3710.87,3701.17,21.31,0.58,0.39,2195078.0
SPX,20201216,3696.25,3701.17,3711.27,3688.57,3694.62,6.55,0.18,0.61,2245021.0
SPX,20201215,3666.41,3694.62,3695.29,3659.62,3647.49,47.13,1.29,0.98,2512243.0
SPX,20201214,3675.27,3647.49,3697.61,3645.84,3663.46,-15.97,-0.44,1.41,2508894.0
SPX,20201211,3656.08,3663.46,3665.91,3633.4,3668.1,-4.64,-0.13,0.89,2311663.0
SPX,20201210,3659.13,3668.1,3678.49,3645.18,3672.82,-4.72,-0.13,0.91,2390203.0
SPX,20201209,3705.98,3672.82,3712.39,3660.54,3702.25,-29.43,-0.79,1.4,2749560.0
SPX,20201208,3683.05,3702.25,3708.45,3678.83,3691.96,10.29,0.28,0.8,2268154.0
SPX,20201207,3694.73,3691.96,3697.41,3678.88,3699.12,-7.16,-0.19,0.5,2342275.0
SPX,20201204,3670.94,3699.12,3699.2,3670.94,3666.72,32.4,0.88,0.77,2590569.0
SPX,20201203,3668.28,3666.72,3682.73,3657.17,3669.01,-2.29,-0.06,0.7,2643147.0
SPX,20201202,3653.78,3669.01,3670.96,3644.84,3662.45,6.56,0.18,0.71,2374371.0
SPX,20201201,3645.87,3662.45,3678.45,3645.87,3621.63,40.82,1.13,0.9,2636960.0
SPX,20210129,3778.05,3714.24,3778.05,3694.12,3787.38,-73.14,-1.93,2.22,3311608.0
SPX,20210128,3755.75,3787.38,3830.5,3755.75,3750.77,36.61,0.98,1.99,3250271.0
SPX,20210127,3836.83,3750.77,3836.83,3732.48,3849.62,-98.85,-2.57,2.71,3797984.0
SPX,20210126,3862.96,3849.62,3870.9,3847.78,3855.36,-5.74,-0.15,0.6,2557932.0
SPX,20210125,3851.68,3855.36,3859.23,3797.16,3841.47,13.89,0.36,1.62,2785381.0
SPX,20210122,3844.24,3841.47,3852.31,3830.41,3853.07,-11.6,-0.3,0.57,2287817.0
SPX,20210121,3857.46,3853.07,3861.45,3845.05,3851.85,1.22,0.03,0.43,2571609.0
SPX,20210120,3816.22,3851.85,3859.75,3816.22,3798.91,52.94,1.39,1.15,2344849.0
SPX,20210119,3781.88,3798.91,3804.53,3780.37,3768.25,30.66,0.81,0.64,2461801.0
SPX,20210115,3788.73,3768.25,3788.73,3749.62,3795.54,-27.29,-0.72,1.03,2744945.0
SPX,20210114,3814.98,3795.54,3823.6,3792.86,3809.84,-14.3,-0.38,0.81,2708313.0
SPX,20210113,3802.23,3809.84,3820.96,3791.5,3801.19,8.65,0.23,0.78,2333149.0
SPX,20210112,3801.62,3801.19,3810.78,3776.51,3799.61,1.58,0.04,0.9,2629159.0
SPX,20210111,3803.14,3799.61,3817.86,3789.02,3824.68,-25.07,-0.66,0.75,2319344.0
SPX,20210108,3815.05,3824.68,3826.69,3783.6,3803.79,20.89,0.55,1.13,2381318.0
SPX,20210107,3764.71,3803.79,3811.55,3764.71,3748.14,55.65,1.48,1.25,2571777.0
SPX,20210106,3712.2,3748.14,3783.04,3705.34,3726.86,21.28,0.57,2.08,3171959.0
SPX,20210105,3698.02,3726.86,3737.83,3695.07,3700.65,26.21,0.71,1.16,2352635.0
SPX,20210104,3764.61,3700.65,3769.99,3662.71,3756.07,-55.42,-1.48,2.86,2732813.0
SPX,20210226,3839.66,3811.15,3861.08,3789.54,3829.34,-18.19,-0.48,1.87,3120007.0
SPX,20210225,3915.8,3829.34,3925.02,3814.04,3925.43,-96.09,-2.45,2.83,2924106.0
SPX,20210224,3873.71,3925.43,3928.65,3859.6,3881.37,44.06,1.14,1.78,2782651.0
SPX,20210223,3857.07,3881.37,3895.98,3805.59,3876.5,4.87,0.13,2.33,2945010.0
SPX,20210222,3885.55,3876.5,3902.92,3874.71,3906.71,-30.21,-0.77,0.72,2750709.0
SPX,20210219,3921.16,3906.71,3930.41,3903.07,3913.97,-7.26,-0.19,0.7,2302435.0
SPX,20210218,3915.86,3913.97,3921.98,3885.03,3931.33,-17.36,-0.44,0.94,2006038.0
SPX,20210217,3918.5,3931.33,3933.61,3900.43,3932.59,-1.26,-0.03,0.84,2132045.0
SPX,20210216,3939.61,3932.59,3950.43,3923.85,3934.83,-2.24,-0.06,0.68,2292435.0
SPX,20210212,3911.65,3934.83,3937.23,3905.78,3916.38,18.45,0.47,0.8,1813490.0
SPX,20210211,3916.4,3916.38,3925.99,3890.39,3909.88,6.5,0.17,0.91,2125420.0
SPX,20210210,3920.78,3909.88,3931.5,3884.94,3911.23,-1.35,-0.03,1.19,2281973.0
SPX,20210209,3910.49,3911.23,3918.35,3902.64,3915.59,-4.36,-0.11,0.4,2063161.0
SPX,20210208,3892.59,3915.59,3915.77,3892.59,3886.83,28.76,0.74,0.6,2160499.0
SPX,20210205,3878.3,3886.83,3894.56,3874.93,3871.74,15.09,0.39,0.51,2127359.0
SPX,20210204,3836.66,3871.74,3872.42,3836.66,3830.17,41.57,1.09,0.93,2363443.0
SPX,20210203,3840.27,3830.17,3847.51,3816.68,3826.31,3.86,0.1,0.81,2264656.0
SPX,20210202,3791.84,3826.31,3843.09,3791.84,3773.86,52.45,1.39,1.36,2415360.0
SPX,20210201,3731.17,3773.86,3784.32,3725.62,3714.24,59.62,1.61,1.58,2442013.0
SPX,20210331,3967.25,3972.89,3994.41,3966.98,3958.55,14.34,0.36,0.69,2416599.0
SPX,20210330,3963.34,3958.55,3968.01,3944.35,3971.09,-12.54,-0.32,0.6,2115041.0
SPX,20210329,3969.31,3971.09,3981.83,3943.25,3974.54,-3.45,-0.09,0.97,2412906.0
SPX,20210326,3917.12,3974.54,3978.19,3917.12,3909.52,65.02,1.66,1.56,2645399.0
SPX,20210325,3879.34,3909.52,3919.54,3853.5,3889.14,20.38,0.52,1.7,2395035.0
SPX,20210324,3919.93,3889.14,3942.08,3889.07,3910.52,-21.38,-0.55,1.36,2416790.0
SPX,20210323,3937.6,3910.52,3949.13,3901.57,3940.59,-30.07,-0.76,1.21,2496097.0
SPX,20210322,3916.48,3940.59,3955.31,3914.16,3913.1,27.49,0.7,1.05,2299905.0
SPX,20210319,3913.14,3913.1,3930.12,3886.75,3915.46,-2.36,-0.06,1.11,4639552.0
SPX,20210318,3953.5,3915.46,3969.62,3910.86,3974.12,-58.66,-1.48,1.48,2682169.0
SPX,20210317,3949.57,3974.12,3983.87,3935.74,3962.71,11.41,0.29,1.21,2447968.0
SPX,20210316,3973.59,3962.71,3981.04,3953.44,3968.94,-6.23,-0.16,0.7,2367136.0
SPX,20210315,3942.96,3968.94,3970.08,3923.54,3943.34,25.6,0.65,1.18,2393691.0
SPX,20210312,3924.52,3943.34,3944.99,3915.21,3939.34,4.0,0.1,0.76,2272145.0
SPX,20210311,3915.54,3939.34,3960.27,3915.54,3898.81,40.53,1.04,1.15,2572183.0
SPX,20210310,3891.99,3898.81,3917.35,3885.73,3875.44,23.37,0.6,0.82,2661222.0
SPX,20210309,3851.93,3875.44,3903.76,3851.93,3821.35,54.09,1.42,1.36,2779403.0
SPX,20210308,3844.39,3821.35,3881.06,3819.25,3841.94,-20.59,-0.54,1.61,2991627.0
SPX,20210305,3793.58,3841.94,3851.69,3730.19,3768.47,73.47,1.95,3.22,3325429.0
SPX,20210304,3818.53,3768.47,3843.67,3723.34,3819.72,-51.25,-1.34,3.15,3443249.0
SPX,20210303,3863.99,3819.72,3874.47,3818.86,3870.29,-50.57,-1.31,1.44,2719095.0
SPX,20210302,3903.64,3870.29,3906.41,3868.57,3901.82,-31.53,-0.81,0.97,2284949.0
SPX,20210301,3842.51,3901.82,3914.5,3842.51,3811.15,90.67,2.38,1.89,2406151.0
SPX,20210430,4198.1,4181.17,4198.1,4174.85,4211.47,-30.3,-0.72,0.55,2420629.0
SPX,20210429,4206.14,4211.47,4218.78,4176.81,4183.18,28.29,0.68,1.0,2500478.0
SPX,20210428,4185.14,4183.18,4201.53,4181.78,4186.72,-3.54,-0.08,0.47,2133550.0
SPX,20210427,4188.25,4186.72,4193.35,4176.22,4187.62,-0.9,-0.02,0.41,2021543.0
SPX,20210426,4185.03,4187.62,4194.19,4182.36,4180.17,7.45,0.18,0.28,1938000.0
SPX,20210423,4138.78,4180.17,4194.17,4138.78,4134.98,45.19,1.09,1.34,2012547.0
SPX,20210422,4170.46,4134.98,4179.57,4123.69,4173.42,-38.44,-0.92,1.34,2392707.0
SPX,20210421,4128.42,4173.42,4175.02,4126.35,4134.94,38.48,0.93,1.18,2101638.0
SPX,20210420,4159.18,4134.94,4159.18,4118.38,4163.26,-28.32,-0.68,0.98,2289515.0
SPX,20210419,4179.8,4163.26,4180.81,4150.47,4185.47,-22.21,-0.53,0.72,1985489.0
SPX,20210416,4174.14,4185.47,4191.31,4170.75,4170.42,15.05,0.36,0.49,2210303.0
SPX,20210415,4139.76,4170.42,4173.49,4139.76,4124.66,45.76,1.11,0.82,2125394.0
SPX,20210414,4141.58,4124.66,4151.69,4120.87,4141.59,-16.93,-0.41,0.74,2091874.0
SPX,20210413,4130.1,4141.59,4148.0,4124.43,4127.99,13.6,0.33,0.57,2062045.0
SPX,20210412,4124.71,4127.99,4131.76,4114.82,4128.8,-0.81,-0.02,0.41,1922133.0
SPX,20210409,4096.11,4128.8,4129.48,4095.51,4097.17,31.63,0.77,0.83,1880537.0
SPX,20210408,4089.95,4097.17,4098.19,4082.54,4079.95,17.22,0.42,0.38,2012016.0
SPX,20210407,4074.29,4079.95,4083.13,4068.31,4073.94,6.01,0.15,0.36,1955731.0
SPX,20210406,4075.57,4073.94,4086.23,4068.14,4077.91,-3.97,-0.1,0.44,2124244.0
SPX,20210405,4034.44,4077.91,4083.42,4034.44,4019.87,58.04,1.44,1.22,2223789.0
SPX,20210401,3992.78,4019.87,4020.63,3992.78,3972.89,46.98,1.18,0.7,2165458.0
SPX,20210528,4210.77,4204.11,4218.36,4203.57,4200.88,3.23,0.08,0.35,1960313.0
SPX,20210527,4201.94,4200.88,4213.38,4197.78,4195.99,4.89,0.12,0.37,3394898.0
SPX,20210526,4191.59,4195.99,4202.61,4184.11,4188.13,7.86,0.19,0.44,2055015.0
SPX,20210525,4205.94,4188.13,4213.42,4182.52,4197.05,-8.92,-0.21,0.74,2109359.0
SPX,20210524,4170.16,4197.05,4209.52,4170.16,4155.86,41.19,0.99,0.95,1848072.0
SPX,20210521,4168.61,4155.86,4188.72,4151.72,4159.12,-3.26,-0.08,0.89,2192477.0
SPX,20210520,4121.97,4159.12,4172.8,4121.97,4115.68,43.44,1.06,1.24,2161066.0
SPX,20210519,4098.45,4115.68,4116.93,4061.41,4127.83,-12.15,-0.29,1.35,2403523.0
SPX,20210518,4165.94,4127.83,4169.15,4125.99,4163.29,-35.46,-0.85,1.04,2327083.0
SPX,20210517,4169.92,4163.29,4171.92,4142.69,4173.85,-10.56,-0.25,0.7,2269454.0
SPX,20210514,4129.58,4173.85,4183.13,4129.58,4112.5,61.35,1.49,1.3,1908122.0
SPX,20210513,4074.99,4112.5,4131.58,4074.99,4063.04,49.46,1.22,1.39,2164190.0
SPX,20210512,4130.55,4063.04,4134.73,4056.88,4152.1,-89.06,-2.14,1.87,2397533.0
SPX,20210511,4150.34,4152.1,4162.04,4111.53,4188.43,-36.33,-0.87,1.21,2438056.0
SPX,20210510,4228.29,4188.43,4236.39,4188.13,4232.6,-44.17,-1.04,1.14,2322261.0
SPX,20210507,4210.34,4232.6,4238.04,4201.64,4201.62,30.98,0.74,0.87,2053401.0
SPX,20210506,4169.14,4201.62,4202.7,4147.33,4167.59,34.03,0.82,1.33,2242910.0
SPX,20210505,4177.06,4167.59,4187.72,4160.94,4164.66,2.93,0.07,0.64,1759871.0
SPX,20210504,4179.04,4164.66,4179.04,4128.59,4192.66,-28.0,-0.67,1.2,2550623.0
SPX,20210503,4191.98,4192.66,4209.39,4188.03,4181.17,11.49,0.27,0.51,2181609.0
SPX,20210630,4290.65,4297.5,4302.43,4287.96,4291.8,5.7,0.13,0.34,1952342.0
SPX,20210629,4293.21,4291.8,4300.52,4287.04,4290.61,1.19,0.03,0.31,1833763.0
SPX,20210628,4284.9,4290.61,4292.14,4274.67,4280.7,9.91,0.23,0.41,1985885.0
SPX,20210625,4274.45,4280.7,4286.12,4271.16,4266.49,14.21,0.33,0.35,2749764.0
SPX,20210624,4256.97,4266.49,4271.28,4256.97,4241.84,24.65,0.58,0.34,1865796.0
SPX,20210623,4249.27,4241.84,4256.6,4241.43,4246.44,-4.6,-0.11,0.36,1774854.0
SPX,20210622,4224.61,4246.44,4255.84,4217.27,4224.79,21.65,0.51,0.91,1783455.0
SPX,20210621,4173.4,4224.79,4226.24,4173.4,4166.45,58.34,1.4,1.27,2043052.0
SPX,20210618,4204.78,4166.45,4204.78,4164.4,4221.86,-55.41,-1.31,0.96,3619216.0
SPX,20210617,4220.37,4221.86,4232.29,4196.05,4223.7,-1.84,-0.04,0.86,2580214.0
SPX,20210616,4248.87,4223.7,4251.89,4202.45,4246.59,-22.89,-0.54,1.16,2216469.0
SPX,20210615,4255.28,4246.59,4257.16,4238.35,4255.15,-8.56,-0.2,0.44,1826799.0
SPX,20210614,4248.31,4255.15,4255.59,4234.07,4247.44,7.71,0.18,0.51,1853004.0
SPX,20210611,4242.9,4247.44,4248.38,4232.25,4239.18,8.26,0.19,0.38,1685005.0
SPX,20210610,4228.56,4239.18,4249.74,4220.34,4219.55,19.63,0.47,0.7,1952650.0
SPX,20210609,4232.99,4219.55,4237.09,4218.74,4227.26,-7.71,-0.18,0.43,1801225.0
SPX,20210608,4233.81,4227.26,4236.74,4208.41,4226.52,0.74,0.02,0.67,2120874.0
SPX,20210607,4229.34,4226.52,4232.34,4215.66,4229.89,-3.37,-0.08,0.39,1744944.0
SPX,20210604,4206.05,4229.89,4233.45,4206.05,4192.85,37.04,0.88,0.65,1877134.0
SPX,20210603,4191.43,4192.85,4204.39,4167.93,4208.12,-15.27,-0.36,0.87,2211904.0
SPX,20210602,4206.82,4208.12,4217.37,4198.27,4202.04,6.08,0.14,0.45,2030572.0
SPX,20210601,4216.52,4202.04,4234.12,4197.59,4204.11,-2.07,-0.05,0.87,2099603.0
SPX,20210730,4395.12,4395.26,4412.25,4389.65,4419.15,-23.89,-0.54,0.51,2246067.0
SPX,20210729,4403.59,4419.15,4429.97,4403.59,4400.64,18.51,0.42,0.6,2009413.0
SPX,20210728,4402.95,4400.64,4415.47,4387.01,4401.46,-0.82,-0.02,0.65,2092509.0
SPX,20210727,4416.38,4401.46,4416.38,4372.51,4422.3,-20.84,-0.47,0.99,2073481.0
SPX,20210726,4409.58,4422.3,4422.73,4405.45,4411.79,10.51,0.24,0.39,1802326.0
SPX,20210723,4381.2,4411.79,4415.18,4381.2,4367.48,44.31,1.01,0.78,1777379.0
SPX,20210722,4361.27,4367.48,4369.87,4350.06,4358.69,8.79,0.2,0.45,1843552.0
SPX,20210721,4331.13,4358.69,4359.7,4331.13,4323.06,35.63,0.82,0.66,2136774.0
SPX,20210720,4265.11,4323.06,4336.84,4262.05,4258.49,64.57,1.52,1.76,2426517.0
SPX,20210719,4296.4,4258.49,4296.4,4233.13,4327.16,-68.67,-1.59,1.46,2840163.0
SPX,20210716,4367.43,4327.16,4375.09,4322.53,4360.03,-32.87,-0.75,1.21,2027108.0
SPX,20210715,4369.02,4360.03,4369.02,4340.7,4374.3,-14.27,-0.33,0.65,1986589.0
SPX,20210714,4380.11,4374.3,4393.68,4362.36,4369.21,5.09,0.12,0.72,2019584.0
SPX,20210713,4381.07,4369.21,4392.37,4366.92,4384.63,-15.42,-0.35,0.58,1761860.0
SPX,20210712,4372.41,4384.63,4386.68,4364.03,4369.55,15.08,0.35,0.52,1709935.0
SPX,20210709,4329.38,4369.55,4371.6,4329.38,4320.82,48.73,1.13,0.98,1795028.0
SPX,20210708,4321.07,4320.82,4330.88,4289.37,4358.13,-37.31,-0.86,0.95,2059556.0
SPX,20210707,4351.01,4358.13,4361.88,4329.79,4343.54,14.59,0.34,0.74,1935638.0
SPX,20210706,4356.46,4343.54,4356.46,4314.37,4352.34,-8.8,-0.2,0.97,2055748.0
SPX,20210702,4326.6,4352.34,4355.43,4326.6,4319.94,32.4,0.75,0.67,1530898.0
SPX,20210701,4300.73,4319.94,4320.66,4300.73,4297.5,22.44,0.52,0.46,1820622.0
SPX,20210831,4529.75,4522.68,4531.39,4515.8,4528.79,-6.11,-0.13,0.34,2161739.0
SPX,20210830,4513.76,4528.79,4537.36,4513.76,4509.37,19.42,0.43,0.52,1566529.0
SPX,20210827,4474.1,4509.37,4513.33,4474.1,4470.0,39.37,0.88,0.88,1668130.0
SPX,20210826,4493.75,4470.0,4495.9,4468.99,4496.19,-26.19,-0.58,0.6,1641319.0
SPX,20210825,4490.45,4496.19,4501.71,4485.66,4486.23,9.96,0.22,0.36,1771233.0
SPX,20210824,4484.4,4486.23,4492.81,4482.28,4479.53,6.7,0.15,0.24,1746057.0
SPX,20210823,4450.29,4479.53,4489.88,4450.29,4441.67,37.86,0.85,0.89,1854459.0
SPX,20210820,4410.56,4441.67,4444.35,4406.8,4405.8,35.87,0.81,0.85,1813101.0
SPX,20210819,4382.44,4405.8,4418.61,4367.73,4400.27,5.53,0.13,1.16,2207012.0
SPX,20210818,4440.94,4400.27,4454.32,4397.59,4448.08,-47.81,-1.07,1.28,1892721.0
SPX,20210817,4462.12,4448.08,4462.12,4417.83,4479.71,-31.63,-0.71,0.99,1912467.0
SPX,20210816,4461.65,4479.71,4480.26,4437.66,4468.0,11.71,0.26,0.95,1733041.0
SPX,20210813,4464.84,4468.0,4468.37,4460.82,4460.83,7.17,0.16,0.17,1537574.0
SPX,20210812,4446.08,4460.83,4461.77,4435.96,4447.7,13.13,0.3,0.58,1636025.0
SPX,20210811,4442.18,4447.7,4449.44,4436.42,4436.75,10.95,0.25,0.29,1872241.0
SPX,20210810,4435.79,4436.75,4445.21,4430.03,4432.35,4.4,0.1,0.34,1914892.0
SPX,20210809,4437.77,4432.35,4439.39,4424.74,4436.52,-4.17,-0.09,0.33,1717391.0
SPX,20210806,4429.07,4436.52,4440.82,4429.07,4429.1,7.42,0.17,0.27,1834530.0
SPX,20210805,4408.86,4429.1,4429.76,4408.86,4402.66,26.44,0.6,0.47,1965927.0
SPX,20210804,4415.95,4402.66,4416.17,4400.23,4423.15,-20.49,-0.46,0.36,2321431.0
SPX,20210803,4392.74,4423.15,4423.79,4373.0,4387.16,35.99,0.82,1.16,2204135.0
SPX,20210802,4406.86,4387.16,4422.18,4384.81,4395.26,-8.1,-0.18,0.85,1981528.0
SPX,20210930,4370.67,4307.54,4382.55,4306.24,4359.46,-51.92,-1.19,1.75,2283949.0
SPX,20210929,4362.41,4359.46,4385.57,4355.08,4352.63,6.83,0.16,0.7,1897856.0
SPX,20210928,4419.54,4352.63,4419.54,4346.33,4443.11,-90.48,-2.04,1.65,2385159.0
SPX,20210927,4442.12,4443.11,4457.3,4436.19,4455.48,-12.37,-0.28,0.47,2043570.0
SPX,20210924,4438.04,4455.48,4463.12,4430.27,4448.98,6.5,0.15,0.74,1686869.0
SPX,20210923,4406.75,4448.98,4465.4,4406.75,4395.64,53.34,1.21,1.33,1967080.0
SPX,20210922,4367.43,4395.64,4416.75,4367.43,4354.19,41.45,0.95,1.13,2003484.0
SPX,20210921,4374.45,4354.19,4394.87,4347.96,4357.73,-3.54,-0.08,1.08,1914740.0
SPX,20210920,4402.95,4357.73,4402.95,4305.91,4432.99,-75.26,-1.7,2.19,2598257.0
SPX,20210917,4469.74,4432.99,4471.52,4427.76,4473.75,-40.76,-0.91,0.98,3786002.0
SPX,20210916,4477.09,4473.75,4485.87,4443.8,4480.7,-6.95,-0.16,0.94,1831249.0
SPX,20210915,4447.49,4480.7,4486.87,4438.37,4443.05,37.65,0.85,1.09,2126051.0
SPX,20210914,4479.33,4443.05,4485.68,4435.46,4468.73,-25.68,-0.57,1.12,2024367.0
SPX,20210913,4474.81,4468.73,4492.99,4445.7,4458.58,10.15,0.23,1.06,2032597.0
SPX,20210910,4506.92,4458.58,4520.47,4457.66,4493.28,-34.7,-0.77,1.4,1848742.0
SPX,20210909,4513.02,4493.28,4529.9,4492.07,4514.07,-20.79,-0.46,0.84,1818752.0
SPX,20210908,4518.09,4514.07,4521.79,4493.95,4520.03,-5.96,-0.13,0.62,1784366.0
SPX,20210907,4535.38,4520.03,4535.38,4513.0,4535.43,-15.4,-0.34,0.49,1781739.0
SPX,20210903,4532.42,4535.43,4541.45,4521.3,4536.95,-1.52,-0.03,0.44,1533435.0
SPX,20210902,4534.48,4536.95,4545.85,4524.66,4524.09,12.86,0.28,0.47,1782043.0
SPX,20210901,4528.8,4524.09,4537.11,4522.02,4522.68,1.41,0.03,0.33,1933544.0
SPX,20211029,4572.87,4605.38,4608.08,4567.59,4596.42,8.96,0.19,0.88,2346011.0
SPX,20211028,4562.84,4596.42,4597.55,4562.84,4551.68,44.74,0.98,0.76,2177360.0
SPX,20211027,4580.22,4551.68,4584.57,4551.66,4574.79,-23.11,-0.51,0.72,2243579.0
SPX,20211026,4578.69,4574.79,4598.53,4569.17,4566.48,8.31,0.18,0.64,2016844.0
SPX,20211025,4553.69,4566.48,4572.62,4537.36,4544.9,21.58,0.47,0.78,1849566.0
SPX,20211022,4546.12,4544.9,4559.67,4524.0,4549.78,-4.88,-0.11,0.78,1818771.0
SPX,20211021,4532.24,4549.78,4551.44,4526.89,4536.19,13.59,0.3,0.54,1898356.0
SPX,20211020,4524.42,4536.19,4540.87,4524.4,4519.63,16.56,0.37,0.36,1837718.0
SPX,20211019,4497.34,4519.63,4520.4,4496.41,4486.46,33.17,0.74,0.53,1701420.0
SPX,20211018,4463.72,4486.46,4488.75,4447.47,4471.37,15.09,0.34,0.92,1871564.0
SPX,20211015,4447.69,4471.37,4475.82,4447.69,4438.26,33.11,0.75,0.63,2052344.0
SPX,20211014,4386.75,4438.26,4439.73,4386.75,4363.8,74.46,1.71,1.21,1945035.0
SPX,20211013,4358.01,4363.8,4372.87,4329.92,4350.65,13.15,0.3,0.99,1939400.0
SPX,20211012,4368.31,4350.65,4374.89,4342.09,4361.19,-10.54,-0.24,0.75,1962096.0
SPX,20211011,4385.44,4361.19,4415.88,4360.59,4391.34,-30.15,-0.69,1.26,1695135.0
SPX,20211008,4406.51,4391.34,4412.02,4386.22,4399.76,-8.42,-0.19,0.59,1694087.0
SPX,20211007,4383.73,4399.76,4429.97,4383.73,4363.55,36.21,0.83,1.06,1949575.0
SPX,20211006,4319.57,4363.55,4365.57,4290.49,4345.72,17.83,0.41,1.73,2060091.0
SPX,20211005,4309.87,4345.72,4369.23,4309.87,4300.46,45.26,1.05,1.38,2029396.0
SPX,20211004,4348.84,4300.46,4355.51,4278.94,4357.04,-56.58,-1.3,1.76,2438455.0
SPX,20211001,4317.16,4357.04,4375.19,4288.52,4307.54,49.5,1.15,2.01,2207767.0
SPX,20211130,4640.25,4567.0,4646.02,4560.0,4655.27,-88.27,-1.9,1.85,4068051.0
SPX,20211129,4628.75,4655.27,4672.95,4625.26,4594.62,60.65,1.32,1.04,2497292.0
SPX,20211126,4664.63,4594.62,4664.63,4585.43,4701.46,-106.84,-2.27,1.68,2098273.0
SPX,20211124,4675.78,4701.46,4702.87,4659.89,4690.7,10.76,0.23,0.92,1851489.0
SPX,20211123,4678.48,4690.7,4699.39,4652.66,4682.94,7.76,0.17,1.0,2228891.0
SPX,20211122,4712.0,4682.94,4743.83,4682.17,4697.96,-15.02,-0.32,1.31,2466152.0
SPX,20211119,4708.44,4697.96,4717.75,4694.22,4704.54,-6.58,-0.14,0.5,2442415.0
SPX,20211118,4700.72,4704.54,4708.8,4672.78,4688.67,15.87,0.34,0.77,2223167.0
SPX,20211117,4701.5,4688.67,4701.5,4684.41,4700.9,-12.23,-0.26,0.36,2057331.0
SPX,20211116,4679.42,4700.9,4714.95,4679.42,4682.8,18.1,0.39,0.76,1929155.0
SPX,20211115,4689.3,4682.8,4697.42,4672.86,4682.85,-0.05,0.0,0.52,1829913.0
SPX,20211112,4655.24,4682.85,4688.47,4650.77,4649.27,33.58,0.72,0.81,1871664.0
SPX,20211111,4659.39,4649.27,4664.55,4648.31,4646.71,2.56,0.06,0.35,1728459.0
SPX,20211110,4670.26,4646.71,4684.85,4630.86,4685.25,-38.54,-0.82,1.15,2141663.0
SPX,20211109,4707.25,4685.25,4708.53,4670.87,4701.7,-16.45,-0.35,0.8,2067398.0
SPX,20211108,4701.48,4701.7,4714.92,4694.39,4697.53,4.17,0.09,0.44,2205667.0
SPX,20211105,4699.26,4697.53,4718.5,4681.32,4680.06,17.47,0.37,0.79,2595130.0
SPX,20211104,4662.93,4680.06,4683.0,4662.59,4660.57,19.49,0.42,0.44,2557600.0
SPX,20211103,4630.65,4660.57,4663.46,4621.19,4630.65,29.92,0.65,0.91,2150893.0
SPX,20211102,4613.34,4630.65,4635.15,4613.34,4613.67,16.98,0.37,0.47,2146674.0
SPX,20211101,4610.62,4613.67,4620.34,4595.06,4605.38,8.29,0.18,0.55,2030764.0
SPX,20211231,4775.21,4766.18,4786.83,4765.75,4778.73,-12.55,-0.26,0.44,1340241.0
SPX,20211230,4794.23,4778.73,4808.93,4775.33,4793.06,-14.33,-0.3,0.7,1353706.0
SPX,20211229,4788.64,4793.06,4804.06,4778.08,4786.35,6.71,0.14,0.54,1354786.0
SPX,20211228,4795.49,4786.35,4807.02,4780.04,4791.19,-4.84,-0.1,0.56,1425098.0
SPX,20211227,4733.99,4791.19,4791.49,4733.99,4725.79,65.4,1.38,1.22,1505329.0
SPX,20211223,4703.96,4725.79,4740.74,4703.96,4696.56,29.23,0.62,0.78,1594292.0
SPX,20211222,4650.36,4696.56,4697.67,4645.53,4649.23,47.33,1.02,1.12,1844650.0
SPX,20211221,4594.96,4649.23,4651.14,4583.16,4568.02,81.21,1.78,1.49,2260148.0
SPX,20211220,4587.9,4568.02,4587.9,4531.1,4620.64,-52.62,-1.14,1.23,2433982.0
SPX,20211217,4652.5,4620.64,4666.7,4600.22,4668.67,-48.03,-1.03,1.42,4578985.0
SPX,20211216,4719.13,4668.67,4731.99,4651.89,4709.85,-41.18,-0.87,1.7,2745738.0
SPX,20211215,4636.46,4709.85,4712.6,4611.22,4634.09,75.76,1.63,2.19,2561140.0
SPX,20211214,4642.99,4634.09,4660.47,4606.52,4668.97,-34.88,-0.75,1.16,2454381.0
SPX,20211213,4710.3,4668.97,4710.3,4667.6,4712.02,-43.05,-0.91,0.91,2426215.0
SPX,20211210,4687.64,4712.02,4713.57,4670.24,4667.45,44.57,0.95,0.93,2117224.0
SPX,20211209,4691.0,4667.45,4695.26,4665.98,4701.21,-33.76,-0.72,0.62,1992703.0
SPX,20211208,4690.86,4701.21,4705.06,4674.52,4686.75,14.46,0.31,0.65,2163749.0
SPX,20211207,4631.97,4686.75,4694.04,4631.97,4591.67,95.08,2.07,1.35,2484136.0
SPX,20211206,4548.37,4591.67,4612.6,4540.51,4538.43,53.24,1.17,1.59,2582325.0
SPX,20211203,4589.49,4538.43,4608.03,4495.12,4577.1,-38.67,-0.84,2.47,2714490.0
SPX,20211202,4504.73,4577.1,4595.46,4504.73,4513.04,64.06,1.42,2.01,2801049.0
SPX,20211201,4602.82,4513.04,4652.94,4510.27,4567.0,-53.96,-1.18,3.12,3044912.0
SPX,20220131,4431.79,4515.55,4516.89,4414.02,4431.85,83.7,1.89,2.32,2963155.0
SPX,20220128,4336.19,4431.85,4432.72,4292.46,4326.51,105.34,2.43,3.24,2913164.0
SPX,20220127,4380.58,4326.51,4428.74,4309.5,4349.93,-23.42,-0.54,2.74,3040760.0
SPX,20220126,4408.43,4349.93,4453.23,4304.8,4356.45,-6.52,-0.15,3.41,3230985.0
SPX,20220125,4366.64,4356.45,4411.01,4287.11,4410.13,-53.68,-1.22,2.81,3056989.0
SPX,20220124,4356.32,4410.13,4417.35,4222.62,4397.94,12.19,0.28,4.43,3891582.0
SPX,20220121,4471.38,4397.94,4494.52,4395.34,4482.73,-84.79,-1.89,2.21,3196965.0
SPX,20220120,4547.35,4482.73,4602.11,4477.95,4532.76,-50.03,-1.1,2.74,2541011.0
SPX,20220119,4588.03,4532.76,4611.55,4530.2,4577.11,-44.35,-0.97,1.78,2483432.0
SPX,20220118,4632.24,4577.11,4632.24,4568.7,4662.85,-85.74,-1.84,1.36,2737270.0
SPX,20220114,4637.99,4662.85,4665.13,4614.75,4659.03,3.82,0.08,1.08,2521962.0
SPX,20220113,4733.56,4659.03,4744.13,4650.29,4726.35,-67.32,-1.42,1.99,2374649.0
SPX,20220112,4728.59,4726.35,4748.83,4706.71,4713.07,13.28,0.28,0.89,2117379.0
SPX,20220111,4669.14,4713.07,4714.13,4638.27,4670.29,42.78,0.92,1.62,2243983.0
SPX,20220110,4655.34,4670.29,4673.02,4582.24,4677.03,-6.74,-0.14,1.94,2675794.0
SPX,20220107,4697.66,4677.03,4707.95,4662.74,4696.05,-19.02,-0.41,0.96,2416097.0
SPX,20220106,4693.39,4696.05,4725.01,4671.26,4700.58,-4.53,-0.1,1.14,2379823.0
SPX,20220105,4787.99,4700.58,4797.7,4699.44,4793.54,-92.96,-1.94,2.05,2803729.0
SPX,20220104,4804.51,4793.54,4818.62,4774.27,4796.56,-3.02,-0.06,0.92,2813805.0
SPX,20220103,4778.14,4796.56,4796.64,4758.17,4766.18,30.38,0.64,0.81,2209533.0
SPX,20220228,4354.17,4373.94,4388.84,4315.12,4384.65,-10.71,-0.24,1.68,3219433.0
SPX,20220225,4298.38,4384.65,4385.34,4286.83,4288.7,95.95,2.24,2.3,2707793.0
SPX,20220224,4155.77,4288.7,4294.73,4114.65,4225.5,63.2,1.5,4.26,3565761.0
SPX,20220223,4324.93,4225.5,4341.51,4221.51,4304.76,-79.26,-1.84,2.79,2512418.0
SPX,20220222,4332.74,4304.76,4362.12,4267.11,4348.87,-44.11,-1.01,2.18,2749521.0
SPX,20220218,4384.57,4348.87,4394.6,4327.22,4380.26,-31.39,-0.72,1.54,2583640.0
SPX,20220217,4456.06,4380.26,4456.06,4373.81,4475.01,-94.75,-2.12,1.84,2324910.0
SPX,20220216,4455.75,4475.01,4489.55,4429.68,4471.07,3.94,0.09,1.34,2334610.0
SPX,20220215,4429.28,4471.07,4472.77,4429.28,4401.67,69.4,1.58,0.99,2322886.0
SPX,20220214,4412.61,4401.67,4426.22,4364.84,4418.64,-16.97,-0.38,1.39,2511712.0
SPX,20220211,4506.27,4418.64,4526.33,4401.41,4504.08,-85.44,-1.9,2.77,2874707.0
SPX,20220210,4553.24,4504.08,4588.92,4484.31,4587.18,-83.1,-1.81,2.28,2689894.0
SPX,20220209,4547.0,4587.18,4590.03,4547.0,4521.54,65.64,1.45,0.95,2416699.0
SPX,20220208,4480.02,4521.54,4531.32,4465.4,4483.87,37.67,0.84,1.47,2531698.0
SPX,20220207,4505.75,4483.87,4521.86,4471.47,4500.53,-16.66,-0.37,1.12,2363932.0
SPX,20220204,4482.79,4500.53,4539.66,4451.5,4477.44,23.09,0.52,1.97,2640944.0
SPX,20220203,4535.41,4477.44,4542.88,4470.39,4589.38,-111.94,-2.44,1.58,2686460.0
SPX,20220202,4566.39,4589.38,4595.31,4544.32,4546.54,42.84,0.94,1.12,2903951.0
SPX,20220201,4519.57,4546.54,4550.49,4483.53,4515.55,30.99,0.69,1.48,2712734.0
SPX,20220331,4599.02,4530.41,4603.07,4530.41,4602.45,-72.04,-1.57,1.58,2646678.0
SPX,20220330,4624.2,4602.45,4627.77,4581.32,4631.6,-29.15,-0.63,1.0,2083193.0
SPX,20220329,4602.86,4631.6,4637.3,4589.66,4575.52,56.08,1.23,1.04,2443956.0
SPX,20220328,4541.09,4575.52,4575.65,4517.69,4543.06,32.46,0.71,1.28,2019463.0
SPX,20220325,4522.91,4543.06,4546.03,4501.07,4520.16,22.9,0.51,0.99,2000936.0
SPX,20220324,4469.98,4520.16,4520.58,4465.17,4456.24,63.92,1.43,1.24,2073154.0
SPX,20220323,4493.1,4456.24,4501.07,4455.81,4511.61,-55.37,-1.23,1.0,2184940.0
SPX,20220322,4469.1,4511.61,4522.0,4469.1,4461.18,50.43,1.13,1.19,2340976.0
SPX,20220321,4462.4,4461.18,4481.75,4424.3,4463.12,-1.94,-0.04,1.29,2469825.0
SPX,20220318,4407.34,4463.12,4465.4,4390.57,4411.67,51.45,1.17,1.7,4233761.0
SPX,20220317,4345.11,4411.67,4412.67,4335.65,4357.86,53.81,1.23,1.77,2432767.0
SPX,20220316,4288.14,4357.86,4358.9,4251.99,4262.45,95.41,2.24,2.51,2926598.0
SPX,20220315,4188.82,4262.45,4271.05,4187.9,4173.11,89.34,2.14,1.99,2636945.0
SPX,20220314,4202.75,4173.11,4247.57,4161.72,4204.31,-31.2,-0.74,2.04,2717144.0
SPX,20220311,4279.5,4204.31,4291.01,4200.49,4259.52,-55.21,-1.3,2.13,2338436.0
SPX,20220310,4252.55,4259.52,4268.28,4209.8,4277.88,-18.36,-0.43,1.37,2581146.0
SPX,20220309,4223.1,4277.88,4299.4,4223.1,4170.7,107.18,2.57,1.83,3021442.0
SPX,20220308,4202.66,4170.7,4276.94,4157.87,4201.09,-30.39,-0.72,2.83,3639338.0
SPX,20220307,4327.01,4201.09,4327.01,4199.85,4328.87,-127.78,-2.95,2.94,3513067.0
SPX,20220304,4342.12,4328.87,4342.12,4284.98,4363.49,-34.62,-0.79,1.31,2997074.0
SPX,20220303,4401.31,4363.49,4416.78,4345.56,4386.54,-23.05,-0.53,1.62,2619511.0
SPX,20220302,4322.56,4386.54,4401.48,4322.56,4306.26,80.28,1.86,1.83,2867998.0
SPX,20220301,4363.14,4306.26,4378.45,4279.54,4373.94,-67.68,-1.55,2.26,3144860.0
SPX,20220429,4253.75,4131.93,4269.68,4124.28,4287.5,-155.57,-3.63,3.39,2848565.0
SPX,20220428,4222.58,4287.5,4308.45,4188.63,4183.96,103.54,2.47,2.86,2749226.0
SPX,20220427,4186.52,4183.96,4240.71,4162.9,4175.2,8.76,0.21,1.86,2636232.0
SPX,20220426,4278.14,4175.2,4278.14,4175.04,4296.12,-120.92,-2.81,2.4,2637224.0
SPX,20220425,4255.34,4296.12,4299.02,4200.82,4271.78,24.34,0.57,2.3,2839259.0
SPX,20220422,4385.83,4271.78,4385.83,4267.62,4393.66,-121.88,-2.77,2.69,2491087.0
SPX,20220421,4489.17,4393.66,4512.94,4384.47,4459.45,-65.79,-1.48,2.88,2637238.0
SPX,20220420,4472.26,4459.45,4488.29,4448.76,4462.21,-2.76,-0.06,0.89,2380185.0
SPX,20220419,4390.63,4462.21,4471.03,4390.63,4391.69,70.52,1.61,1.83,2247365.0
SPX,20220418,4385.63,4391.69,4410.31,4370.3,4392.59,-0.9,-0.02,0.91,2050678.0
SPX,20220414,4449.12,4392.59,4460.46,4390.77,4446.59,-54.0,-1.21,1.57,2470867.0
SPX,20220413,4394.3,4446.59,4453.92,4392.7,4397.45,49.14,1.12,1.39,2169385.0
SPX,20220412,4437.59,4397.45,4471.0,4381.34,4412.53,-15.08,-0.34,2.03,2208450.0
SPX,20220411,4462.64,4412.53,4464.35,4408.38,4488.28,-75.75,-1.69,1.25,2403901.0
SPX,20220408,4494.15,4488.28,4520.41,4474.6,4500.21,-11.93,-0.27,1.02,2253618.0
SPX,20220407,4474.65,4500.21,4521.16,4450.3,4481.15,19.06,0.43,1.58,2596329.0
SPX,20220406,4494.17,4481.15,4503.94,4450.04,4525.12,-43.97,-0.97,1.19,2720108.0
SPX,20220405,4572.45,4525.12,4593.45,4514.17,4582.64,-57.52,-1.26,1.73,2425248.0
SPX,20220404,4547.97,4582.64,4583.5,4539.21,4545.86,36.78,0.81,0.97,2278755.0
SPX,20220401,4540.32,4545.86,4548.7,4507.57,4530.41,15.45,0.34,0.91,2346498.0
SPX,20220531,4151.09,4132.15,4168.34,4104.88,4158.24,-26.09,-0.63,1.53,3802655.0
SPX,20220527,4077.43,4158.24,4158.49,4077.43,4057.84,100.4,2.47,2.0,2166465.0
SPX,20220526,3984.6,4057.84,4075.14,3984.6,3978.73,79.11,1.99,2.28,2403571.0
SPX,20220525,3929.59,3978.73,3999.33,3925.03,3941.48,37.25,0.95,1.89,2334089.0
SPX,20220524,3942.94,3941.48,3955.68,3875.13,3973.75,-32.27,-0.81,2.03,2436606.0
SPX,20220523,3919.42,3973.75,3981.88,3909.04,3901.36,72.39,1.86,1.87,2388209.0
SPX,20220520,3927.76,3901.36,3943.42,3810.32,3900.79,0.57,0.01,3.41,3002385.0
SPX,20220519,3899.0,3900.79,3945.96,3876.58,3923.68,-22.89,-0.58,1.77,2774295.0
SPX,20220518,4051.98,3923.68,4051.98,3911.91,4088.85,-165.17,-4.04,3.43,2712127.0
SPX,20220517,4052.0,4088.85,4090.72,4033.93,4008.01,80.84,2.02,1.42,2458410.0
SPX,20220516,4013.02,4008.01,4046.46,3983.99,4023.89,-15.88,-0.39,1.55,2213705.0
SPX,20220513,3963.9,4023.89,4038.88,3963.9,3930.08,93.81,2.39,1.91,2544978.0
SPX,20220512,3903.95,3930.08,3964.8,3858.87,3935.18,-5.1,-0.13,2.69,3139788.0
SPX,20220511,3990.08,3935.18,4049.09,3928.82,4001.05,-65.87,-1.65,3.01,2763949.0
SPX,20220510,4035.18,4001.05,4068.82,3958.17,3991.24,9.81,0.25,2.77,2918623.0
SPX,20220509,4081.27,3991.24,4081.27,3975.48,4123.34,-132.1,-3.2,2.57,3073865.0
SPX,20220506,4128.17,4123.34,4157.69,4067.91,4146.87,-23.53,-0.57,2.17,2737831.0
SPX,20220505,4270.43,4146.87,4270.43,4106.01,4300.17,-153.3,-3.56,3.82,2869932.0
SPX,20220504,4181.18,4300.17,4307.66,4148.91,4175.48,124.69,2.99,3.8,2872027.0
SPX,20220503,4159.78,4175.48,4200.1,4147.08,4155.38,20.1,0.48,1.28,2494450.0
SPX,20220502,4130.61,4155.38,4169.81,4062.51,4131.93,23.45,0.57,2.6,2744838.0
SPX,20220630,3785.99,3785.38,3818.99,3738.67,3818.83,-33.45,-0.88,2.1,2683772.0
SPX,20220629,3825.09,3818.83,3836.5,3799.02,3821.55,-2.72,-0.07,0.98,2111065.0
SPX,20220628,3913.0,3821.55,3945.86,3820.14,3900.11,-78.56,-2.01,3.22,2252854.0
SPX,20220627,3920.76,3900.11,3927.72,3889.66,3911.74,-11.63,-0.3,0.97,2124362.0
SPX,20220624,3821.75,3911.74,3913.65,3821.75,3795.73,116.01,3.06,2.42,3463803.0
SPX,20220623,3774.71,3795.73,3802.58,3743.52,3759.89,35.84,0.95,1.57,2517500.0
SPX,20220622,3733.89,3759.89,3801.79,3717.69,3764.79,-4.9,-0.13,2.23,2486465.0
SPX,20220621,3715.31,3764.79,3779.65,3715.31,3674.84,89.95,2.45,1.75,2678185.0
SPX,20220617,3665.9,3674.84,3707.71,3636.87,3666.77,8.07,0.22,1.93,4692267.0
SPX,20220616,3728.18,3666.77,3728.18,3639.77,3789.99,-123.22,-3.25,2.33,3108178.0
SPX,20220615,3764.05,3789.99,3837.56,3722.3,3735.48,54.51,1.46,3.09,2783031.0
SPX,20220614,3763.52,3735.48,3778.18,3705.68,3749.63,-14.15,-0.38,1.93,2655239.0
SPX,20220613,3838.15,3749.63,3838.15,3734.3,3900.86,-151.23,-3.88,2.66,3086104.0
SPX,20220610,3974.39,3900.86,3974.39,3900.16,4017.82,-116.96,-2.91,1.85,2517737.0
SPX,20220609,4101.65,4017.82,4119.1,4017.17,4115.77,-97.95,-2.38,2.48,2061087.0
SPX,20220608,4147.12,4115.77,4160.14,4107.2,4160.68,-44.91,-1.08,1.27,1888845.0
SPX,20220607,4096.47,4160.68,4164.86,4080.19,4121.43,39.25,0.95,2.05,1964102.0
SPX,20220606,4134.72,4121.43,4168.78,4109.18,4108.54,12.89,0.31,1.45,1919840.0
SPX,20220603,4137.57,4108.54,4142.67,4098.67,4176.82,-68.28,-1.63,1.05,1879610.0
SPX,20220602,4095.41,4176.82,4177.51,4074.37,4101.23,75.59,1.84,2.51,2073390.0
SPX,20220601,4149.78,4101.23,4166.54,4073.85,4132.15,-30.92,-0.75,2.24,2171496.0
SPX,20220729,4087.33,4130.29,4140.15,4079.22,4072.43,57.86,1.42,1.5,2894154.0
SPX,20220728,4026.13,4072.43,4078.95,3992.97,4023.61,48.82,1.21,2.14,2544391.0
SPX,20220727,3951.43,4023.61,4039.56,3951.43,3921.05,102.56,2.62,2.25,2457907.0
SPX,20220726,3953.22,3921.05,3953.22,3910.74,3966.84,-45.79,-1.15,1.07,2136983.0
SPX,20220725,3965.72,3966.84,3975.3,3943.46,3961.63,5.21,0.13,0.8,1945715.0
SPX,20220722,3998.43,3961.63,4012.44,3938.86,3998.95,-37.32,-0.93,1.84,2224927.0
SPX,20220721,3955.47,3998.95,3999.29,3927.64,3959.9,39.05,0.99,1.81,2498029.0
SPX,20220720,3935.32,3959.9,3974.13,3922.03,3936.69,23.21,0.59,1.32,2344933.0
SPX,20220719,3860.73,3936.69,3939.81,3860.73,3830.85,105.84,2.76,2.06,2384285.0
SPX,20220718,3883.79,3830.85,3902.44,3818.63,3863.16,-32.31,-0.84,2.17,2194525.0
SPX,20220715,3818.0,3863.16,3863.62,3817.18,3790.38,72.78,1.92,1.23,2328223.0
SPX,20220714,3763.99,3790.38,3796.41,3721.56,3801.78,-11.4,-0.3,1.97,2181636.0
SPX,20220713,3779.67,3801.78,3829.44,3759.07,3818.8,-17.02,-0.45,1.84,2058496.0
SPX,20220712,3851.95,3818.8,3873.41,3802.36,3854.43,-35.63,-0.92,1.84,2130143.0
SPX,20220711,3880.94,3854.43,3880.94,3847.22,3899.38,-44.95,-1.15,0.86,1825910.0
SPX,20220708,3888.26,3899.38,3918.5,3869.34,3902.62,-3.24,-0.08,1.26,1767935.0
SPX,20220707,3858.85,3902.62,3910.63,3858.85,3845.08,57.54,1.5,1.35,2086720.0
SPX,20220706,3831.98,3845.08,3870.91,3809.37,3831.39,13.69,0.36,1.61,2203973.0
SPX,20220705,3792.61,3831.39,3832.19,3742.06,3825.33,6.06,0.16,2.36,2506060.0
SPX,20220701,3781.0,3825.33,3829.82,3752.1,3785.38,39.95,1.06,2.05,2195445.0
SPX,20220831,4000.67,3955.0,4015.37,3954.53,3986.16,-31.16,-0.78,1.53,2541475.0
SPX,20220830,4041.25,3986.16,4044.98,3965.21,4030.61,-44.45,-1.1,1.98,2080876.0
SPX,20220829,4034.58,4030.61,4062.99,4017.42,4057.66,-27.05,-0.67,1.12,1893833.0
SPX,20220826,4198.74,4057.66,4203.04,4057.66,4199.12,-141.46,-3.37,3.46,2113424.0
SPX,20220825,4153.26,4199.12,4200.54,4147.59,4140.77,58.35,1.41,1.28,1847593.0
SPX,20220824,4126.55,4140.77,4156.56,4119.97,4128.73,12.04,0.29,0.89,1737028.0
SPX,20220823,4133.09,4128.73,4159.77,4124.03,4137.99,-9.26,-0.22,0.86,1786029.0
SPX,20220822,4195.08,4137.99,4195.08,4129.86,4228.48,-90.49,-2.14,1.54,1976204.0
SPX,20220819,4266.31,4228.48,4266.31,4218.7,4283.74,-55.26,-1.29,1.11,2045646.0
SPX,20220818,4273.13,4283.74,4292.53,4261.98,4274.04,9.7,0.23,0.71,1749458.0
SPX,20220817,4280.4,4274.04,4302.18,4253.08,4305.2,-31.16,-0.72,1.14,1862586.0
SPX,20220816,4290.46,4305.2,4325.28,4277.77,4297.14,8.06,0.19,1.11,1912449.0
SPX,20220815,4269.37,4297.14,4301.79,4256.9,4280.15,16.99,0.4,1.05,1777923.0
SPX,20220812,4225.02,4280.15,4280.47,4219.78,4207.27,72.88,1.73,1.44,1828501.0
SPX,20220811,4227.4,4207.27,4257.91,4201.41,4210.24,-2.97,-0.07,1.34,2080835.0
SPX,20220810,4181.02,4210.24,4211.03,4177.26,4122.47,87.77,2.13,0.82,2240787.0
SPX,20220809,4133.11,4122.47,4137.3,4112.09,4140.06,-17.59,-0.42,0.61,2048974.0
SPX,20220808,4155.93,4140.06,4186.62,4128.97,4145.19,-5.13,-0.12,1.39,2120440.0
SPX,20220805,4115.87,4145.19,4151.58,4107.31,4151.94,-6.75,-0.16,1.07,2027451.0
SPX,20220804,4154.85,4151.94,4161.29,4135.42,4155.17,-3.23,-0.08,0.62,2260188.0
SPX,20220803,4107.96,4155.17,4167.66,4107.96,4091.19,63.98,1.56,1.46,2436477.0
SPX,20220802,4104.21,4091.19,4140.47,4079.81,4118.63,-27.44,-0.67,1.47,2262201.0
SPX,20220801,4112.38,4118.63,4144.95,4096.02,4130.29,-11.66,-0.28,1.18,2289873.0
SPX,20220930,3633.48,3585.62,3671.44,3584.13,3640.47,-54.85,-1.51,2.4,3146085.0
SPX,20220929,3687.01,3640.47,3687.01,3610.4,3719.04,-78.57,-2.11,2.06,2601214.0
SPX,20220928,3651.94,3719.04,3736.74,3640.61,3647.29,71.75,1.97,2.64,2637915.0
SPX,20220927,3686.44,3647.29,3717.53,3623.29,3655.04,-7.75,-0.21,2.58,2548805.0
SPX,20220926,3682.72,3655.04,3715.67,3644.76,3693.23,-38.19,-1.03,1.92,2634969.0
SPX,20220923,3727.14,3693.23,3727.14,3647.47,3757.99,-64.76,-1.72,2.12,2812566.0
SPX,20220922,3782.36,3757.99,3790.9,3749.45,3789.93,-31.94,-0.84,1.09,2450867.0
SPX,20220921,3871.4,3789.93,3907.07,3789.49,3855.93,-66.0,-1.71,3.05,2487138.0
SPX,20220920,3875.23,3855.93,3876.01,3827.54,3899.89,-43.96,-1.13,1.24,2335995.0
SPX,20220919,3849.91,3899.89,3900.45,3838.5,3873.33,26.56,0.69,1.6,2117736.0
SPX,20220916,3880.95,3873.33,3880.95,3837.08,3901.35,-28.02,-0.72,1.12,4363348.0
SPX,20220915,3932.41,3901.35,3959.14,3888.28,3946.01,-44.66,-1.13,1.8,2510230.0
SPX,20220914,3940.73,3946.01,3961.94,3912.18,3932.69,13.32,0.34,1.27,2483572.0
SPX,20220913,4037.12,3932.69,4037.12,3921.28,4110.41,-177.72,-4.32,2.82,2642497.0
SPX,20220912,4083.67,4110.41,4119.28,4083.67,4067.36,43.05,1.06,0.88,2147245.0
SPX,20220909,4022.94,4067.36,4076.81,4022.94,4006.18,61.18,1.53,1.34,2097275.0
SPX,20220908,3959.94,4006.18,4010.5,3944.81,3979.87,26.31,0.66,1.65,2290058.0
SPX,20220907,3909.43,3979.87,3987.89,3906.03,3908.19,71.68,1.83,2.09,2209800.0
SPX,20220906,3930.89,3908.19,3942.55,3886.75,3924.26,-16.07,-0.41,1.42,2249694.0
SPX,20220902,3994.66,3924.26,4018.43,3906.21,3966.85,-42.59,-1.07,2.83,2083182.0
SPX,20220901,3936.73,3966.85,3970.23,3903.65,3955.0,11.85,0.3,1.68,2303154.0
SPX,20221031,3881.85,3871.98,3893.73,3863.18,3901.06,-29.08,-0.75,0.78,2805343.0
SPX,20221028,3808.26,3901.06,3905.42,3808.26,3807.3,93.76,2.46,2.55,2901520.0
SPX,20221027,3834.69,3807.3,3859.95,3803.79,3830.6,-23.3,-0.61,1.47,3065025.0
SPX,20221026,3825.97,3830.6,3886.15,3824.07,3859.11,-28.51,-0.74,1.61,2920633.0
SPX,20221025,3799.44,3859.11,3862.85,3799.44,3797.34,61.77,1.63,1.67,2710890.0
SPX,20221024,3762.01,3797.34,3810.74,3741.65,3752.75,44.59,1.19,1.84,2588908.0
SPX,20221021,3657.1,3752.75,3757.89,3647.42,3665.78,86.97,2.37,3.01,3006077.0
SPX,20221020,3689.05,3665.78,3736.0,3656.44,3695.16,-29.38,-0.8,2.15,2643574.0
SPX,20221019,3703.11,3695.16,3728.58,3666.51,3719.98,-24.82,-0.67,1.67,2398756.0
SPX,20221018,3746.26,3719.98,3762.79,3686.53,3677.95,42.03,1.14,2.07,2663739.0
SPX,20221017,3638.65,3677.95,3689.73,3638.65,3583.07,94.88,2.65,1.43,2581607.0
SPX,20221014,3690.41,3583.07,3712.0,3579.68,3669.91,-86.84,-2.37,3.61,2666728.0
SPX,20221013,3520.37,3669.91,3685.41,3491.58,3577.03,92.88,2.6,5.42,3202991.0
SPX,20221012,3590.83,3577.03,3608.34,3573.86,3588.84,-11.81,-0.33,0.96,2375059.0
SPX,20221011,3595.86,3588.84,3640.66,3568.45,3612.39,-23.55,-0.65,2.0,2731977.0
SPX,20221010,3647.51,3612.39,3652.17,3588.1,3639.66,-27.27,-0.75,1.76,2381483.0
SPX,20221007,3706.74,3639.66,3706.74,3620.73,3744.52,-104.86,-2.8,2.3,2716139.0
SPX,20221006,3771.97,3744.52,3797.93,3739.22,3783.28,-38.76,-1.02,1.55,2518959.0
SPX,20221005,3753.25,3783.28,3806.91,3722.66,3790.93,-7.65,-0.2,2.22,2502482.0
SPX,20221004,3726.46,3790.93,3791.92,3726.46,3678.43,112.5,3.06,1.78,2915002.0
SPX,20221003,3609.78,3678.43,3698.35,3604.93,3585.62,92.81,2.59,2.61,2776285.0
SPX,20221130,3957.18,4080.11,4080.11,3938.58,3957.63,122.48,3.09,3.58,3725030.0
SPX,20221129,3964.19,3957.63,3976.77,3937.65,3963.94,-6.31,-0.16,0.99,1904609.0
SPX,20221128,4005.36,3963.94,4012.27,3955.77,4026.12,-62.18,-1.54,1.4,2097893.0
SPX,20221125,4023.34,4026.12,4034.02,4020.76,4027.26,-1.14,-0.03,0.33,902964.0
SPX,20221123,4000.3,4027.26,4033.78,3998.66,4003.58,23.68,0.59,0.88,1753877.0
SPX,20221122,3965.51,4003.58,4005.88,3956.88,3949.94,53.64,1.36,1.24,1998945.0
SPX,20221121,3956.23,3949.94,3962.0,3933.34,3965.34,-15.4,-0.39,0.72,2113923.0
SPX,20221118,3966.39,3965.34,3979.89,3935.98,3946.56,18.78,0.48,1.11,2236041.0
SPX,20221117,3919.26,3946.56,3954.33,3906.54,3958.79,-12.23,-0.31,1.21,2196880.0
SPX,20221116,3976.82,3958.79,3983.09,3954.34,3991.73,-32.94,-0.83,0.72,2406651.0
SPX,20221115,4006.41,3991.73,4028.84,3953.17,3957.25,34.48,0.87,1.91,2794165.0
SPX,20221114,3977.97,3957.25,4008.97,3956.4,3992.93,-35.68,-0.89,1.32,2615043.0
SPX,20221111,3963.72,3992.93,4001.48,3944.82,3956.37,36.56,0.92,1.43,3032917.0
SPX,20221110,3859.89,3956.37,3958.33,3859.89,3748.57,207.8,5.54,2.63,3357653.0
SPX,20221109,3810.94,3748.57,3818.2,3744.22,3828.11,-79.54,-2.08,1.93,2542783.0
SPX,20221108,3817.02,3828.11,3859.4,3786.28,3806.8,21.31,0.56,1.92,2586670.0
SPX,20221107,3780.71,3806.8,3813.95,3764.7,3770.55,36.25,0.96,1.31,2496453.0
SPX,20221104,3766.98,3770.55,3796.34,3708.84,3719.89,50.66,1.36,2.35,3025947.0
SPX,20221103,3733.25,3719.89,3750.59,3698.15,3759.69,-39.8,-1.06,1.39,2856235.0
SPX,20221102,3852.9,3759.69,3894.44,3758.68,3856.1,-96.41,-2.5,3.52,3113992.0
SPX,20221101,3901.79,3856.1,3911.79,3843.8,3871.98,-15.88,-0.41,1.76,2621979.0
SPX,20221230,3829.06,3839.5,3839.85,3800.34,3849.28,-9.78,-0.25,1.03,1706136.0
SPX,20221229,3805.45,3849.28,3858.19,3805.45,3783.22,66.06,1.75,1.39,1735157.0
SPX,20221228,3829.56,3783.22,3848.32,3780.78,3829.25,-46.03,-1.2,1.76,1740055.0
SPX,20221227,3843.34,3829.25,3846.65,3813.22,3844.82,-15.57,-0.4,0.87,1744900.0
SPX,20221223,3815.11,3844.82,3845.8,3797.01,3822.39,22.43,0.59,1.28,1579127.0
SPX,20221222,3853.26,3822.39,3853.26,3764.49,3878.44,-56.05,-1.45,2.29,2365339.0
SPX,20221221,3839.49,3878.44,3889.82,3839.49,3821.62,56.82,1.49,1.32,2148847.0
SPX,20221220,3810.47,3821.62,3838.24,3795.62,3817.66,3.96,0.1,1.12,2209957.0
SPX,20221219,3853.79,3817.66,3854.86,3800.04,3852.36,-34.7,-0.9,1.42,2299211.0
SPX,20221216,3890.91,3852.36,3890.91,3827.91,3895.75,-43.39,-1.11,1.62,5089538.0
SPX,20221215,3958.37,3895.75,3958.37,3879.45,3995.32,-99.57,-2.49,1.98,2703927.0
SPX,20221214,4015.54,3995.32,4053.76,3965.65,4019.65,-24.33,-0.61,2.19,2603891.0
SPX,20221213,4069.38,4019.65,4100.96,3993.03,3990.56,29.09,0.73,2.7,3087952.0
SPX,20221212,3939.29,3990.56,3990.71,3935.3,3934.38,56.18,1.43,1.41,2285905.0
SPX,20221209,3954.17,3934.38,3977.02,3933.04,3963.51,-29.13,-0.73,1.11,2123231.0
SPX,20221208,3947.79,3963.51,3974.19,3935.83,3933.92,29.59,0.75,0.98,2157778.0
SPX,20221207,3933.28,3933.92,3957.57,3922.68,3941.26,-7.34,-0.19,0.89,2263753.0
SPX,20221206,3996.63,3941.26,4001.51,3918.39,3998.84,-57.58,-1.44,2.08,2367141.0
SPX,20221205,4052.02,3998.84,4052.45,3984.49,4071.7,-72.86,-1.79,1.67,2278161.0
SPX,20221202,4040.17,4071.7,4080.48,4026.63,4076.57,-4.87,-0.12,1.32,2076416.0
SPX,20221201,4087.14,4076.57,4100.51,4050.87,4080.11,-3.54,-0.09,1.22,2319415.0
SPX,20230131,4020.85,4076.6,4077.16,4020.44,4017.77,58.83,1.46,1.41,2865897.0
SPX,20230130,4049.27,4017.77,4063.85,4015.55,4070.56,-52.79,-1.3,1.19,2303538.0
SPX,20230127,4053.72,4070.56,4094.21,4048.7,4060.43,10.13,0.25,1.12,2572664.0
SPX,20230126,4036.08,4060.43,4061.57,4013.29,4016.22,44.21,1.1,1.2,2433219.0
SPX,20230125,3982.71,4016.22,4019.55,3949.06,4016.95,-0.73,-0.02,1.75,2416052.0
SPX,20230124,4001.74,4016.95,4023.92,3989.79,4019.81,-2.86,-0.07,0.85,2091230.0
SPX,20230123,3978.14,4019.81,4039.31,3971.64,3972.61,47.2,1.19,1.7,2469900.0
SPX,20230120,3909.04,3972.61,3972.96,3897.86,3898.85,73.76,1.89,1.93,2617399.0
SPX,20230119,3911.84,3898.85,3922.94,3885.54,3928.86,-30.01,-0.76,0.95,2465302.0
SPX,20230118,4002.25,3928.86,4014.16,3926.59,3990.97,-62.11,-1.56,2.19,2545981.0
SPX,20230117,3999.28,3990.97,4015.39,3984.57,3999.09,-8.12,-0.2,0.77,2498748.0
SPX,20230113,3960.6,3999.09,4003.95,3947.67,3983.17,15.92,0.4,1.41,2305898.0
SPX,20230112,3977.57,3983.17,3997.76,3937.56,3969.61,13.56,0.34,1.52,2468827.0
SPX,20230111,3932.35,3969.61,3970.07,3928.54,3919.25,50.36,1.28,1.06,2354205.0
SPX,20230110,3888.57,3919.25,3919.83,3877.29,3892.09,27.16,0.7,1.09,2141505.0
SPX,20230106,3823.37,3895.08,3906.19,3809.56,3808.1,86.98,2.28,2.54,2468431.0
SPX,20230105,3839.74,3808.1,3839.74,3802.42,3852.97,-44.87,-1.16,0.97,2259317.0
SPX,20230104,3840.36,3852.97,3873.16,3815.77,3824.14,28.83,0.75,1.5,2595165.0
SPX,20230103,3853.29,3824.14,3878.46,3794.33,3839.5,-15.36,-0.4,2.19,2353397.0
SPX,20230228,3977.19,3970.15,3997.5,3968.98,3982.24,-12.09,-0.3,0.72,2771735.0
SPX,20230227,3992.36,3982.24,4018.05,3973.55,3970.04,12.2,0.31,1.12,2068606.0
SPX,20230224,3973.24,3970.04,3978.25,3943.08,4012.32,-42.28,-1.05,0.88,2180171.0
SPX,20230223,4018.6,4012.32,4028.3,3969.19,3991.05,21.27,0.53,1.48,2308658.0
SPX,20230222,4001.83,3991.05,4017.37,3976.9,3997.34,-6.29,-0.16,1.01,2259720.0
SPX,20230221,4052.35,3997.34,4052.35,3995.19,4079.09,-81.75,-2.0,1.4,2347271.0
SPX,20230217,4077.39,4079.09,4081.51,4047.95,4090.41,-11.32,-0.28,0.82,2380094.0
SPX,20230216,4114.75,4090.41,4136.54,4089.49,4147.6,-57.19,-1.38,1.13,2264835.0
SPX,20230215,4119.5,4147.6,4148.11,4103.98,4136.13,11.47,0.28,1.07,2112266.0
SPX,20230214,4126.7,4136.13,4159.77,4095.01,4137.29,-1.16,-0.03,1.57,2219076.0
SPX,20230213,4096.62,4137.29,4138.9,4092.67,4090.46,46.83,1.14,1.13,2125960.0
SPX,20230210,4068.92,4090.46,4094.36,4060.79,4081.5,8.96,0.22,0.82,2312193.0
SPX,20230209,4144.25,4081.5,4156.23,4069.67,4117.86,-36.36,-0.88,2.1,2652617.0
SPX,20230208,4153.47,4117.86,4156.85,4111.67,4164.0,-46.14,-1.11,1.09,2543427.0
SPX,20230207,4105.35,4164.0,4176.54,4088.39,4111.08,52.92,1.29,2.14,2612788.0
SPX,20230206,4119.57,4111.08,4124.63,4093.38,4136.48,-25.4,-0.61,0.76,2284201.0
SPX,20230203,4136.69,4136.48,4182.36,4123.36,4179.76,-43.28,-1.04,1.41,2899964.0
SPX,20230202,4158.68,4179.76,4195.44,4141.88,4119.21,60.55,1.47,1.3,3391309.0
SPX,20230201,4070.07,4119.21,4148.95,4037.2,4076.6,42.61,1.05,2.74,2939837.0
SPX,20230331,4056.18,4109.31,4110.75,4056.18,4050.83,58.48,1.44,1.35,2516723.0
SPX,20230330,4046.74,4050.83,4057.85,4032.1,4027.81,23.02,0.57,0.64,2133760.0
SPX,20230329,3999.53,4027.81,4030.59,3999.53,3971.27,56.54,1.42,0.78,2265596.0
SPX,20230328,3974.13,3971.27,3979.2,3951.53,3977.53,-6.26,-0.16,0.7,1986604.0
SPX,20230327,3982.93,3977.53,4003.83,3970.49,3970.99,6.54,0.16,0.84,2461562.0
SPX,20230324,3939.21,3970.99,3972.74,3909.16,3948.72,22.27,0.56,1.61,2584795.0
SPX,20230323,3959.21,3948.72,4007.66,3919.05,3936.97,11.75,0.3,2.25,2797479.0
SPX,20230322,4002.04,3936.97,4039.49,3936.17,4002.87,-65.9,-1.65,2.58,2694608.0
SPX,20230321,3975.89,4002.87,4009.08,3971.19,3951.57,51.3,1.3,0.96,2947356.0
SPX,20230320,3917.47,3951.57,3956.62,3916.89,3916.64,34.93,0.89,1.01,2917995.0
SPX,20230317,3958.69,3916.64,3958.91,3901.27,3960.28,-43.64,-1.1,1.46,5761270.0
SPX,20230316,3878.93,3960.28,3964.46,3864.11,3891.93,68.35,1.76,2.58,3623445.0
SPX,20230315,3876.74,3891.93,3894.26,3838.24,3919.29,-27.36,-0.7,1.43,3703901.0
SPX,20230314,3894.01,3919.29,3937.29,3873.63,3855.76,63.53,1.65,1.65,3434915.0
SPX,20230313,3835.12,3855.76,3905.05,3808.86,3861.59,-5.83,-0.15,2.49,4001022.0
SPX,20230310,3912.77,3861.59,3934.05,3846.32,3918.32,-56.73,-1.45,2.24,3238482.0
SPX,20230309,3998.66,3918.32,4017.81,3908.7,3992.01,-73.69,-1.85,2.73,2604829.0
SPX,20230308,3987.55,3992.01,4000.41,3969.76,3986.37,5.64,0.14,0.77,2036783.0
SPX,20230307,4048.26,3986.37,4050.0,3980.31,4048.42,-62.05,-1.53,1.72,2261990.0
SPX,20230306,4055.15,4048.42,4078.49,4044.61,4045.64,2.78,0.07,0.84,2183397.0
SPX,20230303,3998.02,4045.64,4048.29,3995.17,3981.35,64.29,1.61,1.33,2228261.0
SPX,20230302,3938.68,3981.35,3990.84,3928.16,3951.39,29.96,0.76,1.59,2252262.0
SPX,20230301,3963.34,3951.39,3971.73,3939.05,3970.15,-18.76,-0.47,0.82,2225253.0
SPX,20230428,4129.3,4169.48,4170.06,4127.17,4135.35,34.13,0.83,1.04,2723328.0
SPX,20230427,4075.29,4135.35,4138.24,4075.29,4055.99,79.36,1.96,1.55,2698413.0
SPX,20230426,4087.78,4055.99,4089.67,4049.35,4071.63,-15.64,-0.38,0.99,2698868.0
SPX,20230425,4126.43,4071.63,4126.43,4071.38,4137.04,-65.41,-1.58,1.33,2559844.0
SPX,20230424,4132.07,4137.04,4142.41,4117.77,4133.52,3.52,0.09,0.6,2113778.0
SPX,20230421,4132.14,4133.52,4138.02,4113.86,4129.79,3.73,0.09,0.59,2304130.0
SPX,20230420,4130.48,4129.79,4148.57,4114.57,4154.52,-24.73,-0.6,0.82,2453133.0
SPX,20230419,4139.33,4154.52,4162.57,4134.49,4154.87,-0.35,-0.01,0.68,2158289.0
SPX,20230418,4164.26,4154.87,4169.48,4140.36,4151.32,3.55,0.09,0.7,2124684.0
SPX,20230417,4137.17,4151.32,4151.72,4123.18,4137.64,13.68,0.33,0.69,2132427.0
SPX,20230414,4140.11,4137.64,4163.19,4113.2,4146.22,-8.58,-0.21,1.21,2077041.0
SPX,20230413,4100.04,4146.22,4150.26,4099.4,4091.95,54.27,1.33,1.24,2196995.0
SPX,20230412,4121.72,4091.95,4134.37,4086.94,4108.94,-16.99,-0.41,1.15,2242918.0
SPX,20230411,4110.29,4108.94,4124.26,4102.61,4109.11,-0.17,0.0,0.53,1989409.0
SPX,20230410,4085.2,4109.11,4109.5,4072.55,4105.02,4.09,0.1,0.9,1948962.0
SPX,20230406,4081.15,4105.02,4107.32,4069.84,4090.38,14.64,0.36,0.92,2072470.0
SPX,20230405,4094.5,4090.38,4099.69,4072.56,4100.6,-10.22,-0.25,0.66,2325150.0
SPX,20230404,4128.03,4100.6,4133.13,4086.87,4124.51,-23.91,-0.58,1.12,2264264.0
SPX,20230403,4102.2,4124.51,4127.66,4098.79,4109.31,15.2,0.37,0.7,2425239.0
SPX,20230531,4190.74,4179.83,4195.44,4166.15,4205.52,-25.69,-0.61,0.7,4400898.0
SPX,20230530,4226.71,4205.52,4231.1,4192.18,4205.45,0.07,0.0,0.93,2562757.0
SPX,20230526,4156.16,4205.45,4212.87,4156.16,4151.28,54.17,1.3,1.37,2591764.0
SPX,20230525,4155.71,4151.28,4165.74,4129.73,4115.24,36.04,0.88,0.87,2825870.0
SPX,20230524,4132.96,4115.24,4132.96,4103.98,4145.58,-30.34,-0.73,0.7,2275690.0
SPX,20230523,4176.8,4145.58,4185.68,4142.54,4192.63,-47.05,-1.12,1.03,2437623.0
SPX,20230522,4190.78,4192.63,4209.22,4179.68,4191.98,0.65,0.02,0.7,2217614.0
SPX,20230519,4204.15,4191.98,4212.91,4180.2,4198.05,-6.07,-0.14,0.78,2352764.0
SPX,20230518,4157.68,4198.05,4202.2,4153.5,4158.77,39.28,0.94,1.17,2409184.0
SPX,20230517,4122.85,4158.77,4164.67,4113.62,4109.9,48.87,1.19,1.24,2440898.0
SPX,20230516,4127.95,4109.9,4135.54,4109.86,4136.28,-26.38,-0.64,0.62,2176451.0
SPX,20230515,4126.65,4136.28,4141.25,4110.27,4124.08,12.2,0.3,0.75,2052455.0
SPX,20230512,4138.54,4124.08,4143.74,4099.12,4130.62,-6.54,-0.16,1.08,2076596.0
SPX,20230511,4132.24,4130.62,4132.8,4109.29,4137.64,-7.02,-0.17,0.57,2245623.0
SPX,20230510,4143.74,4137.64,4154.28,4098.92,4119.17,18.47,0.45,1.34,2344518.0
SPX,20230509,4124.25,4119.17,4130.35,4116.65,4138.12,-18.95,-0.46,0.33,2063699.0
SPX,20230508,4136.98,4138.12,4142.3,4123.81,4136.25,1.87,0.05,0.45,2097970.0
SPX,20230505,4084.73,4136.25,4147.02,4084.73,4061.22,75.03,1.85,1.53,2470165.0
SPX,20230504,4082.55,4061.22,4082.61,4048.28,4090.75,-29.53,-0.72,0.84,2876115.0
SPX,20230503,4122.25,4090.75,4148.3,4088.86,4119.58,-28.83,-0.7,1.44,2793301.0
SPX,20230502,4164.1,4119.58,4164.1,4089.72,4167.87,-48.29,-1.16,1.78,2638400.0
SPX,20230501,4166.79,4167.87,4186.92,4164.12,4169.48,-1.61,-0.04,0.55,2244433.0
SPX,20230630,4422.44,4450.38,4458.48,4422.44,4396.44,53.94,1.23,0.82,2489652.0
SPX,20230629,4374.94,4396.44,4398.39,4371.97,4376.86,19.58,0.45,0.6,2152193.0
SPX,20230628,4367.48,4376.86,4390.35,4360.22,4378.41,-1.55,-0.04,0.69,2276950.0
SPX,20230627,4337.36,4378.41,4384.42,4335.0,4328.82,49.59,1.15,1.14,2286873.0
SPX,20230626,4344.84,4328.82,4362.06,4328.08,4348.33,-19.51,-0.45,0.78,2248760.0
SPX,20230623,4354.17,4348.33,4366.55,4341.34,4381.89,-33.56,-0.77,0.58,3056621.0
SPX,20230622,4355.4,4381.89,4382.25,4351.82,4365.69,16.2,0.37,0.7,2091147.0
SPX,20230621,4380.01,4365.69,4386.22,4360.14,4388.71,-23.02,-0.52,0.59,2324031.0
SPX,20230620,4396.11,4388.71,4400.15,4367.19,4409.59,-20.88,-0.47,0.75,2431768.0
SPX,20230616,4440.95,4409.59,4448.47,4407.44,4425.84,-16.25,-0.37,0.93,4195443.0
SPX,20230615,4365.33,4425.84,4439.2,4362.6,4372.59,53.25,1.22,1.75,2569292.0
SPX,20230614,4366.29,4372.59,4391.82,4337.85,4369.01,3.58,0.08,1.24,2641025.0
SPX,20230613,4352.61,4369.01,4375.37,4349.31,4338.93,30.08,0.69,0.6,2547780.0
SPX,20230612,4308.32,4338.93,4340.13,4304.37,4298.86,40.07,0.93,0.83,2457046.0
SPX,20230609,4304.88,4298.86,4322.62,4291.7,4293.93,4.93,0.11,0.72,2141505.0
SPX,20230608,4268.69,4293.93,4298.01,4261.07,4267.52,26.41,0.62,0.87,2224429.0
SPX,20230607,4285.47,4267.52,4299.19,4263.96,4283.85,-16.33,-0.38,0.82,2726819.0
SPX,20230606,4271.34,4283.85,4288.33,4263.09,4273.79,10.06,0.24,0.59,2246726.0
SPX,20230605,4282.99,4273.79,4299.28,4266.82,4282.37,-8.58,-0.2,0.76,2189296.0
SPX,20230602,4241.01,4282.37,4290.67,4241.01,4221.02,61.35,1.45,1.18,2730480.0
SPX,20230601,4183.03,4221.02,4232.43,4171.64,4179.83,41.19,0.99,1.45,2581649.0
SPX,20230731,4584.82,4588.96,4594.22,4573.14,4582.23,6.73,0.15,0.46,2411538.0
SPX,20230728,4565.75,4582.23,4590.16,4564.01,4537.41,44.82,0.99,0.58,2359801.0
SPX,20230727,4598.26,4537.41,4607.07,4528.56,4566.75,-29.34,-0.64,1.72,2666286.0
SPX,20230726,4558.96,4566.75,4582.47,4547.58,4567.46,-0.71,-0.02,0.76,2312272.0
SPX,20230725,4555.19,4567.46,4580.62,4552.42,4554.64,12.82,0.28,0.62,2264513.0
SPX,20230724,4543.39,4554.64,4563.41,4541.29,4536.34,18.3,0.4,0.49,2136207.0
SPX,20230721,4550.16,4536.34,4555.0,4535.79,4534.87,1.47,0.03,0.42,3275430.0
SPX,20230720,4554.38,4534.87,4564.74,4527.56,4565.72,-30.85,-0.68,0.81,2593545.0
SPX,20230719,4563.87,4565.72,4578.43,4557.48,4554.98,10.74,0.24,0.46,2585040.0
SPX,20230718,4521.78,4554.98,4562.3,4514.59,4522.79,32.19,0.71,1.05,2538287.0
SPX,20230717,4508.86,4522.79,4532.85,4504.9,4505.42,17.37,0.39,0.62,2357508.0
SPX,20230714,4514.61,4505.42,4527.76,4499.56,4510.04,-4.62,-0.1,0.63,2371251.0
SPX,20230713,4491.5,4510.04,4517.38,4489.36,4472.16,37.88,0.85,0.63,2254612.0
SPX,20230712,4467.69,4472.16,4488.34,4463.23,4439.26,32.9,0.74,0.57,2323661.0
SPX,20230711,4415.55,4439.26,4443.64,4408.46,4409.53,29.73,0.67,0.8,2131115.0
SPX,20230710,4394.23,4409.53,4412.6,4389.92,4398.95,10.58,0.24,0.52,2171847.0
SPX,20230707,4404.54,4398.95,4440.39,4397.4,4411.59,-12.64,-0.29,0.97,2113382.0
SPX,20230706,4422.62,4411.59,4422.62,4385.05,4446.82,-35.23,-0.79,0.84,2226039.0
SPX,20230705,4442.04,4446.82,4454.06,4436.61,4455.59,-8.77,-0.2,0.39,2152799.0
SPX,20230703,4450.48,4455.59,4456.46,4442.29,4450.38,5.21,0.12,0.32,1243004.0
SPX,20230831,4517.01,4507.66,4532.26,4507.39,4514.87,-7.21,-0.16,0.55,2352361.0
SPX,20230830,4500.34,4514.87,4521.65,4493.59,4497.63,17.24,0.38,0.62,1827645.0
SPX,20230829,4432.75,4497.63,4500.14,4431.68,4433.31,64.32,1.45,1.54,1936663.0
SPX,20230828,4426.03,4433.31,4439.56,4414.98,4405.71,27.6,0.63,0.56,1669882.0
SPX,20230825,4389.38,4405.71,4418.46,4356.29,4376.31,29.4,0.67,1.42,1959845.0
SPX,20230824,4455.16,4376.31,4458.3,4375.55,4436.01,-59.7,-1.35,1.87,2077194.0
SPX,20230823,4396.44,4436.01,4443.18,4396.44,4387.55,48.46,1.1,1.07,2013748.0
SPX,20230822,4415.33,4387.55,4418.59,4382.77,4399.77,-12.22,-0.28,0.81,1905849.0
SPX,20230821,4380.28,4399.77,4407.55,4360.3,4369.71,30.06,0.69,1.08,2057593.0
SPX,20230818,4344.88,4369.71,4381.82,4335.31,4370.36,-0.65,-0.01,1.06,2157859.0
SPX,20230817,4416.32,4370.36,4421.17,4364.83,4404.33,-33.97,-0.77,1.28,2216839.0
SPX,20230816,4433.79,4404.33,4449.95,4403.55,4437.86,-33.53,-0.76,1.05,2001144.0
SPX,20230815,4478.87,4437.86,4478.87,4432.19,4489.72,-51.86,-1.16,1.04,1977158.0
SPX,20230814,4458.13,4489.72,4490.33,4453.44,4464.05,25.67,0.57,0.83,1955913.0
SPX,20230811,4450.69,4464.05,4476.23,4443.98,4468.83,-4.78,-0.11,0.72,1850766.0
SPX,20230810,4487.16,4468.83,4527.37,4457.92,4467.71,1.12,0.03,1.55,2111185.0
SPX,20230809,4501.57,4467.71,4502.44,4461.33,4499.38,-31.67,-0.7,0.91,2046722.0
SPX,20230808,4498.03,4499.38,4503.31,4464.39,4518.44,-19.06,-0.42,0.86,2172253.0
SPX,20230807,4491.58,4518.44,4519.84,4491.15,4478.03,40.41,0.9,0.64,2055431.0
SPX,20230804,4513.96,4478.03,4540.34,4474.55,4501.89,-23.86,-0.53,1.46,2386696.0
SPX,20230803,4494.27,4501.89,4519.49,4485.54,4513.39,-11.5,-0.25,0.75,2351421.0
SPX,20230802,4550.93,4513.39,4550.93,4505.75,4576.73,-63.34,-1.38,0.99,2466208.0
SPX,20230801,4578.83,4576.73,4584.62,4567.53,4588.96,-12.23,-0.27,0.37,2172700.0
SPX,20230929,4328.18,4288.05,4333.15,4274.86,4299.7,-11.65,-0.27,1.36,2411036.0
SPX,20230928,4269.65,4299.7,4317.27,4264.38,4274.51,25.19,0.59,1.24,2235764.0
SPX,20230927,4282.63,4274.51,4292.07,4238.63,4273.53,0.98,0.02,1.25,2299297.0
SPX,20230926,4312.88,4273.53,4313.01,4265.98,4337.44,-63.91,-1.47,1.08,2129442.0
SPX,20230925,4310.62,4337.44,4338.51,4302.7,4320.06,17.38,0.4,0.83,1858119.0
SPX,20230922,4341.74,4320.06,4357.4,4316.49,4330.0,-9.94,-0.23,0.94,2135953.0
SPX,20230921,4374.36,4330.0,4375.7,4329.17,4402.2,-72.2,-1.64,1.06,2298552.0
SPX,20230920,4452.81,4402.2,4461.03,4401.38,4443.95,-41.75,-0.94,1.34,1976746.0
SPX,20230919,4445.41,4443.95,4449.85,4416.61,4453.53,-9.58,-0.22,0.75,2018270.0
SPX,20230918,4445.13,4453.53,4466.36,4442.11,4450.32,3.21,0.07,0.54,1932361.0
SPX,20230915,4497.98,4450.32,4497.98,4447.21,4505.1,-54.78,-1.22,1.13,4244973.0
SPX,20230914,4487.78,4505.1,4511.99,4478.69,4467.44,37.66,0.84,0.75,2275484.0
SPX,20230913,4462.65,4467.44,4479.39,4453.52,4461.9,5.54,0.12,0.58,2268926.0
SPX,20230912,4473.27,4461.9,4487.11,4456.83,4487.46,-25.56,-0.57,0.67,2184138.0
SPX,20230911,4480.98,4487.46,4490.77,4467.89,4457.49,29.97,0.67,0.51,2165432.0
SPX,20230908,4451.3,4457.49,4473.53,4448.38,4451.14,6.35,0.14,0.57,2076442.0
SPX,20230907,4434.55,4451.14,4457.81,4430.46,4465.48,-14.34,-0.32,0.61,2441135.0
SPX,20230906,4490.35,4465.48,4490.35,4442.38,4496.83,-31.35,-0.7,1.07,2138053.0
SPX,20230905,4510.06,4496.83,4514.29,4496.01,4515.77,-18.94,-0.42,0.4,2128341.0
SPX,20230901,4530.6,4515.77,4541.25,4501.35,4507.66,8.11,0.18,0.89,1958155.0
SPX,20231031,4171.33,4193.8,4195.55,4153.12,4166.82,26.98,0.65,1.02,2701787.0
SPX,20231030,4139.39,4166.82,4177.47,4132.94,4117.37,49.45,1.2,1.08,2600517.0
SPX,20231027,4152.93,4117.37,4156.7,4103.78,4137.23,-19.86,-0.48,1.28,2784711.0
SPX,20231026,4175.99,4137.23,4183.6,4127.9,4186.77,-49.54,-1.18,1.33,2959734.0
SPX,20231025,4232.42,4186.77,4232.42,4181.42,4247.68,-60.91,-1.43,1.2,2665565.0
SPX,20231024,4235.79,4247.68,4259.38,4219.43,4217.04,30.64,0.73,0.95,2472963.0
SPX,20231023,4210.4,4217.04,4255.84,4189.22,4224.16,-7.12,-0.17,1.58,2454582.0
SPX,20231020,4273.85,4224.16,4276.56,4223.03,4278.0,-53.84,-1.26,1.25,2734219.0
SPX,20231019,4321.36,4278.0,4339.54,4269.69,4314.6,-36.6,-0.85,1.62,2635705.0
SPX,20231018,4357.35,4314.6,4364.2,4303.84,4373.2,-58.6,-1.34,1.38,2390659.0
SPX,20231017,4345.23,4373.2,4393.57,4337.54,4373.63,-0.43,-0.01,1.28,2355660.0
SPX,20231016,4342.37,4373.63,4383.33,4342.37,4327.78,45.85,1.06,0.95,2124400.0
SPX,20231013,4360.49,4327.78,4377.1,4311.97,4349.61,-21.83,-0.5,1.5,2302663.0
SPX,20231012,4380.94,4349.61,4385.85,4325.43,4376.95,-27.34,-0.62,1.38,2344769.0
SPX,20231011,4366.59,4376.95,4378.64,4345.34,4358.24,18.71,0.43,0.76,2115648.0
SPX,20231010,4339.75,4358.24,4385.46,4339.64,4335.66,22.58,0.52,1.06,2160881.0
SPX,20231009,4289.02,4335.66,4341.73,4283.79,4308.5,27.16,0.63,1.34,1991525.0
SPX,20231006,4234.79,4308.5,4324.1,4219.55,4258.19,50.31,1.18,2.46,2493423.0
SPX,20231005,4259.31,4258.19,4267.13,4225.91,4263.75,-5.56,-0.13,0.97,2230253.0
SPX,20231004,4233.83,4263.75,4268.5,4220.48,4229.45,34.3,0.81,1.14,2329779.0
SPX,20231003,4269.75,4229.45,4281.15,4216.45,4288.39,-58.94,-1.37,1.51,2430974.0
SPX,20231002,4284.52,4288.39,4300.58,4260.21,4288.05,0.34,0.01,0.94,2419267.0
SPX,20231130,4554.87,4567.8,4569.89,4537.24,4550.58,17.22,0.38,0.72,3541779.0
SPX,20231129,4571.84,4550.58,4587.64,4547.15,4554.89,-4.31,-0.09,0.89,2423616.0
SPX,20231128,4545.55,4554.89,4568.14,4540.51,4550.43,4.46,0.1,0.61,2097873.0
SPX,20231127,4554.86,4550.43,4560.52,4546.32,4559.34,-8.91,-0.2,0.31,2000833.0
SPX,20231124,4555.84,4559.34,4560.31,4552.8,4556.62,2.72,0.06,0.16,883871.63
SPX,20231122,4553.04,4556.62,4568.43,4545.05,4538.19,18.43,0.41,0.52,1886910.0
SPX,20231121,4538.77,4538.19,4542.14,4525.51,4547.38,-9.19,-0.2,0.37,2059444.0
SPX,20231120,4511.7,4547.38,4557.11,4510.36,4514.02,33.36,0.74,1.04,2183095.0
SPX,20231117,4509.55,4514.02,4520.12,4499.66,4508.24,5.78,0.13,0.45,2273204.0
SPX,20231116,4497.08,4508.24,4511.99,4487.83,4502.88,5.36,0.12,0.54,2502114.0
SPX,20231115,4505.3,4502.88,4521.17,4495.31,4495.7,7.18,0.16,0.58,2555968.0
SPX,20231114,4458.97,4495.7,4508.67,4458.97,4411.55,84.15,1.91,1.13,2672132.0
SPX,20231113,4406.66,4411.55,4421.76,4393.82,4415.24,-3.69,-0.08,0.63,1991619.0
SPX,20231110,4364.15,4415.24,4418.03,4353.34,4347.35,67.89,1.56,1.49,2231547.0
SPX,20231109,4391.41,4347.35,4393.4,4343.94,4382.78,-35.43,-0.81,1.13,2361060.0
SPX,20231108,4384.37,4382.78,4391.2,4359.76,4378.38,4.4,0.1,0.72,2285134.0
SPX,20231107,4366.21,4378.38,4386.26,4355.41,4365.98,12.4,0.28,0.71,2273382.0
SPX,20231106,4364.27,4365.98,4372.21,4347.53,4358.34,7.64,0.18,0.57,2177065.0
SPX,20231103,4334.23,4358.34,4373.62,4334.23,4317.78,40.56,0.94,0.91,2683282.0
SPX,20231102,4268.26,4317.78,4319.72,4268.26,4237.86,79.92,1.89,1.21,2808160.0
SPX,20231101,4201.27,4237.86,4245.64,4197.74,4193.8,44.06,1.05,1.14,2804876.0
SPX,20231229,4782.88,4769.83,4788.43,4751.99,4783.35,-13.52,-0.28,0.76,1744617.0
SPX,20231228,4786.44,4783.35,4793.3,4780.98,4781.58,1.77,0.04,0.26,1484576.0
SPX,20231227,4773.45,4781.58,4785.39,4768.9,4774.75,6.83,0.14,0.35,1613388.0
SPX,20231226,4758.86,4774.75,4784.72,4758.45,4754.63,20.12,0.42,0.55,1446123.0
SPX,20231222,4753.92,4754.63,4772.94,4736.77,4746.75,7.88,0.17,0.76,1751108.0
SPX,20231221,4724.29,4746.75,4748.71,4708.35,4698.35,48.4,1.03,0.86,2161613.0
SPX,20231220,4764.73,4698.35,4778.01,4697.82,4768.37,-70.02,-1.47,1.68,2481585.0
SPX,20231219,4743.72,4768.37,4768.69,4743.72,4740.56,27.81,0.59,0.53,2343967.0
SPX,20231218,4725.58,4740.56,4749.52,4725.58,4719.19,21.37,0.45,0.51,2431570.0
SPX,20231215,4714.23,4719.19,4725.53,4704.69,4719.55,-0.36,-0.01,0.44,5291443.0
SPX,20231214,4721.04,4719.55,4738.57,4694.34,4707.09,12.46,0.26,0.94,3861365.0
SPX,20231213,4646.2,4707.09,4709.69,4643.23,4643.7,63.39,1.37,1.43,2968692.0
SPX,20231212,4618.3,4643.7,4643.93,4608.09,4622.44,21.26,0.46,0.78,2348740.0
SPX,20231211,4593.39,4622.44,4623.71,4593.39,4604.37,18.07,0.39,0.66,2421574.0
SPX,20231208,4576.2,4604.37,4609.23,4574.06,4585.59,18.78,0.41,0.77,2307905.0
SPX,20231207,4568.84,4585.59,4590.92,4565.22,4549.34,36.25,0.8,0.56,2457048.0
SPX,20231206,4586.23,4549.34,4590.74,4546.5,4567.18,-17.84,-0.39,0.97,2383220.0
SPX,20231205,4557.25,4567.18,4578.56,4551.68,4569.78,-2.6,-0.06,0.59,2322322.0
SPX,20231204,4564.37,4569.78,4572.37,4546.72,4594.63,-24.85,-0.54,0.56,2465569.0
SPX,20231201,4559.43,4594.63,4599.39,4554.71,4567.8,26.83,0.59,0.98,2505722.0
SPX,20240131,4899.19,4845.65,4906.75,4845.15,4924.97,-79.32,-1.61,1.25,3297264.0
SPX,20240130,4925.89,4924.97,4931.09,4916.27,4927.93,-2.96,-0.06,0.3,2579106.0
SPX,20240129,4892.95,4927.93,4929.31,4887.4,4890.97,36.96,0.76,0.86,2312494.0
SPX,20240126,4888.91,4890.97,4906.69,4881.47,4894.16,-3.19,-0.07,0.52,2388032.0
SPX,20240125,4886.66,4894.16,4898.15,4869.34,4868.55,25.61,0.53,0.59,2903392.0
SPX,20240124,4888.56,4868.55,4903.68,4865.94,4864.6,3.95,0.08,0.78,2675172.0
SPX,20240123,4856.8,4864.6,4866.48,4844.37,4850.43,14.17,0.29,0.46,2388787.0
SPX,20240122,4853.42,4850.43,4868.41,4844.05,4839.81,10.62,0.22,0.5,2633780.0
SPX,20240119,4796.28,4839.81,4842.07,4785.87,4780.94,58.87,1.23,1.18,2758405.0
SPX,20240118,4760.1,4780.94,4785.79,4740.57,4739.21,41.73,0.88,0.95,2591426.0
SPX,20240117,4739.13,4739.21,4744.23,4714.82,4765.98,-26.77,-0.56,0.62,2320341.0
SPX,20240116,4772.35,4765.98,4782.34,4747.12,4783.83,-17.85,-0.37,0.74,2600196.0
SPX,20240112,4791.18,4783.83,4802.4,4768.98,4780.24,3.59,0.08,0.7,2236218.0
SPX,20240111,4792.13,4780.24,4798.5,4739.58,4783.45,-3.21,-0.07,1.23,2320940.0
SPX,20240110,4759.94,4783.45,4790.8,4756.2,4756.5,26.95,0.57,0.73,2160956.0
SPX,20240109,4741.93,4756.5,4765.47,4730.35,4763.54,-7.04,-0.15,0.74,2236453.0
SPX,20240108,4703.7,4763.54,4764.54,4699.82,4697.24,66.3,1.41,1.38,2298968.0
SPX,20240105,4690.57,4697.24,4721.49,4682.11,4688.68,8.56,0.18,0.84,2204800.0
SPX,20240104,4697.42,4688.68,4726.78,4687.53,4704.81,-16.13,-0.34,0.83,2367125.0
SPX,20240103,4725.07,4704.81,4729.29,4699.71,4742.83,-38.02,-0.8,0.62,2462781.0
SPX,20240102,4745.2,4742.83,4754.33,4722.67,4769.83,-27.0,-0.57,0.66,2436433.0
SPX,20240229,5085.36,5096.27,5104.99,5061.89,5069.76,26.51,0.52,0.85,3310290.0
SPX,20240228,5067.2,5069.76,5077.37,5058.35,5078.18,-8.42,-0.17,0.37,2079030.0
SPX,20240227,5074.6,5078.18,5080.69,5057.29,5069.53,8.65,0.17,0.46,2149214.0
SPX,20240226,5093.0,5069.53,5097.66,5068.91,5088.8,-19.27,-0.38,0.56,2248390.0
SPX,20240223,5100.92,5088.8,5111.06,5081.46,5087.03,1.77,0.03,0.58,2256863.0
SPX,20240222,5038.83,5087.03,5094.39,5038.83,4981.8,105.23,2.11,1.12,2575496.0
SPX,20240221,4963.03,4981.8,4983.21,4946.0,4975.51,6.29,0.13,0.75,2254958.0
SPX,20240220,4989.32,4975.51,4993.71,4955.02,5005.57,-30.06,-0.6,0.77,2454587.0
SPX,20240216,5031.13,5005.57,5038.7,4999.52,5029.73,-24.16,-0.48,0.78,2298708.0
SPX,20240215,5003.14,5029.73,5032.72,4999.44,5000.62,29.11,0.58,0.67,2424881.0
SPX,20240214,4976.44,5000.62,5002.52,4956.45,4953.17,47.45,0.96,0.93,2325126.0
SPX,20240213,4967.94,4953.17,4971.3,4920.31,5021.84,-68.67,-1.37,1.02,2581715.0
SPX,20240212,5026.83,5021.84,5048.39,5016.83,5026.61,-4.77,-0.09,0.63,2230538.0
SPX,20240209,5004.17,5026.61,5030.06,5000.34,4997.91,28.7,0.57,0.59,2305689.0
SPX,20240208,4995.16,4997.91,5000.4,4987.09,4995.06,2.85,0.06,0.27,2436612.0
SPX,20240207,4973.05,4995.06,4999.89,4969.05,4954.23,40.83,0.82,0.62,2591207.0
SPX,20240206,4950.16,4954.23,4957.77,4934.88,4942.81,11.42,0.23,0.46,2477503.0
SPX,20240205,4957.19,4942.81,4957.19,4918.09,4958.61,-15.8,-0.32,0.79,2584806.0
SPX,20240202,4916.06,4958.61,4975.29,4907.99,4906.19,52.42,1.07,1.37,2791774.0
SPX,20240201,4861.11,4906.19,4906.97,4853.52,4845.65,60.54,1.25,1.1,2808069.0
SPX,20240328,5248.03,5254.35,5264.85,5245.82,5248.49,5.86,0.11,0.36,2400061.0
SPX,20240327,5226.31,5248.49,5249.26,5213.92,5203.58,44.91,0.86,0.68,2275362.0
SPX,20240326,5228.85,5203.58,5235.16,5203.42,5218.19,-14.61,-0.28,0.61,2254197.0
SPX,20240325,5219.52,5218.19,5229.09,5216.09,5234.18,-15.99,-0.31,0.25,2083558.0
SPX,20240322,5242.48,5234.18,5246.09,5229.87,5241.53,-7.35,-0.14,0.31,2009116.0
SPX,20240321,5253.43,5241.53,5261.1,5240.66,5224.62,16.91,0.32,0.39,2513703.0
SPX,20240320,5181.69,5224.62,5226.19,5171.55,5178.51,46.11,0.89,1.06,2293911.0
SPX,20240319,5139.09,5178.51,5180.31,5131.59,5149.42,29.09,0.56,0.95,2206625.0
SPX,20240318,5154.77,5149.42,5175.6,5145.47,5117.09,32.33,0.63,0.59,2395482.0
SPX,20240315,5123.31,5117.09,5136.86,5104.35,5150.48,-33.39,-0.65,0.63,5156068.0
SPX,20240314,5175.14,5150.48,5176.85,5123.3,5165.31,-14.83,-0.29,1.04,2653396.0
SPX,20240313,5173.49,5165.31,5179.14,5151.88,5175.27,-9.96,-0.19,0.53,2415913.0
SPX,20240312,5134.3,5175.27,5179.87,5114.48,5117.94,57.33,1.12,1.28,2294319.0
SPX,20240311,5111.96,5117.94,5124.66,5091.14,5123.69,-5.75,-0.11,0.65,2207491.0
SPX,20240308,5164.46,5123.69,5189.26,5117.5,5157.36,-33.67,-0.65,1.39,2430071.0
SPX,20240307,5132.38,5157.36,5165.62,5128.21,5104.76,52.6,1.03,0.73,2359269.0
SPX,20240306,5108.03,5104.76,5127.97,5092.22,5078.65,26.11,0.51,0.7,2604927.0
SPX,20240305,5110.52,5078.65,5114.54,5056.82,5130.95,-52.3,-1.02,1.12,2704130.0
SPX,20240304,5130.99,5130.95,5149.67,5127.18,5137.08,-6.13,-0.12,0.44,2818870.0
SPX,20240301,5098.51,5137.08,5140.33,5094.16,5096.27,40.81,0.8,0.91,2453221.0
SPX,20240430,5103.78,5035.69,5110.83,5035.31,5116.17,-80.48,-1.57,1.48,2776658.0
SPX,20240429,5114.13,5116.17,5123.49,5088.65,5099.96,16.21,0.32,0.68,2337163.0
SPX,20240426,5084.65,5099.96,5114.62,5073.14,5048.42,51.54,1.02,0.82,2401044.0
SPX,20240425,5019.88,5048.42,5057.75,4990.58,5071.63,-23.21,-0.46,1.32,2691434.0
SPX,20240424,5084.86,5071.63,5089.48,5047.02,5070.55,1.08,0.02,0.84,2523336.0
SPX,20240423,5028.85,5070.55,5076.12,5027.96,5010.6,59.95,1.2,0.96,2311654.0
SPX,20240422,4987.33,5010.6,5038.84,4969.4,4967.23,43.37,0.87,1.4,2348891.0
SPX,20240419,5005.44,4967.23,5019.02,4953.56,5011.12,-43.89,-0.88,1.31,2733303.0
SPX,20240418,5031.52,5011.12,5056.66,5001.89,5022.21,-11.09,-0.22,1.09,2206949.0
SPX,20240417,5068.97,5022.21,5077.96,5007.25,5051.41,-29.2,-0.58,1.4,2289243.0
SPX,20240416,5064.59,5051.41,5079.84,5039.83,5061.82,-10.41,-0.21,0.79,2334072.0
SPX,20240415,5149.67,5061.82,5168.43,5052.47,5123.41,-61.59,-1.2,2.26,2305702.0
SPX,20240412,5171.51,5123.41,5175.03,5107.94,5199.06,-75.65,-1.46,1.29,2409340.0
SPX,20240411,5172.95,5199.06,5211.78,5138.77,5160.64,38.42,0.74,1.41,2204862.0
SPX,20240410,5167.88,5160.64,5178.43,5138.7,5209.91,-49.27,-0.95,0.76,2288235.0
SPX,20240409,5217.03,5209.91,5224.81,5160.78,5202.39,7.52,0.14,1.23,2025386.0
SPX,20240408,5211.37,5202.39,5219.57,5197.35,5204.34,-1.95,-0.04,0.43,2006990.0
SPX,20240405,5158.95,5204.34,5222.18,5157.21,5147.21,57.13,1.11,1.26,2201732.0
SPX,20240404,5244.05,5147.21,5256.59,5146.06,5211.49,-64.28,-1.23,2.12,2533977.0
SPX,20240403,5194.37,5211.49,5228.75,5194.37,5205.81,5.68,0.11,0.66,2291920.0
SPX,20240402,5204.29,5205.81,5208.34,5184.05,5243.77,-37.96,-0.72,0.46,2404999.0
SPX,20240401,5257.97,5243.77,5263.95,5229.2,5254.35,-10.58,-0.2,0.66,1992072.0
SPX,20240531,5243.21,5277.51,5280.33,5191.68,5235.48,42.03,0.8,1.69,3930923.0
SPX,20240530,5259.77,5235.48,5260.21,5222.1,5266.95,-31.47,-0.6,0.72,2316855.0
SPX,20240529,5278.73,5266.95,5282.27,5262.7,5306.04,-39.09,-0.74,0.37,2213573.0
SPX,20240528,5315.91,5306.04,5315.91,5280.89,5304.72,1.32,0.02,0.66,2103027.0
SPX,20240524,5281.45,5304.72,5311.65,5278.39,5267.84,36.88,0.7,0.63,1743354.0
SPX,20240523,5340.26,5267.84,5341.88,5256.93,5307.01,-39.17,-0.74,1.6,2290682.0
SPX,20240522,5319.28,5307.01,5323.18,5286.01,5321.41,-14.4,-0.27,0.7,2079437.0
SPX,20240521,5298.69,5321.41,5324.32,5297.87,5308.13,13.28,0.25,0.5,1974321.0
SPX,20240520,5305.35,5308.13,5325.32,5302.4,5303.27,4.86,0.09,0.43,1832282.0
SPX,20240517,5303.1,5303.27,5305.45,5283.59,5297.1,6.17,0.12,0.41,1967120.0
SPX,20240516,5310.07,5297.1,5325.49,5296.19,5308.15,-11.05,-0.21,0.55,2212539.0
SPX,20240515,5263.26,5308.15,5311.76,5263.26,5246.68,61.47,1.17,0.92,2309694.0
SPX,20240514,5221.1,5246.68,5250.37,5217.98,5221.42,25.26,0.48,0.62,2029372.0
SPX,20240513,5233.08,5221.42,5237.26,5211.16,5222.68,-1.26,-0.02,0.5,1947454.0
SPX,20240510,5225.49,5222.68,5239.66,5209.68,5214.08,8.6,0.16,0.57,1883333.0
SPX,20240509,5189.03,5214.08,5215.3,5180.41,5187.67,26.41,0.51,0.67,1972155.0
SPX,20240508,5168.98,5187.67,5191.95,5165.86,5187.7,-0.03,0.0,0.5,2091023.0
SPX,20240507,5187.2,5187.7,5200.23,5178.96,5180.74,6.96,0.13,0.41,2275797.0
SPX,20240506,5142.42,5180.74,5181.0,5142.42,5127.79,52.95,1.03,0.75,2174333.0
SPX,20240503,5122.78,5127.79,5139.12,5101.22,5064.2,63.59,1.26,0.75,2441285.0
SPX,20240502,5049.32,5064.2,5073.21,5011.05,5018.39,45.81,0.91,1.24,2622597.0
SPX,20240501,5029.03,5018.39,5096.12,5013.45,5035.69,-17.3,-0.34,1.64,2863485.0
SPX,20240628,5488.48,5460.48,5523.64,5451.12,5482.87,-22.39,-0.41,1.32,4191114.0
SPX,20240627,5473.59,5482.87,5490.81,5467.54,5477.9,4.97,0.09,0.42,2481422.0
SPX,20240626,5460.71,5477.9,5483.14,5451.87,5469.3,8.6,0.16,0.57,2559078.0
SPX,20240625,5460.73,5469.3,5472.88,5446.56,5447.87,21.43,0.39,0.48,2591287.0
SPX,20240624,5459.58,5447.87,5490.66,5447.59,5464.62,-16.75,-0.31,0.79,2764542.0
SPX,20240621,5466.77,5464.62,5478.31,5452.03,5473.17,-8.55,-0.16,0.48,5262188.0
SPX,20240620,5499.99,5473.17,5505.53,5455.56,5487.03,-13.86,-0.25,0.91,2910277.0
SPX,20240618,5476.15,5487.03,5490.38,5471.32,5473.23,13.8,0.25,0.35,2461867.0
SPX,20240617,5431.11,5473.23,5488.5,5420.4,5431.6,41.63,0.77,1.25,2420148.0
SPX,20240614,5424.08,5431.6,5432.39,5403.75,5433.74,-2.14,-0.04,0.53,2243055.0
SPX,20240613,5441.93,5433.74,5441.93,5402.51,5421.03,12.71,0.23,0.73,2400336.0
SPX,20240612,5409.13,5421.03,5447.25,5409.13,5375.32,45.71,0.85,0.71,2704467.0
SPX,20240611,5353.0,5375.32,5375.95,5327.25,5360.79,14.53,0.27,0.91,2348466.0
SPX,20240610,5341.22,5360.79,5365.79,5331.52,5346.99,13.8,0.26,0.64,2429865.0
SPX,20240607,5343.81,5346.99,5375.08,5331.33,5352.96,-5.97,-0.11,0.82,1858112.0
SPX,20240606,5357.8,5352.96,5362.35,5335.36,5354.03,-1.07,-0.02,0.5,2010878.0
SPX,20240605,5314.48,5354.03,5354.16,5297.64,5291.34,62.69,1.18,1.07,2146263.0
SPX,20240604,5278.24,5291.34,5298.8,5257.63,5283.4,7.94,0.15,0.78,2164150.0
SPX,20240603,5297.15,5283.4,5302.11,5234.32,5277.51,5.89,0.11,1.28,2302965.0
SPX,20240731,5505.59,5522.3,5551.51,5493.75,5436.44,85.86,1.58,1.06,3414672.0
SPX,20240730,5478.73,5436.44,5489.46,5401.7,5463.54,-27.1,-0.5,1.61,2986625.0
SPX,20240729,5476.55,5463.54,5487.74,5444.44,5459.1,4.44,0.08,0.79,2365508.0
SPX,20240726,5433.67,5459.1,5488.32,5430.7,5399.22,59.88,1.11,1.07,2629670.0
SPX,20240725,5428.7,5399.22,5491.59,5390.95,5427.13,-27.91,-0.51,1.85,3527915.0
SPX,20240724,5505.84,5427.13,5508.04,5419.98,5555.74,-128.61,-2.31,1.59,3019958.0
SPX,20240723,5565.3,5555.74,5585.34,5550.9,5564.41,-8.67,-0.16,0.62,2396798.0
SPX,20240722,5544.54,5564.41,5570.36,5529.04,5505.0,59.41,1.08,0.75,2510186.0
SPX,20240719,5543.37,5505.0,5557.5,5497.04,5544.59,-39.59,-0.71,1.09,2649395.0
SPX,20240718,5608.56,5544.59,5614.05,5522.81,5588.27,-43.68,-0.78,1.63,2925864.0
SPX,20240717,5610.07,5588.27,5622.49,5584.81,5667.2,-78.93,-1.39,0.66,3147942.0
SPX,20240716,5644.09,5667.2,5669.67,5639.02,5631.22,35.98,0.64,0.54,2531434.0
SPX,20240715,5638.16,5631.22,5666.94,5614.75,5615.35,15.87,0.28,0.93,2413953.0
SPX,20240712,5590.76,5615.35,5655.56,5590.44,5584.54,30.81,0.55,1.17,2518290.0
SPX,20240711,5635.21,5584.54,5642.45,5576.53,5633.91,-49.37,-0.88,1.17,2891783.0
SPX,20240710,5591.26,5633.91,5635.39,5586.44,5576.98,56.93,1.02,0.88,2293788.0
SPX,20240709,5584.24,5576.98,5590.75,5574.57,5572.85,4.13,0.07,0.29,2410304.0
SPX,20240708,5572.75,5572.85,5583.11,5562.51,5567.19,5.66,0.1,0.37,2367963.0
SPX,20240705,5537.91,5567.19,5570.33,5531.63,5537.02,30.17,0.54,0.7,2251077.0
SPX,20240703,5507.44,5537.02,5539.27,5507.42,5509.01,28.01,0.51,0.58,1549367.0
SPX,20240702,5461.84,5509.01,5509.69,5458.43,5475.09,33.92,0.62,0.94,2304048.0
SPX,20240701,5471.08,5475.09,5479.55,5446.53,5460.48,14.61,0.27,0.6,2405262.0
SPX,20240830,5612.74,5648.4,5651.37,5581.79,5591.96,56.44,1.01,1.24,2762260.0
SPX,20240829,5607.3,5591.96,5646.95,5583.71,5592.18,-0.22,0.0,1.13,2310418.0
SPX,20240828,5624.51,5592.18,5627.03,5560.95,5625.8,-33.62,-0.6,1.17,2132471.0
SPX,20240827,5602.89,5625.8,5631.18,5593.48,5616.84,8.96,0.16,0.67,1976076.0
SPX,20240826,5639.66,5616.84,5651.62,5602.34,5634.61,-17.77,-0.32,0.87,2001283.0
SPX,20240823,5602.49,5634.61,5641.82,5585.16,5570.64,63.97,1.15,1.02,2202183.0
SPX,20240822,5637.77,5570.64,5643.22,5560.95,5620.85,-50.21,-0.89,1.46,2194647.0
SPX,20240821,5603.09,5620.85,5632.68,5591.57,5597.12,23.73,0.42,0.73,2012469.0
SPX,20240820,5602.88,5597.12,5620.51,5585.5,5608.25,-11.13,-0.2,0.62,2107091.0
SPX,20240819,5557.23,5608.25,5608.3,5550.74,5554.25,54.0,0.97,1.04,2087595.0
SPX,20240816,5530.5,5554.25,5561.98,5525.17,5543.22,11.03,0.2,0.66,2268720.0
SPX,20240815,5501.13,5543.22,5546.23,5501.13,5455.21,88.01,1.61,0.83,2634229.0
SPX,20240814,5442.36,5455.21,5463.22,5415.91,5434.43,20.78,0.38,0.87,2314941.0
SPX,20240813,5376.98,5434.43,5436.5,5376.98,5344.39,90.04,1.68,1.11,2570812.0
SPX,20240812,5351.88,5344.39,5371.2,5324.37,5344.16,0.23,0.0,0.88,2260298.0
SPX,20240809,5314.66,5344.16,5358.67,5300.84,5319.31,24.85,0.47,1.09,2166862.0
SPX,20240808,5252.57,5319.31,5328.03,5233.85,5199.5,119.81,2.3,1.81,2678077.0
SPX,20240807,5293.13,5199.5,5330.64,5195.54,5240.03,-40.53,-0.77,2.58,2941853.0
SPX,20240806,5206.42,5240.03,5312.34,5193.56,5186.33,53.7,1.04,2.29,3151390.0
SPX,20240805,5151.14,5186.33,5250.89,5119.26,5346.56,-160.23,-3.0,2.46,3980390.0
SPX,20240802,5376.63,5346.56,5383.89,5302.03,5446.68,-100.12,-1.84,1.5,3978703.0
SPX,20240801,5537.84,5446.68,5566.16,5410.42,5522.3,-75.62,-1.37,2.82,3418904.0
SPX,20240930,5726.52,5762.48,5765.14,5703.53,5738.17,24.31,0.42,1.07,2512100.0
SPX,20240927,5755.36,5738.17,5763.78,5727.34,5745.37,-7.2,-0.13,0.63,2317410.0
SPX,20240926,5762.22,5745.37,5767.37,5721.01,5722.26,23.11,0.4,0.81,2756431.0
SPX,20240925,5733.65,5722.26,5741.03,5712.06,5732.93,-10.67,-0.19,0.51,2450341.0
SPX,20240924,5727.66,5732.93,5735.32,5698.99,5718.57,14.36,0.25,0.64,2571338.0
SPX,20240923,5711.9,5718.57,5725.36,5704.22,5702.55,16.02,0.28,0.37,2429303.0
SPX,20240920,5709.64,5702.55,5715.14,5674.49,5713.64,-11.09,-0.19,0.71,5736380.0
SPX,20240919,5702.63,5713.64,5733.57,5686.42,5618.26,95.38,1.7,0.84,2789941.0
SPX,20240918,5641.68,5618.26,5689.75,5615.08,5634.58,-16.32,-0.29,1.33,2458455.0
SPX,20240917,5655.51,5634.58,5670.81,5614.05,5633.09,1.49,0.03,1.01,2342474.0
SPX,20240916,5615.21,5633.09,5636.05,5604.53,5626.02,7.07,0.13,0.56,2318066.0
SPX,20240913,5603.34,5626.02,5636.27,5601.65,5595.76,30.26,0.54,0.62,2202686.0
SPX,20240912,5557.48,5595.76,5600.71,5535.5,5554.13,41.63,0.75,1.17,2572651.0
SPX,20240911,5496.42,5554.13,5560.41,5406.96,5495.52,58.61,1.07,2.79,2798709.0
SPX,20240910,5490.51,5495.52,5497.91,5441.72,5471.05,24.47,0.45,1.03,2530774.0
SPX,20240909,5442.07,5471.05,5484.2,5434.49,5408.42,62.63,1.16,0.92,2563089.0
SPX,20240906,5507.33,5408.42,5522.47,5402.62,5503.41,-94.99,-1.73,2.18,2796173.0
SPX,20240905,5520.08,5503.41,5546.3,5480.54,5520.07,-16.66,-0.3,1.19,2438758.0
SPX,20240904,5506.68,5520.07,5552.99,5503.66,5528.93,-8.86,-0.16,0.89,2476389.0
SPX,20240903,5623.89,5528.93,5623.89,5504.33,5648.4,-119.47,-2.12,2.12,2889026.0
SPX,20241031,5775.34,5705.45,5775.34,5702.86,5813.67,-108.22,-1.86,1.25,3332361.0
SPX,20241030,5832.65,5813.67,5850.94,5811.28,5832.92,-19.25,-0.33,0.68,2847423.0
SPX,20241029,5819.68,5832.92,5847.19,5802.17,5823.52,9.4,0.16,0.77,2572019.0
SPX,20241028,5833.93,5823.52,5842.92,5823.08,5808.12,15.4,0.27,0.34,2209335.0
SPX,20241025,5826.75,5808.12,5862.82,5799.98,5809.86,-1.74,-0.03,1.08,2270597.0
SPX,20241024,5817.8,5809.86,5817.8,5784.92,5797.42,12.44,0.21,0.57,2283228.0
SPX,20241023,5834.5,5797.42,5834.85,5762.41,5851.2,-53.78,-0.92,1.24,2375100.0
SPX,20241022,5832.7,5851.2,5863.04,5821.17,5853.98,-2.78,-0.05,0.72,2245294.0
SPX,20241021,5857.82,5853.98,5866.92,5824.79,5864.67,-10.69,-0.18,0.72,2091356.0
SPX,20241018,5859.43,5864.67,5872.17,5846.11,5841.47,23.2,0.4,0.45,2157845.0
SPX,20241017,5875.62,5841.47,5878.46,5840.25,5842.47,-1.0,-0.02,0.65,2394376.0
SPX,20241016,5816.58,5842.47,5846.52,5808.34,5815.26,27.21,0.47,0.66,2301295.0
SPX,20241015,5866.74,5815.26,5870.36,5804.48,5859.85,-44.59,-0.76,1.12,2828510.0
SPX,20241014,5829.81,5859.85,5871.41,5829.57,5815.03,44.82,0.77,0.72,2003295.0
SPX,20241011,5775.09,5815.03,5822.13,5775.09,5780.05,34.98,0.61,0.81,2154169.0
SPX,20241010,5778.36,5780.05,5795.03,5764.76,5792.04,-11.99,-0.21,0.52,2091866.0
SPX,20241009,5751.8,5792.04,5796.8,5745.02,5751.13,40.91,0.71,0.9,2222041.0
SPX,20241008,5719.14,5751.13,5757.6,5714.56,5695.94,55.19,0.97,0.76,2274877.0
SPX,20241007,5737.8,5695.94,5739.34,5686.85,5751.07,-55.13,-0.96,0.91,2384805.0
SPX,20241004,5737.48,5751.07,5753.21,5702.83,5699.94,51.13,0.9,0.88,2211353.0
SPX,20241003,5698.19,5699.94,5718.78,5677.37,5709.54,-9.6,-0.17,0.73,2199795.0
SPX,20241002,5698.14,5709.54,5719.63,5674.0,5708.75,0.79,0.01,0.8,2224345.0
SPX,20241001,5757.73,5708.75,5757.73,5681.28,5762.48,-53.73,-0.93,1.33,2623242.0
SPX,20241129,6003.98,6032.38,6044.17,6003.98,5998.74,33.64,0.56,0.67,1446140.0
SPX,20241127,6014.11,5998.74,6020.16,5984.87,6021.63,-22.89,-0.38,0.59,2090790.0
SPX,20241126,6000.03,6021.63,6025.42,5992.27,5987.37,34.26,0.57,0.55,2416828.0
SPX,20241125,5992.28,5987.37,6020.75,5963.91,5969.34,18.03,0.3,0.95,3948305.0
SPX,20241122,5944.36,5969.34,5972.9,5944.36,5948.71,20.63,0.35,0.48,2609740.0
SPX,20241121,5940.58,5948.71,5963.32,5887.26,5917.11,31.6,0.53,1.29,2857015.0
SPX,20241120,5914.34,5917.11,5920.67,5860.56,5916.98,0.13,0.0,1.02,2578080.0
SPX,20241119,5870.05,5916.98,5923.51,5855.29,5893.62,23.36,0.4,1.16,2673923.0
SPX,20241118,5874.17,5893.62,5908.12,5865.95,5870.62,23.0,0.39,0.72,2820487.0
SPX,20241115,5912.79,5870.62,5915.32,5853.01,5949.17,-78.55,-1.32,1.05,3288789.0
SPX,20241114,5989.68,5949.17,5993.88,5942.28,5985.38,-36.21,-0.6,0.86,2623462.0
SPX,20241113,5985.75,5985.38,6008.19,5965.91,5983.99,1.39,0.02,0.71,2602203.0
SPX,20241112,6003.6,5983.99,6009.92,5960.08,6001.35,-17.36,-0.29,0.83,2611468.0
SPX,20241111,6008.86,6001.35,6017.31,5986.69,5995.54,5.81,0.1,0.51,2714210.0
SPX,20241108,5976.76,5995.54,6012.45,5976.76,5973.1,22.44,0.38,0.6,2756537.0
SPX,20241107,5947.21,5973.1,5983.84,5947.21,5929.04,44.06,0.74,0.62,3071244.0
SPX,20241106,5864.89,5929.04,5936.14,5864.89,5782.76,146.28,2.53,1.23,4192067.0
SPX,20241105,5722.43,5782.76,5783.44,5722.1,5712.69,70.07,1.23,1.07,2366843.0
SPX,20241104,5725.15,5712.69,5741.43,5696.51,5728.8,-16.11,-0.28,0.78,2423396.0
SPX,20241101,5723.22,5728.8,5772.52,5723.22,5705.45,23.35,0.41,0.86,2742173.0
SPX,20241231,5919.74,5881.63,5929.74,5868.86,5906.94,-25.31,-0.43,1.03,1785852.0
SPX,20241230,5920.67,5906.94,5940.79,5869.16,5970.84,-63.9,-1.07,1.2,1927546.0
SPX,20241227,6006.17,5970.84,6006.17,5932.95,6037.59,-66.75,-1.11,1.21,1807641.0
SPX,20241226,6024.97,6037.59,6049.75,6007.37,6040.04,-2.45,-0.04,0.7,1482485.0
SPX,20241225,5984.63,6040.04,6040.1,5981.44,6040.04,0.0,0.0,0.97,
SPX,20241224,5984.63,6040.04,6040.1,5981.44,5974.07,65.97,1.1,0.98,1127118.0
SPX,20241223,5940.25,5974.07,5978.25,5902.57,5930.85,43.22,0.73,1.28,2311069.0
SPX,20241220,5842.0,5930.85,5982.06,5832.3,5867.08,63.77,1.09,2.55,6347727.0
SPX,20241219,5912.71,5867.08,5935.52,5866.07,5872.16,-5.08,-0.09,1.18,3217379.0
SPX,20241218,6047.65,5872.16,6070.67,5867.79,6050.61,-178.45,-2.95,3.35,3301322.0
SPX,20241217,6052.55,6050.61,6057.68,6035.19,6074.08,-23.47,-0.39,0.37,3000899.0
SPX,20241216,6063.79,6074.08,6085.19,6059.14,6051.09,22.99,0.38,0.43,3097240.0
SPX,20241213,6068.17,6051.09,6078.58,6035.77,6051.25,-0.16,0.0,0.71,2443474.0
SPX,20241212,6074.29,6051.25,6079.68,6051.25,6084.19,-32.94,-0.54,0.47,2378727.0
SPX,20241211,6060.15,6084.19,6092.59,6060.15,6034.91,49.28,0.82,0.54,2856985.0
SPX,20241210,6057.59,6034.91,6065.4,6029.89,6052.85,-17.94,-0.3,0.59,2778369.0
SPX,20241209,6083.01,6052.85,6088.51,6048.63,6090.27,-37.42,-0.61,0.65,2924094.0
SPX,20241206,6081.38,6090.27,6099.97,6079.98,6075.11,15.16,0.25,0.33,2494916.0
SPX,20241205,6089.03,6075.11,6094.55,6072.9,6086.49,-11.38,-0.19,0.36,2638049.0
SPX,20241204,6069.39,6086.49,6089.84,6061.06,6049.88,36.61,0.61,0.48,2629947.0
SPX,20241203,6042.97,6049.88,6052.07,6033.39,6047.15,2.73,0.05,0.31,2631960.0
SPX,20241202,6040.11,6047.15,6053.58,6035.33,6032.38,14.77,0.24,0.3,2724891.0
SPX,20250131,6096.79,6040.53,6120.91,6030.93,6071.17,-30.64,-0.5,1.48,3517384.0
SPX,20250130,6050.75,6071.17,6086.64,6027.46,6039.31,31.86,0.53,0.98,3068266.0
SPX,20250129,6057.7,6039.31,6062.83,6012.96,6067.7,-28.39,-0.47,0.82,2830742.0
SPX,20250128,6026.97,6067.7,6074.54,5994.63,6012.28,55.42,0.92,1.33,3319837.0
SPX,20250127,5969.04,6012.28,6017.17,5962.92,6101.24,-88.96,-1.46,0.89,4076897.0
SPX,20250124,6121.43,6101.24,6128.18,6088.74,6118.71,-17.47,-0.29,0.64,2507792.0
SPX,20250123,6076.32,6118.71,6118.73,6074.67,6086.37,32.34,0.53,0.72,2474451.0
SPX,20250122,6081.39,6086.37,6100.81,6076.13,6049.24,37.13,0.61,0.41,2857125.0
SPX,20250121,6014.12,6049.24,6051.51,6006.88,5996.66,52.58,0.88,0.74,3041263.0
SPX,20250117,5995.4,5996.66,6014.96,5978.44,5937.34,59.32,1.0,0.62,2984862.0
SPX,20250116,5963.61,5937.34,5964.69,5930.72,5949.91,-12.57,-0.21,0.57,2515872.0
SPX,20250115,5905.21,5949.91,5960.61,5905.21,5842.91,107.0,1.83,0.95,2740995.0
SPX,20250114,5859.27,5842.91,5871.92,5805.42,5836.22,6.69,0.11,1.14,2434957.0
SPX,20250113,5782.02,5836.22,5838.61,5773.31,5827.04,9.18,0.16,1.12,2721451.0
SPX,20250110,5890.35,5827.04,5890.35,5807.78,5918.25,-91.21,-1.54,1.4,3055778.0
SPX,20250108,5910.66,5918.25,5927.89,5874.78,5909.03,9.22,0.16,0.9,2502210.0
SPX,20250107,5993.26,5909.03,6000.68,5890.68,5975.38,-66.35,-1.11,1.84,2676438.0
SPX,20250106,5982.81,5975.38,6021.04,5960.01,5942.47,32.91,0.55,1.03,2802830.0
SPX,20250103,5891.07,5942.47,5949.34,5888.66,5868.55,73.92,1.26,1.03,2190353.0
SPX,20250102,5903.26,5868.55,5935.09,5829.53,5881.63,-13.08,-0.22,1.79,2210071.0
SPX,20250228,5856.74,5954.5,5959.4,5837.66,5861.57,92.93,1.59,2.08,4316693.0
SPX,20250227,5981.88,5861.57,5993.69,5858.78,5956.06,-94.49,-1.59,2.27,3331942.0
SPX,20250226,5970.87,5956.06,6009.82,5932.69,5955.25,0.81,0.01,1.3,2964610.0
SPX,20250225,5982.73,5955.25,5992.65,5908.49,5983.25,-28.0,-0.47,1.41,3485187.0
SPX,20250224,6026.69,5983.25,6043.65,5977.83,6013.13,-29.88,-0.5,1.09,3282444.0
SPX,20250221,6114.1,6013.13,6114.82,6008.56,6117.52,-104.39,-1.71,1.74,3386529.0
SPX,20250220,6134.5,6117.52,6134.5,6084.59,6144.15,-26.63,-0.43,0.81,2957559.0
SPX,20250219,6117.76,6144.15,6147.43,6111.15,6129.58,14.57,0.24,0.59,3043365.0
SPX,20250218,6121.6,6129.58,6129.63,6099.51,6114.63,14.95,0.24,0.49,3260380.0
SPX,20250214,6115.52,6114.63,6127.47,6107.62,6115.07,-0.44,-0.01,0.32,2801121.0
SPX,20250213,6060.59,6115.07,6116.91,6050.95,6051.97,63.1,1.04,1.09,2949594.0
SPX,20250212,6025.08,6051.97,6063.0,6003.0,6068.5,-16.53,-0.27,0.99,2878167.0
SPX,20250211,6049.32,6068.5,6076.28,6042.34,6066.44,2.06,0.03,0.56,2748396.0
SPX,20250210,6046.4,6066.44,6073.38,6044.84,6025.99,40.45,0.67,0.47,2743606.0
SPX,20250207,6083.13,6025.99,6101.28,6019.96,6083.57,-57.58,-0.95,1.34,2940570.0
SPX,20250206,6072.22,6083.57,6084.03,6046.83,6061.48,22.09,0.36,0.61,3084795.0
SPX,20250205,6020.45,6061.48,6062.86,6007.06,6037.88,23.6,0.39,0.92,3147723.0
SPX,20250204,5998.14,6037.88,6042.48,5990.87,5994.57,43.31,0.72,0.86,3054209.0
SPX,20250203,5969.65,5994.57,6022.13,5923.93,6040.53,-45.96,-0.76,1.63,3289468.0
SPX,20250331,5527.91,5611.85,5627.56,5488.73,5580.94,30.91,0.55,2.49,3675244.0
SPX,20250328,5679.2,5580.94,5685.89,5572.42,5693.31,-112.37,-1.97,1.99,2837703.0
SPX,20250327,5695.64,5693.31,5732.28,5670.94,5712.2,-18.89,-0.33,1.07,2824605.0
SPX,20250326,5771.66,5712.2,5783.62,5694.41,5776.65,-64.45,-1.12,1.54,2865457.0
SPX,20250325,5775.96,5776.65,5786.95,5760.42,5767.57,9.08,0.16,0.46,2675650.0
SPX,20250324,5718.08,5767.57,5775.14,5718.08,5667.56,100.01,1.76,1.01,3039852.0
SPX,20250321,5630.73,5667.56,5670.84,5603.1,5662.89,4.67,0.08,1.2,6468496.0
SPX,20250320,5646.92,5662.89,5711.15,5632.33,5675.29,-12.4,-0.22,1.39,2841249.0
SPX,20250319,5632.37,5675.29,5715.33,5622.2,5614.66,60.63,1.08,1.66,3021919.0
SPX,20250318,5654.53,5614.66,5654.53,5597.76,5675.12,-60.46,-1.07,1.0,2895841.0
SPX,20250317,5635.6,5675.12,5703.52,5631.12,5638.94,36.18,0.64,1.28,2983958.0
SPX,20250314,5563.85,5638.94,5645.27,5563.85,5521.52,117.42,2.13,1.47,3011969.0
SPX,20250313,5594.45,5521.52,5597.78,5504.65,5599.3,-77.78,-1.39,1.66,3323485.0
SPX,20250312,5624.84,5599.3,5642.19,5546.09,5572.07,27.23,0.49,1.72,3450862.0
SPX,20250311,5603.65,5572.07,5636.3,5528.41,5614.56,-42.49,-0.76,1.92,4112822.0
SPX,20250310,5705.37,5614.56,5705.37,5564.02,5770.2,-155.64,-2.7,2.45,4333777.0
SPX,20250307,5726.01,5770.2,5783.01,5666.29,5738.52,31.68,0.55,2.03,3959743.0
SPX,20250306,5785.87,5738.52,5812.08,5711.64,5842.63,-104.11,-1.78,1.72,3339781.0
SPX,20250305,5781.36,5842.63,5860.59,5742.35,5778.15,64.48,1.12,2.05,3325532.0
SPX,20250304,5811.98,5778.15,5865.08,5732.59,5849.72,-71.57,-1.22,2.26,4246586.0
SPX,20250303,5968.33,5849.72,5986.09,5810.91,5954.5,-104.78,-1.76,2.94,3603000.0
SPX,20250430,5499.44,5569.06,5581.84,5433.24,5560.83,8.23,0.15,2.67,3742261.0
SPX,20250429,5508.87,5560.83,5571.95,5505.7,5528.75,32.08,0.58,1.2,2812451.0
SPX,20250428,5529.22,5528.75,5553.66,5468.64,5525.21,3.54,0.06,1.54,2767087.0
SPX,20250425,5489.73,5525.21,5528.11,5455.86,5484.77,40.44,0.74,1.32,2943164.0
SPX,20250424,5381.38,5484.77,5489.4,5371.96,5375.86,108.91,2.03,2.18,3138911.0
SPX,20250423,5395.92,5375.86,5469.69,5356.17,5287.76,88.1,1.67,2.15,3535896.0
SPX,20250422,5207.67,5287.76,5309.61,5207.67,5158.2,129.56,2.51,1.98,3049426.0
SPX,20250421,5232.94,5158.2,5232.94,5101.63,5282.7,-124.5,-2.36,2.49,2953935.0
SPX,20250417,5305.45,5282.7,5328.31,5255.58,5275.7,7.0,0.13,1.38,3140857.0
SPX,20250416,5335.75,5275.7,5367.24,5220.79,5396.63,-120.93,-2.24,2.71,3337000.0
SPX,20250415,5411.99,5396.63,5450.41,5386.44,5405.97,-9.34,-0.17,1.18,2806101.0
SPX,20250414,5441.96,5405.97,5459.46,5358.02,5363.36,42.61,0.79,1.89,3281233.0
SPX,20250411,5255.56,5363.36,5381.46,5220.77,5268.05,95.31,1.81,3.05,3746061.0
SPX,20250410,5353.15,5268.05,5353.15,5115.27,5456.9,-188.85,-3.46,4.36,4796068.0
SPX,20250409,4965.28,5456.9,5481.34,4948.43,4982.77,474.13,9.52,10.7,6666213.0
SPX,20250408,5193.57,4982.77,5267.47,4910.42,5062.25,-79.48,-1.57,7.05,5074219.0
SPX,20250407,4953.79,5062.25,5246.57,4835.04,5074.08,-11.83,-0.23,8.11,6239428.0
SPX,20250404,5292.14,5074.08,5292.14,5069.9,5396.52,-322.44,-5.97,4.12,6052894.0
SPX,20250403,5492.74,5396.52,5499.53,5390.83,5670.97,-274.45,-4.84,1.92,4996896.0
SPX,20250402,5580.76,5670.97,5695.31,5571.48,5633.07,37.9,0.67,2.2,2742941.0
SPX,20250401,5597.53,5633.07,5650.57,5558.52,5611.85,21.22,0.38,1.64,2781333.0
SPX,20250530,5903.67,5911.69,5922.14,5843.66,5912.17,-0.48,-0.01,1.33,4812539.0
SPX,20250529,5939.96,5912.17,5943.13,5873.8,5888.55,23.62,0.4,1.18,2851904.0
SPX,20250528,5925.54,5888.55,5939.92,5881.88,5921.54,-32.99,-0.56,0.98,2613507.0
SPX,20250527,5854.07,5921.54,5924.33,5854.07,5802.82,118.72,2.05,1.21,2882838.0
SPX,20250523,5781.89,5802.82,5829.51,5767.41,5842.01,-39.19,-0.67,1.06,2550252.0
SPX,20250522,5841.26,5842.01,5878.08,5825.82,5844.61,-2.6,-0.04,0.89,2780782.0
SPX,20250521,5910.18,5844.61,5938.37,5830.91,5940.46,-95.85,-1.61,1.81,3112418.0
SPX,20250520,5944.66,5940.46,5953.06,5909.26,5963.6,-23.14,-0.39,0.73,2543563.0
SPX,20250519,5902.88,5963.6,5968.61,5895.69,5958.38,5.22,0.09,1.22,2576640.0
SPX,20250516,5929.09,5958.38,5958.62,5907.36,5916.93,41.45,0.7,0.87,2931804.0
SPX,20250515,5869.82,5916.93,5924.21,5865.16,5892.58,24.35,0.41,1.0,3138352.0
SPX,20250514,5896.74,5892.58,5906.55,5872.11,5886.55,6.03,0.1,0.59,3445233.0
SPX,20250513,5854.15,5886.55,5906.64,5845.02,5844.19,42.36,0.72,1.05,3512934.0
SPX,20250512,5807.2,5844.19,5845.37,5786.08,5659.91,184.28,3.26,1.05,3756162.0
SPX,20250509,5679.65,5659.91,5691.69,5644.15,5663.94,-4.03,-0.07,0.84,2429495.0
SPX,20250508,5663.6,5663.94,5720.1,5635.38,5631.28,32.66,0.58,1.5,3208687.0
SPX,20250507,5614.18,5631.28,5654.73,5578.64,5606.91,24.37,0.43,1.36,3197894.0
SPX,20250506,5605.87,5606.91,5649.58,5586.04,5650.38,-43.47,-0.77,1.12,2767165.0
SPX,20250505,5655.32,5650.38,5683.38,5634.48,5686.67,-36.29,-0.64,0.86,2693789.0
SPX,20250502,5645.88,5686.67,5700.7,5642.28,5604.14,82.53,1.47,1.04,3010090.0
SPX,20250501,5625.14,5604.14,5658.91,5597.35,5569.06,35.08,0.63,1.11,3224921.0
SPX,20250630,6193.36,6204.95,6215.08,6174.97,6173.07,31.88,0.52,0.65,3341749.0
SPX,20250627,6150.7,6173.07,6187.68,6132.35,6141.02,32.05,0.52,0.9,4593036.0
SPX,20250626,6112.09,6141.02,6146.52,6107.27,6092.16,48.86,0.8,0.64,3030187.0
SPX,20250625,6104.23,6092.16,6108.51,6080.09,6092.18,-0.02,0.0,0.47,2877947.0
SPX,20250624,6061.21,6092.18,6101.76,6059.25,6025.17,67.01,1.11,0.71,3266927.0
SPX,20250623,5969.67,6025.17,6028.77,5943.23,5967.84,57.33,0.96,1.43,3240747.0
SPX,20250620,5999.67,5967.84,6018.2,5952.56,5980.87,-13.03,-0.22,1.1,5166023.0
SPX,20250618,5987.93,5980.87,6018.25,5971.89,5982.72,-1.85,-0.03,0.77,2941500.0
SPX,20250617,6012.15,5982.72,6023.25,5974.8,6033.11,-50.39,-0.84,0.8,2830518.0
SPX,20250616,6004.0,6033.11,6050.83,6004.0,5976.97,56.14,0.94,0.78,2870307.0
SPX,20250613,6000.56,5976.97,6026.16,5963.21,6045.26,-68.29,-1.13,1.04,3001802.0
SPX,20250612,6009.9,6045.26,6045.43,6003.88,6022.24,23.02,0.38,0.69,2614509.0
SPX,20250611,6049.38,6022.24,6059.4,6002.32,6038.81,-16.57,-0.27,0.95,2978585.0
SPX,20250610,6009.91,6038.81,6043.01,6000.28,6005.88,32.93,0.55,0.71,2976909.0
SPX,20250609,6004.63,6005.88,6021.31,5994.18,6000.36,5.52,0.09,0.45,2882904.0
SPX,20250606,5987.06,6000.36,6016.87,5978.63,5939.3,61.06,1.03,0.64,2557851.0
SPX,20250605,5985.67,5939.3,5999.7,5921.2,5970.81,-31.51,-0.53,1.31,3128217.0
SPX,20250604,5978.94,5970.81,5990.48,5966.11,5970.37,0.44,0.01,0.41,2680332.0
SPX,20250603,5938.56,5970.37,5981.35,5929.0,5935.94,34.43,0.58,0.88,2959610.0
SPX,20250602,5896.68,5935.94,5937.4,5861.43,5911.69,24.25,0.41,1.29,2747395.0
SPX,20250731,6427.02,6339.39,6427.02,6327.64,6362.9,-23.51,-0.37,1.56,4064512.0
SPX,20250730,6381.23,6362.9,6396.54,6336.38,6370.86,-7.96,-0.12,0.94,3318617.0
SPX,20250729,6405.62,6370.86,6409.26,6363.92,6389.77,-18.91,-0.3,0.71,3249724.0
SPX,20250728,6397.69,6389.77,6401.07,6375.79,6388.64,1.13,0.02,0.4,2850714.0
SPX,20250725,6370.01,6388.64,6395.82,6368.53,6363.35,25.29,0.4,0.43,2992173.0
SPX,20250724,6368.6,6363.35,6381.31,6360.57,6358.91,4.44,0.07,0.33,3364123.0
SPX,20250723,6326.9,6358.91,6360.64,6317.49,6309.62,49.29,0.78,0.68,3236477.0
SPX,20250722,6306.6,6309.62,6316.12,6281.71,6305.6,4.02,0.06,0.55,2984047.0
SPX,20250721,6304.74,6305.6,6336.08,6303.79,6296.79,8.81,0.14,0.51,2664791.0
SPX,20250718,6312.95,6296.79,6315.61,6285.27,6297.36,-0.57,-0.01,0.48,3045581.0
SPX,20250717,6263.4,6297.36,6304.69,6262.27,6263.7,33.66,0.54,0.68,3032166.0
SPX,20250716,6254.5,6263.7,6268.12,6201.59,6243.76,19.94,0.32,1.07,2965045.0
SPX,20250715,6295.29,6243.76,6302.04,6241.68,6268.56,-24.8,-0.4,0.96,3107476.0
SPX,20250714,6255.15,6268.56,6273.31,6239.22,6259.75,8.81,0.14,0.54,2714541.0
SPX,20250711,6255.68,6259.75,6269.44,6237.6,6280.46,-20.71,-0.33,0.51,2619070.0
SPX,20250710,6266.8,6280.46,6290.22,6251.44,6263.26,17.2,0.27,0.62,2828822.0
SPX,20250709,6243.33,6263.26,6269.16,6231.43,6225.52,37.74,0.61,0.61,2811986.0
SPX,20250708,6234.03,6225.52,6242.7,6217.75,6229.98,-4.46,-0.07,0.4,3004892.0
SPX,20250707,6259.04,6229.98,6262.07,6201.0,6279.35,-49.37,-0.79,0.97,2745691.0
SPX,20250703,6246.46,6279.35,6284.65,6246.46,6227.42,51.93,0.83,0.61,1822312.0
SPX,20250702,6193.88,6227.42,6227.6,6188.29,6198.01,29.41,0.47,0.63,3137017.0
SPX,20250701,6187.25,6198.01,6210.78,6177.97,6204.95,-6.94,-0.11,0.53,3552404.0
SPX,20250829,6489.28,6460.26,6491.76,6444.57,6501.86,-41.6,-0.64,0.73,2546180.0
SPX,20250828,6483.84,6501.86,6508.23,6466.96,6481.4,20.46,0.32,0.64,2615361.0
SPX,20250827,6462.26,6481.4,6487.06,6457.84,6465.94,15.46,0.24,0.45,2910864.0
SPX,20250826,6435.49,6465.94,6468.37,6429.21,6439.32,26.62,0.41,0.61,3237986.0
SPX,20250825,6457.67,6439.32,6466.89,6438.06,6466.91,-27.59,-0.43,0.45,2483636.0
SPX,20250822,6384.59,6466.91,6478.89,6384.59,6370.17,96.74,1.52,1.48,3043140.0
SPX,20250821,6380.83,6370.17,6393.65,6352.71,6395.78,-25.61,-0.4,0.64,2422545.0
SPX,20250820,6406.62,6395.78,6408.4,6343.86,6411.37,-15.59,-0.24,1.01,3031684.0
SPX,20250819,6446.24,6411.37,6456.48,6400.22,6449.15,-37.78,-0.59,0.87,2900381.0
SPX,20250818,6445.02,6449.15,6455.35,6437.7,6449.8,-0.65,-0.01,0.27,2572651.0
SPX,20250815,6477.38,6449.8,6481.34,6441.85,6468.54,-18.74,-0.29,0.61,3147835.0
SPX,20250814,6453.46,6468.54,6473.92,6441.07,6466.58,1.96,0.03,0.51,2766449.0
SPX,20250813,6462.67,6466.58,6480.28,6445.02,6445.76,20.82,0.32,0.55,3088354.0
SPX,20250812,6395.17,6445.76,6446.55,6385.76,6373.45,72.31,1.13,0.95,2870584.0
SPX,20250811,6389.67,6373.45,6407.25,6364.06,6389.45,-16.0,-0.25,0.68,2882117.0
SPX,20250808,6355.22,6389.45,6395.16,6355.22,6340.0,49.45,0.78,0.63,2816499.0
SPX,20250807,6374.32,6340.0,6389.71,6310.32,6345.06,-5.06,-0.08,1.25,3147667.0
SPX,20250806,6309.3,6345.06,6352.83,6301.11,6299.19,45.87,0.73,0.82,3273683.0
SPX,20250805,6336.63,6299.19,6346.0,6289.37,6329.94,-30.75,-0.49,0.89,3161668.0
SPX,20250804,6271.71,6329.94,6330.69,6271.71,6238.01,91.93,1.47,0.95,3001427.0
SPX,20250801,6287.28,6238.01,6287.28,6212.69,6339.39,-101.38,-1.6,1.18,3612532.0
SPX,20250930,6656.19,6688.46,6691.25,6641.0,6661.21,27.25,0.41,0.75,3519970.0
SPX,20250929,6661.58,6661.21,6677.31,6644.49,6643.7,17.51,0.26,0.49,3188290.0
SPX,20250926,6615.38,6643.7,6648.97,6604.43,6604.72,38.98,0.59,0.67,2909116.0
SPX,20250925,6608.19,6604.72,6619.0,6569.22,6637.97,-33.25,-0.5,0.75,3297853.0
SPX,20250924,6669.79,6637.97,6672.66,6621.76,6656.92,-18.95,-0.28,0.76,2973055.0
SPX,20250923,6692.44,6656.92,6699.52,6645.58,6693.75,-36.83,-0.55,0.81,3104179.0
SPX,20250922,6654.28,6693.75,6698.88,6648.07,6664.36,29.39,0.44,0.76,3275039.0
SPX,20250918,6626.85,6631.96,6656.8,6611.89,6600.35,31.61,0.48,0.68,3473903.0
SPX,20250917,6604.87,6600.35,6624.39,6551.15,6606.76,-6.41,-0.1,1.11,3024891.0
SPX,20250916,6624.13,6606.76,6626.99,6600.11,6615.28,-8.52,-0.13,0.41,2888764.0
SPX,20250915,6603.49,6615.28,6619.62,6602.07,6584.29,30.99,0.47,0.27,2902054.0
SPX,20250912,6590.66,6584.29,6600.21,6579.49,6587.47,-3.18,-0.05,0.31,2978174.0
SPX,20250911,6554.41,6587.47,6592.89,6545.8,6532.04,55.43,0.85,0.72,3242831.0
SPX,20250910,6550.29,6532.04,6555.97,6516.34,6512.61,19.43,0.3,0.61,3160981.0
SPX,20250909,6503.33,6512.61,6518.23,6483.08,6495.15,17.46,0.27,0.54,2652338.0
SPX,20250908,6498.09,6495.15,6508.67,6483.29,6481.5,13.65,0.21,0.39,2993596.0
SPX,20250905,6529.08,6481.5,6532.65,6443.98,6502.08,-20.58,-0.32,1.36,3160634.0
SPX,20250904,6456.6,6502.08,6502.54,6445.98,6448.26,53.82,0.83,0.88,2722880.0
SPX,20250903,6445.82,6448.26,6453.67,6416.17,6415.54,32.72,0.51,0.58,2768763.0
SPX,20250902,6401.51,6415.54,6416.54,6360.58,6460.26,-44.72,-0.69,0.87,2867490.0
SPX,20251031,6879.17,6840.2,6879.17,6814.26,6822.34,17.86,0.26,0.95,3777567.0
SPX,20251030,6860.5,6822.34,6880.75,6820.69,6890.59,-68.25,-0.99,0.87,3911031.0
SPX,20251029,6910.95,6890.59,6920.34,6851.91,6890.89,-0.3,0.0,0.99,3970464.0
SPX,20251028,6897.74,6890.89,6911.3,6870.73,6875.16,15.73,0.23,0.59,3370216.0
SPX,20251027,6845.46,6875.16,6877.28,6843.94,6791.69,83.47,1.23,0.49,3270474.0
SPX,20251024,6772.07,6791.69,6807.11,6772.07,6738.44,53.25,0.79,0.52,3027309.0
SPX,20251023,6703.65,6738.44,6749.53,6700.14,6699.4,39.04,0.58,0.74,3317281.0
SPX,20251022,6741.34,6699.4,6741.75,6655.69,6735.35,-35.95,-0.53,1.28,3407490.0
SPX,20251021,6736.75,6735.35,6752.16,6722.03,6735.13,0.22,0.0,0.45,3124256.0
SPX,20251020,6690.05,6735.13,6744.35,6690.05,6664.01,71.12,1.07,0.81,2653125.0
SPX,20251017,6613.27,6664.01,6678.88,6603.76,6629.07,34.94,0.53,1.13,3130835.0
SPX,20251016,6689.02,6629.07,6709.34,6593.99,6671.06,-41.99,-0.63,1.73,3301840.0
SPX,20251015,6688.27,6671.06,6724.12,6612.11,6644.31,26.75,0.4,1.69,2936923.0
SPX,20251014,6602.49,6644.31,6680.7,6555.07,6654.72,-10.41,-0.16,1.89,2971655.0
SPX,20251013,6622.53,6654.72,6668.68,6620.71,6552.51,102.21,1.56,0.73,2695691.0
SPX,20251010,6740.49,6552.51,6762.4,6550.78,6735.11,-182.6,-2.71,3.14,3530625.0
SPX,20251009,6760.5,6735.11,6764.58,6716.17,6753.72,-18.61,-0.28,0.72,2800768.0
SPX,20251008,6723.87,6753.72,6755.64,6718.09,6714.59,39.13,0.58,0.56,2876408.0
SPX,20251007,6746.14,6714.59,6754.49,6699.96,6740.28,-25.69,-0.38,0.81,3033658.0
SPX,20251006,6733.86,6740.28,6749.52,6717.78,6715.79,24.49,0.36,0.47,3240663.0
SPX,20251003,6722.14,6715.79,6750.87,6705.67,6715.35,0.44,0.01,0.67,2900595.0
SPX,20251002,6731.31,6715.35,6731.94,6693.23,6711.2,4.15,0.06,0.58,3026790.0
SPX,20251001,6664.92,6711.2,6718.48,6656.2,6688.46,22.74,0.34,0.93,3495588.0
SPX,20251128,6822.52,6849.09,6850.86,6819.75,6812.61,36.48,0.54,0.46,1479261.0
SPX,20251126,6793.55,6812.61,6831.44,6783.87,6765.88,46.73,0.69,0.7,2724579.0
SPX,20251125,6697.03,6765.88,6776.4,6659.98,6705.12,60.76,0.91,1.74,3295357.0
SPX,20251124,6636.54,6705.12,6715.75,6630.7,6602.99,102.13,1.55,1.29,4453666.0
SPX,20251121,6555.77,6602.99,6660.05,6521.92,6538.76,64.23,0.98,2.11,4020556.0
SPX,20251120,6737.93,6538.76,6770.35,6534.05,6642.16,-103.4,-1.56,3.56,3725506.0
SPX,20251119,6625.84,6642.16,6689.75,6603.5,6617.32,24.84,0.38,1.3,3101765.0
SPX,20251118,6641.19,6617.32,6666.63,6574.32,6672.41,-55.09,-0.83,1.38,3291906.0
SPX,20251117,6713.61,6672.41,6754.5,6638.9,6734.11,-61.7,-0.92,1.72,3196879.0
SPX,20251114,6672.14,6734.11,6774.31,6646.87,6737.49,-3.38,-0.05,1.89,3114116.0
SPX,20251113,6826.47,6737.49,6828.05,6724.72,6850.92,-113.43,-1.66,1.51,3371885.0
SPX,20251112,6867.77,6850.92,6869.91,6829.62,6846.61,4.31,0.06,0.59,2948318.0
SPX,20251111,6815.64,6846.61,6855.13,6806.87,6832.43,14.18,0.21,0.71,2798113.0
SPX,20251110,6785.36,6832.43,6841.32,6770.56,6728.8,103.63,1.54,1.05,3147459.0
SPX,20251107,6696.18,6728.8,6730.11,6631.44,6720.32,8.48,0.13,1.47,3552269.0
SPX,20251106,6787.59,6720.32,6796.68,6707.51,6796.29,-75.97,-1.12,1.31,3602127.0
SPX,20251105,6769.77,6796.29,6829.78,6763.11,6771.55,24.74,0.37,0.98,3497780.0
SPX,20251104,6788.52,6771.55,6820.21,6766.71,6851.97,-80.42,-1.17,0.78,3766081.0
SPX,20251103,6882.32,6851.97,6882.32,6820.62,6840.2,11.77,0.17,0.9,3696846.0
SPX,20251209,6840.61,6840.51,6864.92,6837.43,6846.51,-6.0,-0.09,0.4,2757883.0
SPX,20251208,6875.2,6846.51,6878.27,6827.19,6870.4,-23.89,-0.35,0.74,3191290.0
SPX,20251205,6866.32,6870.4,6895.78,6858.29,6857.12,13.28,0.19,0.55,3146163.0
SPX,20251204,6866.47,6857.12,6866.47,6827.12,6849.72,7.4,0.11,0.57,2961946.0
SPX,20251203,6815.29,6849.72,6862.42,6810.43,6829.37,20.35,0.3,0.76,2967645.0
SPX,20251202,6830.96,6829.37,6851.55,6806.71,6812.63,16.74,0.25,0.66,2996901.0
SPX,20251201,6812.3,6812.63,6843.65,6799.94,6849.09,-36.46,-0.53,0.64,2786725.0
