date,CNY_USD,USD_INDEX,US_10Y,US_CPI
1947/1/1,,,,21.48
1947/2/1,,,,21.62
1947/3/1,,,,22
1947/4/1,,,,22
1947/5/1,,,,21.95
1947/6/1,,,,22.08
1947/7/1,,,,22.23
1947/8/1,,,,22.4
1947/9/1,,,,22.84
1947/10/1,,,,22.91
1947/11/1,,,,23.06
1947/12/1,,,,23.41
1948/1/1,,,,23.68
1948/2/1,,,,23.67
1948/3/1,,,,23.5
1948/4/1,,,,23.82
1948/5/1,,,,24.01
1948/6/1,,,,24.15
1948/7/1,,,,24.4
1948/8/1,,,,24.43
1948/9/1,,,,24.36
1948/10/1,,,,24.31
1948/11/1,,,,24.16
1948/12/1,,,,24.05
1949/1/1,,,,24.01
1949/2/1,,,,23.91
1949/3/1,,,,23.91
1949/4/1,,,,23.92
1949/5/1,,,,23.91
1949/6/1,,,,23.92
1949/7/1,,,,23.7
1949/8/1,,,,23.7
1949/9/1,,,,23.75
1949/10/1,,,,23.67
1949/11/1,,,,23.7
1949/12/1,,,,23.61
1950/1/1,,,,23.51
1950/2/1,,,,23.61
1950/3/1,,,,23.64
1950/4/1,,,,23.65
1950/5/1,,,,23.77
1950/6/1,,,,23.88
1950/7/1,,,,24.07
1950/8/1,,,,24.2
1950/9/1,,,,24.34
1950/10/1,,,,24.5
1950/11/1,,,,24.6
1950/12/1,,,,24.98
1951/1/1,,,,25.38
1951/2/1,,,,25.83
1951/3/1,,,,25.88
1951/4/1,,,,25.92
1951/5/1,,,,25.99
1951/6/1,,,,25.93
1951/7/1,,,,25.91
1951/8/1,,,,25.86
1951/9/1,,,,26.03
1951/10/1,,,,26.16
1951/11/1,,,,26.32
1951/12/1,,,,26.47
1952/1/1,,,,26.45
1952/2/1,,,,26.41
1952/3/1,,,,26.39
1952/4/1,,,,26.46
1952/5/1,,,,26.47
1952/6/1,,,,26.53
1952/7/1,,,,26.68
1952/8/1,,,,26.69
1952/9/1,,,,26.63
1952/10/1,,,,26.69
1952/11/1,,,,26.69
1952/12/1,,,,26.71
1953/1/1,,,,26.64
1953/2/1,,,,26.59
1953/3/1,,,,26.63
1953/4/1,,,,26.69
1953/5/1,,,,26.7
1953/6/1,,,,26.77
1953/7/1,,,,26.79
1953/8/1,,,,26.85
1953/9/1,,,,26.89
1953/10/1,,,,26.95
1953/11/1,,,,26.85
1953/12/1,,,,26.87
1954/1/1,,,,26.94
1954/2/1,,,,26.99
1954/3/1,,,,26.93
1954/4/1,,,,26.86
1954/5/1,,,,26.93
1954/6/1,,,,26.94
1954/7/1,,,,26.86
1954/8/1,,,,26.85
1954/9/1,,,,26.81
1954/10/1,,,,26.72
1954/11/1,,,,26.78
1954/12/1,,,,26.77
1955/1/1,,,,26.77
1955/2/1,,,,26.82
1955/3/1,,,,26.79
1955/4/1,,,,26.79
1955/5/1,,,,26.77
1955/6/1,,,,26.71
1955/7/1,,,,26.76
1955/8/1,,,,26.72
1955/9/1,,,,26.85
1955/10/1,,,,26.82
1955/11/1,,,,26.88
1955/12/1,,,,26.87
1956/1/1,,,,26.83
1956/2/1,,,,26.86
1956/3/1,,,,26.89
1956/4/1,,,,26.93
1956/5/1,,,,27.03
1956/6/1,,,,27.15
1956/7/1,,,,27.29
1956/8/1,,,,27.31
1956/9/1,,,,27.35
1956/10/1,,,,27.51
1956/11/1,,,,27.51
1956/12/1,,,,27.63
1957/1/1,,,,27.67
1957/2/1,,,,27.8
1957/3/1,,,,27.86
1957/4/1,,,,27.93
1957/5/1,,,,28
1957/6/1,,,,28.11
1957/7/1,,,,28.19
1957/8/1,,,,28.28
1957/9/1,,,,28.32
1957/10/1,,,,28.32
1957/11/1,,,,28.41
1957/12/1,,,,28.47
1958/1/1,,,,28.64
1958/2/1,,,,28.7
1958/3/1,,,,28.87
1958/4/1,,,,28.94
1958/5/1,,,,28.94
1958/6/1,,,,28.91
1958/7/1,,,,28.89
1958/8/1,,,,28.94
1958/9/1,,,,28.91
1958/10/1,,,,28.91
1958/11/1,,,,28.95
1958/12/1,,,,28.97
1959/1/1,,,,29.01
1959/2/1,,,,29
1959/3/1,,,,28.97
1959/4/1,,,,28.98
1959/5/1,,,,29.04
1959/6/1,,,,29.11
1959/7/1,,,,29.15
1959/8/1,,,,29.18
1959/9/1,,,,29.25
1959/10/1,,,,29.35
1959/11/1,,,,29.35
1959/12/1,,,,29.41
1960/1/1,,,,29.37
1960/2/1,,,,29.41
1960/3/1,,,,29.41
1960/4/1,,,,29.54
1960/5/1,,,,29.57
1960/6/1,,,,29.61
1960/7/1,,,,29.55
1960/8/1,,,,29.61
1960/9/1,,,,29.61
1960/10/1,,,,29.75
1960/11/1,,,,29.78
1960/12/1,,,,29.81
1961/1/1,,,,29.84
1961/2/1,,,,29.84
1961/3/1,,,,29.84
1961/4/1,,,,29.81
1961/5/1,,,,29.84
1961/6/1,,,,29.84
1961/7/1,,,,29.92
1961/8/1,,,,29.94
1961/9/1,,,,29.98
1961/10/1,,,,29.98
1961/11/1,,,,29.98
1961/12/1,,,,30.01
1962/1/1,,,,30.04
1962/1/2,,,4.06,
1962/1/3,,,4.03,
1962/1/4,,,3.99,
1962/1/5,,,4.02,
1962/1/8,,,4.03,
1962/1/9,,,4.05,
1962/1/10,,,4.07,
1962/1/11,,,4.08,
1962/1/12,,,4.08,
1962/1/15,,,4.1,
1962/1/16,,,4.13,
1962/1/17,,,4.12,
1962/1/18,,,4.11,
1962/1/19,,,4.11,
1962/1/22,,,4.09,
1962/1/23,,,4.11,
1962/1/24,,,4.1,
1962/1/25,,,4.11,
1962/1/26,,,4.11,
1962/1/29,,,4.12,
1962/1/30,,,4.11,
1962/1/31,,,4.1,
1962/2/1,,,4.09,30.11
1962/2/2,,,4.08,
1962/2/5,,,4.07,
1962/2/6,,,4.06,
1962/2/7,,,4.07,
1962/2/8,,,4.07,
1962/2/9,,,4.05,
1962/2/12,,,,
1962/2/13,,,4.03,
1962/2/14,,,4.03,
1962/2/15,,,4.02,
1962/2/16,,,4.02,
1962/2/19,,,4.01,
1962/2/20,,,4.05,
1962/2/21,,,4.03,
1962/2/22,,,,
1962/2/23,,,4.02,
1962/2/26,,,4,
1962/2/27,,,4.01,
1962/2/28,,,4,
1962/3/1,,,3.98,30.17
1962/3/2,,,3.98,
1962/3/5,,,4,
1962/3/6,,,4.01,
1962/3/7,,,4,
1962/3/8,,,3.98,
1962/3/9,,,3.96,
1962/3/12,,,3.94,
1962/3/13,,,3.92,
1962/3/14,,,3.93,
1962/3/15,,,3.96,
1962/3/16,,,3.96,
1962/3/19,,,3.93,
1962/3/20,,,3.91,
1962/3/21,,,3.86,
1962/3/22,,,3.83,
1962/3/23,,,3.87,
1962/3/26,,,3.89,
1962/3/27,,,3.9,
1962/3/28,,,3.9,
1962/3/29,,,3.9,
1962/3/30,,,3.86,
1962/4/1,,,,30.21
1962/4/2,,,3.86,
1962/4/3,,,3.83,
1962/4/4,,,3.78,
1962/4/5,,,3.84,
1962/4/6,,,3.81,
1962/4/9,,,3.83,
1962/4/10,,,3.83,
1962/4/11,,,3.87,
1962/4/12,,,3.86,
1962/4/13,,,3.85,
1962/4/16,,,3.83,
1962/4/17,,,3.82,
1962/4/18,,,3.81,
1962/4/19,,,3.82,
1962/4/20,,,,
1962/4/23,,,3.86,
1962/4/24,,,3.87,
1962/4/25,,,3.88,
1962/4/26,,,3.89,
1962/4/27,,,3.86,
1962/4/30,,,3.86,
1962/5/1,,,3.85,30.24
1962/5/2,,,3.86,
1962/5/3,,,3.86,
1962/5/4,,,3.87,
1962/5/7,,,3.86,
1962/5/8,,,3.85,
1962/5/9,,,3.82,
1962/5/10,,,3.83,
1962/5/11,,,3.82,
1962/5/14,,,3.85,
1962/5/15,,,3.87,
1962/5/16,,,3.86,
1962/5/17,,,3.87,
1962/5/18,,,3.93,
1962/5/21,,,3.94,
1962/5/22,,,3.93,
1962/5/23,,,3.91,
1962/5/24,,,3.9,
1962/5/25,,,3.88,
1962/5/28,,,3.87,
1962/5/29,,,3.89,
1962/5/30,,,,
1962/5/31,,,3.9,
1962/6/1,,,3.89,30.21
1962/6/4,,,3.88,
1962/6/5,,,3.89,
1962/6/6,,,3.89,
1962/6/7,,,3.87,
1962/6/8,,,3.86,
1962/6/11,,,3.87,
1962/6/12,,,3.86,
1962/6/13,,,3.87,
1962/6/14,,,3.9,
1962/6/15,,,3.89,
1962/6/18,,,3.91,
1962/6/19,,,3.93,
1962/6/20,,,3.92,
1962/6/21,,,3.9,
1962/6/22,,,3.9,
1962/6/25,,,3.95,
1962/6/26,,,3.97,
1962/6/27,,,3.96,
1962/6/28,,,3.98,
1962/6/29,,,4,
1962/7/1,,,,30.22
1962/7/2,,,4,
1962/7/3,,,4,
1962/7/4,,,,
1962/7/5,,,4,
1962/7/6,,,4.02,
1962/7/9,,,4.05,
1962/7/10,,,4.02,
1962/7/11,,,3.99,
1962/7/12,,,4,
1962/7/13,,,4,
1962/7/16,,,4.01,
1962/7/17,,,4.03,
1962/7/18,,,4.02,
1962/7/19,,,4.02,
1962/7/20,,,4.01,
1962/7/23,,,4,
1962/7/24,,,4.01,
1962/7/25,,,4.02,
1962/7/26,,,4.01,
1962/7/27,,,4.02,
1962/7/30,,,4.03,
1962/7/31,,,4.04,
1962/8/1,,,4.03,30.28
1962/8/2,,,4,
1962/8/3,,,4.01,
1962/8/6,,,4.01,
1962/8/7,,,4.02,
1962/8/8,,,4.01,
1962/8/9,,,3.99,
1962/8/10,,,3.99,
1962/8/13,,,3.99,
1962/8/14,,,3.98,
1962/8/15,,,3.98,
1962/8/16,,,3.96,
1962/8/17,,,3.96,
1962/8/20,,,3.94,
1962/8/21,,,3.94,
1962/8/22,,,3.95,
1962/8/23,,,3.95,
1962/8/24,,,3.95,
1962/8/27,,,3.95,
1962/8/28,,,3.96,
1962/8/29,,,3.96,
1962/8/30,,,3.95,
1962/8/31,,,3.96,
1962/9/1,,,,30.42
1962/9/3,,,,
1962/9/4,,,3.96,
1962/9/5,,,3.97,
1962/9/6,,,3.99,
1962/9/7,,,4.01,
1962/9/10,,,4,
1962/9/11,,,4,
1962/9/12,,,4,
1962/9/13,,,3.99,
1962/9/14,,,3.99,
1962/9/17,,,3.99,
1962/9/18,,,3.98,
1962/9/19,,,3.99,
1962/9/20,,,3.98,
1962/9/21,,,3.98,
1962/9/24,,,3.97,
1962/9/25,,,3.96,
1962/9/26,,,3.95,
1962/9/27,,,3.95,
1962/9/28,,,3.94,
1962/10/1,,,3.93,30.38
1962/10/2,,,3.92,
1962/10/3,,,3.9,
1962/10/4,,,3.9,
1962/10/5,,,3.92,
1962/10/8,,,3.93,
1962/10/9,,,3.95,
1962/10/10,,,3.93,
1962/10/11,,,3.94,
1962/10/12,,,,
1962/10/15,,,3.94,
1962/10/16,,,3.94,
1962/10/17,,,3.94,
1962/10/18,,,3.92,
1962/10/19,,,3.88,
1962/10/22,,,3.91,
1962/10/23,,,3.94,
1962/10/24,,,3.94,
1962/10/25,,,3.94,
1962/10/26,,,3.93,
1962/10/29,,,3.92,
1962/10/30,,,3.92,
1962/10/31,,,3.92,
1962/11/1,,,3.92,30.38
1962/11/2,,,3.91,
1962/11/5,,,3.91,
1962/11/6,,,,
1962/11/7,,,3.91,
1962/11/8,,,3.9,
1962/11/9,,,3.89,
1962/11/12,,,,
1962/11/13,,,3.9,
1962/11/14,,,3.91,
1962/11/15,,,3.91,
1962/11/16,,,3.93,
1962/11/19,,,3.93,
1962/11/20,,,3.93,
1962/11/21,,,3.92,
1962/11/22,,,,
1962/11/23,,,3.92,
1962/11/26,,,3.93,
1962/11/27,,,3.92,
1962/11/28,,,3.92,
1962/11/29,,,3.92,
1962/11/30,,,3.92,
1962/12/1,,,,30.38
1962/12/3,,,3.93,
1962/12/4,,,3.94,
1962/12/5,,,3.93,
1962/12/6,,,3.92,
1962/12/7,,,3.91,
1962/12/10,,,3.9,
1962/12/11,,,3.89,
1962/12/12,,,3.88,
1962/12/13,,,3.88,
1962/12/14,,,3.87,
1962/12/17,,,3.85,
1962/12/18,,,3.83,
1962/12/19,,,3.84,
1962/12/20,,,3.83,
1962/12/21,,,3.81,
1962/12/24,,,3.79,
1962/12/25,,,,
1962/12/26,,,3.79,
1962/12/27,,,3.81,
1962/12/28,,,3.84,
1962/12/31,,,3.85,
1963/1/1,,,,30.44
1963/1/2,,,3.82,
1963/1/3,,,3.81,
1963/1/4,,,3.84,
1963/1/7,,,3.83,
1963/1/8,,,3.81,
1963/1/9,,,3.82,
1963/1/10,,,3.81,
1963/1/11,,,3.8,
1963/1/14,,,3.81,
1963/1/15,,,3.8,
1963/1/16,,,3.8,
1963/1/17,,,3.82,
1963/1/18,,,3.84,
1963/1/21,,,3.85,
1963/1/22,,,3.86,
1963/1/23,,,3.86,
1963/1/24,,,3.86,
1963/1/25,,,3.85,
1963/1/28,,,3.86,
1963/1/29,,,3.86,
1963/1/30,,,3.86,
1963/1/31,,,3.87,
1963/2/1,,,3.88,30.48
1963/2/4,,,3.89,
1963/2/5,,,3.9,
1963/2/6,,,3.91,
1963/2/7,,,3.91,
1963/2/8,,,3.91,
1963/2/11,,,3.92,
1963/2/12,,,,
1963/2/13,,,3.92,
1963/2/14,,,3.91,
1963/2/15,,,3.91,
1963/2/18,,,3.91,
1963/2/19,,,3.93,
1963/2/20,,,3.94,
1963/2/21,,,3.95,
1963/2/22,,,,
1963/2/25,,,3.95,
1963/2/26,,,3.95,
1963/2/27,,,3.95,
1963/2/28,,,3.94,
1963/3/1,,,3.93,30.51
1963/3/4,,,3.92,
1963/3/5,,,3.92,
1963/3/6,,,3.91,
1963/3/7,,,3.92,
1963/3/8,,,3.92,
1963/3/11,,,3.92,
1963/3/12,,,3.92,
1963/3/13,,,3.92,
1963/3/14,,,3.92,
1963/3/15,,,3.92,
1963/3/18,,,3.92,
1963/3/19,,,3.92,
1963/3/20,,,3.92,
1963/3/21,,,3.92,
1963/3/22,,,3.93,
1963/3/25,,,3.94,
1963/3/26,,,3.96,
1963/3/27,,,3.96,
1963/3/28,,,3.96,
1963/3/29,,,3.95,
1963/4/1,,,3.95,30.48
1963/4/2,,,3.96,
1963/4/3,,,3.96,
1963/4/4,,,3.95,
1963/4/5,,,3.95,
1963/4/8,,,3.97,
1963/4/9,,,3.98,
1963/4/10,,,4,
1963/4/11,,,4,
1963/4/12,,,,
1963/4/15,,,4.01,
1963/4/16,,,4,
1963/4/17,,,4,
1963/4/18,,,3.99,
1963/4/19,,,3.97,
1963/4/22,,,3.97,
1963/4/23,,,3.97,
1963/4/24,,,3.96,
1963/4/25,,,3.95,
1963/4/26,,,3.95,
1963/4/29,,,3.95,
1963/4/30,,,3.95,
1963/5/1,,,3.94,30.51
1963/5/2,,,3.94,
1963/5/3,,,3.93,
1963/5/6,,,3.92,
1963/5/7,,,3.91,
1963/5/8,,,3.92,
1963/5/9,,,3.93,
1963/5/10,,,3.93,
1963/5/13,,,3.92,
1963/5/14,,,3.91,
1963/5/15,,,3.91,
1963/5/16,,,3.9,
1963/5/17,,,3.92,
1963/5/20,,,3.93,
1963/5/21,,,3.92,
1963/5/22,,,3.92,
1963/5/23,,,3.93,
1963/5/24,,,3.95,
1963/5/27,,,3.95,
1963/5/28,,,3.96,
1963/5/29,,,3.96,
1963/5/30,,,,
1963/5/31,,,3.96,
1963/6/1,,,,30.61
1963/6/3,,,3.98,
1963/6/4,,,3.98,
1963/6/5,,,3.98,
1963/6/6,,,3.99,
1963/6/7,,,3.99,
1963/6/10,,,3.99,
1963/6/11,,,3.98,
1963/6/12,,,3.99,
1963/6/13,,,3.99,
1963/6/14,,,3.99,
1963/6/17,,,4,
1963/6/18,,,4,
1963/6/19,,,4,
1963/6/20,,,4,
1963/6/21,,,4,
1963/6/24,,,4,
1963/6/25,,,4,
1963/6/26,,,4,
1963/6/27,,,4,
1963/6/28,,,4,
1963/7/1,,,4.01,30.69
1963/7/2,,,4.03,
1963/7/3,,,4.03,
1963/7/4,,,,
1963/7/5,,,4.04,
1963/7/8,,,4.05,
1963/7/9,,,4.04,
1963/7/10,,,4.03,
1963/7/11,,,4.04,
1963/7/12,,,4.03,
1963/7/15,,,4.02,
1963/7/16,,,4.02,
1963/7/17,,,4.03,
1963/7/18,,,4.02,
1963/7/19,,,4.02,
1963/7/22,,,4.02,
1963/7/23,,,4.02,
1963/7/24,,,4.01,
1963/7/25,,,4.01,
1963/7/26,,,3.99,
1963/7/29,,,3.99,
1963/7/30,,,4,
1963/7/31,,,4,
1963/8/1,,,3.99,30.75
1963/8/2,,,3.99,
1963/8/5,,,3.99,
1963/8/6,,,4,
1963/8/7,,,4.01,
1963/8/8,,,4,
1963/8/9,,,4,
1963/8/12,,,4.01,
1963/8/13,,,4.02,
1963/8/14,,,4.02,
1963/8/15,,,4.01,
1963/8/16,,,4,
1963/8/19,,,3.99,
1963/8/20,,,3.99,
1963/8/21,,,4,
1963/8/22,,,4,
1963/8/23,,,4,
1963/8/26,,,4,
1963/8/27,,,4,
1963/8/28,,,4,
1963/8/29,,,4.01,
1963/8/30,,,4.02,
1963/9/1,,,,30.72
1963/9/2,,,,
1963/9/3,,,4.03,
1963/9/4,,,4.04,
1963/9/5,,,4.08,
1963/9/6,,,4.09,
1963/9/9,,,4.09,
1963/9/10,,,4.09,
1963/9/11,,,4.09,
1963/9/12,,,4.09,
1963/9/13,,,4.09,
1963/9/16,,,4.09,
1963/9/17,,,4.09,
1963/9/18,,,4.08,
1963/9/19,,,4.08,
1963/9/20,,,4.07,
1963/9/23,,,4.07,
1963/9/24,,,4.08,
1963/9/25,,,4.08,
1963/9/26,,,4.08,
1963/9/27,,,4.07,
1963/9/30,,,4.07,
1963/10/1,,,4.07,30.75
1963/10/2,,,4.07,
1963/10/3,,,4.07,
1963/10/4,,,4.08,
1963/10/7,,,4.08,
1963/10/8,,,4.09,
1963/10/9,,,4.1,
1963/10/10,,,4.1,
1963/10/11,,,4.1,
1963/10/14,,,4.1,
1963/10/15,,,4.11,
1963/10/16,,,4.11,
1963/10/17,,,4.12,
1963/10/18,,,4.12,
1963/10/21,,,4.12,
1963/10/22,,,4.11,
1963/10/23,,,4.12,
1963/10/24,,,4.11,
1963/10/25,,,4.12,
1963/10/28,,,4.12,
1963/10/29,,,4.13,
1963/10/30,,,4.14,
1963/10/31,,,4.15,
1963/11/1,,,4.15,30.78
1963/11/4,,,4.15,
1963/11/5,,,,
1963/11/6,,,4.17,
1963/11/7,,,4.17,
1963/11/8,,,4.16,
1963/11/11,,,,
1963/11/12,,,4.16,
1963/11/13,,,4.15,
1963/11/14,,,4.12,
1963/11/15,,,4.11,
1963/11/18,,,4.11,
1963/11/19,,,4.1,
1963/11/20,,,4.09,
1963/11/21,,,4.1,
1963/11/22,,,4.09,
1963/11/25,,,,
1963/11/26,,,4.08,
1963/11/27,,,4.08,
1963/11/28,,,,
1963/11/29,,,4.08,
1963/12/1,,,,30.88
1963/12/2,,,4.09,
1963/12/3,,,4.1,
1963/12/4,,,4.1,
1963/12/5,,,4.11,
1963/12/6,,,4.11,
1963/12/9,,,4.1,
1963/12/10,,,4.1,
1963/12/11,,,4.12,
1963/12/12,,,4.12,
1963/12/13,,,4.13,
1963/12/16,,,4.15,
1963/12/17,,,4.15,
1963/12/18,,,4.15,
1963/12/19,,,4.14,
1963/12/20,,,4.15,
1963/12/23,,,4.15,
1963/12/24,,,4.15,
1963/12/25,,,,
1963/12/26,,,4.15,
1963/12/27,,,4.15,
1963/12/30,,,4.14,
1963/12/31,,,4.14,
1964/1/1,,,,30.94
1964/1/2,,,4.14,
1964/1/3,,,4.15,
1964/1/6,,,4.16,
1964/1/7,,,4.15,
1964/1/8,,,4.18,
1964/1/9,,,4.18,
1964/1/10,,,4.18,
1964/1/13,,,4.18,
1964/1/14,,,4.18,
1964/1/15,,,4.18,
1964/1/16,,,4.17,
1964/1/17,,,4.17,
1964/1/20,,,4.16,
1964/1/21,,,4.16,
1964/1/22,,,4.16,
1964/1/23,,,4.16,
1964/1/24,,,4.18,
1964/1/27,,,4.18,
1964/1/28,,,4.17,
1964/1/29,,,4.17,
1964/1/30,,,4.16,
1964/1/31,,,4.15,
1964/2/1,,,,30.91
1964/2/3,,,4.15,
1964/2/4,,,4.15,
1964/2/5,,,4.15,
1964/2/6,,,4.14,
1964/2/7,,,4.14,
1964/2/10,,,4.14,
1964/2/11,,,4.14,
1964/2/12,,,,
1964/2/13,,,4.13,
1964/2/14,,,4.13,
1964/2/17,,,4.13,
1964/2/18,,,4.14,
1964/2/19,,,4.14,
1964/2/20,,,4.14,
1964/2/21,,,,
1964/2/24,,,4.15,
1964/2/25,,,4.15,
1964/2/26,,,4.15,
1964/2/27,,,4.17,
1964/2/28,,,4.18,
1964/3/1,,,,30.94
1964/3/2,,,4.17,
1964/3/3,,,4.18,
1964/3/4,,,4.19,
1964/3/5,,,4.19,
1964/3/6,,,4.19,
1964/3/9,,,4.2,
1964/3/10,,,4.2,
1964/3/11,,,4.21,
1964/3/12,,,4.21,
1964/3/13,,,4.22,
1964/3/16,,,4.21,
1964/3/17,,,4.22,
1964/3/18,,,4.23,
1964/3/19,,,4.24,
1964/3/20,,,4.25,
1964/3/23,,,4.25,
1964/3/24,,,4.26,
1964/3/25,,,4.26,
1964/3/26,,,4.25,
1964/3/27,,,,
1964/3/30,,,4.25,
1964/3/31,,,4.23,
1964/4/1,,,4.23,30.95
1964/4/2,,,4.24,
1964/4/3,,,4.25,
1964/4/6,,,4.25,
1964/4/7,,,4.25,
1964/4/8,,,4.22,
1964/4/9,,,4.22,
1964/4/10,,,4.22,
1964/4/13,,,4.23,
1964/4/14,,,4.24,
1964/4/15,,,4.23,
1964/4/16,,,4.23,
1964/4/17,,,4.24,
1964/4/20,,,4.24,
1964/4/21,,,4.23,
1964/4/22,,,4.23,
1964/4/23,,,4.23,
1964/4/24,,,4.23,
1964/4/27,,,4.23,
1964/4/28,,,4.23,
1964/4/29,,,4.22,
1964/4/30,,,4.22,
1964/5/1,,,4.22,30.98
1964/5/4,,,4.22,
1964/5/5,,,4.22,
1964/5/6,,,4.22,
1964/5/7,,,4.22,
1964/5/8,,,4.2,
1964/5/11,,,4.19,
1964/5/12,,,4.19,
1964/5/13,,,4.19,
1964/5/14,,,4.19,
1964/5/15,,,4.19,
1964/5/18,,,4.19,
1964/5/19,,,4.19,
1964/5/20,,,4.2,
1964/5/21,,,4.2,
1964/5/22,,,4.2,
1964/5/25,,,4.19,
1964/5/26,,,4.19,
1964/5/27,,,4.2,
1964/5/28,,,4.19,
1964/5/29,,,,
1964/6/1,,,4.19,31.01
1964/6/2,,,4.19,
1964/6/3,,,4.19,
1964/6/4,,,4.19,
1964/6/5,,,4.18,
1964/6/8,,,4.18,
1964/6/9,,,4.17,
1964/6/10,,,4.17,
1964/6/11,,,4.18,
1964/6/12,,,4.18,
1964/6/15,,,4.18,
1964/6/16,,,4.18,
1964/6/17,,,4.18,
1964/6/18,,,4.17,
1964/6/19,,,4.16,
1964/6/22,,,4.15,
1964/6/23,,,4.15,
1964/6/24,,,4.15,
1964/6/25,,,4.15,
1964/6/26,,,4.15,
1964/6/29,,,4.15,
1964/6/30,,,4.15,
1964/7/1,,,4.15,31.02
1964/7/2,,,4.15,
1964/7/3,,,,
1964/7/6,,,4.16,
1964/7/7,,,4.15,
1964/7/8,,,4.15,
1964/7/9,,,4.18,
1964/7/10,,,4.19,
1964/7/13,,,4.19,
1964/7/14,,,4.19,
1964/7/15,,,4.19,
1964/7/16,,,4.19,
1964/7/17,,,4.2,
1964/7/20,,,4.21,
1964/7/21,,,4.2,
1964/7/22,,,4.21,
1964/7/23,,,4.2,
1964/7/24,,,4.2,
1964/7/27,,,4.2,
1964/7/28,,,4.2,
1964/7/29,,,4.2,
1964/7/30,,,4.19,
1964/7/31,,,4.19,
1964/8/1,,,,31.05
1964/8/3,,,4.19,
1964/8/4,,,4.19,
1964/8/5,,,4.19,
1964/8/6,,,4.18,
1964/8/7,,,4.19,
1964/8/10,,,4.19,
1964/8/11,,,4.2,
1964/8/12,,,4.2,
1964/8/13,,,4.19,
1964/8/14,,,4.19,
1964/8/17,,,4.19,
1964/8/18,,,4.19,
1964/8/19,,,4.19,
1964/8/20,,,4.19,
1964/8/21,,,4.19,
1964/8/24,,,4.19,
1964/8/25,,,4.2,
1964/8/26,,,4.2,
1964/8/27,,,4.2,
1964/8/28,,,4.21,
1964/8/31,,,4.21,
1964/9/1,,,4.21,31.08
1964/9/2,,,4.22,
1964/9/3,,,4.22,
1964/9/4,,,4.22,
1964/9/7,,,,
1964/9/8,,,4.22,
1964/9/9,,,4.22,
1964/9/10,,,4.22,
1964/9/11,,,4.22,
1964/9/14,,,4.22,
1964/9/15,,,4.22,
1964/9/16,,,4.21,
1964/9/17,,,4.2,
1964/9/18,,,4.2,
1964/9/21,,,4.19,
1964/9/22,,,4.19,
1964/9/23,,,4.19,
1964/9/24,,,4.19,
1964/9/25,,,4.19,
1964/9/28,,,4.17,
1964/9/29,,,4.18,
1964/9/30,,,4.18,
1964/10/1,,,4.18,31.12
1964/10/2,,,4.18,
1964/10/5,,,4.2,
1964/10/6,,,4.19,
1964/10/7,,,4.19,
1964/10/8,,,4.19,
1964/10/9,,,4.19,
1964/10/12,,,,
1964/10/13,,,4.19,
1964/10/14,,,4.19,
1964/10/15,,,4.2,
1964/10/16,,,4.21,
1964/10/19,,,4.21,
1964/10/20,,,4.2,
1964/10/21,,,4.19,
1964/10/22,,,4.19,
1964/10/23,,,4.19,
1964/10/26,,,4.19,
1964/10/27,,,4.18,
1964/10/28,,,4.17,
1964/10/29,,,4.16,
1964/10/30,,,4.16,
1964/11/1,,,,31.21
1964/11/2,,,4.15,
1964/11/3,,,,
1964/11/4,,,4.15,
1964/11/5,,,4.15,
1964/11/6,,,4.15,
1964/11/9,,,4.15,
1964/11/10,,,4.14,
1964/11/11,,,,
1964/11/12,,,4.12,
1964/11/13,,,4.13,
1964/11/16,,,4.13,
1964/11/17,,,4.14,
1964/11/18,,,4.14,
1964/11/19,,,4.13,
1964/11/20,,,4.13,
1964/11/23,,,4.18,
1964/11/24,,,4.18,
1964/11/25,,,4.19,
1964/11/26,,,,
1964/11/27,,,4.19,
1964/11/30,,,4.2,
1964/12/1,,,4.2,31.25
1964/12/2,,,4.19,
1964/12/3,,,4.18,
1964/12/4,,,4.18,
1964/12/7,,,4.17,
1964/12/8,,,4.16,
1964/12/9,,,4.16,
1964/12/10,,,4.15,
1964/12/11,,,4.15,
1964/12/14,,,4.16,
1964/12/15,,,4.17,
1964/12/16,,,4.18,
1964/12/17,,,4.18,
1964/12/18,,,4.19,
1964/12/21,,,4.18,
1964/12/22,,,4.18,
1964/12/23,,,4.19,
1964/12/24,,,4.19,
1964/12/25,,,,
1964/12/28,,,4.19,
1964/12/29,,,4.19,
1964/12/30,,,4.2,
1964/12/31,,,4.21,
1965/1/1,,,,31.28
1965/1/4,,,4.2,
1965/1/5,,,4.2,
1965/1/6,,,4.2,
1965/1/7,,,4.2,
1965/1/8,,,4.2,
1965/1/11,,,4.2,
1965/1/12,,,4.19,
1965/1/13,,,4.19,
1965/1/14,,,4.19,
1965/1/15,,,4.19,
1965/1/18,,,4.19,
1965/1/19,,,4.18,
1965/1/20,,,4.18,
1965/1/21,,,4.17,
1965/1/22,,,4.17,
1965/1/25,,,4.18,
1965/1/26,,,4.19,
1965/1/27,,,4.19,
1965/1/28,,,4.19,
1965/1/29,,,4.19,
1965/2/1,,,4.2,31.28
1965/2/2,,,4.2,
1965/2/3,,,4.2,
1965/2/4,,,4.21,
1965/2/5,,,4.22,
1965/2/8,,,4.21,
1965/2/9,,,4.21,
1965/2/10,,,4.21,
1965/2/11,,,4.21,
1965/2/12,,,,
1965/2/15,,,4.22,
1965/2/16,,,4.21,
1965/2/17,,,4.21,
1965/2/18,,,4.21,
1965/2/19,,,4.22,
1965/2/22,,,,
1965/2/23,,,4.21,
1965/2/24,,,4.22,
1965/2/25,,,4.21,
1965/2/26,,,4.22,
1965/3/1,,,4.22,31.31
1965/3/2,,,4.24,
1965/3/3,,,4.23,
1965/3/4,,,4.22,
1965/3/5,,,4.23,
1965/3/8,,,4.23,
1965/3/9,,,4.23,
1965/3/10,,,4.23,
1965/3/11,,,4.22,
1965/3/12,,,4.22,
1965/3/15,,,4.21,
1965/3/16,,,4.21,
1965/3/17,,,4.2,
1965/3/18,,,4.2,
1965/3/19,,,4.2,
1965/3/22,,,4.19,
1965/3/23,,,4.19,
1965/3/24,,,4.18,
1965/3/25,,,4.19,
1965/3/26,,,4.2,
1965/3/29,,,4.2,
1965/3/30,,,4.2,
1965/3/31,,,4.2,
1965/4/1,,,4.2,31.38
1965/4/2,,,4.2,
1965/4/5,,,4.2,
1965/4/6,,,4.2,
1965/4/7,,,4.2,
1965/4/8,,,4.19,
1965/4/9,,,4.2,
1965/4/12,,,4.2,
1965/4/13,,,4.2,
1965/4/14,,,4.19,
1965/4/15,,,4.2,
1965/4/16,,,,
1965/4/19,,,4.21,
1965/4/20,,,4.21,
1965/4/21,,,4.21,
1965/4/22,,,4.21,
1965/4/23,,,4.21,
1965/4/26,,,4.21,
1965/4/27,,,4.21,
1965/4/28,,,4.21,
1965/4/29,,,4.21,
1965/4/30,,,4.21,
1965/5/1,,,,31.48
1965/5/3,,,4.21,
1965/5/4,,,4.2,
1965/5/5,,,4.2,
1965/5/6,,,4.2,
1965/5/7,,,4.2,
1965/5/10,,,4.2,
1965/5/11,,,4.2,
1965/5/12,,,4.2,
1965/5/13,,,4.21,
1965/5/14,,,4.21,
1965/5/17,,,4.21,
1965/5/18,,,4.22,
1965/5/19,,,4.22,
1965/5/20,,,4.22,
1965/5/21,,,4.22,
1965/5/24,,,4.22,
1965/5/25,,,4.22,
1965/5/26,,,4.22,
1965/5/27,,,4.22,
1965/5/28,,,4.23,
1965/5/31,,,,
1965/6/1,,,4.23,31.61
1965/6/2,,,4.23,
1965/6/3,,,4.23,
1965/6/4,,,4.23,
1965/6/7,,,4.23,
1965/6/8,,,4.23,
1965/6/9,,,4.23,
1965/6/10,,,4.23,
1965/6/11,,,4.23,
1965/6/14,,,4.21,
1965/6/15,,,4.21,
1965/6/16,,,4.21,
1965/6/17,,,4.21,
1965/6/18,,,4.21,
1965/6/21,,,4.2,
1965/6/22,,,4.2,
1965/6/23,,,4.2,
1965/6/24,,,4.19,
1965/6/25,,,4.19,
1965/6/28,,,4.19,
1965/6/29,,,4.2,
1965/6/30,,,4.2,
1965/7/1,,,4.2,31.58
1965/7/2,,,4.21,
1965/7/5,,,,
1965/7/6,,,4.21,
1965/7/7,,,4.21,
1965/7/8,,,4.2,
1965/7/9,,,4.21,
1965/7/12,,,4.21,
1965/7/13,,,4.21,
1965/7/14,,,4.21,
1965/7/15,,,4.2,
1965/7/16,,,4.2,
1965/7/19,,,4.2,
1965/7/20,,,4.2,
1965/7/21,,,4.2,
1965/7/22,,,4.2,
1965/7/23,,,4.2,
1965/7/26,,,4.2,
1965/7/27,,,4.2,
1965/7/28,,,4.2,
1965/7/29,,,4.21,
1965/7/30,,,4.22,
1965/8/1,,,,31.55
1965/8/2,,,4.22,
1965/8/3,,,4.22,
1965/8/4,,,4.23,
1965/8/5,,,4.23,
1965/8/6,,,4.24,
1965/8/9,,,4.24,
1965/8/10,,,4.24,
1965/8/11,,,4.25,
1965/8/12,,,4.25,
1965/8/13,,,4.25,
1965/8/16,,,4.26,
1965/8/17,,,4.27,
1965/8/18,,,4.26,
1965/8/19,,,4.26,
1965/8/20,,,4.26,
1965/8/23,,,4.26,
1965/8/24,,,4.27,
1965/8/25,,,4.26,
1965/8/26,,,4.27,
1965/8/27,,,4.27,
1965/8/30,,,4.27,
1965/8/31,,,4.27,
1965/9/1,,,4.28,31.62
1965/9/2,,,4.28,
1965/9/3,,,4.27,
1965/9/6,,,,
1965/9/7,,,4.27,
1965/9/8,,,4.27,
1965/9/9,,,4.27,
1965/9/10,,,4.28,
1965/9/13,,,4.28,
1965/9/14,,,4.28,
1965/9/15,,,4.28,
1965/9/16,,,4.27,
1965/9/17,,,4.27,
1965/9/20,,,4.27,
1965/9/21,,,4.28,
1965/9/22,,,4.29,
1965/9/23,,,4.3,
1965/9/24,,,4.31,
1965/9/27,,,4.31,
1965/9/28,,,4.33,
1965/9/29,,,4.36,
1965/9/30,,,4.35,
1965/10/1,,,4.36,31.65
1965/10/4,,,4.35,
1965/10/5,,,4.33,
1965/10/6,,,4.32,
1965/10/7,,,4.31,
1965/10/8,,,4.32,
1965/10/11,,,4.31,
1965/10/12,,,,
1965/10/13,,,4.3,
1965/10/14,,,4.31,
1965/10/15,,,4.34,
1965/10/18,,,4.34,
1965/10/19,,,4.35,
1965/10/20,,,4.36,
1965/10/21,,,4.37,
1965/10/22,,,4.36,
1965/10/25,,,4.38,
1965/10/26,,,4.38,
1965/10/27,,,4.39,
1965/10/28,,,4.4,
1965/10/29,,,4.41,
1965/11/1,,,4.43,31.75
1965/11/2,,,,
1965/11/3,,,4.43,
1965/11/4,,,4.43,
1965/11/5,,,4.43,
1965/11/8,,,4.45,
1965/11/9,,,4.47,
1965/11/10,,,4.46,
1965/11/11,,,,
1965/11/12,,,4.44,
1965/11/15,,,4.45,
1965/11/16,,,4.44,
1965/11/17,,,4.45,
1965/11/18,,,4.45,
1965/11/19,,,4.46,
1965/11/22,,,4.45,
1965/11/23,,,4.45,
1965/11/24,,,4.45,
1965/11/25,,,,
1965/11/26,,,4.45,
1965/11/29,,,4.46,
1965/11/30,,,4.48,
1965/12/1,,,4.52,31.85
1965/12/2,,,4.52,
1965/12/3,,,4.52,
1965/12/6,,,4.61,
1965/12/7,,,4.59,
1965/12/8,,,4.6,
1965/12/9,,,4.6,
1965/12/10,,,4.6,
1965/12/13,,,4.65,
1965/12/14,,,4.67,
1965/12/15,,,4.67,
1965/12/16,,,4.66,
1965/12/17,,,4.65,
1965/12/20,,,4.61,
1965/12/21,,,4.64,
1965/12/22,,,4.65,
1965/12/23,,,4.65,
1965/12/24,,,,
1965/12/27,,,4.62,
1965/12/28,,,4.61,
1965/12/29,,,4.62,
1965/12/30,,,4.63,
1965/12/31,,,4.65,
1966/1/1,,,,31.88
1966/1/3,,,4.63,
1966/1/4,,,4.65,
1966/1/5,,,4.63,
1966/1/6,,,4.6,
1966/1/7,,,4.6,
1966/1/10,,,4.61,
1966/1/11,,,4.6,
1966/1/12,,,4.56,
1966/1/13,,,4.58,
1966/1/14,,,4.59,
1966/1/17,,,4.61,
1966/1/18,,,4.61,
1966/1/19,,,4.61,
1966/1/20,,,4.6,
1966/1/21,,,4.59,
1966/1/24,,,4.6,
1966/1/25,,,4.61,
1966/1/26,,,4.61,
1966/1/27,,,4.63,
1966/1/28,,,4.65,
1966/1/31,,,4.69,
1966/2/1,,,4.69,32.08
1966/2/2,,,4.7,
1966/2/3,,,4.7,
1966/2/4,,,4.71,
1966/2/7,,,4.73,
1966/2/8,,,4.72,
1966/2/9,,,4.74,
1966/2/10,,,4.78,
1966/2/11,,,4.86,
1966/2/14,,,4.87,
1966/2/15,,,4.88,
1966/2/16,,,4.89,
1966/2/17,,,4.88,
1966/2/18,,,4.9,
1966/2/21,,,4.92,
1966/2/22,,,,
1966/2/23,,,4.92,
1966/2/24,,,4.93,
1966/2/25,,,4.97,
1966/2/28,,,5.02,
1966/3/1,,,5.01,32.18
1966/3/2,,,5,
1966/3/3,,,5,
1966/3/4,,,4.98,
1966/3/7,,,4.96,
1966/3/8,,,4.93,
1966/3/9,,,4.93,
1966/3/10,,,4.95,
1966/3/11,,,4.96,
1966/3/14,,,4.94,
1966/3/15,,,4.91,
1966/3/16,,,4.9,
1966/3/17,,,4.86,
1966/3/18,,,4.84,
1966/3/21,,,4.81,
1966/3/22,,,4.78,
1966/3/23,,,4.73,
1966/3/24,,,4.76,
1966/3/25,,,4.82,
1966/3/28,,,4.81,
1966/3/29,,,4.8,
1966/3/30,,,4.7,
1966/3/31,,,4.71,
1966/4/1,,,4.7,32.28
1966/4/4,,,4.69,
1966/4/5,,,4.66,
1966/4/6,,,4.71,
1966/4/7,,,4.73,
1966/4/8,,,,
1966/4/11,,,4.73,
1966/4/12,,,4.73,
1966/4/13,,,4.74,
1966/4/14,,,4.76,
1966/4/15,,,4.77,
1966/4/18,,,4.76,
1966/4/19,,,4.76,
1966/4/20,,,4.8,
1966/4/21,,,4.77,
1966/4/22,,,4.77,
1966/4/25,,,4.78,
1966/4/26,,,4.79,
1966/4/27,,,4.78,
1966/4/28,,,4.78,
1966/4/29,,,4.79,
1966/5/1,,,,32.35
1966/5/2,,,4.8,
1966/5/3,,,4.81,
1966/5/4,,,4.81,
1966/5/5,,,4.81,
1966/5/6,,,4.79,
1966/5/9,,,4.75,
1966/5/10,,,4.75,
1966/5/11,,,4.77,
1966/5/12,,,4.77,
1966/5/13,,,4.77,
1966/5/16,,,4.77,
1966/5/17,,,4.75,
1966/5/18,,,4.75,
1966/5/19,,,4.75,
1966/5/20,,,4.75,
1966/5/23,,,4.77,
1966/5/24,,,4.79,
1966/5/25,,,4.78,
1966/5/26,,,4.8,
1966/5/27,,,4.81,
1966/5/30,,,,
1966/5/31,,,4.8,
1966/6/1,,,4.79,32.38
1966/6/2,,,4.77,
1966/6/3,,,4.78,
1966/6/6,,,4.79,
1966/6/7,,,4.81,
1966/6/8,,,4.83,
1966/6/9,,,4.83,
1966/6/10,,,4.83,
1966/6/13,,,4.83,
1966/6/14,,,4.83,
1966/6/15,,,4.79,
1966/6/16,,,4.81,
1966/6/17,,,4.8,
1966/6/20,,,4.76,
1966/6/21,,,4.75,
1966/6/22,,,4.76,
1966/6/23,,,4.77,
1966/6/24,,,4.8,
1966/6/27,,,4.83,
1966/6/28,,,4.89,
1966/6/29,,,4.9,
1966/6/30,,,4.97,
1966/7/1,,,4.99,32.45
1966/7/4,,,,
1966/7/5,,,4.96,
1966/7/6,,,4.95,
1966/7/7,,,4.95,
1966/7/8,,,4.97,
1966/7/11,,,5.03,
1966/7/12,,,5.05,
1966/7/13,,,5.07,
1966/7/14,,,5.1,
1966/7/15,,,5.09,
1966/7/18,,,5.04,
1966/7/19,,,5.03,
1966/7/20,,,5.02,
1966/7/21,,,5.04,
1966/7/22,,,5.02,
1966/7/25,,,4.99,
1966/7/26,,,4.99,
1966/7/27,,,4.99,
1966/7/28,,,5.03,
1966/7/29,,,5.05,
1966/8/1,,,5.05,32.65
1966/8/2,,,5.04,
1966/8/3,,,5.06,
1966/8/4,,,5.07,
1966/8/5,,,5.07,
1966/8/8,,,5.08,
1966/8/9,,,5.1,
1966/8/10,,,5.1,
1966/8/11,,,5.11,
1966/8/12,,,5.11,
1966/8/15,,,5.15,
1966/8/16,,,5.18,
1966/8/17,,,5.24,
1966/8/18,,,5.29,
1966/8/19,,,5.31,
1966/8/22,,,5.29,
1966/8/23,,,5.33,
1966/8/24,,,5.36,
1966/8/25,,,5.39,
1966/8/26,,,5.48,
1966/8/29,,,5.51,
1966/8/30,,,5.48,
1966/8/31,,,5.36,
1966/9/1,,,5.3,32.75
1966/9/2,,,5.23,
1966/9/5,,,,
1966/9/6,,,5.19,
1966/9/7,,,5.2,
1966/9/8,,,5.18,
1966/9/9,,,5.17,
1966/9/12,,,5.18,
1966/9/13,,,5.16,
1966/9/14,,,5.21,
1966/9/15,,,5.25,
1966/9/16,,,5.24,
1966/9/19,,,5.32,
1966/9/20,,,5.27,
1966/9/21,,,5.21,
1966/9/22,,,5.15,
1966/9/23,,,5.17,
1966/9/26,,,5.17,
1966/9/27,,,5.13,
1966/9/28,,,5.09,
1966/9/29,,,4.99,
1966/9/30,,,5.02,
1966/10/1,,,,32.85
1966/10/3,,,5.08,
1966/10/4,,,5.06,
1966/10/5,,,5.05,
1966/10/6,,,5.03,
1966/10/7,,,5.02,
1966/10/10,,,5.05,
1966/10/11,,,5.05,
1966/10/12,,,,
1966/10/13,,,5.07,
1966/10/14,,,5.06,
1966/10/17,,,5.04,
1966/10/18,,,4.99,
1966/10/19,,,5,
1966/10/20,,,5.02,
1966/10/21,,,4.94,
1966/10/24,,,4.94,
1966/10/25,,,4.94,
1966/10/26,,,4.96,
1966/10/27,,,4.99,
1966/10/28,,,4.97,
1966/10/31,,,4.97,
1966/11/1,,,4.99,32.88
1966/11/2,,,5.04,
1966/11/3,,,5.06,
1966/11/4,,,5.11,
1966/11/7,,,5.11,
1966/11/8,,,,
1966/11/9,,,5.12,
1966/11/10,,,5.17,
1966/11/11,,,,
1966/11/14,,,5.19,
1966/11/15,,,5.21,
1966/11/16,,,5.22,
1966/11/17,,,5.23,
1966/11/18,,,5.22,
1966/11/21,,,5.17,
1966/11/22,,,5.2,
1966/11/23,,,5.22,
1966/11/24,,,,
1966/11/25,,,5.23,
1966/11/28,,,5.19,
1966/11/29,,,5.15,
1966/11/30,,,5.12,
1966/12/1,,,5.09,32.92
1966/12/2,,,5.03,
1966/12/5,,,5.06,
1966/12/6,,,5.07,
1966/12/7,,,5.07,
1966/12/8,,,5.1,
1966/12/9,,,5.05,
1966/12/12,,,4.93,
1966/12/13,,,4.86,
1966/12/14,,,4.83,
1966/12/15,,,4.76,
1966/12/16,,,4.78,
1966/12/19,,,4.72,
1966/12/20,,,4.69,
1966/12/21,,,4.66,
1966/12/22,,,4.68,
1966/12/23,,,4.67,
1966/12/26,,,,
1966/12/27,,,4.71,
1966/12/28,,,4.64,
1966/12/29,,,4.66,
1966/12/30,,,4.64,
1967/1/1,,,,32.9
1967/1/2,,,,
1967/1/3,,,4.69,
1967/1/4,,,4.65,
1967/1/5,,,4.63,
1967/1/6,,,4.64,
1967/1/9,,,4.71,
1967/1/10,,,4.69,
1967/1/11,,,4.54,
1967/1/12,,,4.55,
1967/1/13,,,4.51,
1967/1/16,,,4.49,
1967/1/17,,,4.51,
1967/1/18,,,4.53,
1967/1/19,,,4.58,
1967/1/20,,,4.6,
1967/1/23,,,4.6,
1967/1/24,,,4.65,
1967/1/25,,,4.62,
1967/1/26,,,4.5,
1967/1/27,,,4.47,
1967/1/30,,,4.48,
1967/1/31,,,4.52,
1967/2/1,,,4.52,33
1967/2/2,,,4.51,
1967/2/3,,,4.52,
1967/2/6,,,4.53,
1967/2/7,,,4.54,
1967/2/8,,,4.54,
1967/2/9,,,4.53,
1967/2/10,,,4.59,
1967/2/13,,,,
1967/2/14,,,4.64,
1967/2/15,,,4.69,
1967/2/16,,,4.67,
1967/2/17,,,4.68,
1967/2/20,,,4.7,
1967/2/21,,,4.71,
1967/2/22,,,,
1967/2/23,,,4.74,
1967/2/24,,,4.73,
1967/2/27,,,4.72,
1967/2/28,,,4.72,
1967/3/1,,,4.66,33
1967/3/2,,,4.63,
1967/3/3,,,4.62,
1967/3/6,,,4.61,
1967/3/7,,,4.6,
1967/3/8,,,4.61,
1967/3/9,,,4.57,
1967/3/10,,,4.58,
1967/3/13,,,4.56,
1967/3/14,,,4.53,
1967/3/15,,,4.49,
1967/3/16,,,4.45,
1967/3/17,,,4.47,
1967/3/20,,,4.45,
1967/3/21,,,4.51,
1967/3/22,,,4.52,
1967/3/23,,,4.5,
1967/3/24,,,,
1967/3/27,,,4.52,
1967/3/28,,,4.52,
1967/3/29,,,4.52,
1967/3/30,,,4.5,
1967/3/31,,,4.5,
1967/4/1,,,,33.1
1967/4/3,,,4.5,
1967/4/4,,,4.49,
1967/4/5,,,4.5,
1967/4/6,,,4.49,
1967/4/7,,,4.48,
1967/4/10,,,4.5,
1967/4/11,,,4.51,
1967/4/12,,,4.51,
1967/4/13,,,4.54,
1967/4/14,,,4.56,
1967/4/17,,,4.61,
1967/4/18,,,4.63,
1967/4/19,,,4.63,
1967/4/20,,,4.63,
1967/4/21,,,4.66,
1967/4/24,,,4.68,
1967/4/25,,,4.71,
1967/4/26,,,4.73,
1967/4/27,,,4.73,
1967/4/28,,,4.78,
1967/5/1,,,4.77,33.1
1967/5/2,,,4.75,
1967/5/3,,,4.75,
1967/5/4,,,4.76,
1967/5/5,,,4.77,
1967/5/8,,,4.83,
1967/5/9,,,4.87,
1967/5/10,,,4.87,
1967/5/11,,,4.84,
1967/5/12,,,4.82,
1967/5/15,,,4.86,
1967/5/16,,,4.87,
1967/5/17,,,4.88,
1967/5/18,,,4.88,
1967/5/19,,,4.89,
1967/5/22,,,4.94,
1967/5/23,,,4.94,
1967/5/24,,,4.93,
1967/5/25,,,4.92,
1967/5/26,,,4.86,
1967/5/29,,,4.84,
1967/5/30,,,,
1967/5/31,,,4.81,
1967/6/1,,,4.81,33.3
1967/6/2,,,4.82,
1967/6/5,,,4.85,
1967/6/6,,,4.84,
1967/6/7,,,4.84,
1967/6/8,,,4.86,
1967/6/9,,,4.89,
1967/6/12,,,4.94,
1967/6/13,,,4.95,
1967/6/14,,,5.02,
1967/6/15,,,5.02,
1967/6/16,,,5.07,
1967/6/19,,,5.07,
1967/6/20,,,5.14,
1967/6/21,,,5.14,
1967/6/22,,,5.13,
1967/6/23,,,5.14,
1967/6/26,,,5.16,
1967/6/27,,,5.21,
1967/6/28,,,5.18,
1967/6/29,,,5.2,
1967/6/30,,,5.22,
1967/7/1,,,,33.4
1967/7/3,,,5.22,
1967/7/4,,,,
1967/7/5,,,5.17,
1967/7/6,,,5.11,
1967/7/7,,,5.15,
1967/7/10,,,5.16,
1967/7/11,,,5.09,
1967/7/12,,,5.06,
1967/7/13,,,5.08,
1967/7/14,,,5.08,
1967/7/17,,,5.09,
1967/7/18,,,5.16,
1967/7/19,,,5.18,
1967/7/20,,,5.2,
1967/7/21,,,5.2,
1967/7/24,,,5.23,
1967/7/25,,,5.23,
1967/7/26,,,5.23,
1967/7/27,,,5.2,
1967/7/28,,,5.18,
1967/7/31,,,5.16,
1967/8/1,,,5.18,33.5
1967/8/2,,,5.21,
1967/8/3,,,5.2,
1967/8/4,,,5.26,
1967/8/7,,,5.3,
1967/8/8,,,5.28,
1967/8/9,,,5.27,
1967/8/10,,,5.28,
1967/8/11,,,5.29,
1967/8/14,,,5.29,
1967/8/15,,,5.29,
1967/8/16,,,5.28,
1967/8/17,,,5.28,
1967/8/18,,,5.28,
1967/8/21,,,5.3,
1967/8/22,,,5.3,
1967/8/23,,,5.31,
1967/8/24,,,5.31,
1967/8/25,,,5.32,
1967/8/28,,,5.29,
1967/8/29,,,5.27,
1967/8/30,,,5.28,
1967/8/31,,,5.27,
1967/9/1,,,5.25,33.6
1967/9/4,,,,
1967/9/5,,,5.22,
1967/9/6,,,5.2,
1967/9/7,,,5.2,
1967/9/8,,,5.26,
1967/9/11,,,5.28,
1967/9/12,,,5.29,
1967/9/13,,,5.27,
1967/9/14,,,5.28,
1967/9/15,,,5.29,
1967/9/18,,,5.3,
1967/9/19,,,5.35,
1967/9/20,,,5.34,
1967/9/21,,,5.36,
1967/9/22,,,5.36,
1967/9/25,,,5.38,
1967/9/26,,,5.37,
1967/9/27,,,5.37,
1967/9/28,,,5.36,
1967/9/29,,,5.31,
1967/10/1,,,,33.7
1967/10/2,,,5.35,
1967/10/3,,,5.35,
1967/10/4,,,5.37,
1967/10/5,,,5.37,
1967/10/6,,,5.37,
1967/10/9,,,5.39,
1967/10/10,,,5.42,
1967/10/11,,,5.42,
1967/10/12,,,,
1967/10/13,,,5.45,
1967/10/16,,,5.47,
1967/10/17,,,5.49,
1967/10/18,,,5.52,
1967/10/19,,,5.53,
1967/10/20,,,5.52,
1967/10/23,,,5.56,
1967/10/24,,,5.56,
1967/10/25,,,5.57,
1967/10/26,,,5.58,
1967/10/27,,,5.57,
1967/10/30,,,5.6,
1967/10/31,,,5.64,
1967/11/1,,,5.7,33.9
1967/11/2,,,5.71,
1967/11/3,,,5.75,
1967/11/6,,,5.77,
1967/11/7,,,,
1967/11/8,,,5.74,
1967/11/9,,,5.78,
1967/11/10,,,5.83,
1967/11/13,,,5.87,
1967/11/14,,,5.81,
1967/11/15,,,5.78,
1967/11/16,,,5.72,
1967/11/17,,,5.75,
1967/11/20,,,5.85,
1967/11/21,,,5.71,
1967/11/22,,,5.7,
1967/11/23,,,,
1967/11/24,,,5.78,
1967/11/27,,,5.76,
1967/11/28,,,5.65,
1967/11/29,,,5.67,
1967/11/30,,,5.74,
1967/12/1,,,5.78,34
1967/12/4,,,5.76,
1967/12/5,,,5.74,
1967/12/6,,,5.69,
1967/12/7,,,5.71,
1967/12/8,,,5.72,
1967/12/11,,,5.74,
1967/12/12,,,5.75,
1967/12/13,,,5.71,
1967/12/14,,,5.7,
1967/12/15,,,5.71,
1967/12/18,,,5.68,
1967/12/19,,,5.66,
1967/12/20,,,5.62,
1967/12/21,,,5.64,
1967/12/22,,,5.69,
1967/12/25,,,,
1967/12/26,,,5.64,
1967/12/27,,,5.64,
1967/12/28,,,5.7,
1967/12/29,,,5.7,
1968/1/1,,,,34.1
1968/1/2,,,5.63,
1968/1/3,,,5.63,
1968/1/4,,,5.51,
1968/1/5,,,5.48,
1968/1/8,,,5.5,
1968/1/9,,,5.52,
1968/1/10,,,5.46,
1968/1/11,,,5.46,
1968/1/12,,,5.43,
1968/1/15,,,5.49,
1968/1/16,,,5.52,
1968/1/17,,,5.48,
1968/1/18,,,5.55,
1968/1/19,,,5.59,
1968/1/22,,,5.61,
1968/1/23,,,5.56,
1968/1/24,,,5.56,
1968/1/25,,,5.52,
1968/1/26,,,5.53,
1968/1/29,,,5.53,
1968/1/30,,,5.53,
1968/1/31,,,5.54,
1968/2/1,,,5.58,34.2
1968/2/2,,,5.58,
1968/2/5,,,5.6,
1968/2/6,,,5.61,
1968/2/7,,,5.59,
1968/2/8,,,5.6,
1968/2/9,,,5.59,
1968/2/12,,,,
1968/2/13,,,5.55,
1968/2/14,,,5.54,
1968/2/15,,,5.51,
1968/2/16,,,5.5,
1968/2/19,,,5.53,
1968/2/20,,,5.54,
1968/2/21,,,5.54,
1968/2/22,,,,
1968/2/23,,,5.56,
1968/2/26,,,5.58,
1968/2/27,,,5.58,
1968/2/28,,,5.57,
1968/2/29,,,5.56,
1968/3/1,,,5.56,34.3
1968/3/4,,,5.57,
1968/3/5,,,5.59,
1968/3/6,,,5.61,
1968/3/7,,,5.67,
1968/3/8,,,5.75,
1968/3/11,,,5.75,
1968/3/12,,,5.79,
1968/3/13,,,5.86,
1968/3/14,,,5.95,
1968/3/15,,,5.84,
1968/3/18,,,5.76,
1968/3/19,,,5.77,
1968/3/20,,,5.73,
1968/3/21,,,5.76,
1968/3/22,,,5.74,
1968/3/25,,,5.74,
1968/3/26,,,5.78,
1968/3/27,,,5.78,
1968/3/28,,,5.78,
1968/3/29,,,5.76,
1968/4/1,,,5.64,34.4
1968/4/2,,,5.62,
1968/4/3,,,5.49,
1968/4/4,,,5.52,
1968/4/5,,,5.52,
1968/4/8,,,5.54,
1968/4/9,,,,
1968/4/10,,,5.53,
1968/4/11,,,5.54,
1968/4/12,,,,
1968/4/15,,,5.6,
1968/4/16,,,5.62,
1968/4/17,,,5.62,
1968/4/18,,,5.64,
1968/4/19,,,5.76,
1968/4/22,,,5.78,
1968/4/23,,,5.73,
1968/4/24,,,5.72,
1968/4/25,,,5.72,
1968/4/26,,,5.71,
1968/4/29,,,5.73,
1968/4/30,,,5.74,
1968/5/1,,,5.73,34.5
1968/5/2,,,5.76,
1968/5/3,,,5.8,
1968/5/6,,,5.78,
1968/5/7,,,5.79,
1968/5/8,,,5.8,
1968/5/9,,,5.79,
1968/5/10,,,5.79,
1968/5/13,,,5.79,
1968/5/14,,,5.82,
1968/5/15,,,5.85,
1968/5/16,,,5.9,
1968/5/17,,,5.92,
1968/5/20,,,5.96,
1968/5/21,,,6.02,
1968/5/22,,,6.02,
1968/5/23,,,5.98,
1968/5/24,,,5.96,
1968/5/27,,,5.92,
1968/5/28,,,5.94,
1968/5/29,,,5.95,
1968/5/30,,,,
1968/5/31,,,5.86,
1968/6/1,,,,34.7
1968/6/3,,,5.79,
1968/6/4,,,5.78,
1968/6/5,,,5.81,
1968/6/6,,,5.83,
1968/6/7,,,5.82,
1968/6/10,,,5.8,
1968/6/11,,,5.79,
1968/6/12,,,5.77,
1968/6/13,,,5.76,
1968/6/14,,,5.72,
1968/6/17,,,5.71,
1968/6/18,,,5.71,
1968/6/19,,,5.67,
1968/6/20,,,5.62,
1968/6/21,,,5.6,
1968/6/24,,,5.61,
1968/6/25,,,5.64,
1968/6/26,,,5.64,
1968/6/27,,,5.65,
1968/6/28,,,5.64,
1968/7/1,,,5.62,34.9
1968/7/2,,,5.58,
1968/7/3,,,5.57,
1968/7/4,,,,
1968/7/5,,,5.56,
1968/7/8,,,5.53,
1968/7/9,,,5.51,
1968/7/10,,,5.52,
1968/7/11,,,5.52,
1968/7/12,,,5.53,
1968/7/15,,,5.56,
1968/7/16,,,5.57,
1968/7/17,,,5.55,
1968/7/18,,,5.56,
1968/7/19,,,5.53,
1968/7/22,,,5.45,
1968/7/23,,,5.38,
1968/7/24,,,5.39,
1968/7/25,,,5.37,
1968/7/26,,,5.39,
1968/7/29,,,5.41,
1968/7/30,,,5.41,
1968/7/31,,,5.39,
1968/8/1,,,5.38,35
1968/8/2,,,5.34,
1968/8/5,,,5.37,
1968/8/6,,,5.38,
1968/8/7,,,5.36,
1968/8/8,,,5.37,
1968/8/9,,,5.39,
1968/8/12,,,5.42,
1968/8/13,,,5.43,
1968/8/14,,,5.43,
1968/8/15,,,5.45,
1968/8/16,,,5.42,
1968/8/19,,,5.43,
1968/8/20,,,5.43,
1968/8/21,,,5.46,
1968/8/22,,,5.5,
1968/8/23,,,5.47,
1968/8/26,,,5.46,
1968/8/27,,,5.46,
1968/8/28,,,5.45,
1968/8/29,,,5.43,
1968/8/30,,,5.42,
1968/9/1,,,,35.1
1968/9/2,,,,
1968/9/3,,,5.41,
1968/9/4,,,5.43,
1968/9/5,,,5.46,
1968/9/6,,,5.48,
1968/9/9,,,5.49,
1968/9/10,,,5.51,
1968/9/11,,,5.5,
1968/9/12,,,5.49,
1968/9/13,,,5.48,
1968/9/16,,,5.46,
1968/9/17,,,5.46,
1968/9/18,,,5.42,
1968/9/19,,,5.43,
1968/9/20,,,5.45,
1968/9/23,,,5.45,
1968/9/24,,,5.44,
1968/9/25,,,5.44,
1968/9/26,,,5.45,
1968/9/27,,,5.46,
1968/9/30,,,5.49,
1968/10/1,,,5.49,35.3
1968/10/2,,,5.49,
1968/10/3,,,5.5,
1968/10/4,,,5.52,
1968/10/7,,,5.55,
1968/10/8,,,5.57,
1968/10/9,,,5.6,
1968/10/10,,,5.61,
1968/10/11,,,5.61,
1968/10/14,,,5.62,
1968/10/15,,,5.65,
1968/10/16,,,5.62,
1968/10/17,,,5.58,
1968/10/18,,,5.57,
1968/10/21,,,5.58,
1968/10/22,,,5.58,
1968/10/23,,,5.58,
1968/10/24,,,5.61,
1968/10/25,,,5.6,
1968/10/28,,,5.61,
1968/10/29,,,5.62,
1968/10/30,,,5.63,
1968/10/31,,,5.61,
1968/11/1,,,5.61,35.4
1968/11/4,,,5.63,
1968/11/5,,,,
1968/11/6,,,5.62,
1968/11/7,,,5.63,
1968/11/8,,,5.65,
1968/11/11,,,,
1968/11/12,,,5.68,
1968/11/13,,,5.66,
1968/11/14,,,5.66,
1968/11/15,,,5.68,
1968/11/18,,,5.71,
1968/11/19,,,5.74,
1968/11/20,,,5.74,
1968/11/21,,,5.73,
1968/11/22,,,5.74,
1968/11/25,,,5.75,
1968/11/26,,,5.76,
1968/11/27,,,5.76,
1968/11/28,,,,
1968/11/29,,,5.78,
1968/12/1,,,,35.6
1968/12/2,,,5.89,
1968/12/3,,,5.96,
1968/12/4,,,5.95,
1968/12/5,,,5.93,
1968/12/6,,,5.91,
1968/12/9,,,5.92,
1968/12/10,,,5.93,
1968/12/11,,,5.93,
1968/12/12,,,5.94,
1968/12/13,,,5.93,
1968/12/16,,,5.96,
1968/12/17,,,5.97,
1968/12/18,,,6,
1968/12/19,,,6.07,
1968/12/20,,,6.14,
1968/12/23,,,6.23,
1968/12/24,,,6.27,
1968/12/25,,,,
1968/12/26,,,6.17,
1968/12/27,,,6.2,
1968/12/30,,,6.21,
1968/12/31,,,6.16,
1969/1/1,,,,35.7
1969/1/2,,,6.04,
1969/1/3,,,6.01,
1969/1/6,,,6.04,
1969/1/7,,,6.14,
1969/1/8,,,6.09,
1969/1/9,,,6.04,
1969/1/10,,,6.03,
1969/1/13,,,6.04,
1969/1/14,,,6.04,
1969/1/15,,,6.02,
1969/1/16,,,5.98,
1969/1/17,,,5.97,
1969/1/20,,,5.95,
1969/1/21,,,5.97,
1969/1/22,,,6.03,
1969/1/23,,,6.02,
1969/1/24,,,6.01,
1969/1/27,,,6.03,
1969/1/28,,,6.05,
1969/1/29,,,6.09,
1969/1/30,,,6.14,
1969/1/31,,,6.19,
1969/2/1,,,,35.8
1969/2/3,,,6.22,
1969/2/4,,,6.2,
1969/2/5,,,6.19,
1969/2/6,,,6.2,
1969/2/7,,,6.14,
1969/2/10,,,6.14,
1969/2/11,,,6.1,
1969/2/12,,,,
1969/2/13,,,6.09,
1969/2/14,,,6.11,
1969/2/17,,,6.14,
1969/2/18,,,6.16,
1969/2/19,,,6.2,
1969/2/20,,,6.23,
1969/2/21,,,6.24,
1969/2/24,,,6.22,
1969/2/25,,,6.24,
1969/2/26,,,6.24,
1969/2/27,,,6.27,
1969/2/28,,,6.26,
1969/3/1,,,,36.1
1969/3/3,,,6.25,
1969/3/4,,,6.24,
1969/3/5,,,6.24,
1969/3/6,,,6.26,
1969/3/7,,,6.27,
1969/3/10,,,6.27,
1969/3/11,,,6.3,
1969/3/12,,,6.31,
1969/3/13,,,6.32,
1969/3/14,,,6.31,
1969/3/17,,,6.35,
1969/3/18,,,6.35,
1969/3/19,,,6.32,
1969/3/20,,,6.31,
1969/3/21,,,6.29,
1969/3/24,,,6.28,
1969/3/25,,,6.3,
1969/3/26,,,6.32,
1969/3/27,,,6.33,
1969/3/28,,,6.3,
1969/3/31,,,,
1969/4/1,,,6.25,36.3
1969/4/2,,,6.25,
1969/4/3,,,6.26,
1969/4/4,,,,
1969/4/7,,,6.28,
1969/4/8,,,6.25,
1969/4/9,,,6.19,
1969/4/10,,,6.18,
1969/4/11,,,6.15,
1969/4/14,,,6.06,
1969/4/15,,,6.11,
1969/4/16,,,6.1,
1969/4/17,,,6.13,
1969/4/18,,,6.16,
1969/4/21,,,6.14,
1969/4/22,,,6.12,
1969/4/23,,,6.12,
1969/4/24,,,6.14,
1969/4/25,,,6.15,
1969/4/28,,,6.19,
1969/4/29,,,6.21,
1969/4/30,,,6.2,
1969/5/1,,,6.25,36.4
1969/5/2,,,6.23,
1969/5/5,,,6.19,
1969/5/6,,,6.22,
1969/5/7,,,6.22,
1969/5/8,,,6.2,
1969/5/9,,,6.23,
1969/5/12,,,6.27,
1969/5/13,,,6.25,
1969/5/14,,,6.24,
1969/5/15,,,6.26,
1969/5/16,,,6.31,
1969/5/19,,,6.36,
1969/5/20,,,6.36,
1969/5/21,,,6.36,
1969/5/22,,,6.36,
1969/5/23,,,6.38,
1969/5/26,,,6.44,
1969/5/27,,,6.54,
1969/5/28,,,6.56,
1969/5/29,,,6.56,
1969/5/30,,,,
1969/6/1,,,,36.6
1969/6/2,,,6.56,
1969/6/3,,,6.55,
1969/6/4,,,6.56,
1969/6/5,,,6.54,
1969/6/6,,,6.52,
1969/6/9,,,6.59,
1969/6/10,,,6.56,
1969/6/11,,,6.56,
1969/6/12,,,6.54,
1969/6/13,,,6.51,
1969/6/16,,,6.49,
1969/6/17,,,6.52,
1969/6/18,,,6.53,
1969/6/19,,,6.57,
1969/6/20,,,6.59,
1969/6/23,,,6.6,
1969/6/24,,,6.63,
1969/6/25,,,6.63,
1969/6/26,,,6.62,
1969/6/27,,,6.66,
1969/6/30,,,6.73,
1969/7/1,,,6.75,36.8
1969/7/2,,,6.77,
1969/7/3,,,6.75,
1969/7/4,,,,
1969/7/7,,,6.76,
1969/7/8,,,6.79,
1969/7/9,,,6.82,
1969/7/10,,,6.78,
1969/7/11,,,6.64,
1969/7/14,,,6.69,
1969/7/15,,,6.72,
1969/7/16,,,6.67,
1969/7/17,,,6.69,
1969/7/18,,,6.7,
1969/7/21,,,,
1969/7/22,,,6.66,
1969/7/23,,,6.68,
1969/7/24,,,6.7,
1969/7/25,,,6.71,
1969/7/28,,,6.73,
1969/7/29,,,6.72,
1969/7/30,,,6.72,
1969/7/31,,,6.66,
1969/8/1,,,6.66,36.9
1969/8/4,,,6.63,
1969/8/5,,,6.6,
1969/8/6,,,6.62,
1969/8/7,,,6.63,
1969/8/8,,,6.64,
1969/8/11,,,6.69,
1969/8/12,,,6.7,
1969/8/13,,,6.7,
1969/8/14,,,6.68,
1969/8/15,,,6.68,
1969/8/18,,,6.66,
1969/8/19,,,6.65,
1969/8/20,,,6.66,
1969/8/21,,,6.68,
1969/8/22,,,6.71,
1969/8/25,,,6.72,
1969/8/26,,,6.76,
1969/8/27,,,6.79,
1969/8/28,,,6.83,
1969/8/29,,,6.83,
1969/9/1,,,,37.1
1969/9/2,,,6.87,
1969/9/3,,,6.94,
1969/9/4,,,6.96,
1969/9/5,,,6.99,
1969/9/8,,,7.03,
1969/9/9,,,7.04,
1969/9/10,,,7.02,
1969/9/11,,,7.05,
1969/9/12,,,7.08,
1969/9/15,,,7.09,
1969/9/16,,,7.14,
1969/9/17,,,7.14,
1969/9/18,,,7.27,
1969/9/19,,,7.28,
1969/9/22,,,7.26,
1969/9/23,,,7.26,
1969/9/24,,,7.27,
1969/9/25,,,7.3,
1969/9/26,,,7.4,
1969/9/29,,,7.45,
1969/9/30,,,7.51,
1969/10/1,,,7.52,37.3
1969/10/2,,,7.45,
1969/10/3,,,7.38,
1969/10/6,,,7.35,
1969/10/7,,,7.31,
1969/10/8,,,7.29,
1969/10/9,,,7.3,
1969/10/10,,,7.22,
1969/10/13,,,,
1969/10/14,,,7.1,
1969/10/15,,,7.12,
1969/10/16,,,7.04,
1969/10/17,,,6.99,
1969/10/20,,,6.83,
1969/10/21,,,6.77,
1969/10/22,,,6.8,
1969/10/23,,,6.9,
1969/10/24,,,6.9,
1969/10/27,,,6.93,
1969/10/28,,,7,
1969/10/29,,,7,
1969/10/30,,,6.96,
1969/10/31,,,6.94,
1969/11/1,,,,37.5
1969/11/3,,,6.9,
1969/11/4,,,,
1969/11/5,,,6.97,
1969/11/6,,,7.01,
1969/11/7,,,6.99,
1969/11/10,,,6.99,
1969/11/11,,,,
1969/11/12,,,7.06,
1969/11/13,,,7.12,
1969/11/14,,,7.08,
1969/11/17,,,7.13,
1969/11/18,,,7.22,
1969/11/19,,,7.25,
1969/11/20,,,7.31,
1969/11/21,,,7.28,
1969/11/24,,,7.27,
1969/11/25,,,7.28,
1969/11/26,,,7.3,
1969/11/27,,,,
1969/11/28,,,7.29,
1969/12/1,,,7.29,37.7
1969/12/2,,,7.35,
1969/12/3,,,7.39,
1969/12/4,,,7.35,
1969/12/5,,,7.35,
1969/12/8,,,7.4,
1969/12/9,,,7.5,
1969/12/10,,,7.59,
1969/12/11,,,7.62,
1969/12/12,,,7.6,
1969/12/15,,,7.63,
1969/12/16,,,7.72,
1969/12/17,,,7.76,
1969/12/18,,,7.81,
1969/12/19,,,7.79,
1969/12/22,,,7.76,
1969/12/23,,,7.82,
1969/12/24,,,7.89,
1969/12/25,,,,
1969/12/26,,,7.87,
1969/12/29,,,8.05,
1969/12/30,,,7.97,
1969/12/31,,,7.88,
1970/1/1,,,,37.9
1970/1/2,,,7.86,
1970/1/5,,,7.88,
1970/1/6,,,7.96,
1970/1/7,,,7.99,
1970/1/8,,,7.96,
1970/1/9,,,7.86,
1970/1/12,,,7.82,
1970/1/13,,,7.81,
1970/1/14,,,7.86,
1970/1/15,,,7.85,
1970/1/16,,,7.75,
1970/1/19,,,7.69,
1970/1/20,,,7.72,
1970/1/21,,,7.69,
1970/1/22,,,7.67,
1970/1/23,,,7.69,
1970/1/26,,,7.71,
1970/1/27,,,7.7,
1970/1/28,,,7.7,
1970/1/29,,,7.77,
1970/1/30,,,7.75,
1970/2/1,,,,38.1
1970/2/2,,,7.65,
1970/2/3,,,7.58,
1970/2/4,,,7.5,
1970/2/5,,,7.45,
1970/2/6,,,7.36,
1970/2/9,,,7.28,
1970/2/10,,,7.32,
1970/2/11,,,7.33,
1970/2/12,,,,
1970/2/13,,,7.15,
1970/2/16,,,7.17,
1970/2/17,,,7.15,
1970/2/18,,,7.12,
1970/2/19,,,7.09,
1970/2/20,,,7.12,
1970/2/23,,,,
1970/2/24,,,7.14,
1970/2/25,,,7.04,
1970/2/26,,,6.94,
1970/2/27,,,6.9,
1970/3/1,,,,38.3
1970/3/2,,,6.95,
1970/3/3,,,6.99,
1970/3/4,,,6.97,
1970/3/5,,,6.98,
1970/3/6,,,6.96,
1970/3/9,,,6.99,
1970/3/10,,,7.04,
1970/3/11,,,7.11,
1970/3/12,,,7.16,
1970/3/13,,,7.23,
1970/3/16,,,7.24,
1970/3/17,,,7.36,
1970/3/18,,,7.28,
1970/3/19,,,7.07,
1970/3/20,,,7.06,
1970/3/23,,,7.05,
1970/3/24,,,7.02,
1970/3/25,,,6.96,
1970/3/26,,,6.98,
1970/3/27,,,,
1970/3/30,,,7.05,
1970/3/31,,,7.08,
1970/4/1,,,7.04,38.5
1970/4/2,,,7.08,
1970/4/3,,,7.14,
1970/4/6,,,7.17,
1970/4/7,,,7.18,
1970/4/8,,,7.17,
1970/4/9,,,7.18,
1970/4/10,,,7.17,
1970/4/13,,,7.2,
1970/4/14,,,7.22,
1970/4/15,,,7.27,
1970/4/16,,,7.34,
1970/4/17,,,7.4,
1970/4/20,,,7.44,
1970/4/21,,,7.5,
1970/4/22,,,7.61,
1970/4/23,,,7.64,
1970/4/24,,,7.72,
1970/4/27,,,7.74,
1970/4/28,,,7.79,
1970/4/29,,,7.78,
1970/4/30,,,7.82,
1970/5/1,,,7.85,38.6
1970/5/4,,,7.94,
1970/5/5,,,7.92,
1970/5/6,,,7.86,
1970/5/7,,,7.82,
1970/5/8,,,7.78,
1970/5/11,,,7.82,
1970/5/12,,,7.84,
1970/5/13,,,7.85,
1970/5/14,,,7.86,
1970/5/15,,,7.83,
1970/5/18,,,7.8,
1970/5/19,,,7.8,
1970/5/20,,,7.85,
1970/5/21,,,7.9,
1970/5/22,,,7.99,
1970/5/25,,,8.15,
1970/5/26,,,8.22,
1970/5/27,,,8.02,
1970/5/28,,,7.98,
1970/5/29,,,7.95,
1970/6/1,,,7.84,38.8
1970/6/2,,,7.78,
1970/6/3,,,7.76,
1970/6/4,,,7.8,
1970/6/5,,,7.88,
1970/6/8,,,7.89,
1970/6/9,,,7.88,
1970/6/10,,,7.87,
1970/6/11,,,7.92,
1970/6/12,,,7.98,
1970/6/15,,,7.98,
1970/6/16,,,7.87,
1970/6/17,,,7.9,
1970/6/18,,,7.9,
1970/6/19,,,7.9,
1970/6/22,,,7.86,
1970/6/23,,,7.79,
1970/6/24,,,7.74,
1970/6/25,,,7.76,
1970/6/26,,,7.78,
1970/6/29,,,7.76,
1970/6/30,,,7.68,
1970/7/1,,,7.64,38.9
1970/7/2,,,7.55,
1970/7/3,,,,
1970/7/6,,,7.49,
1970/7/7,,,7.46,
1970/7/8,,,7.49,
1970/7/9,,,7.49,
1970/7/10,,,7.54,
1970/7/13,,,7.55,
1970/7/14,,,7.53,
1970/7/15,,,7.49,
1970/7/16,,,7.46,
1970/7/17,,,7.45,
1970/7/20,,,7.46,
1970/7/21,,,7.45,
1970/7/22,,,7.43,
1970/7/23,,,7.32,
1970/7/24,,,7.34,
1970/7/27,,,7.36,
1970/7/28,,,7.41,
1970/7/29,,,7.39,
1970/7/30,,,7.38,
1970/7/31,,,7.38,
1970/8/1,,,,39
1970/8/3,,,7.39,
1970/8/4,,,7.4,
1970/8/5,,,7.42,
1970/8/6,,,7.43,
1970/8/7,,,7.45,
1970/8/10,,,7.5,
1970/8/11,,,7.54,
1970/8/12,,,7.56,
1970/8/13,,,7.58,
1970/8/14,,,7.67,
1970/8/17,,,7.71,
1970/8/18,,,7.68,
1970/8/19,,,7.65,
1970/8/20,,,7.64,
1970/8/21,,,7.6,
1970/8/24,,,7.48,
1970/8/25,,,7.46,
1970/8/26,,,7.45,
1970/8/27,,,7.48,
1970/8/28,,,7.49,
1970/8/31,,,7.49,
1970/9/1,,,7.47,39.2
1970/9/2,,,7.48,
1970/9/3,,,7.48,
1970/9/4,,,7.47,
1970/9/7,,,,
1970/9/8,,,7.5,
1970/9/9,,,7.54,
1970/9/10,,,7.52,
1970/9/11,,,7.5,
1970/9/14,,,7.48,
1970/9/15,,,7.46,
1970/9/16,,,7.4,
1970/9/17,,,7.32,
1970/9/18,,,7.31,
1970/9/21,,,7.29,
1970/9/22,,,7.28,
1970/9/23,,,7.24,
1970/9/24,,,7.26,
1970/9/25,,,7.28,
1970/9/28,,,7.31,
1970/9/29,,,7.3,
1970/9/30,,,7.29,
1970/10/1,,,7.29,39.4
1970/10/2,,,7.26,
1970/10/5,,,7.26,
1970/10/6,,,7.24,
1970/10/7,,,7.23,
1970/10/8,,,7.25,
1970/10/9,,,7.25,
1970/10/12,,,,
1970/10/13,,,7.25,
1970/10/14,,,7.3,
1970/10/15,,,7.3,
1970/10/16,,,7.31,
1970/10/19,,,7.35,
1970/10/20,,,7.37,
1970/10/21,,,7.42,
1970/10/22,,,7.46,
1970/10/23,,,7.44,
1970/10/26,,,7.44,
1970/10/27,,,7.42,
1970/10/28,,,7.38,
1970/10/29,,,7.31,
1970/10/30,,,7.33,
1970/11/1,,,,39.6
1970/11/2,,,7.24,
1970/11/3,,,,
1970/11/4,,,7.23,
1970/11/5,,,7.2,
1970/11/6,,,7.15,
1970/11/9,,,7.06,
1970/11/10,,,7.06,
1970/11/11,,,,
1970/11/12,,,7.03,
1970/11/13,,,7,
1970/11/16,,,6.96,
1970/11/17,,,6.93,
1970/11/18,,,6.86,
1970/11/19,,,6.72,
1970/11/20,,,6.48,
1970/11/23,,,6.32,
1970/11/24,,,6.45,
1970/11/25,,,6.48,
1970/11/26,,,,
1970/11/27,,,6.48,
1970/11/30,,,6.49,
1970/12/1,,,6.48,39.8
1970/12/2,,,6.41,
1970/12/3,,,6.31,
1970/12/4,,,6.21,
1970/12/7,,,6.27,
1970/12/8,,,6.29,
1970/12/9,,,6.34,
1970/12/10,,,6.34,
1970/12/11,,,6.31,
1970/12/14,,,6.26,
1970/12/15,,,6.29,
1970/12/16,,,6.29,
1970/12/17,,,6.3,
1970/12/18,,,6.33,
1970/12/21,,,6.45,
1970/12/22,,,6.52,
1970/12/23,,,6.57,
1970/12/24,,,6.53,
1970/12/25,,,,
1970/12/28,,,6.54,
1970/12/29,,,6.56,
1970/12/30,,,6.51,
1970/12/31,,,6.5,
1971/1/1,,,,39.9
1971/1/4,,,6.46,
1971/1/5,,,6.47,
1971/1/6,,,6.47,
1971/1/7,,,6.45,
1971/1/8,,,6.44,
1971/1/11,,,6.39,
1971/1/12,,,6.35,
1971/1/13,,,6.29,
1971/1/14,,,6.22,
1971/1/15,,,6.22,
1971/1/18,,,6.16,
1971/1/19,,,6.17,
1971/1/20,,,6.15,
1971/1/21,,,6.09,
1971/1/22,,,6.06,
1971/1/25,,,6.05,
1971/1/26,,,6.07,
1971/1/27,,,6.09,
1971/1/28,,,6.08,
1971/1/29,,,6.09,
1971/2/1,,,6.09,39.9
1971/2/2,,,6.11,
1971/2/3,,,6.11,
1971/2/4,,,6.1,
1971/2/5,,,6.1,
1971/2/8,,,6.09,
1971/2/9,,,6.07,
1971/2/10,,,6.08,
1971/2/11,,,6.08,
1971/2/12,,,,
1971/2/15,,,,
1971/2/16,,,6.11,
1971/2/17,,,6.11,
1971/2/18,,,6.11,
1971/2/19,,,6.12,
1971/2/22,,,6.15,
1971/2/23,,,6.18,
1971/2/24,,,6.16,
1971/2/25,,,6.11,
1971/2/26,,,6.14,
1971/3/1,,,6.12,40
1971/3/2,,,6.09,
1971/3/3,,,6.05,
1971/3/4,,,6.05,
1971/3/5,,,6.03,
1971/3/8,,,5.99,
1971/3/9,,,5.9,
1971/3/10,,,5.8,
1971/3/11,,,5.69,
1971/3/12,,,5.72,
1971/3/15,,,5.7,
1971/3/16,,,5.68,
1971/3/17,,,5.61,
1971/3/18,,,5.55,
1971/3/19,,,5.51,
1971/3/22,,,5.42,
1971/3/23,,,5.38,
1971/3/24,,,5.41,
1971/3/25,,,5.43,
1971/3/26,,,5.48,
1971/3/29,,,5.54,
1971/3/30,,,5.5,
1971/3/31,,,5.53,
1971/4/1,,,5.58,40.1
1971/4/2,,,5.6,
1971/4/5,,,5.63,
1971/4/6,,,5.6,
1971/4/7,,,5.58,
1971/4/8,,,5.62,
1971/4/9,,,,
1971/4/12,,,5.73,
1971/4/13,,,5.72,
1971/4/14,,,5.77,
1971/4/15,,,5.8,
1971/4/16,,,5.82,
1971/4/19,,,5.88,
1971/4/20,,,5.97,
1971/4/21,,,6.04,
1971/4/22,,,6.02,
1971/4/23,,,6.01,
1971/4/26,,,6,
1971/4/27,,,6,
1971/4/28,,,5.99,
1971/4/29,,,6.07,
1971/4/30,,,6.08,
1971/5/1,,,,40.3
1971/5/3,,,6.15,
1971/5/4,,,6.25,
1971/5/5,,,6.26,
1971/5/6,,,6.28,
1971/5/7,,,6.25,
1971/5/10,,,6.22,
1971/5/11,,,6.26,
1971/5/12,,,6.35,
1971/5/13,,,6.47,
1971/5/14,,,6.49,
1971/5/17,,,6.57,
1971/5/18,,,6.65,
1971/5/19,,,6.6,
1971/5/20,,,6.49,
1971/5/21,,,6.53,
1971/5/24,,,6.49,
1971/5/25,,,6.44,
1971/5/26,,,6.37,
1971/5/27,,,6.35,
1971/5/28,,,6.38,
1971/5/31,,,,
1971/6/1,,,6.36,40.5
1971/6/2,,,6.24,
1971/6/3,,,6.19,
1971/6/4,,,6.26,
1971/6/7,,,6.34,
1971/6/8,,,6.38,
1971/6/9,,,6.44,
1971/6/10,,,6.48,
1971/6/11,,,6.5,
1971/6/14,,,6.63,
1971/6/15,,,6.73,
1971/6/16,,,6.68,
1971/6/17,,,6.68,
1971/6/18,,,6.58,
1971/6/21,,,6.53,
1971/6/22,,,6.62,
1971/6/23,,,6.61,
1971/6/24,,,6.61,
1971/6/25,,,6.62,
1971/6/28,,,6.64,
1971/6/29,,,6.67,
1971/6/30,,,6.7,
1971/7/1,,,6.69,40.6
1971/7/2,,,6.69,
1971/7/5,,,,
1971/7/6,,,6.68,
1971/7/7,,,6.66,
1971/7/8,,,6.67,
1971/7/9,,,6.68,
1971/7/12,,,6.6,
1971/7/13,,,6.61,
1971/7/14,,,6.6,
1971/7/15,,,6.59,
1971/7/16,,,6.66,
1971/7/19,,,6.71,
1971/7/20,,,6.7,
1971/7/21,,,6.7,
1971/7/22,,,6.79,
1971/7/23,,,6.84,
1971/7/26,,,6.86,
1971/7/27,,,6.91,
1971/7/28,,,6.95,
1971/7/29,,,6.88,
1971/7/30,,,6.85,
1971/8/1,,,,40.7
1971/8/2,,,6.86,
1971/8/3,,,6.91,
1971/8/4,,,6.89,
1971/8/5,,,6.86,
1971/8/6,,,6.86,
1971/8/9,,,6.88,
1971/8/10,,,6.89,
1971/8/11,,,6.86,
1971/8/12,,,6.8,
1971/8/13,,,6.68,
1971/8/16,,,6.41,
1971/8/17,,,6.3,
1971/8/18,,,6.35,
1971/8/19,,,6.34,
1971/8/20,,,6.37,
1971/8/23,,,6.48,
1971/8/24,,,6.38,
1971/8/25,,,6.4,
1971/8/26,,,6.37,
1971/8/27,,,6.33,
1971/8/30,,,6.32,
1971/8/31,,,6.28,
1971/9/1,,,6.22,40.8
1971/9/2,,,6.17,
1971/9/3,,,6.12,
1971/9/6,,,,
1971/9/7,,,6.07,
1971/9/8,,,6.08,
1971/9/9,,,6.13,
1971/9/10,,,6.12,
1971/9/13,,,6.2,
1971/9/14,,,6.18,
1971/9/15,,,6.17,
1971/9/16,,,6.14,
1971/9/17,,,6.13,
1971/9/20,,,6.15,
1971/9/21,,,6.17,
1971/9/22,,,6.19,
1971/9/23,,,6.2,
1971/9/24,,,6.16,
1971/9/27,,,6.13,
1971/9/28,,,6.12,
1971/9/29,,,6.08,
1971/9/30,,,6,
1971/10/1,,,6,40.9
1971/10/4,,,5.98,
1971/10/5,,,6.01,
1971/10/6,,,5.98,
1971/10/7,,,5.97,
1971/10/8,,,5.94,
1971/10/11,,,,
1971/10/12,,,5.88,
1971/10/13,,,5.86,
1971/10/14,,,5.88,
1971/10/15,,,5.9,
1971/10/18,,,5.95,
1971/10/19,,,5.96,
1971/10/20,,,5.92,
1971/10/21,,,5.88,
1971/10/22,,,5.9,
1971/10/25,,,,
1971/10/26,,,5.89,
1971/10/27,,,5.92,
1971/10/28,,,5.9,
1971/10/29,,,5.87,
1971/11/1,,,5.8,41
1971/11/2,,,,
1971/11/3,,,5.72,
1971/11/4,,,5.72,
1971/11/5,,,5.72,
1971/11/8,,,5.77,
1971/11/9,,,5.77,
1971/11/10,,,5.82,
1971/11/11,,,5.79,
1971/11/12,,,5.77,
1971/11/15,,,5.77,
1971/11/16,,,5.76,
1971/11/17,,,5.75,
1971/11/18,,,5.77,
1971/11/19,,,5.79,
1971/11/22,,,5.82,
1971/11/23,,,5.89,
1971/11/24,,,5.95,
1971/11/25,,,,
1971/11/26,,,5.94,
1971/11/29,,,5.95,
1971/11/30,,,5.93,
1971/12/1,,,5.92,41.1
1971/12/2,,,5.9,
1971/12/3,,,5.88,
1971/12/6,,,5.88,
1971/12/7,,,5.92,
1971/12/8,,,5.92,
1971/12/9,,,5.94,
1971/12/10,,,5.93,
1971/12/13,,,5.9,
1971/12/14,,,5.94,
1971/12/15,,,5.96,
1971/12/16,,,5.95,
1971/12/17,,,5.93,
1971/12/20,,,5.97,
1971/12/21,,,6,
1971/12/22,,,6.01,
1971/12/23,,,5.97,
1971/12/24,,,,
1971/12/27,,,5.91,
1971/12/28,,,5.86,
1971/12/29,,,5.9,
1971/12/30,,,5.9,
1971/12/31,,,5.89,
1972/1/1,,,,41.2
1972/1/3,,,5.94,
1972/1/4,,,5.93,
1972/1/5,,,5.91,
1972/1/6,,,5.9,
1972/1/7,,,5.88,
1972/1/10,,,5.86,
1972/1/11,,,5.88,
1972/1/12,,,5.88,
1972/1/13,,,5.86,
1972/1/14,,,5.85,
1972/1/17,,,5.89,
1972/1/18,,,5.92,
1972/1/19,,,5.96,
1972/1/20,,,5.98,
1972/1/21,,,5.99,
1972/1/24,,,6.02,
1972/1/25,,,6.02,
1972/1/26,,,6.01,
1972/1/27,,,6.05,
1972/1/28,,,6.08,
1972/1/31,,,6.09,
1972/2/1,,,6.09,41.4
1972/2/2,,,6.08,
1972/2/3,,,6.08,
1972/2/4,,,6.08,
1972/2/7,,,6.09,
1972/2/8,,,6.11,
1972/2/9,,,6.12,
1972/2/10,,,6.11,
1972/2/11,,,6.12,
1972/2/14,,,6.1,
1972/2/15,,,6.1,
1972/2/16,,,6.08,
1972/2/17,,,6.06,
1972/2/18,,,6.06,
1972/2/21,,,,
1972/2/22,,,6.06,
1972/2/23,,,6.07,
1972/2/24,,,6.07,
1972/2/25,,,6.06,
1972/2/28,,,6.04,
1972/2/29,,,6.04,
1972/3/1,,,6.04,41.4
1972/3/2,,,6.03,
1972/3/3,,,6.02,
1972/3/6,,,6.01,
1972/3/7,,,6.02,
1972/3/8,,,6.02,
1972/3/9,,,6.02,
1972/3/10,,,6.03,
1972/3/13,,,6.07,
1972/3/14,,,6.06,
1972/3/15,,,6.11,
1972/3/16,,,6.08,
1972/3/17,,,6.08,
1972/3/20,,,6.09,
1972/3/21,,,6.08,
1972/3/22,,,6.08,
1972/3/23,,,6.1,
1972/3/24,,,6.12,
1972/3/27,,,6.1,
1972/3/28,,,6.11,
1972/3/29,,,6.12,
1972/3/30,,,6.12,
1972/3/31,,,,
1972/4/1,,,,41.5
1972/4/3,,,6.14,
1972/4/4,,,6.18,
1972/4/5,,,6.18,
1972/4/6,,,6.18,
1972/4/7,,,6.18,
1972/4/10,,,6.17,
1972/4/11,,,6.18,
1972/4/12,,,6.21,
1972/4/13,,,6.25,
1972/4/14,,,6.25,
1972/4/17,,,6.24,
1972/4/18,,,6.24,
1972/4/19,,,6.22,
1972/4/20,,,6.21,
1972/4/21,,,6.2,
1972/4/24,,,6.21,
1972/4/25,,,6.21,
1972/4/26,,,6.19,
1972/4/27,,,6.11,
1972/4/28,,,6.14,
1972/5/1,,,6.14,41.6
1972/5/2,,,6.16,
1972/5/3,,,6.17,
1972/5/4,,,6.17,
1972/5/5,,,6.17,
1972/5/8,,,6.17,
1972/5/9,,,6.2,
1972/5/10,,,6.19,
1972/5/11,,,6.19,
1972/5/12,,,6.16,
1972/5/15,,,6.16,
1972/5/16,,,6.16,
1972/5/17,,,6.15,
1972/5/18,,,6.13,
1972/5/19,,,6.1,
1972/5/22,,,6.07,
1972/5/23,,,6.05,
1972/5/24,,,6.06,
1972/5/25,,,6.04,
1972/5/26,,,6.04,
1972/5/29,,,,
1972/5/30,,,6.05,
1972/5/31,,,6.05,
1972/6/1,,,6.07,41.7
1972/6/2,,,6.09,
1972/6/5,,,6.1,
1972/6/6,,,6.13,
1972/6/7,,,6.12,
1972/6/8,,,6.12,
1972/6/9,,,6.11,
1972/6/12,,,6.1,
1972/6/13,,,6.1,
1972/6/14,,,6.1,
1972/6/15,,,6.1,
1972/6/16,,,6.1,
1972/6/19,,,6.08,
1972/6/20,,,6.08,
1972/6/21,,,6.09,
1972/6/22,,,6.11,
1972/6/23,,,6.1,
1972/6/26,,,6.12,
1972/6/27,,,6.12,
1972/6/28,,,6.12,
1972/6/29,,,6.14,
1972/6/30,,,6.15,
1972/7/1,,,,41.8
1972/7/3,,,6.14,
1972/7/4,,,,
1972/7/5,,,6.13,
1972/7/6,,,6.13,
1972/7/7,,,6.13,
1972/7/10,,,6.13,
1972/7/11,,,6.13,
1972/7/12,,,6.12,
1972/7/13,,,6.11,
1972/7/14,,,6.1,
1972/7/17,,,6.11,
1972/7/18,,,6.11,
1972/7/19,,,6.09,
1972/7/20,,,6.09,
1972/7/21,,,6.1,
1972/7/24,,,6.1,
1972/7/25,,,6.09,
1972/7/26,,,6.08,
1972/7/27,,,6.13,
1972/7/28,,,6.12,
1972/7/31,,,6.12,
1972/8/1,,,6.14,41.9
1972/8/2,,,6.14,
1972/8/3,,,6.15,
1972/8/4,,,6.16,
1972/8/7,,,6.16,
1972/8/8,,,6.15,
1972/8/9,,,6.14,
1972/8/10,,,6.14,
1972/8/11,,,6.14,
1972/8/14,,,6.16,
1972/8/15,,,6.17,
1972/8/16,,,6.18,
1972/8/17,,,6.2,
1972/8/18,,,6.21,
1972/8/21,,,6.21,
1972/8/22,,,6.2,
1972/8/23,,,6.22,
1972/8/24,,,6.23,
1972/8/25,,,6.26,
1972/8/28,,,6.3,
1972/8/29,,,6.34,
1972/8/30,,,6.42,
1972/8/31,,,6.42,
1972/9/1,,,6.43,42.1
1972/9/4,,,,
1972/9/5,,,6.46,
1972/9/6,,,6.49,
1972/9/7,,,6.52,
1972/9/8,,,6.56,
1972/9/11,,,6.54,
1972/9/12,,,6.54,
1972/9/13,,,6.54,
1972/9/14,,,6.57,
1972/9/15,,,6.56,
1972/9/18,,,6.55,
1972/9/19,,,6.55,
1972/9/20,,,6.56,
1972/9/21,,,6.59,
1972/9/22,,,6.62,
1972/9/25,,,6.62,
1972/9/26,,,6.6,
1972/9/27,,,6.59,
1972/9/28,,,6.56,
1972/9/29,,,6.54,
1972/10/1,,,,42.2
1972/10/2,,,6.54,
1972/10/3,,,6.54,
1972/10/4,,,6.53,
1972/10/5,,,6.53,
1972/10/6,,,6.52,
1972/10/9,,,,
1972/10/10,,,6.48,
1972/10/11,,,6.47,
1972/10/12,,,6.5,
1972/10/13,,,6.5,
1972/10/16,,,6.49,
1972/10/17,,,6.49,
1972/10/18,,,6.49,
1972/10/19,,,6.48,
1972/10/20,,,6.47,
1972/10/23,,,,
1972/10/24,,,6.45,
1972/10/25,,,6.44,
1972/10/26,,,6.42,
1972/10/27,,,6.42,
1972/10/30,,,6.42,
1972/10/31,,,6.41,
1972/11/1,,,6.39,42.4
1972/11/2,,,6.34,
1972/11/3,,,6.3,
1972/11/6,,,6.27,
1972/11/7,,,,
1972/11/8,,,6.3,
1972/11/9,,,6.3,
1972/11/10,,,6.3,
1972/11/13,,,6.27,
1972/11/14,,,6.26,
1972/11/15,,,6.23,
1972/11/16,,,6.24,
1972/11/17,,,6.24,
1972/11/20,,,6.23,
1972/11/21,,,6.26,
1972/11/22,,,6.27,
1972/11/23,,,,
1972/11/24,,,6.27,
1972/11/27,,,6.3,
1972/11/28,,,6.29,
1972/11/29,,,6.27,
1972/11/30,,,6.28,
1972/12/1,,,6.29,42.5
1972/12/4,,,6.3,
1972/12/5,,,6.31,
1972/12/6,,,6.31,
1972/12/7,,,6.31,
1972/12/8,,,6.32,
1972/12/11,,,6.34,
1972/12/12,,,6.35,
1972/12/13,,,6.35,
1972/12/14,,,6.35,
1972/12/15,,,6.35,
1972/12/18,,,6.38,
1972/12/19,,,6.4,
1972/12/20,,,6.4,
1972/12/21,,,6.4,
1972/12/22,,,6.4,
1972/12/25,,,,
1972/12/26,,,6.39,
1972/12/27,,,6.4,
1972/12/28,,,6.41,
1972/12/29,,,6.41,
1973/1/1,,,,42.7
1973/1/2,,,6.43,
1973/1/3,,,6.42,
1973/1/4,,,6.4,
1973/1/5,,,6.42,
1973/1/8,,,6.43,
1973/1/9,,,6.42,
1973/1/10,,,6.43,
1973/1/11,,,6.43,
1973/1/12,,,6.44,
1973/1/15,,,6.44,
1973/1/16,,,6.44,
1973/1/17,,,6.45,
1973/1/18,,,6.46,
1973/1/19,,,6.49,
1973/1/22,,,6.5,
1973/1/23,,,6.48,
1973/1/24,,,6.49,
1973/1/25,,,6.51,
1973/1/26,,,6.53,
1973/1/29,,,6.55,
1973/1/30,,,6.52,
1973/1/31,,,6.54,
1973/2/1,,,6.6,43
1973/2/2,,,6.64,
1973/2/5,,,6.64,
1973/2/6,,,6.64,
1973/2/7,,,6.64,
1973/2/8,,,6.66,
1973/2/9,,,6.63,
1973/2/12,,,,
1973/2/13,,,6.61,
1973/2/14,,,6.62,
1973/2/15,,,6.62,
1973/2/16,,,6.63,
1973/2/19,,,,
1973/2/20,,,6.66,
1973/2/21,,,6.66,
1973/2/22,,,6.65,
1973/2/23,,,6.61,
1973/2/26,,,6.65,
1973/2/27,,,6.64,
1973/2/28,,,6.64,
1973/3/1,,,6.65,43.4
1973/3/2,,,6.67,
1973/3/5,,,6.68,
1973/3/6,,,6.68,
1973/3/7,,,6.66,
1973/3/8,,,6.67,
1973/3/9,,,6.68,
1973/3/12,,,6.68,
1973/3/13,,,6.7,
1973/3/14,,,6.71,
1973/3/15,,,6.73,
1973/3/16,,,6.77,
1973/3/19,,,6.75,
1973/3/20,,,6.76,
1973/3/21,,,6.76,
1973/3/22,,,6.76,
1973/3/23,,,6.76,
1973/3/26,,,6.73,
1973/3/27,,,6.72,
1973/3/28,,,6.67,
1973/3/29,,,6.68,
1973/3/30,,,6.73,
1973/4/1,,,,43.7
1973/4/2,,,6.74,
1973/4/3,,,6.73,
1973/4/4,,,6.7,
1973/4/5,,,6.68,
1973/4/6,,,6.64,
1973/4/9,,,6.62,
1973/4/10,,,6.64,
1973/4/11,,,6.65,
1973/4/12,,,6.66,
1973/4/13,,,6.63,
1973/4/16,,,6.62,
1973/4/17,,,6.64,
1973/4/18,,,6.64,
1973/4/19,,,6.66,
1973/4/20,,,,
1973/4/23,,,6.73,
1973/4/24,,,6.66,
1973/4/25,,,6.66,
1973/4/26,,,6.68,
1973/4/27,,,6.69,
1973/4/30,,,6.7,
1973/5/1,,,6.72,43.9
1973/5/2,,,6.76,
1973/5/3,,,6.77,
1973/5/4,,,6.79,
1973/5/7,,,6.81,
1973/5/8,,,6.8,
1973/5/9,,,6.8,
1973/5/10,,,6.81,
1973/5/11,,,6.82,
1973/5/14,,,6.83,
1973/5/15,,,6.86,
1973/5/16,,,6.84,
1973/5/17,,,6.85,
1973/5/18,,,6.86,
1973/5/21,,,6.89,
1973/5/22,,,6.9,
1973/5/23,,,6.92,
1973/5/24,,,6.91,
1973/5/25,,,6.91,
1973/5/28,,,,
1973/5/29,,,6.93,
1973/5/30,,,6.93,
1973/5/31,,,6.93,
1973/6/1,,,6.96,44.2
1973/6/4,,,6.98,
1973/6/5,,,6.95,
1973/6/6,,,6.89,
1973/6/7,,,6.89,
1973/6/8,,,6.87,
1973/6/11,,,6.87,
1973/6/12,,,6.86,
1973/6/13,,,6.85,
1973/6/14,,,6.85,
1973/6/15,,,6.86,
1973/6/18,,,6.87,
1973/6/19,,,6.87,
1973/6/20,,,6.89,
1973/6/21,,,6.89,
1973/6/22,,,6.91,
1973/6/25,,,6.93,
1973/6/26,,,6.93,
1973/6/27,,,6.92,
1973/6/28,,,6.92,
1973/6/29,,,6.94,
1973/7/1,,,,44.2
1973/7/2,,,7.01,
1973/7/3,,,7.01,
1973/7/4,,,,
1973/7/5,,,7.01,
1973/7/6,,,7.03,
1973/7/9,,,7.05,
1973/7/10,,,7.05,
1973/7/11,,,7.05,
1973/7/12,,,7.04,
1973/7/13,,,7.05,
1973/7/16,,,7.06,
1973/7/17,,,7.06,
1973/7/18,,,7.07,
1973/7/19,,,7.11,
1973/7/20,,,7.17,
1973/7/23,,,7.17,
1973/7/24,,,7.19,
1973/7/25,,,7.19,
1973/7/26,,,7.28,
1973/7/27,,,7.35,
1973/7/30,,,7.37,
1973/7/31,,,7.43,
1973/8/1,,,7.55,45
1973/8/2,,,7.52,
1973/8/3,,,7.53,
1973/8/6,,,7.54,
1973/8/7,,,7.58,
1973/8/8,,,7.52,
1973/8/9,,,7.54,
1973/8/10,,,7.52,
1973/8/13,,,7.47,
1973/8/14,,,7.46,
1973/8/15,,,7.45,
1973/8/16,,,7.37,
1973/8/17,,,7.28,
1973/8/20,,,7.38,
1973/8/21,,,7.36,
1973/8/22,,,7.39,
1973/8/23,,,7.31,
1973/8/24,,,7.23,
1973/8/27,,,7.26,
1973/8/28,,,7.29,
1973/8/29,,,7.26,
1973/8/30,,,7.25,
1973/8/31,,,7.25,
1973/9/1,,,,45.2
1973/9/3,,,,
1973/9/4,,,7.21,
1973/9/5,,,7.11,
1973/9/6,,,7.1,
1973/9/7,,,7.11,
1973/9/10,,,7.16,
1973/9/11,,,7.19,
1973/9/12,,,7.2,
1973/9/13,,,7.21,
1973/9/14,,,7.21,
1973/9/17,,,7.16,
1973/9/18,,,7.08,
1973/9/19,,,7.1,
1973/9/20,,,7.09,
1973/9/21,,,7.02,
1973/9/24,,,7,
1973/9/25,,,6.96,
1973/9/26,,,6.97,
1973/9/27,,,6.94,
1973/9/28,,,6.9,
1973/10/1,,,6.91,45.6
1973/10/2,,,6.89,
1973/10/3,,,6.9,
1973/10/4,,,6.88,
1973/10/5,,,6.86,
1973/10/8,,,,
1973/10/9,,,6.78,
1973/10/10,,,6.77,
1973/10/11,,,6.78,
1973/10/12,,,6.75,
1973/10/15,,,6.77,
1973/10/16,,,6.81,
1973/10/17,,,6.82,
1973/10/18,,,6.81,
1973/10/19,,,6.8,
1973/10/22,,,,
1973/10/23,,,6.8,
1973/10/24,,,6.75,
1973/10/25,,,6.73,
1973/10/26,,,6.72,
1973/10/29,,,6.72,
1973/10/30,,,6.72,
1973/10/31,,,6.71,
1973/11/1,,,6.71,45.9
1973/11/2,,,6.72,
1973/11/5,,,6.74,
1973/11/6,,,,
1973/11/7,,,6.76,
1973/11/8,,,6.77,
1973/11/9,,,6.76,
1973/11/12,,,6.76,
1973/11/13,,,6.76,
1973/11/14,,,6.79,
1973/11/15,,,6.76,
1973/11/16,,,6.72,
1973/11/19,,,6.71,
1973/11/20,,,6.72,
1973/11/21,,,6.71,
1973/11/22,,,,
1973/11/23,,,6.7,
1973/11/26,,,6.69,
1973/11/27,,,6.7,
1973/11/28,,,6.7,
1973/11/29,,,6.7,
1973/11/30,,,6.69,
1973/12/1,,,,46.3
1973/12/3,,,6.69,
1973/12/4,,,6.69,
1973/12/5,,,6.72,
1973/12/6,,,6.75,
1973/12/7,,,6.74,
1973/12/10,,,6.71,
1973/12/11,,,6.69,
1973/12/12,,,6.69,
1973/12/13,,,6.68,
1973/12/14,,,6.68,
1973/12/17,,,6.67,
1973/12/18,,,6.68,
1973/12/19,,,6.71,
1973/12/20,,,6.73,
1973/12/21,,,6.78,
1973/12/24,,,,
1973/12/25,,,,
1973/12/26,,,6.83,
1973/12/27,,,6.88,
1973/12/28,,,6.91,
1973/12/31,,,6.9,
1974/1/1,,,,46.8
1974/1/2,,,6.94,
1974/1/3,,,6.96,
1974/1/4,,,6.94,
1974/1/7,,,6.96,
1974/1/8,,,6.96,
1974/1/9,,,6.96,
1974/1/10,,,7,
1974/1/11,,,7.01,
1974/1/14,,,7.01,
1974/1/15,,,6.99,
1974/1/16,,,6.99,
1974/1/17,,,6.97,
1974/1/18,,,6.98,
1974/1/21,,,6.99,
1974/1/22,,,7,
1974/1/23,,,7.01,
1974/1/24,,,7.02,
1974/1/25,,,7.02,
1974/1/28,,,7.01,
1974/1/29,,,7.02,
1974/1/30,,,7.01,
1974/1/31,,,7,
1974/2/1,,,7,47.3
1974/2/4,,,6.98,
1974/2/5,,,6.95,
1974/2/6,,,6.93,
1974/2/7,,,6.93,
1974/2/8,,,6.93,
1974/2/11,,,6.93,
1974/2/12,,,,
1974/2/13,,,6.93,
1974/2/14,,,6.93,
1974/2/15,,,6.93,
1974/2/18,,,,
1974/2/19,,,6.93,
1974/2/20,,,6.96,
1974/2/21,,,6.98,
1974/2/22,,,6.97,
1974/2/25,,,6.96,
1974/2/26,,,6.98,
1974/2/27,,,7,
1974/2/28,,,7.01,
1974/3/1,,,7.08,47.8
1974/3/4,,,7.09,
1974/3/5,,,7.1,
1974/3/6,,,7.09,
1974/3/7,,,7.06,
1974/3/8,,,7.06,
1974/3/11,,,7.08,
1974/3/12,,,7.09,
1974/3/13,,,7.13,
1974/3/14,,,7.13,
1974/3/15,,,7.18,
1974/3/18,,,7.23,
1974/3/19,,,7.24,
1974/3/20,,,7.27,
1974/3/21,,,7.3,
1974/3/22,,,7.35,
1974/3/25,,,7.39,
1974/3/26,,,7.38,
1974/3/27,,,7.35,
1974/3/28,,,7.38,
1974/3/29,,,7.41,
1974/4/1,,,7.42,48.1
1974/4/2,,,7.43,
1974/4/3,,,7.43,
1974/4/4,,,7.51,
1974/4/5,,,7.54,
1974/4/8,,,7.5,
1974/4/9,,,7.49,
1974/4/10,,,7.46,
1974/4/11,,,7.45,
1974/4/12,,,,
1974/4/15,,,7.42,
1974/4/16,,,7.43,
1974/4/17,,,7.45,
1974/4/18,,,7.5,
1974/4/19,,,7.51,
1974/4/22,,,7.52,
1974/4/23,,,7.54,
1974/4/24,,,7.58,
1974/4/25,,,7.63,
1974/4/26,,,7.64,
1974/4/29,,,7.65,
1974/4/30,,,7.66,
1974/5/1,,,7.62,48.6
1974/5/2,,,7.58,
1974/5/3,,,7.65,
1974/5/6,,,7.65,
1974/5/7,,,7.65,
1974/5/8,,,7.65,
1974/5/9,,,7.7,
1974/5/10,,,7.63,
1974/5/13,,,7.54,
1974/5/14,,,7.57,
1974/5/15,,,7.55,
1974/5/16,,,7.54,
1974/5/17,,,7.57,
1974/5/20,,,7.58,
1974/5/21,,,7.57,
1974/5/22,,,7.56,
1974/5/23,,,7.52,
1974/5/24,,,7.49,
1974/5/27,,,,
1974/5/28,,,7.5,
1974/5/29,,,7.52,
1974/5/30,,,7.51,
1974/5/31,,,7.52,
1974/6/1,,,,49
1974/6/3,,,7.53,
1974/6/4,,,7.52,
1974/6/5,,,7.52,
1974/6/6,,,7.5,
1974/6/7,,,7.46,
1974/6/10,,,7.47,
1974/6/11,,,7.48,
1974/6/12,,,7.5,
1974/6/13,,,7.5,
1974/6/14,,,7.5,
1974/6/17,,,7.49,
1974/6/18,,,7.52,
1974/6/19,,,7.52,
1974/6/20,,,7.55,
1974/6/21,,,7.55,
1974/6/24,,,7.58,
1974/6/25,,,7.62,
1974/6/26,,,7.62,
1974/6/27,,,7.64,
1974/6/28,,,7.64,
1974/7/1,,,7.65,49.3
1974/7/2,,,7.65,
1974/7/3,,,7.7,
1974/7/4,,,,
1974/7/5,,,7.71,
1974/7/8,,,7.77,
1974/7/9,,,7.81,
1974/7/10,,,7.82,
1974/7/11,,,7.84,
1974/7/12,,,7.85,
1974/7/15,,,7.86,
1974/7/16,,,7.88,
1974/7/17,,,7.91,
1974/7/18,,,7.9,
1974/7/19,,,7.87,
1974/7/22,,,7.77,
1974/7/23,,,7.79,
1974/7/24,,,7.76,
1974/7/25,,,7.75,
1974/7/26,,,7.79,
1974/7/29,,,7.85,
1974/7/30,,,7.89,
1974/7/31,,,7.89,
1974/8/1,,,7.92,49.9
1974/8/2,,,7.96,
1974/8/5,,,7.99,
1974/8/6,,,7.97,
1974/8/7,,,7.97,
1974/8/8,,,7.97,
1974/8/9,,,8.03,
1974/8/12,,,8.05,
1974/8/13,,,8.06,
1974/8/14,,,8.05,
1974/8/15,,,8.02,
1974/8/16,,,8,
1974/8/19,,,7.98,
1974/8/20,,,7.99,
1974/8/21,,,8.05,
1974/8/22,,,8.09,
1974/8/23,,,8.15,
1974/8/26,,,8.16,
1974/8/27,,,8.15,
1974/8/28,,,8.15,
1974/8/29,,,8.15,
1974/8/30,,,8.11,
1974/9/1,,,,50.6
1974/9/2,,,,
1974/9/3,,,8.11,
1974/9/4,,,8.12,
1974/9/5,,,8.1,
1974/9/6,,,8.09,
1974/9/9,,,8.02,
1974/9/10,,,8.04,
1974/9/11,,,8.05,
1974/9/12,,,8.13,
1974/9/13,,,8.13,
1974/9/16,,,8.1,
1974/9/17,,,8.09,
1974/9/18,,,8.08,
1974/9/19,,,8.04,
1974/9/20,,,8.02,
1974/9/23,,,7.91,
1974/9/24,,,7.94,
1974/9/25,,,7.94,
1974/9/26,,,7.96,
1974/9/27,,,7.94,
1974/9/30,,,7.94,
1974/10/1,,,7.97,51
1974/10/2,,,7.98,
1974/10/3,,,8.04,
1974/10/4,,,8.02,
1974/10/7,,,8.01,
1974/10/8,,,7.95,
1974/10/9,,,7.95,
1974/10/10,,,7.93,
1974/10/11,,,7.88,
1974/10/14,,,,
1974/10/15,,,7.87,
1974/10/16,,,7.87,
1974/10/17,,,7.88,
1974/10/18,,,7.86,
1974/10/21,,,7.81,
1974/10/22,,,7.81,
1974/10/23,,,7.85,
1974/10/24,,,7.87,
1974/10/25,,,7.86,
1974/10/28,,,7.88,
1974/10/29,,,7.84,
1974/10/30,,,7.81,
1974/10/31,,,7.79,
1974/11/1,,,7.8,51.5
1974/11/4,,,7.8,
1974/11/5,,,,
1974/11/6,,,7.76,
1974/11/7,,,7.74,
1974/11/8,,,7.72,
1974/11/11,,,,
1974/11/12,,,7.78,
1974/11/13,,,7.75,
1974/11/14,,,7.72,
1974/11/15,,,7.61,
1974/11/18,,,7.63,
1974/11/19,,,7.63,
1974/11/20,,,7.59,
1974/11/21,,,7.6,
1974/11/22,,,7.6,
1974/11/25,,,7.62,
1974/11/26,,,7.63,
1974/11/27,,,7.64,
1974/11/28,,,,
1974/11/29,,,7.64,
1974/12/1,,,,51.9
1974/12/2,,,7.71,
1974/12/3,,,7.74,
1974/12/4,,,7.68,
1974/12/5,,,7.64,
1974/12/6,,,7.59,
1974/12/9,,,7.4,
1974/12/10,,,7.42,
1974/12/11,,,7.38,
1974/12/12,,,7.39,
1974/12/13,,,7.38,
1974/12/16,,,7.34,
1974/12/17,,,7.28,
1974/12/18,,,7.25,
1974/12/19,,,7.25,
1974/12/20,,,7.27,
1974/12/23,,,7.41,
1974/12/24,,,7.43,
1974/12/25,,,,
1974/12/26,,,7.37,
1974/12/27,,,7.39,
1974/12/30,,,7.39,
1974/12/31,,,7.4,
1975/1/1,,,,52.3
1975/1/2,,,7.42,
1975/1/3,,,7.43,
1975/1/6,,,7.39,
1975/1/7,,,7.38,
1975/1/8,,,7.39,
1975/1/9,,,7.35,
1975/1/10,,,7.37,
1975/1/13,,,7.46,
1975/1/14,,,7.49,
1975/1/15,,,7.54,
1975/1/16,,,7.54,
1975/1/17,,,7.53,
1975/1/20,,,7.59,
1975/1/21,,,7.55,
1975/1/22,,,7.51,
1975/1/23,,,7.57,
1975/1/24,,,7.64,
1975/1/27,,,7.61,
1975/1/28,,,7.61,
1975/1/29,,,7.59,
1975/1/30,,,7.54,
1975/1/31,,,7.53,
1975/2/1,,,,52.6
1975/2/3,,,7.49,
1975/2/4,,,7.47,
1975/2/5,,,7.35,
1975/2/6,,,7.43,
1975/2/7,,,7.38,
1975/2/10,,,7.45,
1975/2/11,,,7.42,
1975/2/12,,,,
1975/2/13,,,7.44,
1975/2/14,,,7.35,
1975/2/17,,,,
1975/2/18,,,7.28,
1975/2/19,,,7.26,
1975/2/20,,,7.3,
1975/2/21,,,7.22,
1975/2/24,,,7.36,
1975/2/25,,,7.43,
1975/2/26,,,7.5,
1975/2/27,,,7.47,
1975/2/28,,,7.46,
1975/3/1,,,,52.8
1975/3/3,,,7.5,
1975/3/4,,,7.53,
1975/3/5,,,7.48,
1975/3/6,,,7.49,
1975/3/7,,,7.52,
1975/3/10,,,7.56,
1975/3/11,,,7.58,
1975/3/12,,,7.58,
1975/3/13,,,7.56,
1975/3/14,,,7.58,
1975/3/17,,,7.7,
1975/3/18,,,7.7,
1975/3/19,,,7.8,
1975/3/20,,,7.95,
1975/3/21,,,7.84,
1975/3/24,,,8.05,
1975/3/25,,,8.03,
1975/3/26,,,8.02,
1975/3/27,,,8.08,
1975/3/28,,,,
1975/3/31,,,8.01,
1975/4/1,,,8.08,53
1975/4/2,,,8.22,
1975/4/3,,,8.13,
1975/4/4,,,8.15,
1975/4/7,,,8.26,
1975/4/8,,,8.21,
1975/4/9,,,8.17,
1975/4/10,,,8.19,
1975/4/11,,,8.22,
1975/4/14,,,8.16,
1975/4/15,,,8.16,
1975/4/16,,,8.15,
1975/4/17,,,8.21,
1975/4/18,,,8.27,
1975/4/21,,,8.32,
1975/4/22,,,8.32,
1975/4/23,,,8.27,
1975/4/24,,,8.25,
1975/4/25,,,8.25,
1975/4/28,,,8.35,
1975/4/29,,,8.34,
1975/4/30,,,8.31,
1975/5/1,,,8.31,53.1
1975/5/2,,,8.11,
1975/5/5,,,8.08,
1975/5/6,,,8.11,
1975/5/7,,,8.07,
1975/5/8,,,8.09,
1975/5/9,,,8.08,
1975/5/12,,,8.07,
1975/5/13,,,8.06,
1975/5/14,,,8.02,
1975/5/15,,,8.02,
1975/5/16,,,8.01,
1975/5/19,,,8,
1975/5/20,,,7.98,
1975/5/21,,,7.98,
1975/5/22,,,8.02,
1975/5/23,,,8.02,
1975/5/26,,,,
1975/5/27,,,7.98,
1975/5/28,,,8.02,
1975/5/29,,,8.18,
1975/5/30,,,8.04,
1975/6/1,,,,53.5
1975/6/2,,,8.02,
1975/6/3,,,8,
1975/6/4,,,7.99,
1975/6/5,,,7.97,
1975/6/6,,,7.88,
1975/6/9,,,7.78,
1975/6/10,,,7.77,
1975/6/11,,,7.65,
1975/6/12,,,7.67,
1975/6/13,,,7.69,
1975/6/16,,,7.66,
1975/6/17,,,7.72,
1975/6/18,,,7.83,
1975/6/19,,,7.8,
1975/6/20,,,7.94,
1975/6/23,,,7.9,
1975/6/24,,,7.9,
1975/6/25,,,8.02,
1975/6/26,,,7.98,
1975/6/27,,,7.95,
1975/6/30,,,7.96,
1975/7/1,,,7.97,54
1975/7/2,,,8.05,
1975/7/3,,,8.05,
1975/7/4,,,,
1975/7/7,,,8.06,
1975/7/8,,,8.01,
1975/7/9,,,8.02,
1975/7/10,,,8.02,
1975/7/11,,,7.99,
1975/7/14,,,7.99,
1975/7/15,,,7.98,
1975/7/16,,,8.03,
1975/7/17,,,8.04,
1975/7/18,,,8.06,
1975/7/21,,,8.07,
1975/7/22,,,8.1,
1975/7/23,,,8.09,
1975/7/24,,,8.09,
1975/7/25,,,8.12,
1975/7/28,,,8.12,
1975/7/29,,,8.13,
1975/7/30,,,8.16,
1975/7/31,,,8.2,
1975/8/1,,,8.26,54.2
1975/8/4,,,8.37,
1975/8/5,,,8.37,
1975/8/6,,,8.4,
1975/8/7,,,8.48,
1975/8/8,,,8.4,
1975/8/11,,,8.38,
1975/8/12,,,8.4,
1975/8/13,,,8.39,
1975/8/14,,,8.45,
1975/8/15,,,8.48,
1975/8/18,,,8.46,
1975/8/19,,,8.42,
1975/8/20,,,8.42,
1975/8/21,,,8.48,
1975/8/22,,,8.46,
1975/8/25,,,8.46,
1975/8/26,,,8.4,
1975/8/27,,,8.37,
1975/8/28,,,8.28,
1975/8/29,,,8.22,
1975/9/1,,,,54.6
1975/9/2,,,8.26,
1975/9/3,,,8.29,
1975/9/4,,,8.29,
1975/9/5,,,8.35,
1975/9/8,,,8.36,
1975/9/9,,,8.4,
1975/9/10,,,8.46,
1975/9/11,,,8.55,
1975/9/12,,,8.57,
1975/9/15,,,8.58,
1975/9/16,,,8.59,
1975/9/17,,,8.53,
1975/9/18,,,8.5,
1975/9/19,,,8.42,
1975/9/22,,,8.38,
1975/9/23,,,8.35,
1975/9/24,,,8.31,
1975/9/25,,,8.38,
1975/9/26,,,8.45,
1975/9/29,,,8.46,
1975/9/30,,,8.48,
1975/10/1,,,8.47,54.9
1975/10/2,,,8.44,
1975/10/3,,,8.33,
1975/10/6,,,8.3,
1975/10/7,,,8.33,
1975/10/8,,,8.3,
1975/10/9,,,8.23,
1975/10/10,,,8.15,
1975/10/13,,,,
1975/10/14,,,8.19,
1975/10/15,,,8.19,
1975/10/16,,,8.07,
1975/10/17,,,8.07,
1975/10/20,,,8.07,
1975/10/21,,,8.05,
1975/10/22,,,8.05,
1975/10/23,,,7.99,
1975/10/24,,,8,
1975/10/27,,,8,
1975/10/28,,,7.99,
1975/10/29,,,7.98,
1975/10/30,,,7.92,
1975/10/31,,,7.91,
1975/11/1,,,,55.3
1975/11/3,,,7.97,
1975/11/4,,,,
1975/11/5,,,7.91,
1975/11/6,,,7.94,
1975/11/7,,,7.91,
1975/11/10,,,7.9,
1975/11/11,,,,
1975/11/12,,,7.95,
1975/11/13,,,7.97,
1975/11/14,,,8.06,
1975/11/17,,,8.08,
1975/11/18,,,8.13,
1975/11/19,,,8.14,
1975/11/20,,,8.12,
1975/11/21,,,8.21,
1975/11/24,,,8.16,
1975/11/25,,,8.16,
1975/11/26,,,8.15,
1975/11/27,,,,
1975/11/28,,,8.14,
1975/12/1,,,8.12,55.6
1975/12/2,,,8.1,
1975/12/3,,,8.1,
1975/12/4,,,8.15,
1975/12/5,,,8.13,
1975/12/8,,,8.19,
1975/12/9,,,8.23,
1975/12/10,,,8.23,
1975/12/11,,,8.16,
1975/12/12,,,8.12,
1975/12/15,,,8.06,
1975/12/16,,,8,
1975/12/17,,,7.95,
1975/12/18,,,7.96,
1975/12/19,,,7.88,
1975/12/22,,,7.87,
1975/12/23,,,7.87,
1975/12/24,,,7.82,
1975/12/25,,,,
1975/12/26,,,7.75,
1975/12/29,,,7.75,
1975/12/30,,,7.73,
1975/12/31,,,7.76,
1976/1/1,,,,55.8
1976/1/2,,,7.77,
1976/1/5,,,7.74,
1976/1/6,,,7.64,
1976/1/7,,,7.69,
1976/1/8,,,7.74,
1976/1/9,,,7.64,
1976/1/12,,,7.63,
1976/1/13,,,7.64,
1976/1/14,,,7.71,
1976/1/15,,,7.73,
1976/1/16,,,7.79,
1976/1/19,,,7.76,
1976/1/20,,,7.71,
1976/1/21,,,7.78,
1976/1/22,,,7.8,
1976/1/23,,,7.78,
1976/1/26,,,7.79,
1976/1/27,,,7.8,
1976/1/28,,,7.83,
1976/1/29,,,7.82,
1976/1/30,,,7.8,
1976/2/1,,,,55.9
1976/2/2,,,7.8,
1976/2/3,,,7.82,
1976/2/4,,,7.85,
1976/2/5,,,7.83,
1976/2/6,,,7.88,
1976/2/9,,,7.86,
1976/2/10,,,7.88,
1976/2/11,,,7.85,
1976/2/12,,,,
1976/2/13,,,7.82,
1976/2/16,,,,
1976/2/17,,,7.78,
1976/2/18,,,7.79,
1976/2/19,,,7.8,
1976/2/20,,,7.77,
1976/2/23,,,7.72,
1976/2/24,,,7.69,
1976/2/25,,,7.68,
1976/2/26,,,7.68,
1976/2/27,,,7.77,
1976/3/1,,,7.86,56
1976/3/2,,,7.82,
1976/3/3,,,7.82,
1976/3/4,,,7.85,
1976/3/5,,,7.8,
1976/3/8,,,7.76,
1976/3/9,,,7.78,
1976/3/10,,,7.76,
1976/3/11,,,7.77,
1976/3/12,,,7.71,
1976/3/15,,,7.74,
1976/3/16,,,7.76,
1976/3/17,,,7.76,
1976/3/18,,,7.73,
1976/3/19,,,7.74,
1976/3/22,,,7.68,
1976/3/23,,,7.67,
1976/3/24,,,7.65,
1976/3/25,,,7.64,
1976/3/26,,,7.64,
1976/3/29,,,7.64,
1976/3/30,,,7.65,
1976/3/31,,,7.66,
1976/4/1,,,7.68,56.1
1976/4/2,,,7.67,
1976/4/5,,,7.62,
1976/4/6,,,7.59,
1976/4/7,,,7.56,
1976/4/8,,,7.55,
1976/4/9,,,7.52,
1976/4/12,,,7.52,
1976/4/13,,,7.5,
1976/4/14,,,7.47,
1976/4/15,,,7.47,
1976/4/16,,,,
1976/4/19,,,7.51,
1976/4/20,,,7.5,
1976/4/21,,,7.47,
1976/4/22,,,7.52,
1976/4/23,,,7.59,
1976/4/26,,,7.61,
1976/4/27,,,7.62,
1976/4/28,,,7.6,
1976/4/29,,,7.61,
1976/4/30,,,7.67,
1976/5/1,,,,56.4
1976/5/3,,,7.69,
1976/5/4,,,7.66,
1976/5/5,,,7.68,
1976/5/6,,,7.78,
1976/5/7,,,7.87,
1976/5/10,,,7.92,
1976/5/11,,,7.92,
1976/5/12,,,7.94,
1976/5/13,,,7.92,
1976/5/14,,,7.93,
1976/5/17,,,7.94,
1976/5/18,,,7.94,
1976/5/19,,,7.94,
1976/5/20,,,7.95,
1976/5/21,,,8,
1976/5/24,,,7.98,
1976/5/25,,,7.94,
1976/5/26,,,7.95,
1976/5/27,,,7.99,
1976/5/28,,,7.96,
1976/5/31,,,,
1976/6/1,,,7.94,56.7
1976/6/2,,,7.94,
1976/6/3,,,7.92,
1976/6/4,,,7.89,
1976/6/7,,,7.88,
1976/6/8,,,7.9,
1976/6/9,,,7.9,
1976/6/10,,,7.86,
1976/6/11,,,7.86,
1976/6/14,,,7.84,
1976/6/15,,,7.85,
1976/6/16,,,7.87,
1976/6/17,,,7.85,
1976/6/18,,,7.81,
1976/6/21,,,7.8,
1976/6/22,,,7.81,
1976/6/23,,,7.81,
1976/6/24,,,7.81,
1976/6/25,,,7.83,
1976/6/28,,,7.86,
1976/6/29,,,7.86,
1976/6/30,,,7.86,
1976/7/1,,,7.88,57
1976/7/2,,,7.84,
1976/7/5,,,,
1976/7/6,,,7.82,
1976/7/7,,,7.84,
1976/7/8,,,7.82,
1976/7/9,,,7.78,
1976/7/12,,,7.76,
1976/7/13,,,7.77,
1976/7/14,,,7.79,
1976/7/15,,,7.77,
1976/7/16,,,7.83,
1976/7/19,,,7.86,
1976/7/20,,,7.87,
1976/7/21,,,7.86,
1976/7/22,,,7.86,
1976/7/23,,,7.84,
1976/7/26,,,7.87,
1976/7/27,,,7.85,
1976/7/28,,,7.85,
1976/7/29,,,7.85,
1976/7/30,,,7.86,
1976/8/1,,,,57.3
1976/8/2,,,7.85,
1976/8/3,,,7.82,
1976/8/4,,,7.81,
1976/8/5,,,7.82,
1976/8/6,,,7.84,
1976/8/9,,,7.84,
1976/8/10,,,7.84,
1976/8/11,,,7.82,
1976/8/12,,,7.81,
1976/8/13,,,7.78,
1976/8/16,,,7.74,
1976/8/17,,,7.75,
1976/8/18,,,7.76,
1976/8/19,,,7.76,
1976/8/20,,,7.76,
1976/8/23,,,7.73,
1976/8/24,,,7.72,
1976/8/25,,,7.69,
1976/8/26,,,7.68,
1976/8/27,,,7.72,
1976/8/30,,,7.71,
1976/8/31,,,7.66,
1976/9/1,,,7.64,57.6
1976/9/2,,,7.67,
1976/9/3,,,7.65,
1976/9/6,,,,
1976/9/7,,,7.64,
1976/9/8,,,7.64,
1976/9/9,,,7.66,
1976/9/10,,,7.64,
1976/9/13,,,7.64,
1976/9/14,,,7.64,
1976/9/15,,,7.62,
1976/9/16,,,7.6,
1976/9/17,,,7.49,
1976/9/20,,,7.52,
1976/9/21,,,7.51,
1976/9/22,,,7.53,
1976/9/23,,,7.54,
1976/9/24,,,7.58,
1976/9/27,,,7.6,
1976/9/28,,,7.56,
1976/9/29,,,7.56,
1976/9/30,,,7.55,
1976/10/1,,,7.49,57.9
1976/10/4,,,7.46,
1976/10/5,,,7.47,
1976/10/6,,,7.44,
1976/10/7,,,7.43,
1976/10/8,,,7.38,
1976/10/11,,,,
1976/10/12,,,7.35,
1976/10/13,,,7.35,
1976/10/14,,,7.34,
1976/10/15,,,7.31,
1976/10/18,,,7.31,
1976/10/19,,,7.35,
1976/10/20,,,7.38,
1976/10/21,,,7.39,
1976/10/22,,,7.48,
1976/10/25,,,7.53,
1976/10/26,,,7.48,
1976/10/27,,,7.45,
1976/10/28,,,7.41,
1976/10/29,,,7.42,
1976/11/1,,,7.38,58.1
1976/11/2,,,,
1976/11/3,,,7.44,
1976/11/4,,,7.38,
1976/11/5,,,7.41,
1976/11/8,,,7.46,
1976/11/9,,,7.46,
1976/11/10,,,7.45,
1976/11/11,,,,
1976/11/12,,,7.43,
1976/11/15,,,7.41,
1976/11/16,,,7.33,
1976/11/17,,,7.32,
1976/11/18,,,7.33,
1976/11/19,,,7.24,
1976/11/22,,,7.17,
1976/11/23,,,7.16,
1976/11/24,,,7.14,
1976/11/25,,,,
1976/11/26,,,6.99,
1976/11/29,,,7.02,
1976/11/30,,,7.01,
1976/12/1,,,6.97,58.4
1976/12/2,,,6.92,
1976/12/3,,,6.86,
1976/12/6,,,6.87,
1976/12/7,,,6.88,
1976/12/8,,,6.91,
1976/12/9,,,6.92,
1976/12/10,,,6.82,
1976/12/13,,,6.9,
1976/12/14,,,6.89,
1976/12/15,,,6.88,
1976/12/16,,,6.88,
1976/12/17,,,6.88,
1976/12/20,,,6.84,
1976/12/21,,,6.85,
1976/12/22,,,6.86,
1976/12/23,,,6.84,
1976/12/24,,,,
1976/12/27,,,6.84,
1976/12/28,,,6.86,
1976/12/29,,,6.84,
1976/12/30,,,6.8,
1976/12/31,,,6.81,
1977/1/1,,,,58.7
1977/1/3,,,6.84,
1977/1/4,,,6.9,
1977/1/5,,,6.88,
1977/1/6,,,6.93,
1977/1/7,,,7.07,
1977/1/10,,,7.2,
1977/1/11,,,7.28,
1977/1/12,,,7.26,
1977/1/13,,,7.18,
1977/1/14,,,7.28,
1977/1/17,,,7.28,
1977/1/18,,,7.34,
1977/1/19,,,7.28,
1977/1/20,,,7.26,
1977/1/21,,,7.28,
1977/1/24,,,7.34,
1977/1/25,,,7.32,
1977/1/26,,,7.33,
1977/1/27,,,7.43,
1977/1/28,,,7.4,
1977/1/31,,,7.4,
1977/2/1,,,7.41,59.3
1977/2/2,,,7.47,
1977/2/3,,,7.46,
1977/2/4,,,7.28,
1977/2/7,,,7.34,
1977/2/8,,,7.35,
1977/2/9,,,7.34,
1977/2/10,,,7.34,
1977/2/11,,,7.36,
1977/2/14,,,7.38,
1977/2/15,,,7.36,
1977/2/16,,,7.34,
1977/2/17,,,7.26,
1977/2/18,,,7.41,
1977/2/21,,,,
1977/2/22,,,7.42,
1977/2/23,,,7.48,
1977/2/24,,,7.5,
1977/2/25,,,7.48,
1977/2/28,,,7.45,
1977/3/1,,,7.49,59.6
1977/3/2,,,7.45,
1977/3/3,,,7.43,
1977/3/4,,,7.48,
1977/3/7,,,7.5,
1977/3/8,,,7.52,
1977/3/9,,,7.5,
1977/3/10,,,7.49,
1977/3/11,,,7.44,
1977/3/14,,,7.45,
1977/3/15,,,7.44,
1977/3/16,,,7.44,
1977/3/17,,,7.47,
1977/3/18,,,7.44,
1977/3/21,,,7.43,
1977/3/22,,,7.43,
1977/3/23,,,7.44,
1977/3/24,,,7.46,
1977/3/25,,,7.48,
1977/3/28,,,7.47,
1977/3/29,,,7.47,
1977/3/30,,,7.44,
1977/3/31,,,7.42,
1977/4/1,,,7.43,60
1977/4/4,,,7.44,
1977/4/5,,,7.47,
1977/4/6,,,7.46,
1977/4/7,,,7.43,
1977/4/8,,,,
1977/4/11,,,7.39,
1977/4/12,,,7.39,
1977/4/13,,,7.36,
1977/4/14,,,7.22,
1977/4/15,,,7.25,
1977/4/18,,,7.25,
1977/4/19,,,7.3,
1977/4/20,,,7.32,
1977/4/21,,,7.33,
1977/4/22,,,7.36,
1977/4/25,,,7.4,
1977/4/26,,,7.38,
1977/4/27,,,7.38,
1977/4/28,,,7.4,
1977/4/29,,,7.45,
1977/5/1,,,,60.2
1977/5/2,,,7.45,
1977/5/3,,,7.44,
1977/5/4,,,7.45,
1977/5/5,,,7.47,
1977/5/6,,,7.5,
1977/5/9,,,7.5,
1977/5/10,,,7.52,
1977/5/11,,,7.52,
1977/5/12,,,7.5,
1977/5/13,,,7.48,
1977/5/16,,,7.46,
1977/5/17,,,7.45,
1977/5/18,,,7.43,
1977/5/19,,,7.49,
1977/5/20,,,7.49,
1977/5/23,,,7.46,
1977/5/24,,,7.41,
1977/5/25,,,7.39,
1977/5/26,,,7.42,
1977/5/27,,,7.38,
1977/5/30,,,,
1977/5/31,,,7.38,
1977/6/1,,,7.38,60.5
1977/6/2,,,7.39,
1977/6/3,,,7.36,
1977/6/6,,,7.37,
1977/6/7,,,7.36,
1977/6/8,,,7.36,
1977/6/9,,,7.35,
1977/6/10,,,7.3,
1977/6/13,,,7.27,
1977/6/14,,,7.22,
1977/6/15,,,7.23,
1977/6/16,,,7.24,
1977/6/17,,,7.24,
1977/6/20,,,7.27,
1977/6/21,,,7.26,
1977/6/22,,,7.25,
1977/6/23,,,7.26,
1977/6/24,,,7.2,
1977/6/27,,,7.2,
1977/6/28,,,7.16,
1977/6/29,,,7.19,
1977/6/30,,,7.2,
1977/7/1,,,7.34,60.8
1977/7/4,,,,
1977/7/5,,,7.35,
1977/7/6,,,7.37,
1977/7/7,,,7.29,
1977/7/8,,,7.31,
1977/7/11,,,7.33,
1977/7/12,,,7.32,
1977/7/13,,,7.28,
1977/7/14,,,,
1977/7/15,,,7.31,
1977/7/18,,,7.34,
1977/7/19,,,7.33,
1977/7/20,,,7.32,
1977/7/21,,,7.32,
1977/7/22,,,7.31,
1977/7/25,,,7.28,
1977/7/26,,,7.28,
1977/7/27,,,7.36,
1977/7/28,,,7.41,
1977/7/29,,,7.42,
1977/8/1,,,7.43,61.1
1977/8/2,,,7.44,
1977/8/3,,,7.42,
1977/8/4,,,7.43,
1977/8/5,,,7.42,
1977/8/8,,,7.41,
1977/8/9,,,7.45,
1977/8/10,,,7.46,
1977/8/11,,,7.47,
1977/8/12,,,7.48,
1977/8/15,,,7.48,
1977/8/16,,,7.48,
1977/8/17,,,7.44,
1977/8/18,,,7.42,
1977/8/19,,,7.4,
1977/8/22,,,7.39,
1977/8/23,,,7.36,
1977/8/24,,,7.35,
1977/8/25,,,7.32,
1977/8/26,,,7.27,
1977/8/29,,,7.25,
1977/8/30,,,7.27,
1977/8/31,,,7.28,
1977/9/1,,,7.3,61.3
1977/9/2,,,7.24,
1977/9/5,,,,
1977/9/6,,,7.24,
1977/9/7,,,7.26,
1977/9/8,,,7.28,
1977/9/9,,,7.36,
1977/9/12,,,7.38,
1977/9/13,,,7.37,
1977/9/14,,,7.34,
1977/9/15,,,7.33,
1977/9/16,,,7.32,
1977/9/19,,,7.32,
1977/9/20,,,7.36,
1977/9/21,,,7.36,
1977/9/22,,,7.39,
1977/9/23,,,7.39,
1977/9/26,,,7.42,
1977/9/27,,,7.38,
1977/9/28,,,7.38,
1977/9/29,,,7.39,
1977/9/30,,,7.41,
1977/10/1,,,,61.6
1977/10/3,,,7.41,
1977/10/4,,,7.4,
1977/10/5,,,7.4,
1977/10/6,,,7.44,
1977/10/7,,,7.48,
1977/10/10,,,,
1977/10/11,,,7.54,
1977/10/12,,,7.54,
1977/10/13,,,7.54,
1977/10/14,,,7.54,
1977/10/17,,,7.55,
1977/10/18,,,7.55,
1977/10/19,,,7.54,
1977/10/20,,,7.54,
1977/10/21,,,7.55,
1977/10/24,,,7.56,
1977/10/25,,,7.58,
1977/10/26,,,7.57,
1977/10/27,,,7.56,
1977/10/28,,,7.56,
1977/10/31,,,7.62,
1977/11/1,,,7.63,62
1977/11/2,,,7.69,
1977/11/3,,,7.68,
1977/11/4,,,7.64,
1977/11/7,,,7.62,
1977/11/8,,,,
1977/11/9,,,7.6,
1977/11/10,,,7.59,
1977/11/11,,,,
1977/11/14,,,7.56,
1977/11/15,,,7.56,
1977/11/16,,,7.55,
1977/11/17,,,7.54,
1977/11/18,,,7.54,
1977/11/21,,,7.56,
1977/11/22,,,7.54,
1977/11/23,,,7.52,
1977/11/24,,,,
1977/11/25,,,7.52,
1977/11/28,,,7.53,
1977/11/29,,,7.55,
1977/11/30,,,7.55,
1977/12/1,,,7.58,62.3
1977/12/2,,,7.59,
1977/12/5,,,7.6,
1977/12/6,,,7.63,
1977/12/7,,,7.63,
1977/12/8,,,7.64,
1977/12/9,,,7.63,
1977/12/12,,,7.64,
1977/12/13,,,7.65,
1977/12/14,,,7.66,
1977/12/15,,,7.67,
1977/12/16,,,7.67,
1977/12/19,,,7.69,
1977/12/20,,,7.74,
1977/12/21,,,7.72,
1977/12/22,,,7.75,
1977/12/23,,,7.75,
1977/12/26,,,,
1977/12/27,,,7.77,
1977/12/28,,,7.78,
1977/12/29,,,7.82,
1977/12/30,,,7.78,
1978/1/1,,,,62.7
1978/1/2,,,,
1978/1/3,,,7.83,
1978/1/4,,,7.82,
1978/1/5,,,7.83,
1978/1/6,,,7.85,
1978/1/9,,,8.01,
1978/1/10,,,8.02,
1978/1/11,,,8.03,
1978/1/12,,,8.02,
1978/1/13,,,7.98,
1978/1/16,,,7.98,
1978/1/17,,,7.98,
1978/1/18,,,7.98,
1978/1/19,,,7.97,
1978/1/20,,,7.97,
1978/1/23,,,7.97,
1978/1/24,,,7.99,
1978/1/25,,,8,
1978/1/26,,,7.98,
1978/1/27,,,7.97,
1978/1/30,,,7.96,
1978/1/31,,,7.94,
1978/2/1,,,7.96,63
1978/2/2,,,7.96,
1978/2/3,,,7.97,
1978/2/6,,,7.99,
1978/2/7,,,7.99,
1978/2/8,,,8,
1978/2/9,,,8.01,
1978/2/10,,,8.02,
1978/2/13,,,,
1978/2/14,,,8.05,
1978/2/15,,,8.08,
1978/2/16,,,8.1,
1978/2/17,,,8.09,
1978/2/20,,,,
1978/2/21,,,8.1,
1978/2/22,,,8.1,
1978/2/23,,,8.08,
1978/2/24,,,8.04,
1978/2/27,,,8.02,
1978/2/28,,,8.04,
1978/3/1,,,8.05,63.4
1978/3/2,,,8.04,
1978/3/3,,,8.04,
1978/3/6,,,8.05,
1978/3/7,,,8.03,
1978/3/8,,,8.03,
1978/3/9,,,8.02,
1978/3/10,,,8,
1978/3/13,,,7.99,
1978/3/14,,,7.99,
1978/3/15,,,8,
1978/3/16,,,8,
1978/3/17,,,8,
1978/3/20,,,7.97,
1978/3/21,,,7.97,
1978/3/22,,,7.98,
1978/3/23,,,8.01,
1978/3/24,,,,
1978/3/27,,,8.12,
1978/3/28,,,8.12,
1978/3/29,,,8.11,
1978/3/30,,,8.12,
1978/3/31,,,8.15,
1978/4/1,,,,63.9
1978/4/3,,,8.13,
1978/4/4,,,8.12,
1978/4/5,,,8.14,
1978/4/6,,,8.16,
1978/4/7,,,8.14,
1978/4/10,,,8.15,
1978/4/11,,,8.16,
1978/4/12,,,8.16,
1978/4/13,,,8.15,
1978/4/14,,,8.12,
1978/4/17,,,8.08,
1978/4/18,,,8.08,
1978/4/19,,,8.13,
1978/4/20,,,8.14,
1978/4/21,,,8.16,
1978/4/24,,,8.18,
1978/4/25,,,8.18,
1978/4/26,,,8.22,
1978/4/27,,,8.24,
1978/4/28,,,8.24,
1978/5/1,,,8.24,64.5
1978/5/2,,,8.25,
1978/5/3,,,8.28,
1978/5/4,,,8.27,
1978/5/5,,,8.34,
1978/5/8,,,8.35,
1978/5/9,,,8.34,
1978/5/10,,,8.34,
1978/5/11,,,8.34,
1978/5/12,,,8.36,
1978/5/15,,,8.35,
1978/5/16,,,8.34,
1978/5/17,,,8.33,
1978/5/18,,,8.37,
1978/5/19,,,8.38,
1978/5/22,,,8.38,
1978/5/23,,,8.37,
1978/5/24,,,8.39,
1978/5/25,,,8.4,
1978/5/26,,,8.42,
1978/5/29,,,,
1978/5/30,,,,
1978/5/31,,,8.42,
1978/6/1,,,8.41,65
1978/6/2,,,8.39,
1978/6/5,,,8.38,
1978/6/6,,,8.37,
1978/6/7,,,8.37,
1978/6/8,,,8.38,
1978/6/9,,,8.41,
1978/6/12,,,8.4,
1978/6/13,,,8.41,
1978/6/14,,,8.41,
1978/6/15,,,8.41,
1978/6/16,,,8.43,
1978/6/19,,,8.45,
1978/6/20,,,8.47,
1978/6/21,,,8.5,
1978/6/22,,,8.5,
1978/6/23,,,8.55,
1978/6/26,,,8.59,
1978/6/27,,,8.58,
1978/6/28,,,8.57,
1978/6/29,,,8.57,
1978/6/30,,,8.62,
1978/7/1,,,,65.5
1978/7/3,,,8.59,
1978/7/4,,,,
1978/7/5,,,8.62,
1978/7/6,,,8.62,
1978/7/7,,,8.66,
1978/7/10,,,8.68,
1978/7/11,,,8.68,
1978/7/12,,,8.67,
1978/7/13,,,8.68,
1978/7/14,,,8.68,
1978/7/17,,,8.65,
1978/7/18,,,8.63,
1978/7/19,,,8.62,
1978/7/20,,,8.66,
1978/7/21,,,8.67,
1978/7/24,,,8.67,
1978/7/25,,,8.67,
1978/7/26,,,8.66,
1978/7/27,,,8.58,
1978/7/28,,,8.55,
1978/7/31,,,8.56,
1978/8/1,,,8.54,65.9
1978/8/2,,,8.44,
1978/8/3,,,8.39,
1978/8/4,,,8.38,
1978/8/7,,,8.36,
1978/8/8,,,8.35,
1978/8/9,,,8.34,
1978/8/10,,,8.45,
1978/8/11,,,8.44,
1978/8/14,,,8.45,
1978/8/15,,,8.46,
1978/8/16,,,8.55,
1978/8/17,,,8.48,
1978/8/18,,,8.46,
1978/8/21,,,8.41,
1978/8/22,,,8.41,
1978/8/23,,,8.32,
1978/8/24,,,8.35,
1978/8/25,,,8.34,
1978/8/28,,,8.35,
1978/8/29,,,8.37,
1978/8/30,,,8.42,
1978/8/31,,,8.39,
1978/9/1,,,8.38,66.5
1978/9/4,,,,
1978/9/5,,,8.34,
1978/9/6,,,8.35,
1978/9/7,,,8.34,
1978/9/8,,,8.34,
1978/9/11,,,8.31,
1978/9/12,,,8.29,
1978/9/13,,,8.3,
1978/9/14,,,8.32,
1978/9/15,,,8.35,
1978/9/18,,,8.37,
1978/9/19,,,8.38,
1978/9/20,,,8.46,
1978/9/21,,,8.51,
1978/9/22,,,8.56,
1978/9/25,,,8.56,
1978/9/26,,,8.53,
1978/9/27,,,8.54,
1978/9/28,,,8.54,
1978/9/29,,,8.56,
1978/10/1,,,,67.1
1978/10/2,,,8.58,
1978/10/3,,,8.57,
1978/10/4,,,8.59,
1978/10/5,,,8.6,
1978/10/6,,,8.58,
1978/10/9,,,,
1978/10/10,,,8.58,
1978/10/11,,,8.56,
1978/10/12,,,8.51,
1978/10/13,,,8.52,
1978/10/16,,,8.59,
1978/10/17,,,8.6,
1978/10/18,,,8.62,
1978/10/19,,,8.64,
1978/10/20,,,8.66,
1978/10/23,,,8.66,
1978/10/24,,,8.64,
1978/10/25,,,8.65,
1978/10/26,,,8.72,
1978/10/27,,,8.78,
1978/10/30,,,8.88,
1978/10/31,,,8.96,
1978/11/1,,,8.66,67.5
1978/11/2,,,8.73,
1978/11/3,,,8.86,
1978/11/6,,,8.85,
1978/11/7,,,,
1978/11/8,,,8.86,
1978/11/9,,,8.87,
1978/11/10,,,8.86,
1978/11/13,,,8.83,
1978/11/14,,,8.82,
1978/11/15,,,8.76,
1978/11/16,,,8.72,
1978/11/17,,,8.72,
1978/11/20,,,8.72,
1978/11/21,,,8.77,
1978/11/22,,,8.77,
1978/11/23,,,,
1978/11/24,,,8.86,
1978/11/27,,,8.86,
1978/11/28,,,8.86,
1978/11/29,,,8.86,
1978/11/30,,,8.86,
1978/12/1,,,8.8,67.9
1978/12/4,,,8.82,
1978/12/5,,,8.85,
1978/12/6,,,8.85,
1978/12/7,,,8.89,
1978/12/8,,,8.9,
1978/12/11,,,8.9,
1978/12/12,,,8.92,
1978/12/13,,,8.98,
1978/12/14,,,8.96,
1978/12/15,,,9,
1978/12/18,,,9.13,
1978/12/19,,,9.14,
1978/12/20,,,9.16,
1978/12/21,,,9.16,
1978/12/22,,,9.11,
1978/12/25,,,,
1978/12/26,,,9.13,
1978/12/27,,,9.12,
1978/12/28,,,9.16,
1978/12/29,,,9.15,
1979/1/1,,,,68.5
1979/1/2,,,9.18,
1979/1/3,,,9.16,
1979/1/4,,,9.11,
1979/1/5,,,9.1,
1979/1/8,,,9.14,
1979/1/9,,,9.16,
1979/1/10,,,9.16,
1979/1/11,,,9.15,
1979/1/12,,,9.14,
1979/1/15,,,9.15,
1979/1/16,,,9.16,
1979/1/17,,,9.18,
1979/1/18,,,9.18,
1979/1/19,,,9.15,
1979/1/22,,,9.12,
1979/1/23,,,9.1,
1979/1/24,,,9.08,
1979/1/25,,,8.98,
1979/1/26,,,8.93,
1979/1/29,,,8.96,
1979/1/30,,,8.95,
1979/1/31,,,8.95,
1979/2/1,,,8.94,69.2
1979/2/2,,,8.89,
1979/2/5,,,8.95,
1979/2/6,,,9,
1979/2/7,,,9.09,
1979/2/8,,,9.09,
1979/2/9,,,9.11,
1979/2/12,,,,
1979/2/13,,,9.11,
1979/2/14,,,9.12,
1979/2/15,,,9.12,
1979/2/16,,,9.11,
1979/2/19,,,,
1979/2/20,,,9.12,
1979/2/21,,,9.15,
1979/2/22,,,9.2,
1979/2/23,,,9.21,
1979/2/26,,,9.2,
1979/2/27,,,9.19,
1979/2/28,,,9.17,
1979/3/1,,,9.17,69.9
1979/3/2,,,9.16,
1979/3/5,,,9.11,
1979/3/6,,,9.14,
1979/3/7,,,9.1,
1979/3/8,,,9.1,
1979/3/9,,,9.11,
1979/3/12,,,9.11,
1979/3/13,,,9.11,
1979/3/14,,,9.12,
1979/3/15,,,9.14,
1979/3/16,,,9.12,
1979/3/19,,,9.12,
1979/3/20,,,9.13,
1979/3/21,,,9.13,
1979/3/22,,,9.12,
1979/3/23,,,9.12,
1979/3/26,,,9.12,
1979/3/27,,,9.11,
1979/3/28,,,9.07,
1979/3/29,,,9.06,
1979/3/30,,,9.11,
1979/4/1,,,,70.6
1979/4/2,,,9.11,
1979/4/3,,,9.1,
1979/4/4,,,9.09,
1979/4/5,,,9.07,
1979/4/6,,,9.1,
1979/4/9,,,9.14,
1979/4/10,,,9.17,
1979/4/11,,,9.2,
1979/4/12,,,9.2,
1979/4/13,,,,
1979/4/16,,,9.19,
1979/4/17,,,9.16,
1979/4/18,,,9.15,
1979/4/19,,,9.15,
1979/4/20,,,9.19,
1979/4/23,,,9.21,
1979/4/24,,,9.24,
1979/4/25,,,9.23,
1979/4/26,,,9.27,
1979/4/27,,,9.32,
1979/4/30,,,9.35,
1979/5/1,,,9.36,71.4
1979/5/2,,,9.34,
1979/5/3,,,9.38,
1979/5/4,,,9.39,
1979/5/7,,,9.39,
1979/5/8,,,9.38,
1979/5/9,,,9.36,
1979/5/10,,,9.36,
1979/5/11,,,9.34,
1979/5/14,,,9.3,
1979/5/15,,,9.32,
1979/5/16,,,9.31,
1979/5/17,,,9.24,
1979/5/18,,,9.23,
1979/5/21,,,9.24,
1979/5/22,,,9.15,
1979/5/23,,,9.07,
1979/5/24,,,9.06,
1979/5/25,,,9.01,
1979/5/28,,,,
1979/5/29,,,9.01,
1979/5/30,,,,
1979/5/31,,,9.06,
1979/6/1,,,9.05,72.2
1979/6/4,,,9.06,
1979/6/5,,,9.02,
1979/6/6,,,8.97,
1979/6/7,,,8.89,
1979/6/8,,,8.9,
1979/6/11,,,8.94,
1979/6/12,,,8.79,
1979/6/13,,,8.83,
1979/6/14,,,8.87,
1979/6/15,,,8.96,
1979/6/18,,,8.95,
1979/6/19,,,8.95,
1979/6/20,,,8.94,
1979/6/21,,,8.93,
1979/6/22,,,8.98,
1979/6/25,,,8.93,
1979/6/26,,,8.82,
1979/6/27,,,8.8,
1979/6/28,,,8.8,
1979/6/29,,,8.81,
1979/7/1,,,,73
1979/7/2,,,8.76,
1979/7/3,,,8.77,
1979/7/4,,,,
1979/7/5,,,8.8,
1979/7/6,,,8.82,
1979/7/9,,,8.86,
1979/7/10,,,8.92,
1979/7/11,,,8.97,
1979/7/12,,,8.95,
1979/7/13,,,8.94,
1979/7/16,,,8.99,
1979/7/17,,,9.01,
1979/7/18,,,9.03,
1979/7/19,,,9.04,
1979/7/20,,,8.98,
1979/7/23,,,9.03,
1979/7/24,,,9.06,
1979/7/25,,,8.99,
1979/7/26,,,8.97,
1979/7/27,,,9.02,
1979/7/30,,,9.03,
1979/7/31,,,9.01,
1979/8/1,,,8.99,73.7
1979/8/2,,,8.91,
1979/8/3,,,8.92,
1979/8/6,,,8.91,
1979/8/7,,,8.91,
1979/8/8,,,8.93,
1979/8/9,,,8.97,
1979/8/10,,,9,
1979/8/13,,,9,
1979/8/14,,,8.98,
1979/8/15,,,9,
1979/8/16,,,9,
1979/8/17,,,9.01,
1979/8/20,,,9.02,
1979/8/21,,,9.04,
1979/8/22,,,9.04,
1979/8/23,,,9.05,
1979/8/24,,,9.14,
1979/8/27,,,9.12,
1979/8/28,,,9.15,
1979/8/29,,,9.14,
1979/8/30,,,9.21,
1979/8/31,,,9.24,
1979/9/1,,,,74.4
1979/9/3,,,,
1979/9/4,,,9.32,
1979/9/5,,,9.32,
1979/9/6,,,9.35,
1979/9/7,,,9.34,
1979/9/10,,,9.36,
1979/9/11,,,9.25,
1979/9/12,,,9.3,
1979/9/13,,,9.34,
1979/9/14,,,9.29,
1979/9/17,,,9.37,
1979/9/18,,,9.36,
1979/9/19,,,9.31,
1979/9/20,,,9.29,
1979/9/21,,,9.26,
1979/9/24,,,9.34,
1979/9/25,,,9.32,
1979/9/26,,,9.36,
1979/9/27,,,9.44,
1979/9/28,,,9.44,
1979/10/1,,,9.51,75.2
1979/10/2,,,9.47,
1979/10/3,,,9.5,
1979/10/4,,,9.58,
1979/10/5,,,9.6,
1979/10/8,,,,
1979/10/9,,,9.93,
1979/10/10,,,10.09,
1979/10/11,,,10.17,
1979/10/12,,,10.15,
1979/10/15,,,10.31,
1979/10/16,,,10.27,
1979/10/17,,,10.2,
1979/10/18,,,10.41,
1979/10/19,,,10.68,
1979/10/22,,,10.96,
1979/10/23,,,11.02,
1979/10/24,,,10.83,
1979/10/25,,,10.98,
1979/10/26,,,10.67,
1979/10/29,,,10.78,
1979/10/30,,,10.75,
1979/10/31,,,10.72,
1979/11/1,,,10.79,76
1979/11/2,,,10.84,
1979/11/5,,,10.85,
1979/11/6,,,,
1979/11/7,,,11,
1979/11/8,,,10.96,
1979/11/9,,,10.68,
1979/11/12,,,,
1979/11/13,,,10.63,
1979/11/14,,,10.75,
1979/11/15,,,10.62,
1979/11/16,,,10.77,
1979/11/19,,,10.8,
1979/11/20,,,10.78,
1979/11/21,,,10.73,
1979/11/22,,,,
1979/11/23,,,10.51,
1979/11/26,,,10.37,
1979/11/27,,,10.24,
1979/11/28,,,10.37,
1979/11/29,,,10.34,
1979/11/30,,,10.38,
1979/12/1,,,,76.9
1979/12/3,,,10.44,
1979/12/4,,,10.32,
1979/12/5,,,10.27,
1979/12/6,,,10.13,
1979/12/7,,,10.3,
1979/12/10,,,10.27,
1979/12/11,,,10.46,
1979/12/12,,,10.58,
1979/12/13,,,10.51,
1979/12/14,,,10.45,
1979/12/17,,,10.42,
1979/12/18,,,10.34,
1979/12/19,,,10.33,
1979/12/20,,,10.38,
1979/12/21,,,10.39,
1979/12/24,,,10.45,
1979/12/25,,,,
1979/12/26,,,10.48,
1979/12/27,,,10.46,
1979/12/28,,,10.41,
1979/12/31,,,10.33,
1980/1/1,,,,78
1980/1/2,,,10.5,
1980/1/3,,,10.6,
1980/1/4,,,10.66,
1980/1/7,,,10.63,
1980/1/8,,,10.57,
1980/1/9,,,10.58,
1980/1/10,,,10.51,
1980/1/11,,,10.68,
1980/1/14,,,10.7,
1980/1/15,,,10.65,
1980/1/16,,,10.65,
1980/1/17,,,10.71,
1980/1/18,,,10.82,
1980/1/21,,,10.96,
1980/1/22,,,10.85,
1980/1/23,,,10.82,
1980/1/24,,,11.01,
1980/1/25,,,11.1,
1980/1/28,,,11.15,
1980/1/29,,,11.21,
1980/1/30,,,11.16,
1980/1/31,,,11.13,
1980/2/1,,,11.29,79
1980/2/4,,,11.4,
1980/2/5,,,11.73,
1980/2/6,,,11.92,
1980/2/7,,,11.71,
1980/2/8,,,11.8,
1980/2/11,,,12.01,
1980/2/12,,,,
1980/2/13,,,11.86,
1980/2/14,,,11.97,
1980/2/15,,,12.2,
1980/2/18,,,,
1980/2/19,,,12.85,
1980/2/20,,,12.84,
1980/2/21,,,13.22,
1980/2/22,,,13.06,
1980/2/25,,,13.27,
1980/2/26,,,13.65,
1980/2/27,,,13.46,
1980/2/28,,,12.92,
1980/2/29,,,12.72,
1980/3/1,,,,80.1
1980/3/3,,,12.79,
1980/3/4,,,12.91,
1980/3/5,,,13.03,
1980/3/6,,,13.13,
1980/3/7,,,12.86,
1980/3/10,,,12.63,
1980/3/11,,,12.41,
1980/3/12,,,12.62,
1980/3/13,,,12.5,
1980/3/14,,,12.52,
1980/3/17,,,12.58,
1980/3/18,,,12.4,
1980/3/19,,,12.35,
1980/3/20,,,12.62,
1980/3/21,,,12.75,
1980/3/24,,,13.17,
1980/3/25,,,13.1,
1980/3/26,,,13.03,
1980/3/27,,,12.97,
1980/3/28,,,12.72,
1980/3/31,,,12.64,
1980/4/1,,,12.69,80.9
1980/4/2,,,12.63,
1980/4/3,,,12.52,
1980/4/4,,,,
1980/4/7,,,12.13,
1980/4/8,,,12.21,
1980/4/9,,,12.06,
1980/4/10,,,12.06,
1980/4/11,,,11.79,
1980/4/14,,,11.62,
1980/4/15,,,11.57,
1980/4/16,,,10.9,
1980/4/17,,,11.13,
1980/4/18,,,11.05,
1980/4/21,,,10.9,
1980/4/22,,,10.82,
1980/4/23,,,10.89,
1980/4/24,,,10.96,
1980/4/25,,,10.95,
1980/4/28,,,10.63,
1980/4/29,,,10.67,
1980/4/30,,,10.76,
1980/5/1,,,10.57,81.7
1980/5/2,,,10.24,
1980/5/5,,,10.18,
1980/5/6,,,9.8,
1980/5/7,,,9.96,
1980/5/8,,,10.18,
1980/5/9,,,10.3,
1980/5/12,,,10.3,
1980/5/13,,,10.13,
1980/5/14,,,10.14,
1980/5/15,,,10.31,
1980/5/16,,,10.37,
1980/5/19,,,10.53,
1980/5/20,,,10.22,
1980/5/21,,,10.08,
1980/5/22,,,10.1,
1980/5/23,,,9.85,
1980/5/26,,,,
1980/5/27,,,9.96,
1980/5/28,,,10.1,
1980/5/29,,,10.24,
1980/5/30,,,10.25,
1980/6/1,,,,82.5
1980/6/2,,,10.31,
1980/6/3,,,10.16,
1980/6/4,,,10.07,
1980/6/5,,,10.02,
1980/6/6,,,9.81,
1980/6/9,,,9.73,
1980/6/10,,,9.83,
1980/6/11,,,9.7,
1980/6/12,,,9.53,
1980/6/13,,,9.51,
1980/6/16,,,9.47,
1980/6/17,,,9.49,
1980/6/18,,,9.56,
1980/6/19,,,9.56,
1980/6/20,,,9.49,
1980/6/23,,,9.63,
1980/6/24,,,9.68,
1980/6/25,,,9.79,
1980/6/26,,,9.87,
1980/6/27,,,10.04,
1980/6/30,,,10.09,
1980/7/1,,,10.13,82.6
1980/7/2,,,10.19,
1980/7/3,,,10.01,
1980/7/4,,,,
1980/7/7,,,10.2,
1980/7/8,,,10.09,
1980/7/9,,,10.14,
1980/7/10,,,10.21,
1980/7/11,,,10.28,
1980/7/14,,,10.33,
1980/7/15,,,10.17,
1980/7/16,,,10.07,
1980/7/17,,,10.21,
1980/7/18,,,10.2,
1980/7/21,,,10.13,
1980/7/22,,,10.18,
1980/7/23,,,10.12,
1980/7/24,,,10.24,
1980/7/25,,,10.35,
1980/7/28,,,10.46,
1980/7/29,,,10.45,
1980/7/30,,,10.53,
1980/7/31,,,10.76,
1980/8/1,,,10.76,83.2
1980/8/4,,,10.69,
1980/8/5,,,10.7,
1980/8/6,,,10.8,
1980/8/7,,,10.71,
1980/8/8,,,10.87,
1980/8/11,,,11.03,
1980/8/12,,,10.98,
1980/8/13,,,10.89,
1980/8/14,,,10.9,
1980/8/15,,,10.86,
1980/8/18,,,11.13,
1980/8/19,,,11.24,
1980/8/20,,,11.22,
1980/8/21,,,11.3,
1980/8/22,,,11.13,
1980/8/25,,,11.4,
1980/8/26,,,11.42,
1980/8/27,,,11.67,
1980/8/28,,,11.89,
1980/8/29,,,11.55,
1980/9/1,,,,83.9
1980/9/2,,,11.32,
1980/9/3,,,11.08,
1980/9/4,,,11.16,
1980/9/5,,,11.21,
1980/9/8,,,11.29,
1980/9/9,,,11.19,
1980/9/10,,,11.14,
1980/9/11,,,11.32,
1980/9/12,,,11.37,
1980/9/15,,,11.62,
1980/9/16,,,11.52,
1980/9/17,,,11.57,
1980/9/18,,,11.53,
1980/9/19,,,11.33,
1980/9/22,,,11.69,
1980/9/23,,,11.76,
1980/9/24,,,11.75,
1980/9/25,,,11.91,
1980/9/26,,,11.99,
1980/9/29,,,12.07,
1980/9/30,,,11.86,
1980/10/1,,,11.78,84.7
1980/10/2,,,11.83,
1980/10/3,,,11.4,
1980/10/6,,,11.35,
1980/10/7,,,11.43,
1980/10/8,,,11.51,
1980/10/9,,,11.39,
1980/10/10,,,11.44,
1980/10/13,,,,
1980/10/14,,,11.37,
1980/10/15,,,11.29,
1980/10/16,,,11.47,
1980/10/17,,,11.62,
1980/10/20,,,11.64,
1980/10/21,,,11.7,
1980/10/22,,,11.88,
1980/10/23,,,11.82,
1980/10/24,,,11.74,
1980/10/27,,,12.13,
1980/10/28,,,12.32,
1980/10/29,,,12.48,
1980/10/30,,,12.48,
1980/10/31,,,12.46,
1980/11/1,,,,85.6
1980/11/3,,,12.46,
1980/11/4,,,,
1980/11/5,,,12.61,
1980/11/6,,,13.04,
1980/11/7,,,12.66,
1980/11/10,,,12.78,
1980/11/11,,,,
1980/11/12,,,12.47,
1980/11/13,,,12.49,
1980/11/14,,,12.79,
1980/11/17,,,12.95,
1980/11/18,,,12.62,
1980/11/19,,,12.51,
1980/11/20,,,12.59,
1980/11/21,,,12.8,
1980/11/24,,,12.76,
1980/11/25,,,12.74,
1980/11/26,,,12.65,
1980/11/27,,,,
1980/11/28,,,12.72,
1980/12/1,,,12.92,86.4
1980/12/2,,,12.95,
1980/12/3,,,12.92,
1980/12/4,,,12.91,
1980/12/5,,,12.85,
1980/12/8,,,12.91,
1980/12/9,,,13.1,
1980/12/10,,,13.15,
1980/12/11,,,13.57,
1980/12/12,,,13.21,
1980/12/15,,,13.25,
1980/12/16,,,13.51,
1980/12/17,,,13.28,
1980/12/18,,,13.22,
1980/12/19,,,12.64,
1980/12/22,,,12.14,
1980/12/23,,,12.35,
1980/12/24,,,12.42,
1980/12/25,,,,
1980/12/26,,,12.25,
1980/12/29,,,12.2,
1980/12/30,,,12.39,
1980/12/31,,,12.43,
1981/1/1,,,,87.2
1981/1/2,1.5341,,12.42,
1981/1/5,1.5418,,12.15,
1981/1/6,1.5264,,12.11,
1981/1/7,1.5264,,12.38,
1981/1/8,1.5264,,12.35,
1981/1/9,1.5371,,12.57,
1981/1/12,1.5371,,12.45,
1981/1/13,1.5449,,12.53,
1981/1/14,1.5449,,12.53,
1981/1/15,1.5449,,12.62,
1981/1/16,1.5557,,12.53,
1981/1/19,1.5557,,12.64,
1981/1/20,1.5557,,12.5,
1981/1/21,1.5557,,12.77,
1981/1/22,1.551,,12.87,
1981/1/23,1.551,,12.84,
1981/1/26,1.5634,,12.7,
1981/1/27,1.5759,,12.73,
1981/1/28,1.5822,,12.77,
1981/1/29,1.5886,,12.8,
1981/1/30,1.5886,,12.68,
1981/2/1,,,,88
1981/2/2,1.6108,,12.86,
1981/2/3,1.6108,,12.98,
1981/2/4,1.6028,,12.86,
1981/2/5,1.6028,,12.95,
1981/2/6,1.6028,,13.09,
1981/2/9,1.6059,,13.21,
1981/2/10,1.6059,,13.27,
1981/2/11,1.6059,,13.42,
1981/2/12,,,,
1981/2/13,1.6285,,13.65,
1981/2/16,,,,
1981/2/17,1.6579,,13.33,
1981/2/18,1.6298,,13.3,
1981/2/19,1.6298,,13.09,
1981/2/20,1.6021,,12.9,
1981/2/23,1.5909,,13.19,
1981/2/24,1.6099,,13.21,
1981/2/25,1.6035,,13.29,
1981/2/26,1.6179,,13.47,
1981/2/27,1.6179,,13.43,
1981/3/1,,,,88.6
1981/3/2,1.6293,,13.62,
1981/3/3,1.6456,,13.43,
1981/3/4,1.6374,,13.45,
1981/3/5,1.6456,,13.43,
1981/3/6,1.6456,,13.2,
1981/3/9,1.6456,,13.09,
1981/3/10,1.6407,,13.08,
1981/3/11,1.6407,,13.12,
1981/3/12,1.6407,,13.03,
1981/3/13,1.6407,,12.86,
1981/3/16,1.6402,,12.85,
1981/3/17,1.6309,,12.68,
1981/3/18,1.6227,,12.58,
1981/3/19,1.6049,,12.67,
1981/3/20,1.6129,,12.77,
1981/3/23,1.6129,,13.13,
1981/3/24,1.6209,,13.3,
1981/3/25,1.6209,,13.21,
1981/3/26,1.6209,,13.34,
1981/3/27,1.6372,,13.36,
1981/3/30,1.6372,,13.22,
1981/3/31,1.6165,,13.13,
1981/4/1,1.6337,,13.14,89.1
1981/4/2,1.6337,,13.25,
1981/4/3,1.6418,,13.4,
1981/4/6,1.65,,13.74,
1981/4/7,1.6599,,13.41,
1981/4/8,1.6483,,13.61,
1981/4/9,1.6483,,13.45,
1981/4/10,1.6565,,13.59,
1981/4/13,1.6565,,13.68,
1981/4/14,1.6682,,13.58,
1981/4/15,1.6682,,13.74,
1981/4/16,1.6798,,13.79,
1981/4/17,1.6798,,,
1981/4/20,1.6798,,13.69,
1981/4/21,1.6798,,13.73,
1981/4/22,1.6798,,13.78,
1981/4/23,1.6798,,13.8,
1981/4/24,1.6798,,13.88,
1981/4/27,1.6798,,13.92,
1981/4/28,1.6798,,13.93,
1981/4/29,1.6798,,14.05,
1981/4/30,1.6882,,14.11,
1981/5/1,1.6882,,14.05,89.7
1981/5/4,1.6882,,14.47,
1981/5/5,1.7085,,14.69,
1981/5/6,1.717,,14.56,
1981/5/7,1.717,,14.33,
1981/5/8,1.717,,14.23,
1981/5/11,1.717,,14.34,
1981/5/12,1.7273,,14.46,
1981/5/13,1.7273,,14.49,
1981/5/14,1.7359,,14.24,
1981/5/15,1.7359,,14.07,
1981/5/18,1.7359,,13.8,
1981/5/19,1.7359,,13.95,
1981/5/20,1.7359,,14,
1981/5/21,1.7272,,14.05,
1981/5/22,1.7429,,13.82,
1981/5/25,,,,
1981/5/26,1.7392,,13.67,
1981/5/27,1.748,,13.71,
1981/5/28,1.748,,13.56,
1981/5/29,1.748,,13.5,
1981/6/1,1.748,,13.46,90.5
1981/6/2,1.7567,,13.58,
1981/6/3,1.7567,,13.55,
1981/6/4,1.7672,,13.51,
1981/6/5,1.7813,,13.56,
1981/6/8,1.7813,,13.36,
1981/6/9,1.7813,,13.37,
1981/6/10,1.7742,,13.31,
1981/6/11,1.7813,,13.32,
1981/6/12,1.7724,,13.35,
1981/6/15,1.7512,,13.09,
1981/6/16,1.7512,,13.08,
1981/6/17,1.7512,,13.23,
1981/6/18,1.7599,,13.57,
1981/6/19,1.7599,,13.46,
1981/6/22,1.7511,,13.44,
1981/6/23,1.7511,,13.56,
1981/6/24,1.7511,,13.66,
1981/6/25,1.7511,,13.7,
1981/6/26,1.7511,,13.69,
1981/6/29,1.7511,,13.68,
1981/6/30,1.7511,,13.86,
1981/7/1,1.7511,,14.04,91.5
1981/7/2,1.7616,,13.95,
1981/7/3,1.7616,,,
1981/7/6,1.7616,,13.81,
1981/7/7,1.7686,,14.04,
1981/7/8,1.7686,,14.11,
1981/7/9,1.7686,,14.12,
1981/7/10,1.7686,,13.94,
1981/7/13,1.7598,,13.99,
1981/7/14,1.751,,14.15,
1981/7/15,1.7598,,14.07,
1981/7/16,1.751,,14.11,
1981/7/17,1.751,,14.09,
1981/7/20,1.7597,,14.59,
1981/7/21,1.7667,,14.61,
1981/7/22,1.7667,,14.63,
1981/7/23,1.7667,,14.57,
1981/7/24,1.7667,,14.41,
1981/7/27,1.7667,,14.43,
1981/7/28,1.7755,,14.53,
1981/7/29,1.7755,,14.61,
1981/7/30,1.7755,,14.71,
1981/7/31,1.7845,,14.67,
1981/8/1,,,,92.2
1981/8/3,1.7934,,14.95,
1981/8/4,1.8113,,14.95,
1981/8/5,1.8113,,14.91,
1981/8/6,1.8041,,14.86,
1981/8/7,1.8149,,14.83,
1981/8/10,1.8367,,14.65,
1981/8/11,1.8367,,14.4,
1981/8/12,1.8092,,14.61,
1981/8/13,1.8092,,14.65,
1981/8/14,1.8218,,14.74,
1981/8/17,1.8,,14.71,
1981/8/18,1.8,,14.79,
1981/8/19,1.791,,14.77,
1981/8/20,1.791,,14.89,
1981/8/21,1.773,,14.97,
1981/8/24,1.7872,,15.32,
1981/8/25,1.7997,,15.35,
1981/8/26,1.7853,,15.31,
1981/8/27,1.7853,,15.36,
1981/8/28,1.7727,,15.25,
1981/8/31,1.7727,,15.41,
1981/9/1,1.7815,,15.41,93.1
1981/9/2,1.7815,,15.4,
1981/9/3,1.7673,,15.48,
1981/9/4,1.7673,,15.51,
1981/9/7,,,,
1981/9/8,1.7673,,15.59,
1981/9/9,1.7796,,15.53,
1981/9/10,1.7686,,15.3,
1981/9/11,1.7689,,15.05,
1981/9/14,1.7565,,15.2,
1981/9/15,1.7319,,15.08,
1981/9/16,1.7319,,15.11,
1981/9/17,1.7233,,14.95,
1981/9/18,1.7233,,14.91,
1981/9/21,1.7233,,14.78,
1981/9/22,1.7181,,15.03,
1981/9/23,1.7404,,15.23,
1981/9/24,1.7492,,15.31,
1981/9/25,1.7579,,15.68,
1981/9/28,1.7667,,15.65,
1981/9/29,1.7614,,15.76,
1981/9/30,1.7719,,15.84,
1981/10/1,1.7719,,15.75,93.4
1981/10/2,1.7719,,15.41,
1981/10/5,1.7525,,15.19,
1981/10/6,1.7525,,15.14,
1981/10/7,1.7507,,15.04,
1981/10/8,1.7366,,15,
1981/10/9,1.7297,,14.73,
1981/10/12,,,,
1981/10/13,1.7297,,14.83,
1981/10/14,1.7383,,14.87,
1981/10/15,1.7383,,14.88,
1981/10/16,1.7506,,14.94,
1981/10/19,1.7505,,14.95,
1981/10/20,1.7505,,15.09,
1981/10/21,1.7575,,15.34,
1981/10/22,1.768,,15.38,
1981/10/23,1.768,,15.3,
1981/10/26,1.768,,15.6,
1981/10/27,1.7857,,15.54,
1981/10/28,1.7857,,15.44,
1981/10/29,1.7857,,15.06,
1981/10/30,1.7678,,14.63,
1981/11/1,,,,93.8
1981/11/2,1.7502,,14.57,
1981/11/3,,,,
1981/11/4,1.7502,,14.18,
1981/11/5,1.7502,,14.19,
1981/11/6,1.7502,,13.94,
1981/11/9,1.7414,,13.39,
1981/11/10,1.7414,,13.4,
1981/11/11,,,,
1981/11/12,1.7484,,13.19,
1981/11/13,1.7343,,13.18,
1981/11/16,1.7343,,13.07,
1981/11/17,1.743,,13.18,
1981/11/18,1.743,,13,
1981/11/19,1.7326,,13.04,
1981/11/20,1.743,,13.14,
1981/11/23,1.743,,13.44,
1981/11/24,1.743,,13.13,
1981/11/25,1.743,,12.98,
1981/11/26,,,,
1981/11/27,1.7274,,12.92,
1981/11/30,1.7171,,13.13,
1981/12/1,1.7171,,13.37,94.1
1981/12/2,1.724,,13.49,
1981/12/3,1.724,,13.45,
1981/12/4,1.724,,13.15,
1981/12/7,1.724,,13.5,
1981/12/8,1.724,,13.5,
1981/12/9,1.736,,13.64,
1981/12/10,1.736,,13.8,
1981/12/11,1.736,,13.84,
1981/12/14,1.7517,,13.62,
1981/12/15,1.7517,,13.55,
1981/12/16,1.7429,,13.53,
1981/12/17,1.7429,,13.71,
1981/12/18,1.7429,,13.51,
1981/12/21,1.7569,,13.83,
1981/12/22,1.7569,,14.02,
1981/12/23,1.7499,,14.14,
1981/12/24,1.7499,,14.01,
1981/12/25,,,,
1981/12/28,1.7499,,14.01,
1981/12/29,1.7499,,14.12,
1981/12/30,1.7499,,14.17,
1981/12/31,1.7499,,13.98,
1982/1/1,,,,94.4
1982/1/4,1.7499,,14.19,
1982/1/5,1.7393,,14.44,
1982/1/6,1.7481,,14.59,
1982/1/7,1.7481,,14.63,
1982/1/8,1.7481,,14.48,
1982/1/11,1.7481,,14.81,
1982/1/12,1.7655,,14.62,
1982/1/13,1.7655,,14.83,
1982/1/14,1.7655,,14.7,
1982/1/15,1.7761,,14.82,
1982/1/18,1.7868,,14.75,
1982/1/19,1.7796,,14.8,
1982/1/20,1.7796,,14.81,
1982/1/21,1.7796,,14.62,
1982/1/22,1.7796,,14.69,
1982/1/25,1.7904,,14.62,
1982/1/26,1.7904,,14.54,
1982/1/27,1.7904,,14.51,
1982/1/28,1.7975,,14.29,
1982/1/29,1.7975,,14.14,
1982/2/1,1.7895,,14.58,94.7
1982/2/2,1.8083,,14.47,
1982/2/3,1.8155,,14.69,
1982/2/4,1.8155,,14.76,
1982/2/5,1.8155,,14.65,
1982/2/8,1.8155,,14.88,
1982/2/9,1.8247,,14.95,
1982/2/10,1.8247,,14.81,
1982/2/11,1.825,,14.71,
1982/2/12,,,,
1982/2/15,,,,
1982/2/16,1.8247,,14.53,
1982/2/17,1.8247,,14.5,
1982/2/18,1.8338,,14.28,
1982/2/19,1.8227,,14.24,
1982/2/22,1.8136,,13.87,
1982/2/23,1.8136,,13.93,
1982/2/24,1.8282,,13.87,
1982/2/25,1.8282,,13.91,
1982/2/26,1.8355,,14.03,
1982/3/1,1.8447,,13.85,94.7
1982/3/2,1.8447,,13.74,
1982/3/3,1.8355,,13.69,
1982/3/4,1.8335,,13.61,
1982/3/5,1.8263,,13.59,
1982/3/8,1.8171,,13.67,
1982/3/9,1.8171,,13.69,
1982/3/10,1.8299,,13.73,
1982/3/11,1.8229,,13.95,
1982/3/12,1.8335,,13.97,
1982/3/15,1.8335,,13.96,
1982/3/16,1.8335,,13.91,
1982/3/17,1.8426,,13.88,
1982/3/18,1.8426,,13.87,
1982/3/19,1.8426,,13.89,
1982/3/22,1.8518,,13.74,
1982/3/23,1.861,,13.72,
1982/3/24,1.8517,,13.91,
1982/3/25,1.8517,,13.9,
1982/3/26,1.8628,,14.01,
1982/3/29,1.8628,,14.16,
1982/3/30,1.8722,,14.19,
1982/3/31,1.8722,,14.18,
1982/4/1,1.8722,,14.1,95
1982/4/2,1.8528,,14.1,
1982/4/5,1.8628,,14.16,
1982/4/6,1.8628,,14.18,
1982/4/7,1.8628,,14.18,
1982/4/8,1.8628,,13.98,
1982/4/9,1.8628,,,
1982/4/12,1.8628,,13.83,
1982/4/13,1.8628,,13.83,
1982/4/14,1.8628,,13.95,
1982/4/15,1.8628,,13.91,
1982/4/16,1.8722,,13.71,
1982/4/19,1.8628,,13.66,
1982/4/20,1.8628,,13.72,
1982/4/21,1.8628,,13.69,
1982/4/22,1.8517,,13.71,
1982/4/23,1.8517,,13.69,
1982/4/26,1.8443,,13.7,
1982/4/27,1.8443,,13.7,
1982/4/28,1.8333,,13.77,
1982/4/29,1.8333,,13.87,
1982/4/30,1.8333,,13.87,
1982/5/1,,,,95.9
1982/5/3,1.8222,,13.95,
1982/5/4,1.8222,,13.87,
1982/5/5,1.8222,,13.8,
1982/5/6,1.8131,,13.54,
1982/5/7,1.7986,,13.48,
1982/5/10,1.7986,,13.49,
1982/5/11,1.7986,,13.46,
1982/5/12,1.7986,,13.59,
1982/5/13,1.7986,,13.62,
1982/5/14,1.813,,13.48,
1982/5/17,1.813,,13.57,
1982/5/18,1.813,,13.6,
1982/5/19,1.813,,13.64,
1982/5/20,1.813,,13.53,
1982/5/21,1.813,,13.52,
1982/5/24,1.813,,13.58,
1982/5/25,1.813,,13.62,
1982/5/26,1.813,,13.68,
1982/5/27,1.8239,,13.72,
1982/5/28,1.8331,,13.71,
1982/5/31,,,,
1982/6/1,1.8331,,13.93,97
1982/6/2,1.8514,,13.86,
1982/6/3,1.8514,,13.9,
1982/6/4,1.8514,,13.98,
1982/6/7,1.8514,,13.94,
1982/6/8,1.8625,,13.98,
1982/6/9,1.8756,,13.99,
1982/6/10,1.8756,,14.02,
1982/6/11,1.8868,,13.93,
1982/6/14,1.8755,,14.21,
1982/6/15,1.9074,,14.21,
1982/6/16,1.9074,,14.26,
1982/6/17,1.9226,,14.48,
1982/6/18,1.9322,,14.62,
1982/6/21,1.9322,,14.63,
1982/6/22,1.9477,,14.66,
1982/6/23,1.9477,,14.74,
1982/6/24,1.9398,,14.71,
1982/6/25,1.9398,,14.76,
1982/6/28,1.9515,,14.73,
1982/6/29,1.9515,,14.61,
1982/6/30,1.9358,,14.44,
1982/7/1,1.9358,,14.4,97.5
1982/7/2,1.9358,,14.5,
1982/7/5,,,,
1982/7/6,1.9358,,14.48,
1982/7/7,1.9552,,14.49,
1982/7/8,1.9552,,14.19,
1982/7/9,1.9552,,14.03,
1982/7/12,1.9395,,13.87,
1982/7/13,1.9395,,14.02,
1982/7/14,1.9395,,14.1,
1982/7/15,1.9395,,13.96,
1982/7/16,1.9395,,13.7,
1982/7/19,1.9298,,13.68,
1982/7/20,1.9298,,13.53,
1982/7/21,1.9298,,13.6,
1982/7/22,1.9086,,13.51,
1982/7/23,1.9086,,13.56,
1982/7/26,1.8857,,13.91,
1982/7/27,1.9026,,13.86,
1982/7/28,1.9026,,13.97,
1982/7/29,1.9312,,13.83,
1982/7/30,1.9312,,13.68,
1982/8/1,,,,97.7
1982/8/2,1.9312,,13.41,
1982/8/3,1.9196,,13.51,
1982/8/4,1.9292,,13.68,
1982/8/5,1.9446,,13.7,
1982/8/6,1.9525,,13.85,
1982/8/9,1.9661,,13.7,
1982/8/10,1.9661,,13.69,
1982/8/11,1.9661,,13.71,
1982/8/12,1.9661,,13.55,
1982/8/13,1.9661,,13.2,
1982/8/16,1.9661,,13.09,
1982/8/17,1.9661,,12.65,
1982/8/18,1.9661,,12.57,
1982/8/19,1.9484,,12.47,
1982/8/20,1.9328,,12.24,
1982/8/23,1.9193,,12.47,
1982/8/24,1.9193,,12.35,
1982/8/25,1.9078,,12.43,
1982/8/26,1.9173,,12.55,
1982/8/27,1.9173,,12.77,
1982/8/30,1.9326,,12.81,
1982/8/31,1.9501,,12.81,
1982/9/1,1.9501,,12.76,97.7
1982/9/2,1.9501,,12.6,
1982/9/3,1.9305,,12.47,
1982/9/6,,,,
1982/9/7,1.944,,12.53,
1982/9/8,1.944,,12.51,
1982/9/9,1.944,,12.53,
1982/9/10,1.944,,12.73,
1982/9/13,1.9577,,12.63,
1982/9/14,1.9577,,12.56,
1982/9/15,1.9577,,12.6,
1982/9/16,1.9577,,12.6,
1982/9/17,1.9577,,12.51,
1982/9/20,1.9577,,12.47,
1982/9/21,1.9577,,12.18,
1982/9/22,1.9479,,12.04,
1982/9/23,1.9577,,11.94,
1982/9/24,1.9675,,12.09,
1982/9/27,1.9675,,11.99,
1982/9/28,1.9832,,11.85,
1982/9/29,1.9832,,11.8,
1982/9/30,1.9733,,11.73,
1982/10/1,1.9733,,11.51,98.1
1982/10/4,1.9753,,11.72,
1982/10/5,1.9931,,11.69,
1982/10/6,1.9931,,11.5,
1982/10/7,1.9931,,10.91,
1982/10/8,1.9632,,10.83,
1982/10/11,,,,
1982/10/12,1.9612,,10.53,
1982/10/13,1.9612,,10.39,
1982/10/14,1.9729,,10.61,
1982/10/15,1.9827,,10.75,
1982/10/18,1.9827,,10.58,
1982/10/19,1.9947,,10.56,
1982/10/20,1.9947,,10.69,
1982/10/21,2.0046,,10.69,
1982/10/22,2.0046,,10.81,
1982/10/25,2.0046,,11.11,
1982/10/26,2.0046,,10.87,
1982/10/27,2.0046,,10.9,
1982/10/28,2.0046,,10.77,
1982/10/29,2.0046,,10.71,
1982/11/1,2.0046,,10.56,98
1982/11/2,,,,
1982/11/3,2.0046,,10.46,
1982/11/4,2.0046,,10.42,
1982/11/5,2.0046,,10.48,
1982/11/8,2.0046,,10.55,
1982/11/9,2.0046,,10.51,
1982/11/10,2.0046,,10.48,
1982/11/11,,,,
1982/11/12,2.0046,,10.58,
1982/11/15,2.0046,,10.65,
1982/11/16,2.0046,,10.67,
1982/11/17,2.0046,,10.59,
1982/11/18,2.0046,,10.46,
1982/11/19,2.0046,,10.42,
1982/11/22,1.9906,,10.43,
1982/11/23,1.9906,,10.53,
1982/11/24,1.9906,,10.59,
1982/11/25,,,,
1982/11/26,1.9906,,10.51,
1982/11/29,1.9906,,10.78,
1982/11/30,1.9906,,10.79,
1982/12/1,1.9687,,10.74,97.7
1982/12/2,1.9687,,10.68,
1982/12/3,1.9569,,10.47,
1982/12/6,1.9569,,10.46,
1982/12/7,1.9412,,10.48,
1982/12/8,1.9412,,10.62,
1982/12/9,1.9412,,10.58,
1982/12/10,1.951,,10.66,
1982/12/13,1.951,,10.61,
1982/12/14,1.9646,,10.46,
1982/12/15,1.9509,,10.5,
1982/12/16,1.9509,,10.59,
1982/12/17,1.9372,,10.64,
1982/12/20,1.9372,,10.7,
1982/12/21,1.9372,,10.54,
1982/12/22,1.9372,,10.53,
1982/12/23,1.9372,,10.47,
1982/12/24,1.9372,,,
1982/12/27,1.9372,,10.44,
1982/12/28,1.9372,,10.44,
1982/12/29,1.9275,,10.47,
1982/12/30,1.9275,,10.44,
1982/12/31,1.9275,,10.36,
1983/1/1,,,,97.9
1983/1/3,1.9275,,10.32,
1983/1/4,1.914,,10.37,
1983/1/5,1.914,,10.35,
1983/1/6,1.9044,,10.39,
1983/1/7,1.9044,,10.36,
1983/1/10,1.9044,,10.38,
1983/1/11,1.8949,,10.34,
1983/1/12,1.9082,,10.32,
1983/1/13,1.9082,,10.27,
1983/1/14,1.9082,,10.28,
1983/1/17,1.9082,,10.28,
1983/1/18,1.9082,,10.3,
1983/1/19,1.9234,,10.41,
1983/1/20,1.9368,,10.43,
1983/1/21,1.9368,,10.61,
1983/1/24,1.9504,,10.7,
1983/1/25,1.9621,,10.62,
1983/1/26,1.9464,,10.69,
1983/1/27,1.9464,,10.67,
1983/1/28,1.9464,,10.71,
1983/1/31,1.9464,,10.8,
1983/2/1,1.9639,,10.78,98
1983/2/2,1.9717,,10.88,
1983/2/3,1.9717,,10.93,
1983/2/4,1.9796,,10.99,
1983/2/7,1.9796,,10.96,
1983/2/8,1.9658,,10.99,
1983/2/9,1.9658,,11,
1983/2/10,1.956,,10.83,
1983/2/11,1.956,,10.8,
1983/2/14,1.956,,10.8,
1983/2/15,1.956,,10.84,
1983/2/16,1.956,,10.81,
1983/2/17,1.956,,10.71,
1983/2/18,1.956,,10.6,
1983/2/21,,,,
1983/2/22,1.956,,10.46,
1983/2/23,1.9735,,10.44,
1983/2/24,1.9736,,10.42,
1983/2/25,1.9736,,10.26,
1983/2/28,1.9736,,10.27,
1983/3/1,1.9914,,10.22,98.1
1983/3/2,1.9914,,10.26,
1983/3/3,1.9814,,10.23,
1983/3/4,1.9814,,10.27,
1983/3/7,1.9676,,10.43,
1983/3/8,1.9676,,10.52,
1983/3/9,1.9774,,10.48,
1983/3/10,1.9774,,10.55,
1983/3/11,1.9675,,10.59,
1983/3/14,1.9812,,10.48,
1983/3/15,1.9674,,10.46,
1983/3/16,1.9674,,10.53,
1983/3/17,1.9674,,10.56,
1983/3/18,1.9792,,10.58,
1983/3/21,1.9792,,10.6,
1983/3/22,1.9892,,10.62,
1983/3/23,1.9892,,10.58,
1983/3/24,1.9991,,10.58,
1983/3/25,1.9991,,10.64,
1983/3/28,1.9991,,10.66,
1983/3/29,1.9991,,10.6,
1983/3/30,1.9991,,10.59,
1983/3/31,1.9991,,10.62,
1983/4/1,1.9991,,,98.8
1983/4/4,1.9991,,10.6,
1983/4/5,1.9991,,10.49,
1983/4/6,1.9991,,10.49,
1983/4/7,1.9991,,10.51,
1983/4/8,1.997,,10.51,
1983/4/11,1.997,,10.41,
1983/4/12,1.997,,10.42,
1983/4/13,1.997,,10.39,
1983/4/14,1.997,,10.29,
1983/4/15,1.997,,10.33,
1983/4/18,1.989,,10.29,
1983/4/19,1.9969,,10.39,
1983/4/20,1.9909,,10.39,
1983/4/21,1.9909,,10.43,
1983/4/22,1.9909,,10.42,
1983/4/25,1.9809,,10.4,
1983/4/26,1.9809,,10.37,
1983/4/27,1.9909,,10.29,
1983/4/28,1.9909,,10.31,
1983/4/29,1.9909,,10.27,
1983/5/1,,,,99.2
1983/5/2,1.9909,,10.26,
1983/5/3,1.9909,,10.26,
1983/5/4,1.9909,,10.12,
1983/5/5,1.9829,,10.16,
1983/5/6,1.9829,,10.13,
1983/5/9,1.9829,,10.25,
1983/5/10,1.9829,,10.16,
1983/5/11,1.9731,,10.18,
1983/5/12,1.9829,,10.23,
1983/5/13,1.9829,,10.22,
1983/5/16,1.9829,,10.37,
1983/5/17,1.9929,,10.41,
1983/5/18,1.9929,,10.43,
1983/5/19,1.9929,,10.49,
1983/5/20,1.9929,,10.54,
1983/5/23,1.9929,,10.57,
1983/5/24,1.9929,,10.56,
1983/5/25,1.9989,,10.58,
1983/5/26,1.9989,,10.63,
1983/5/27,1.9989,,10.62,
1983/5/30,,,,
1983/5/31,1.9989,,10.81,
1983/6/1,1.9989,,10.77,99.4
1983/6/2,1.9989,,10.78,
1983/6/3,1.9989,,10.79,
1983/6/6,1.9989,,10.79,
1983/6/7,1.9989,,10.85,
1983/6/8,1.9989,,10.92,
1983/6/9,1.9989,,10.88,
1983/6/10,1.9989,,10.89,
1983/6/13,1.9989,,10.75,
1983/6/14,1.9989,,10.77,
1983/6/15,1.9989,,10.72,
1983/6/16,1.9989,,10.64,
1983/6/17,1.9989,,10.68,
1983/6/20,1.9989,,10.8,
1983/6/21,1.9989,,10.79,
1983/6/22,1.9869,,10.83,
1983/6/23,1.9869,,10.9,
1983/6/24,1.9869,,11.02,
1983/6/27,1.9769,,11.11,
1983/6/28,1.9888,,11.04,
1983/6/29,1.9888,,10.99,
1983/6/30,1.9888,,10.96,
1983/7/1,1.9888,,10.93,99.8
1983/7/4,,,,
1983/7/5,1.9888,,11.21,
1983/7/6,1.9987,,11.16,
1983/7/7,1.9987,,11.29,
1983/7/8,1.9987,,11.33,
1983/7/11,1.9887,,11.28,
1983/7/12,1.9986,,11.42,
1983/7/13,1.9986,,11.4,
1983/7/14,1.9986,,11.38,
1983/7/15,1.9986,,11.51,
1983/7/18,1.9986,,11.41,
1983/7/19,1.9986,,11.36,
1983/7/20,1.9986,,11.28,
1983/7/21,1.9986,,11.32,
1983/7/22,1.9986,,11.43,
1983/7/25,1.9886,,11.41,
1983/7/26,1.9985,,11.49,
1983/7/27,1.9985,,11.51,
1983/7/28,1.9985,,11.66,
1983/7/29,1.9985,,11.76,
1983/8/1,1.9985,,11.8,100.1
1983/8/2,1.9985,,11.82,
1983/8/3,1.9985,,11.92,
1983/8/4,1.9985,,12.12,
1983/8/5,1.9985,,12.1,
1983/8/8,1.9985,,12.2,
1983/8/9,1.9985,,12.13,
1983/8/10,1.9985,,12.17,
1983/8/11,1.9985,,12.04,
1983/8/12,1.9985,,11.96,
1983/8/15,1.9985,,11.76,
1983/8/16,1.9805,,11.71,
1983/8/17,1.9805,,11.65,
1983/8/18,1.9509,,11.7,
1983/8/19,1.9606,,11.72,
1983/8/22,1.9606,,11.54,
1983/8/23,1.9606,,11.57,
1983/8/24,1.9606,,11.54,
1983/8/25,1.9606,,11.62,
1983/8/26,1.9704,,11.65,
1983/8/29,1.9902,,11.86,
1983/8/30,1.9902,,11.9,
1983/8/31,1.9902,,11.98,
1983/9/1,1.9902,,11.97,100.4
1983/9/2,1.9902,,12.01,
1983/9/5,,,,
1983/9/6,1.9902,,11.85,
1983/9/7,1.9902,,11.7,
1983/9/8,1.9902,,11.77,
1983/9/9,1.9902,,11.73,
1983/9/12,1.9802,,11.56,
1983/9/13,1.9802,,11.63,
1983/9/14,1.9902,,11.76,
1983/9/15,1.9902,,11.82,
1983/9/16,1.9902,,11.68,
1983/9/19,1.9902,,11.66,
1983/9/20,1.9802,,11.57,
1983/9/21,1.9922,,11.64,
1983/9/22,1.9922,,11.6,
1983/9/23,1.9922,,11.49,
1983/9/26,1.9802,,11.41,
1983/9/27,1.9802,,11.45,
1983/9/28,1.9802,,11.49,
1983/9/29,1.9802,,11.5,
1983/9/30,1.9802,,11.44,
1983/10/1,,,,100.8
1983/10/3,1.9703,,11.47,
1983/10/4,1.9703,,11.46,
1983/10/5,1.9703,,11.35,
1983/10/6,1.9605,,11.31,
1983/10/7,1.9605,,11.33,
1983/10/10,,,,
1983/10/11,1.9527,,11.57,
1983/10/12,1.9527,,11.59,
1983/10/13,1.9624,,11.65,
1983/10/14,1.9624,,11.58,
1983/10/17,1.9624,,11.47,
1983/10/18,1.9624,,11.49,
1983/10/19,1.9624,,11.49,
1983/10/20,1.9624,,11.47,
1983/10/21,1.9722,,11.43,
1983/10/24,1.9722,,11.66,
1983/10/25,1.9722,,11.7,
1983/10/26,1.9722,,11.72,
1983/10/27,1.9722,,11.66,
1983/10/28,1.9722,,11.68,
1983/10/31,1.984,,11.74,
1983/11/1,1.994,,11.69,101.1
1983/11/2,1.994,,11.7,
1983/11/3,1.994,,11.75,
1983/11/4,1.994,,11.85,
1983/11/7,1.994,,11.85,
1983/11/8,,,,
1983/11/9,1.994,,11.84,
1983/11/10,1.994,,11.71,
1983/11/11,,,,
1983/11/14,1.994,,11.68,
1983/11/15,1.994,,11.7,
1983/11/16,1.994,,11.7,
1983/11/17,1.994,,11.72,
1983/11/18,1.994,,11.72,
1983/11/21,1.994,,11.65,
1983/11/22,1.994,,11.57,
1983/11/23,1.994,,11.59,
1983/11/24,,,,
1983/11/25,1.994,,11.55,
1983/11/28,1.994,,11.63,
1983/11/29,1.994,,11.58,
1983/11/30,1.994,,11.63,
1983/12/1,1.986,,11.63,101.4
1983/12/2,1.986,,11.75,
1983/12/5,1.986,,11.78,
1983/12/6,1.9939,,11.76,
1983/12/7,1.9939,,11.79,
1983/12/8,1.9939,,11.89,
1983/12/9,1.9939,,11.9,
1983/12/12,1.9939,,11.87,
1983/12/13,1.9939,,11.95,
1983/12/14,1.9939,,11.97,
1983/12/15,1.9939,,11.96,
1983/12/16,1.9939,,11.88,
1983/12/19,1.9939,,11.87,
1983/12/20,1.9939,,11.86,
1983/12/21,1.9939,,11.83,
1983/12/22,1.9939,,11.77,
1983/12/23,1.9939,,11.79,
1983/12/26,,,,
1983/12/27,1.9939,,11.75,
1983/12/28,1.9939,,11.81,
1983/12/29,1.9859,,11.79,
1983/12/30,1.9859,,11.82,
1984/1/1,,,,102.1
1984/1/2,,,,
1984/1/3,1.9859,,11.86,
1984/1/4,2.0057,,11.78,
1984/1/5,2.0157,,11.77,
1984/1/6,2.0259,,11.73,
1984/1/9,2.0259,,11.75,
1984/1/10,2.0461,,11.71,
1984/1/11,2.0461,,11.76,
1984/1/12,2.0461,,11.76,
1984/1/13,2.0461,,11.59,
1984/1/16,2.0461,,11.54,
1984/1/17,2.0461,,11.57,
1984/1/18,2.0563,,11.61,
1984/1/19,2.0563,,11.6,
1984/1/20,2.0563,,11.64,
1984/1/23,2.0667,,11.63,
1984/1/24,2.077,,11.63,
1984/1/25,2.077,,11.64,
1984/1/26,2.0666,,11.63,
1984/1/27,2.079,,11.63,
1984/1/30,2.079,,11.66,
1984/1/31,2.079,,11.67,
1984/2/1,2.079,,11.64,102.6
1984/2/2,2.079,,11.6,
1984/2/3,2.0623,,11.6,
1984/2/6,2.0623,,11.7,
1984/2/7,2.0768,,11.71,
1984/2/8,2.0768,,11.72,
1984/2/9,2.0768,,11.73,
1984/2/10,2.0768,,11.83,
1984/2/13,,,,
1984/2/14,2.0768,,11.85,
1984/2/15,2.0601,,11.81,
1984/2/16,2.0519,,11.83,
1984/2/17,2.0519,,11.92,
1984/2/20,,,,
1984/2/21,2.0519,,11.91,
1984/2/22,2.0519,,11.93,
1984/2/23,2.0519,,12.05,
1984/2/24,2.0519,,11.99,
1984/2/27,2.0519,,12.05,
1984/2/28,2.0519,,12.09,
1984/2/29,2.0519,,12.04,
1984/3/1,2.0519,,12.07,102.9
1984/3/2,2.0519,,11.99,
1984/3/5,2.0519,,12.07,
1984/3/6,2.0417,,12.09,
1984/3/7,2.0417,,12.22,
1984/3/8,2.0498,,12.24,
1984/3/9,2.0498,,12.28,
1984/3/12,2.0683,,12.24,
1984/3/13,2.0683,,12.27,
1984/3/14,2.0579,,12.31,
1984/3/15,2.0579,,12.31,
1984/3/16,2.0662,,12.34,
1984/3/19,2.0744,,12.45,
1984/3/20,2.0744,,12.44,
1984/3/21,2.0847,,12.45,
1984/3/22,2.0847,,12.49,
1984/3/23,2.0847,,12.48,
1984/3/26,2.0847,,12.46,
1984/3/27,2.0743,,12.46,
1984/3/28,2.0743,,12.42,
1984/3/29,2.0639,,12.41,
1984/3/30,2.0639,,12.53,
1984/4/1,,,,103.3
1984/4/2,2.0639,,12.56,
1984/4/3,2.0743,,12.65,
1984/4/4,2.0743,,12.67,
1984/4/5,2.0743,,12.65,
1984/4/6,2.0846,,12.51,
1984/4/9,2.0846,,12.47,
1984/4/10,2.0846,,12.52,
1984/4/11,2.0846,,12.5,
1984/4/12,2.0846,,12.4,
1984/4/13,2.0846,,12.57,
1984/4/16,2.0846,,12.61,
1984/4/17,2.0846,,12.57,
1984/4/18,2.0846,,12.7,
1984/4/19,2.0846,,12.77,
1984/4/20,2.1055,,,
1984/4/23,2.1055,,12.8,
1984/4/24,2.1055,,12.75,
1984/4/25,2.1181,,12.69,
1984/4/26,2.1181,,12.67,
1984/4/27,2.1329,,12.79,
1984/4/30,2.1329,,12.82,
1984/5/1,2.1329,,12.82,103.5
1984/5/2,2.1458,,12.86,
1984/5/3,2.1458,,12.89,
1984/5/4,2.1414,,13.07,
1984/5/7,2.1629,,13.13,
1984/5/8,2.1845,,13.09,
1984/5/9,2.1845,,13.21,
1984/5/10,2.1845,,13.25,
1984/5/11,2.1845,,13.46,
1984/5/14,2.1845,,13.58,
1984/5/15,2.1845,,13.48,
1984/5/16,2.1845,,13.41,
1984/5/17,2.1845,,13.54,
1984/5/18,2.2042,,13.45,
1984/5/21,2.2042,,13.43,
1984/5/22,2.2042,,13.52,
1984/5/23,2.2042,,13.54,
1984/5/24,2.2218,,13.72,
1984/5/25,2.2063,,13.75,
1984/5/28,,,,
1984/5/29,2.2218,,13.89,
1984/5/30,2.2173,,13.99,
1984/5/31,2.2173,,13.91,
1984/6/1,2.2173,,13.63,103.7
1984/6/4,2.193,,13.42,
1984/6/5,2.193,,13.37,
1984/6/6,2.193,,13.54,
1984/6/7,2.193,,13.54,
1984/6/8,2.193,,13.46,
1984/6/11,2.193,,13.58,
1984/6/12,2.2018,,13.54,
1984/6/13,2.2018,,13.44,
1984/6/14,2.2018,,13.39,
1984/6/15,2.2085,,13.21,
1984/6/18,2.2194,,13.27,
1984/6/19,2.2084,,13.38,
1984/6/20,2.2306,,13.65,
1984/6/21,2.2306,,13.72,
1984/6/22,2.2417,,13.74,
1984/6/25,2.2417,,13.75,
1984/6/26,2.2529,,13.79,
1984/6/27,2.2529,,13.76,
1984/6/28,2.2529,,13.8,
1984/6/29,2.2529,,13.84,
1984/7/1,,,,104.1
1984/7/2,2.2529,,13.87,
1984/7/3,2.2529,,13.8,
1984/7/4,,,,
1984/7/5,2.271,,13.77,
1984/7/6,2.2869,,13.75,
1984/7/9,2.2869,,13.48,
1984/7/10,2.2869,,13.53,
1984/7/11,2.2869,,13.55,
1984/7/12,2.2869,,13.42,
1984/7/13,2.2983,,13.3,
1984/7/16,2.2983,,13.32,
1984/7/17,2.2914,,13.37,
1984/7/18,2.3028,,13.32,
1984/7/19,2.3028,,13.25,
1984/7/20,2.3028,,13.36,
1984/7/23,2.3144,,13.35,
1984/7/24,2.3259,,13.31,
1984/7/25,2.3259,,13.06,
1984/7/26,2.3166,,12.89,
1984/7/27,2.3258,,12.95,
1984/7/30,2.3374,,13.05,
1984/7/31,2.3374,,12.91,
1984/8/1,2.3444,,12.81,104.4
1984/8/2,2.3327,,12.74,
1984/8/3,2.3327,,12.61,
1984/8/6,2.3211,,12.73,
1984/8/7,2.3211,,12.69,
1984/8/8,2.3559,,12.66,
1984/8/9,2.3441,,12.61,
1984/8/10,2.3306,,12.68,
1984/8/13,2.3767,,12.74,
1984/8/14,2.3625,,12.67,
1984/8/15,2.3625,,12.74,
1984/8/16,2.3625,,12.7,
1984/8/17,2.3625,,12.7,
1984/8/20,2.3625,,12.69,
1984/8/21,2.3837,,12.62,
1984/8/22,2.4088,,12.65,
1984/8/23,2.4028,,12.69,
1984/8/24,2.4028,,12.66,
1984/8/27,2.4028,,12.81,
1984/8/28,2.4196,,12.81,
1984/8/29,2.4196,,12.83,
1984/8/30,2.4196,,12.84,
1984/8/31,2.4196,,12.79,
1984/9/1,,,,104.7
1984/9/3,,,,
1984/9/4,2.4414,,12.88,
1984/9/5,2.4732,,12.92,
1984/9/6,2.488,,12.81,
1984/9/7,2.488,,12.7,
1984/9/10,2.5216,,12.62,
1984/9/11,2.5342,,12.54,
1984/9/12,2.519,,12.55,
1984/9/13,2.5341,,12.44,
1984/9/14,2.5494,,12.42,
1984/9/17,2.5621,,12.4,
1984/9/18,2.6018,,12.35,
1984/9/19,2.6018,,12.25,
1984/9/20,2.6109,,12.28,
1984/9/21,2.6331,,12.45,
1984/9/24,2.5699,,12.52,
1984/9/25,2.539,,12.56,
1984/9/26,2.5746,,12.46,
1984/9/27,2.5746,,12.31,
1984/9/28,2.5746,,12.47,
1984/10/1,2.6055,,12.54,105.1
1984/10/2,2.6055,,12.54,
1984/10/3,2.582,,12.54,
1984/10/4,2.6079,,12.52,
1984/10/5,2.6079,,12.39,
1984/10/8,,,,
1984/10/9,2.6141,,12.36,
1984/10/10,2.6507,,12.36,
1984/10/11,2.6507,,12.31,
1984/10/12,2.672,,12.28,
1984/10/15,2.672,,12.34,
1984/10/16,2.7147,,12.32,
1984/10/17,2.7147,,12.28,
1984/10/18,2.7147,,12.09,
1984/10/19,2.6984,,11.93,
1984/10/22,2.6742,,11.9,
1984/10/23,2.6742,,11.78,
1984/10/24,2.6314,,11.74,
1984/10/25,2.6129,,11.83,
1984/10/26,2.6129,,11.99,
1984/10/29,2.6365,,11.95,
1984/10/30,2.6734,,11.75,
1984/10/31,2.6466,,11.79,
1984/11/1,2.6334,,11.66,105.3
1984/11/2,2.5939,,11.66,
1984/11/5,2.5653,,11.6,
1984/11/6,,,,
1984/11/7,2.5819,,11.72,
1984/11/8,2.5742,,11.81,
1984/11/9,2.6051,,11.71,
1984/11/12,,,,
1984/11/13,2.6233,,11.78,
1984/11/14,2.647,,11.81,
1984/11/15,2.647,,11.73,
1984/11/16,2.6682,,11.69,
1984/11/19,2.6682,,11.61,
1984/11/20,2.7001,,11.53,
1984/11/21,2.7217,,11.39,
1984/11/22,,,,
1984/11/23,2.7217,,11.24,
1984/11/26,2.7625,,11.28,
1984/11/27,2.7943,,11.28,
1984/11/28,2.7943,,11.38,
1984/11/29,2.7943,,11.42,
1984/11/30,2.7953,,11.58,
1984/12/1,,,,105.5
1984/12/3,2.7943,,11.56,
1984/12/4,2.7943,,11.52,
1984/12/5,2.7831,,11.52,
1984/12/6,2.7831,,11.61,
1984/12/7,2.7831,,11.7,
1984/12/10,2.7971,,11.66,
1984/12/11,2.7971,,11.57,
1984/12/12,2.7971,,11.54,
1984/12/13,2.7971,,11.7,
1984/12/14,2.7971,,11.56,
1984/12/17,2.7971,,11.49,
1984/12/18,2.7971,,11.29,
1984/12/19,2.7971,,11.34,
1984/12/20,2.7971,,11.37,
1984/12/21,2.7971,,11.34,
1984/12/24,2.7971,,11.31,
1984/12/25,,,,
1984/12/26,2.7971,,11.45,
1984/12/27,2.7971,,11.45,
1984/12/28,2.8027,,11.46,
1984/12/31,2.8027,,11.55,
1985/1/1,,,,105.7
1985/1/2,2.8027,,11.7,
1985/1/3,2.8167,,11.62,
1985/1/4,2.8167,,11.67,
1985/1/7,2.8167,,11.5,
1985/1/8,2.8167,,11.45,
1985/1/9,2.8167,,11.47,
1985/1/10,2.8167,,11.48,
1985/1/11,2.8167,,11.59,
1985/1/14,2.8167,,11.6,
1985/1/15,2.8167,,11.49,
1985/1/16,2.8167,,11.51,
1985/1/17,2.8167,,11.48,
1985/1/18,2.8167,,11.39,
1985/1/21,,,,
1985/1/22,2.8167,,11.27,
1985/1/23,2.8167,,11.21,
1985/1/24,2.8167,,11.06,
1985/1/25,2.8167,,11.11,
1985/1/28,2.8167,,11.11,
1985/1/29,2.8167,,11.11,
1985/1/30,2.8167,,11.08,
1985/1/31,2.8167,,11.17,
1985/2/1,2.8167,,11.29,106.3
1985/2/4,2.8167,,11.35,
1985/2/5,2.8167,,11.3,
1985/2/6,2.8167,,11.4,
1985/2/7,2.8167,,11.41,
1985/2/8,2.8167,,11.37,
1985/2/11,2.8167,,11.42,
1985/2/12,,,,
1985/2/13,2.8589,,11.39,
1985/2/14,2.8589,,11.29,
1985/2/15,2.8475,,11.38,
1985/2/18,,,,
1985/2/19,2.8305,,11.37,
1985/2/20,2.8305,,11.52,
1985/2/21,2.8305,,11.64,
1985/2/22,2.8418,,11.76,
1985/2/25,2.8503,,11.75,
1985/2/26,2.8588,,11.72,
1985/2/27,2.8588,,11.89,
1985/2/28,2.8417,,11.91,
1985/3/1,2.8559,,11.86,106.8
1985/3/4,2.8559,,11.93,
1985/3/5,2.8644,,11.86,
1985/3/6,2.8816,,11.92,
1985/3/7,2.8671,,11.94,
1985/3/8,2.8758,,11.71,
1985/3/11,2.8758,,11.72,
1985/3/12,2.8556,,11.78,
1985/3/13,2.8641,,11.9,
1985/3/14,2.8641,,11.92,
1985/3/15,2.8641,,11.93,
1985/3/18,2.8641,,12.02,
1985/3/19,2.847,,11.99,
1985/3/20,2.8356,,11.91,
1985/3/21,2.8469,,11.82,
1985/3/22,2.8385,,11.88,
1985/3/25,2.8384,,11.86,
1985/3/26,2.8384,,11.77,
1985/3/27,2.8327,,11.84,
1985/3/28,2.8269,,11.75,
1985/3/29,2.8269,,11.65,
1985/4/1,2.8269,,11.66,107
1985/4/2,2.8439,,11.7,
1985/4/3,2.8439,,11.73,
1985/4/4,2.8552,,11.75,
1985/4/5,2.858,,,
1985/4/8,2.858,,11.77,
1985/4/9,2.858,,11.66,
1985/4/10,2.8523,,11.58,
1985/4/11,2.8523,,11.42,
1985/4/12,2.8381,,11.43,
1985/4/15,2.8381,,11.37,
1985/4/16,2.8339,,11.25,
1985/4/17,2.8339,,11.29,
1985/4/18,2.8452,,11.13,
1985/4/19,2.831,,11.16,
1985/4/22,2.831,,11.13,
1985/4/23,2.8451,,11.25,
1985/4/24,2.8565,,11.25,
1985/4/25,2.8593,,11.37,
1985/4/26,2.868,,11.35,
1985/4/29,2.868,,11.47,
1985/4/30,2.8593,,11.41,
1985/5/1,2.8593,,11.27,107.2
1985/5/2,2.8593,,11.29,
1985/5/3,2.8593,,11.21,
1985/5/6,2.8737,,11.19,
1985/5/7,2.8737,,11.17,
1985/5/8,2.8593,,11.26,
1985/5/9,2.8593,,11.2,
1985/5/10,2.8593,,11.04,
1985/5/13,2.8536,,11.04,
1985/5/14,2.8451,,10.87,
1985/5/15,2.8451,,10.89,
1985/5/16,2.868,,10.81,
1985/5/17,2.8451,,10.84,
1985/5/20,2.8451,,10.56,
1985/5/21,2.8451,,10.6,
1985/5/22,2.8451,,10.62,
1985/5/23,2.868,,10.64,
1985/5/24,2.8451,,10.57,
1985/5/27,,,,
1985/5/28,2.8565,,10.43,
1985/5/29,2.8565,,10.46,
1985/5/30,2.8508,,10.39,
1985/5/31,2.8508,,10.28,
1985/6/1,,,,107.5
1985/6/3,2.8508,,10.05,
1985/6/4,2.8508,,10.05,
1985/6/5,2.865,,9.83,
1985/6/6,2.865,,9.89,
1985/6/7,2.865,,10.19,
1985/6/10,2.865,,10.16,
1985/6/11,2.865,,10.08,
1985/6/12,2.865,,10.16,
1985/6/13,2.865,,10.21,
1985/6/14,2.865,,9.98,
1985/6/17,2.865,,9.97,
1985/6/18,2.865,,9.9,
1985/6/19,2.8536,,10.04,
1985/6/20,2.8708,,10.14,
1985/6/21,2.8851,,10.34,
1985/6/24,2.8851,,10.45,
1985/6/25,2.8851,,10.5,
1985/6/26,2.8851,,10.54,
1985/6/27,2.8851,,10.39,
1985/6/28,2.8851,,10.25,
1985/7/1,2.8851,,10.19,107.7
1985/7/2,2.8851,,10.2,
1985/7/3,2.8851,,10.23,
1985/7/4,,,,
1985/7/5,2.8851,,9.93,
1985/7/8,2.8793,,10.05,
1985/7/9,2.8793,,10.05,
1985/7/10,2.8793,,10.07,
1985/7/11,2.8793,,10.22,
1985/7/12,2.8793,,10.23,
1985/7/15,2.8736,,10.22,
1985/7/16,2.8736,,10.15,
1985/7/17,2.8736,,10.12,
1985/7/18,2.8649,,10.3,
1985/7/19,2.8764,,10.34,
1985/7/22,2.885,,10.46,
1985/7/23,2.885,,10.47,
1985/7/24,2.885,,10.51,
1985/7/25,2.885,,10.52,
1985/7/26,2.885,,10.59,
1985/7/29,2.885,,10.67,
1985/7/30,2.885,,10.66,
1985/7/31,2.885,,10.57,
1985/8/1,2.885,,10.51,107.9
1985/8/2,2.9051,,10.66,
1985/8/5,2.8993,,10.64,
1985/8/6,2.8993,,10.65,
1985/8/7,2.9081,,10.55,
1985/8/8,2.9081,,10.43,
1985/8/9,2.9081,,10.37,
1985/8/12,2.9081,,10.38,
1985/8/13,2.9081,,10.46,
1985/8/14,2.9081,,10.38,
1985/8/15,2.9081,,10.36,
1985/8/16,2.9081,,10.26,
1985/8/19,2.9081,,10.23,
1985/8/20,2.9081,,10.2,
1985/8/21,2.9168,,10.12,
1985/8/22,2.9168,,10.1,
1985/8/23,2.9168,,10.14,
1985/8/26,2.9168,,10.18,
1985/8/27,2.9168,,10.12,
1985/8/28,2.9168,,10.16,
1985/8/29,2.9168,,10.12,
1985/8/30,2.9168,,10.28,
1985/9/1,,,,108.1
1985/9/2,,,,
1985/9/3,2.9372,,10.24,
1985/9/4,2.949,,10.16,
1985/9/5,2.949,,10.27,
1985/9/6,2.9608,,10.5,
1985/9/9,2.9697,,10.49,
1985/9/10,2.9786,,10.48,
1985/9/11,2.9786,,10.51,
1985/9/12,2.9786,,10.52,
1985/9/13,2.9786,,10.4,
1985/9/16,2.9697,,10.37,
1985/9/17,2.9697,,10.41,
1985/9/18,2.9815,,10.43,
1985/9/19,2.9905,,10.43,
1985/9/20,2.9905,,10.36,
1985/9/23,2.9844,,10.39,
1985/9/24,2.9755,,10.33,
1985/9/25,2.9755,,10.27,
1985/9/26,2.9755,,10.22,
1985/9/27,2.9755,,,
1985/9/30,2.9755,,10.31,
1985/10/1,2.9874,,10.29,108.5
1985/10/2,2.9874,,10.3,
1985/10/3,3.0083,,10.32,
1985/10/4,3.0023,,10.36,
1985/10/7,3.0023,,10.42,
1985/10/8,3.0294,,10.36,
1985/10/9,3.0415,,10.37,
1985/10/10,3.0536,,10.35,
1985/10/11,3.0536,,10.34,
1985/10/14,,,,
1985/10/15,3.0536,,10.3,
1985/10/16,3.0658,,10.25,
1985/10/17,3.0658,,10.21,
1985/10/18,3.0627,,10.17,
1985/10/21,3.0627,,10.18,
1985/10/22,3.0842,,10.12,
1985/10/23,3.1057,,10.14,
1985/10/24,3.1275,,10.15,
1985/10/25,3.1588,,10.21,
1985/10/28,3.1588,,10.28,
1985/10/29,3.1904,,10.11,
1985/10/30,3.2095,,9.97,
1985/10/31,3.2095,,10.01,
1985/11/1,3.2095,,9.98,109
1985/11/4,3.2095,,9.98,
1985/11/5,3.2095,,9.93,
1985/11/6,3.2095,,9.93,
1985/11/7,3.2095,,9.91,
1985/11/8,3.2095,,9.84,
1985/11/11,,,,
1985/11/12,3.2095,,9.74,
1985/11/13,3.2095,,9.78,
1985/11/14,3.2095,,9.84,
1985/11/15,3.2095,,9.92,
1985/11/18,3.192,,9.72,
1985/11/19,3.2095,,9.73,
1985/11/20,3.2095,,9.72,
1985/11/21,3.2095,,9.58,
1985/11/22,3.2095,,9.66,
1985/11/25,3.2095,,9.68,
1985/11/26,3.2095,,9.68,
1985/11/27,3.2095,,9.64,
1985/11/28,,,,
1985/11/29,3.2095,,9.59,
1985/12/1,,,,109.5
1985/12/2,3.2095,,9.69,
1985/12/3,3.2095,,9.68,
1985/12/4,3.2095,,9.63,
1985/12/5,3.2095,,9.62,
1985/12/6,3.2095,,9.65,
1985/12/9,3.2095,,9.49,
1985/12/10,3.2095,,9.36,
1985/12/11,3.2095,,9.2,
1985/12/12,3.2095,,9.27,
1985/12/13,3.2095,,9.21,
1985/12/16,3.2095,,9.16,
1985/12/17,3.2095,,9.04,
1985/12/18,3.2095,,9.11,
1985/12/19,3.2095,,9.1,
1985/12/20,3.2095,,9.04,
1985/12/23,3.2095,,9.08,
1985/12/24,3.2095,,9.07,
1985/12/25,,,,
1985/12/26,3.2095,,9.04,
1985/12/27,3.2095,,8.99,
1985/12/30,3.2095,,9.01,
1985/12/31,3.2095,,9,
1986/1/1,,,,109.9
1986/1/2,3.2095,,9.04,
1986/1/3,3.2095,,9.05,
1986/1/6,3.2095,,9.07,
1986/1/7,3.2095,,8.94,
1986/1/8,3.2095,,9.13,
1986/1/9,3.2095,,9.27,
1986/1/10,3.2095,,9.39,
1986/1/13,3.2095,,9.49,
1986/1/14,3.2095,,9.43,
1986/1/15,3.2095,,9.31,
1986/1/16,3.2095,,9.3,
1986/1/17,3.2095,,9.24,
1986/1/20,,,,
1986/1/21,3.2095,,9.22,
1986/1/22,3.2095,,9.28,
1986/1/23,3.2095,,9.23,
1986/1/24,3.2095,,9.23,
1986/1/27,3.2095,,9.13,
1986/1/28,3.2095,,9.05,
1986/1/29,3.2095,,9.09,
1986/1/30,3.2095,,9.1,
1986/1/31,3.2095,,9.08,
1986/2/1,,,,109.7
1986/2/3,3.2095,,9.02,
1986/2/4,3.2095,,8.96,
1986/2/5,3.2159,,8.97,
1986/2/6,3.2159,,9.03,
1986/2/7,3.2159,,9.11,
1986/2/10,3.2159,,9,
1986/2/11,3.2159,,8.93,
1986/2/12,3.2159,,8.91,
1986/2/13,3.2159,,8.85,
1986/2/14,3.2159,,8.68,
1986/2/17,,,,
1986/2/18,3.2159,,8.64,
1986/2/19,3.2159,,8.7,
1986/2/20,3.2159,,8.67,
1986/2/21,3.2159,,8.48,
1986/2/24,3.2159,,8.39,
1986/2/25,3.2159,,8.4,
1986/2/26,3.2159,,8.36,
1986/2/27,3.2159,,8.15,
1986/2/28,3.2159,,8.13,
1986/3/1,,,,109.1
1986/3/3,3.2159,,7.99,
1986/3/4,3.2159,,7.93,
1986/3/5,3.2159,,8.12,
1986/3/6,3.2159,,8.04,
1986/3/7,3.2159,,7.96,
1986/3/10,3.2159,,7.76,
1986/3/11,3.2159,,7.7,
1986/3/12,3.2159,,7.68,
1986/3/13,3.2191,,7.75,
1986/3/14,3.2191,,7.72,
1986/3/17,3.2191,,7.77,
1986/3/18,3.2191,,7.83,
1986/3/19,3.2191,,7.82,
1986/3/20,3.2191,,7.78,
1986/3/21,3.2191,,7.8,
1986/3/24,3.2191,,7.7,
1986/3/25,3.2288,,7.7,
1986/3/26,3.2288,,7.64,
1986/3/27,3.2288,,7.49,
1986/3/28,3.23,,,
1986/3/31,3.2288,,7.39,
1986/4/1,3.2288,,7.37,108.7
1986/4/2,3.2288,,7.33,
1986/4/3,3.2288,,7.41,
1986/4/4,3.2288,,7.45,
1986/4/7,3.2288,,7.43,
1986/4/8,3.2288,,7.31,
1986/4/9,3.2223,,7.27,
1986/4/10,3.2223,,7.23,
1986/4/11,3.2159,,7.29,
1986/4/14,3.2159,,7.19,
1986/4/15,3.2159,,7.22,
1986/4/16,3.2159,,6.98,
1986/4/17,3.2095,,7.03,
1986/4/18,3.2095,,7.09,
1986/4/21,3.2095,,7.04,
1986/4/22,3.2031,,7.25,
1986/4/23,3.2031,,7.36,
1986/4/24,3.1999,,7.51,
1986/4/25,3.1999,,7.58,
1986/4/28,3.1999,,7.48,
1986/4/29,3.1999,,7.38,
1986/4/30,3.1999,,7.38,
1986/5/1,3.1999,,7.45,109
1986/5/2,3.2031,,7.51,
1986/5/5,3.2031,,7.45,
1986/5/6,3.1967,,7.46,
1986/5/7,3.1967,,7.43,
1986/5/8,3.1967,,7.4,
1986/5/9,3.1967,,7.48,
1986/5/12,3.1935,,7.67,
1986/5/13,3.1935,,7.63,
1986/5/14,3.1935,,7.66,
1986/5/15,3.1935,,7.79,
1986/5/16,3.1935,,7.99,
1986/5/19,3.1999,,7.98,
1986/5/20,3.1999,,7.88,
1986/5/21,3.2063,,7.9,
1986/5/22,3.2063,,7.88,
1986/5/23,3.2095,,7.84,
1986/5/26,,,,
1986/5/27,3.2095,,7.73,
1986/5/28,3.2095,,7.73,
1986/5/29,3.2095,,7.99,
1986/5/30,3.2191,,8.05,
1986/6/1,,,,109.4
1986/6/2,3.2223,,8.32,
1986/6/3,3.2233,,8.19,
1986/6/4,3.2159,,8.39,
1986/6/5,3.2159,,8.31,
1986/6/6,3.2095,,7.95,
1986/6/9,3.2095,,8.13,
1986/6/10,3.2095,,8.07,
1986/6/11,3.2095,,8.01,
1986/6/12,3.2025,,7.98,
1986/6/13,3.2095,,7.73,
1986/6/16,3.2095,,7.63,
1986/6/17,3.2095,,7.63,
1986/6/18,3.2127,,7.57,
1986/6/19,3.2127,,7.69,
1986/6/20,3.2127,,7.6,
1986/6/23,3.2127,,7.55,
1986/6/24,3.2095,,7.47,
1986/6/25,3.2095,,7.42,
1986/6/26,3.2095,,7.42,
1986/6/27,3.2095,,7.38,
1986/6/30,3.2063,,7.35,
1986/7/1,3.2031,,7.37,109.5
1986/7/2,3.2031,,7.37,
1986/7/3,3.2063,,7.31,
1986/7/4,,,,
1986/7/7,3.7129,,7.31,
1986/7/8,3.7129,,7.44,
1986/7/9,3.7129,,7.31,
1986/7/10,3.7129,,7.31,
1986/7/11,3.7129,,7.3,
1986/7/14,3.7129,,7.25,
1986/7/15,3.7129,,7.16,
1986/7/16,3.7129,,7.2,
1986/7/17,3.7129,,7.18,
1986/7/18,3.7129,,7.16,
1986/7/21,3.7129,,7.14,
1986/7/22,3.7129,,7.2,
1986/7/23,3.7129,,7.29,
1986/7/24,3.7129,,7.35,
1986/7/25,3.7129,,7.33,
1986/7/28,3.7129,,7.53,
1986/7/29,3.7129,,7.41,
1986/7/30,3.7129,,7.41,
1986/7/31,3.7129,,7.34,
1986/8/1,3.7129,,7.34,109.6
1986/8/4,3.7129,,7.33,
1986/8/5,3.7129,,7.39,
1986/8/6,3.7129,,7.47,
1986/8/7,3.7129,,7.45,
1986/8/8,3.7129,,7.3,
1986/8/11,3.7129,,7.25,
1986/8/12,3.7129,,7.23,
1986/8/13,3.7129,,7.15,
1986/8/14,3.7129,,7.16,
1986/8/15,3.7129,,7.14,
1986/8/18,3.7129,,7.14,
1986/8/19,3.7129,,7.02,
1986/8/20,3.7129,,7,
1986/8/21,3.7129,,6.96,
1986/8/22,3.7129,,7.07,
1986/8/25,3.7129,,7.06,
1986/8/26,3.7129,,6.97,
1986/8/27,3.7129,,7.06,
1986/8/28,3.7129,,7.04,
1986/8/29,3.7129,,6.95,
1986/9/1,,,,110
1986/9/2,3.7129,,7.03,
1986/9/3,3.7129,,7.2,
1986/9/4,3.7129,,7.15,
1986/9/5,3.7129,,7.32,
1986/9/8,3.7129,,7.38,
1986/9/9,3.7129,,7.35,
1986/9/10,3.7129,,7.35,
1986/9/11,3.7129,,7.57,
1986/9/12,3.7129,,7.63,
1986/9/15,3.7129,,7.53,
1986/9/16,3.7129,,7.53,
1986/9/17,3.7129,,7.46,
1986/9/18,3.7129,,7.62,
1986/9/19,3.7129,,7.67,
1986/9/22,3.7129,,7.62,
1986/9/23,3.7129,,7.58,
1986/9/24,3.7129,,7.48,
1986/9/25,3.724,,7.47,
1986/9/26,3.724,,7.47,
1986/9/29,3.724,,7.54,
1986/9/30,3.724,,7.45,
1986/10/1,3.724,,7.41,110.2
1986/10/2,3.724,,7.45,
1986/10/3,3.724,,7.31,
1986/10/6,3.724,,7.28,
1986/10/7,3.724,,7.28,
1986/10/8,3.724,,7.31,
1986/10/9,3.724,,7.33,
1986/10/10,3.724,,7.36,
1986/10/13,,,,
1986/10/14,3.724,,7.49,
1986/10/15,3.724,,7.51,
1986/10/16,3.724,,7.53,
1986/10/17,3.724,,7.57,
1986/10/20,3.724,,7.66,
1986/10/21,3.724,,7.57,
1986/10/22,3.724,,7.49,
1986/10/23,3.724,,7.43,
1986/10/24,3.724,,7.47,
1986/10/27,3.7314,,7.42,
1986/10/28,3.7314,,7.45,
1986/10/29,3.7314,,7.41,
1986/10/30,3.7314,,7.31,
1986/10/31,3.7314,,7.34,
1986/11/1,,,,110.4
1986/11/3,3.7314,,7.29,
1986/11/4,3.7314,,7.31,
1986/11/5,3.7314,,7.24,
1986/11/6,3.7314,,7.32,
1986/11/7,3.7314,,7.4,
1986/11/10,3.7314,,7.38,
1986/11/11,,,,
1986/11/12,3.7314,,7.35,
1986/11/13,3.7314,,7.33,
1986/11/14,3.7314,,7.29,
1986/11/17,3.7314,,7.22,
1986/11/18,3.7314,,7.27,
1986/11/19,3.7314,,7.19,
1986/11/20,3.7314,,7.19,
1986/11/21,3.7314,,7.17,
1986/11/24,3.7314,,7.11,
1986/11/25,3.7314,,7.15,
1986/11/26,3.7314,,7.15,
1986/11/27,,,,
1986/11/28,3.7314,,7.15,
1986/12/1,3.7314,,7.18,110.8
1986/12/2,3.7314,,7.08,
1986/12/3,3.7314,,7.06,
1986/12/4,3.7314,,7.01,
1986/12/5,3.7314,,7.12,
1986/12/8,3.7314,,7.1,
1986/12/9,3.7314,,7.07,
1986/12/10,3.7314,,7.05,
1986/12/11,3.7314,,7.12,
1986/12/12,3.7314,,7.13,
1986/12/15,3.7314,,7.15,
1986/12/16,3.7314,,7.12,
1986/12/17,3.7314,,7.12,
1986/12/18,3.7314,,7.11,
1986/12/19,3.7314,,7.1,
1986/12/22,3.7314,,7.1,
1986/12/23,3.7314,,7.08,
1986/12/24,3.7314,,7.07,
1986/12/25,,,,
1986/12/26,3.7314,,7.08,
1986/12/29,3.7314,,7.17,
1986/12/30,3.7314,,7.23,
1986/12/31,3.7314,,7.23,
1987/1/1,,,,111.4
1987/1/2,3.7314,,7.18,
1987/1/5,3.7314,,7.08,
1987/1/6,3.7314,,7.08,
1987/1/7,3.7314,,7.05,
1987/1/8,3.7314,,7.04,
1987/1/9,3.7314,,7.01,
1987/1/12,3.7314,,7.05,
1987/1/13,3.7314,,7.1,
1987/1/14,3.7314,,7.11,
1987/1/15,3.7314,,7.08,
1987/1/16,3.7314,,7.03,
1987/1/19,,,,
1987/1/20,3.7314,,7.01,
1987/1/21,3.7314,,7.01,
1987/1/22,3.7314,,7.03,
1987/1/23,3.7314,,7.06,
1987/1/26,3.7314,,7.17,
1987/1/27,3.7314,,7.16,
1987/1/28,3.7314,,7.13,
1987/1/29,3.7314,,7.13,
1987/1/30,3.7314,,7.18,
1987/2/1,,,,111.8
1987/2/2,3.7314,,7.23,
1987/2/3,3.7314,,7.25,
1987/2/4,3.7314,,7.23,
1987/2/5,3.7314,,7.2,
1987/2/6,3.7314,,7.19,
1987/2/9,3.7314,,7.25,
1987/2/10,3.7314,,7.33,
1987/2/11,3.7314,,7.37,
1987/2/12,3.7314,,7.31,
1987/2/13,3.7314,,7.28,
1987/2/16,,,,
1987/2/17,3.7314,,7.33,
1987/2/18,3.7314,,7.3,
1987/2/19,3.7314,,7.23,
1987/2/20,3.7314,,7.24,
1987/2/23,3.7314,,7.23,
1987/2/24,3.7314,,7.18,
1987/2/25,3.7314,,7.21,
1987/2/26,3.7314,,7.21,
1987/2/27,3.7314,,7.19,
1987/3/1,,,,112.2
1987/3/2,3.7314,,7.17,
1987/3/3,3.7314,,7.21,
1987/3/4,3.7314,,7.14,
1987/3/5,3.7314,,7.16,
1987/3/6,3.7314,,7.23,
1987/3/9,3.7314,,7.23,
1987/3/10,3.7314,,7.23,
1987/3/11,3.7314,,7.23,
1987/3/12,3.7314,,7.22,
1987/3/13,3.7314,,7.19,
1987/3/16,3.7314,,7.22,
1987/3/17,3.7314,,7.2,
1987/3/18,3.7314,,7.21,
1987/3/19,3.7314,,7.21,
1987/3/20,3.7314,,7.22,
1987/3/23,3.7314,,7.25,
1987/3/24,3.7314,,7.27,
1987/3/25,3.7314,,7.26,
1987/3/26,3.7314,,7.24,
1987/3/27,3.7314,,7.33,
1987/3/30,3.7314,,7.54,
1987/3/31,3.7314,,7.51,
1987/4/1,3.7314,,7.59,112.7
1987/4/2,3.7314,,7.59,
1987/4/3,3.7314,,7.59,
1987/4/6,3.7314,,7.54,
1987/4/7,3.7314,,7.62,
1987/4/8,3.7314,,7.61,
1987/4/9,3.7314,,7.78,
1987/4/10,3.7314,,7.98,
1987/4/13,3.7314,,8.07,
1987/4/14,3.7314,,8.28,
1987/4/15,3.7314,,8.1,
1987/4/16,3.7314,,8.03,
1987/4/17,3.7314,,,
1987/4/20,3.7314,,8.2,
1987/4/21,3.7314,,8.19,
1987/4/22,3.7314,,8.24,
1987/4/23,3.7314,,8.39,
1987/4/24,3.7314,,8.47,
1987/4/27,3.7314,,8.37,
1987/4/28,3.7314,,8.28,
1987/4/29,3.7314,,8.35,
1987/4/30,3.7314,,8.21,
1987/5/1,3.7314,,8.39,113
1987/5/4,3.7314,,8.52,
1987/5/5,3.7314,,8.45,
1987/5/6,3.7314,,8.54,
1987/5/7,3.7314,,8.5,
1987/5/8,3.7314,,8.43,
1987/5/11,3.7314,,8.57,
1987/5/12,3.7314,,8.55,
1987/5/13,3.7314,,8.55,
1987/5/14,3.7314,,8.57,
1987/5/15,3.7314,,8.8,
1987/5/18,3.7314,,8.73,
1987/5/19,3.7314,,8.89,
1987/5/20,3.7314,,8.92,
1987/5/21,3.7314,,8.87,
1987/5/22,3.7314,,8.78,
1987/5/25,,,,
1987/5/26,3.7314,,8.55,
1987/5/27,3.7314,,8.6,
1987/5/28,3.7314,,8.56,
1987/5/29,3.7314,,8.49,
1987/6/1,3.7314,,8.45,113.5
1987/6/2,3.7314,,8.72,
1987/6/3,3.7314,,8.64,
1987/6/4,3.7314,,8.58,
1987/6/5,3.7314,,8.5,
1987/6/8,3.7314,,8.53,
1987/6/9,3.7314,,8.56,
1987/6/10,3.7314,,8.56,
1987/6/11,3.7314,,8.52,
1987/6/12,3.7314,,8.32,
1987/6/15,3.7314,,8.28,
1987/6/16,3.7314,,8.28,
1987/6/17,3.7314,,8.23,
1987/6/18,3.7314,,8.27,
1987/6/19,3.7314,,8.3,
1987/6/22,3.7314,,8.23,
1987/6/23,3.7314,,8.23,
1987/6/24,3.7314,,8.31,
1987/6/25,3.7314,,8.25,
1987/6/26,3.7314,,8.37,
1987/6/29,3.7314,,8.34,
1987/6/30,3.7314,,8.38,
1987/7/1,3.7314,,8.36,113.8
1987/7/2,3.7314,,8.3,
1987/7/3,3.7314,,,
1987/7/6,3.7314,,8.29,
1987/7/7,3.7314,,8.28,
1987/7/8,3.7314,,8.32,
1987/7/9,3.7314,,8.37,
1987/7/10,3.7314,,8.32,
1987/7/13,3.7314,,8.38,
1987/7/14,3.7314,,8.33,
1987/7/15,3.7314,,8.43,
1987/7/16,3.7314,,8.41,
1987/7/17,3.7314,,8.36,
1987/7/20,3.7314,,8.41,
1987/7/21,3.7314,,8.49,
1987/7/22,3.7314,,8.54,
1987/7/23,3.7314,,8.56,
1987/7/24,3.7314,,8.58,
1987/7/27,3.7314,,8.6,
1987/7/28,3.7314,,8.62,
1987/7/29,3.7314,,8.61,
1987/7/30,3.7314,,8.61,
1987/7/31,3.7314,,8.66,
1987/8/1,,,,114.3
1987/8/3,3.7314,,8.81,
1987/8/4,3.7314,,8.81,
1987/8/5,3.7314,,8.71,
1987/8/6,3.7314,,8.73,
1987/8/7,3.7314,,8.7,
1987/8/10,3.7314,,8.74,
1987/8/11,3.7314,,8.73,
1987/8/12,3.7314,,8.72,
1987/8/13,3.7314,,8.63,
1987/8/14,3.7314,,8.58,
1987/8/17,3.7314,,8.56,
1987/8/18,3.7314,,8.73,
1987/8/19,3.7314,,8.77,
1987/8/20,3.7314,,8.74,
1987/8/21,3.7314,,8.77,
1987/8/24,3.7314,,8.78,
1987/8/25,3.7314,,8.73,
1987/8/26,3.7314,,8.79,
1987/8/27,3.7314,,8.92,
1987/8/28,3.7314,,9.02,
1987/8/31,3.7314,,9,
1987/9/1,3.7314,,9.05,114.7
1987/9/2,3.7314,,9.28,
1987/9/3,3.7314,,9.29,
1987/9/4,3.7314,,9.3,
1987/9/7,,,,
1987/9/8,3.7314,,9.5,
1987/9/9,3.7314,,9.48,
1987/9/10,3.7314,,9.42,
1987/9/11,3.7314,,9.33,
1987/9/14,3.7314,,9.34,
1987/9/15,3.7314,,9.44,
1987/9/16,3.7314,,9.52,
1987/9/17,3.7314,,9.48,
1987/9/18,3.7314,,9.38,
1987/9/21,3.7314,,9.45,
1987/9/22,3.7314,,9.37,
1987/9/23,3.7314,,9.4,
1987/9/24,3.7314,,9.51,
1987/9/25,3.7314,,9.53,
1987/9/28,3.7314,,9.52,
1987/9/29,3.7314,,9.64,
1987/9/30,3.7314,,9.63,
1987/10/1,3.7314,,9.66,115
1987/10/2,3.7314,,9.6,
1987/10/5,3.7314,,9.69,
1987/10/6,3.7314,,9.72,
1987/10/7,3.7314,,9.71,
1987/10/8,3.7314,,9.86,
1987/10/9,3.7314,,9.94,
1987/10/12,,,,
1987/10/13,3.7314,,9.9,
1987/10/14,3.7314,,10.13,
1987/10/15,3.7314,,10.18,
1987/10/16,3.7314,,10.23,
1987/10/19,3.7314,,10.15,
1987/10/20,3.7314,,9.4,
1987/10/21,3.7314,,9.3,
1987/10/22,3.7314,,8.97,
1987/10/23,3.7314,,8.98,
1987/10/26,3.7314,,8.8,
1987/10/27,3.7314,,8.92,
1987/10/28,3.7314,,9.01,
1987/10/29,3.7314,,8.89,
1987/10/30,3.7314,,8.88,
1987/11/1,,,,115.4
1987/11/2,3.7314,,8.98,
1987/11/3,3.7314,,8.91,
1987/11/4,3.7314,,8.85,
1987/11/5,3.7314,,8.72,
1987/11/6,3.7314,,8.76,
1987/11/9,3.7314,,8.78,
1987/11/10,3.7314,,8.79,
1987/11/11,,,,
1987/11/12,3.7314,,8.8,
1987/11/13,3.7314,,8.84,
1987/11/16,3.7314,,8.82,
1987/11/17,3.7314,,8.86,
1987/11/18,3.7314,,8.85,
1987/11/19,3.7314,,8.83,
1987/11/20,3.7314,,8.79,
1987/11/23,3.7314,,8.8,
1987/11/24,3.7314,,8.89,
1987/11/25,3.7314,,8.98,
1987/11/26,,,,
1987/11/27,3.7314,,9.11,
1987/11/30,3.7314,,8.99,
1987/12/1,3.7314,,9.01,115.6
1987/12/2,3.7314,,9.01,
1987/12/3,3.7314,,8.94,
1987/12/4,3.7314,,8.94,
1987/12/7,3.7314,,9.07,
1987/12/8,3.7314,,9.09,
1987/12/9,3.7314,,9.05,
1987/12/10,3.7314,,9.23,
1987/12/11,3.7314,,9.28,
1987/12/14,3.7314,,9.23,
1987/12/15,3.7314,,9.09,
1987/12/16,3.7314,,9,
1987/12/17,3.7314,,9.03,
1987/12/18,3.7314,,8.89,
1987/12/21,3.7314,,8.88,
1987/12/22,3.7314,,8.95,
1987/12/23,3.7314,,8.83,
1987/12/24,3.7314,,8.82,
1987/12/25,,,,
1987/12/28,3.7314,,8.93,
1987/12/29,3.7314,,8.85,
1987/12/30,3.7314,,8.78,
1987/12/31,3.7314,,8.83,
1988/1/1,,,,116
1988/1/4,3.7314,,8.83,
1988/1/5,3.7314,,8.76,
1988/1/6,3.7314,,8.82,
1988/1/7,3.7314,,8.83,
1988/1/8,3.7314,,8.97,
1988/1/11,3.7314,,8.94,
1988/1/12,3.7314,,8.93,
1988/1/13,3.7314,,8.87,
1988/1/14,3.7314,,8.86,
1988/1/15,3.7314,,8.6,
1988/1/18,,,,
1988/1/19,3.7314,,8.65,
1988/1/20,3.7314,,8.61,
1988/1/21,3.7314,,8.53,
1988/1/22,3.7314,,8.49,
1988/1/25,3.7314,,8.45,
1988/1/26,3.7314,,8.54,
1988/1/27,3.7314,,8.38,
1988/1/28,3.7314,,8.33,
1988/1/29,3.7314,,8.26,
1988/2/1,3.7314,,8.26,116.2
1988/2/2,3.7314,,8.18,
1988/2/3,3.7314,,8.21,
1988/2/4,3.7314,,8.24,
1988/2/5,3.7314,,8.12,
1988/2/8,3.7314,,8.19,
1988/2/9,3.7314,,8.16,
1988/2/10,3.7314,,8.11,
1988/2/11,3.7314,,8.16,
1988/2/12,3.7314,,8.28,
1988/2/15,,,,
1988/2/16,3.7314,,8.31,
1988/2/17,3.7314,,8.32,
1988/2/18,3.7314,,8.28,
1988/2/19,3.7314,,8.26,
1988/2/22,3.7314,,8.24,
1988/2/23,3.7314,,8.17,
1988/2/24,3.7314,,8.18,
1988/2/25,3.7314,,8.23,
1988/2/26,3.7314,,8.18,
1988/2/29,3.7314,,8.16,
1988/3/1,3.7314,,8.15,116.5
1988/3/2,3.7314,,8.13,
1988/3/3,3.7314,,8.12,
1988/3/4,3.7314,,8.28,
1988/3/7,3.7314,,8.3,
1988/3/8,3.7314,,8.33,
1988/3/9,3.7314,,8.32,
1988/3/10,3.7314,,8.35,
1988/3/11,3.7314,,8.29,
1988/3/14,3.7314,,8.29,
1988/3/15,3.7314,,8.3,
1988/3/16,3.7314,,8.36,
1988/3/17,3.7314,,8.3,
1988/3/18,3.7314,,8.41,
1988/3/21,3.7314,,8.47,
1988/3/22,3.7314,,8.46,
1988/3/23,3.7314,,8.47,
1988/3/24,3.7314,,8.51,
1988/3/25,3.7314,,8.47,
1988/3/28,3.7314,,8.58,
1988/3/29,3.7314,,8.56,
1988/3/30,3.7314,,8.57,
1988/3/31,3.7314,,8.57,
1988/4/1,3.7314,,,117.2
1988/4/4,3.7314,,8.68,
1988/4/5,3.7314,,8.67,
1988/4/6,3.7314,,8.61,
1988/4/7,3.7314,,8.6,
1988/4/8,3.7314,,8.52,
1988/4/11,3.7314,,8.59,
1988/4/12,3.7314,,8.57,
1988/4/13,3.7314,,8.56,
1988/4/14,3.7314,,8.67,
1988/4/15,3.7314,,8.74,
1988/4/18,3.7314,,8.81,
1988/4/19,3.7314,,8.81,
1988/4/20,3.7314,,8.83,
1988/4/21,3.7314,,8.82,
1988/4/22,3.7314,,8.78,
1988/4/25,3.7314,,8.78,
1988/4/26,3.7314,,8.8,
1988/4/27,3.7314,,8.8,
1988/4/28,3.7314,,8.86,
1988/4/29,3.7314,,8.87,
1988/5/1,,,,117.5
1988/5/2,3.7314,,8.94,
1988/5/3,3.7314,,8.89,
1988/5/4,3.7314,,8.9,
1988/5/5,3.7314,,8.92,
1988/5/6,3.7314,,9.01,
1988/5/9,3.7314,,9.03,
1988/5/10,3.7314,,9.07,
1988/5/11,3.7314,,9.05,
1988/5/12,3.7314,,9.04,
1988/5/13,3.7314,,9,
1988/5/16,3.7314,,9.01,
1988/5/17,3.7314,,9.12,
1988/5/18,3.7314,,9.19,
1988/5/19,3.7314,,9.18,
1988/5/20,3.7314,,9.22,
1988/5/23,3.7314,,9.23,
1988/5/24,3.7314,,9.22,
1988/5/25,3.7314,,9.2,
1988/5/26,3.7314,,9.21,
1988/5/27,3.7314,,9.24,
1988/5/30,,,,
1988/5/31,3.7314,,9.2,
1988/6/1,3.7314,,9.03,118
1988/6/2,3.7314,,9.07,
1988/6/3,3.7314,,8.97,
1988/6/6,3.7314,,8.97,
1988/6/7,3.7314,,9.02,
1988/6/8,3.7314,,8.92,
1988/6/9,3.7314,,8.96,
1988/6/10,3.7314,,8.92,
1988/6/13,3.7314,,8.91,
1988/6/14,3.7314,,8.69,
1988/6/15,3.7314,,8.71,
1988/6/16,3.7314,,8.89,
1988/6/17,3.7314,,9.02,
1988/6/20,3.7314,,9.02,
1988/6/21,3.7314,,9.03,
1988/6/22,3.7314,,8.9,
1988/6/23,3.7314,,8.88,
1988/6/24,3.7314,,8.85,
1988/6/27,3.7314,,8.94,
1988/6/28,3.7314,,8.87,
1988/6/29,3.7314,,8.88,
1988/6/30,3.7314,,8.82,
1988/7/1,3.7314,,8.77,118.5
1988/7/4,,,,
1988/7/5,3.7314,,8.82,
1988/7/6,3.7314,,8.91,
1988/7/7,3.7314,,8.95,
1988/7/8,3.7314,,9.04,
1988/7/11,3.7314,,9.02,
1988/7/12,3.7314,,9.08,
1988/7/13,3.7314,,9.12,
1988/7/14,3.7314,,9.12,
1988/7/15,3.7314,,9.08,
1988/7/18,3.7314,,9.15,
1988/7/19,3.7314,,9.1,
1988/7/20,3.7314,,9.11,
1988/7/21,3.7314,,9.16,
1988/7/22,3.7314,,9.11,
1988/7/25,3.7314,,9.07,
1988/7/26,3.7314,,9.09,
1988/7/27,3.7314,,9.14,
1988/7/28,3.7314,,9.16,
1988/7/29,3.7314,,9.12,
1988/8/1,3.7314,,9.07,119
1988/8/2,3.7314,,9,
1988/8/3,3.7314,,9.04,
1988/8/4,3.7314,,8.99,
1988/8/5,3.7314,,9.12,
1988/8/8,3.7314,,9.12,
1988/8/9,3.7314,,9.2,
1988/8/10,3.7314,,9.3,
1988/8/11,3.7314,,9.35,
1988/8/12,3.7314,,9.36,
1988/8/15,3.7314,,9.37,
1988/8/16,3.7314,,9.35,
1988/8/17,3.7314,,9.38,
1988/8/18,3.7314,,9.35,
1988/8/19,3.7314,,9.35,
1988/8/22,3.7314,,9.37,
1988/8/23,3.7314,,9.32,
1988/8/24,3.7314,,9.34,
1988/8/25,3.7314,,9.41,
1988/8/26,3.7314,,9.38,
1988/8/29,3.7314,,9.3,
1988/8/30,3.7314,,9.27,
1988/8/31,3.7314,,9.25,
1988/9/1,3.7314,,9.25,119.5
1988/9/2,3.7314,,9,
1988/9/5,,,,
1988/9/6,3.7314,,8.99,
1988/9/7,3.7314,,8.99,
1988/9/8,3.7314,,8.99,
1988/9/9,3.7314,,8.93,
1988/9/12,3.7314,,8.97,
1988/9/13,3.7314,,8.94,
1988/9/14,3.7314,,8.88,
1988/9/15,3.7314,,8.91,
1988/9/16,3.7314,,8.93,
1988/9/19,3.7314,,8.97,
1988/9/20,3.7314,,8.97,
1988/9/21,3.7314,,8.93,
1988/9/22,3.7314,,8.95,
1988/9/23,3.7314,,8.97,
1988/9/26,3.7314,,9,
1988/9/27,3.7314,,9.04,
1988/9/28,3.7314,,9.06,
1988/9/29,3.7314,,8.98,
1988/9/30,3.7314,,8.87,
1988/10/1,,,,119.9
1988/10/3,3.7314,,8.84,
1988/10/4,3.7314,,8.87,
1988/10/5,3.7314,,8.87,
1988/10/6,3.7314,,8.87,
1988/10/7,3.7314,,8.7,
1988/10/10,,,,
1988/10/11,3.7314,,8.75,
1988/10/12,3.7314,,8.84,
1988/10/13,3.7314,,8.84,
1988/10/14,3.7314,,8.81,
1988/10/17,3.7314,,8.79,
1988/10/18,3.7314,,8.78,
1988/10/19,3.7314,,8.82,
1988/10/20,3.7314,,8.79,
1988/10/21,3.7314,,8.83,
1988/10/24,3.7314,,8.83,
1988/10/25,3.7314,,8.83,
1988/10/26,3.7314,,8.79,
1988/10/27,3.7314,,8.72,
1988/10/28,3.7314,,8.69,
1988/10/31,3.7314,,8.65,
1988/11/1,3.7314,,8.68,120.3
1988/11/2,3.7314,,8.73,
1988/11/3,3.7314,,8.69,
1988/11/4,3.7314,,8.85,
1988/11/7,3.7314,,8.91,
1988/11/8,3.7314,,8.91,
1988/11/9,3.7314,,8.91,
1988/11/10,3.7314,,8.9,
1988/11/11,,,,
1988/11/14,3.7314,,8.91,
1988/11/15,3.7314,,8.92,
1988/11/16,3.7314,,9,
1988/11/17,3.7314,,9.06,
1988/11/18,3.7314,,9.05,
1988/11/21,3.7314,,9.04,
1988/11/22,3.7314,,9.09,
1988/11/23,3.7314,,9.08,
1988/11/24,,,,
1988/11/25,3.7314,,9.17,
1988/11/28,3.7314,,9.16,
1988/11/29,3.7314,,9.13,
1988/11/30,3.7314,,9.06,
1988/12/1,3.7314,,9.01,120.7
1988/12/2,3.7314,,9.18,
1988/12/5,3.7314,,9.13,
1988/12/6,3.7314,,8.95,
1988/12/7,3.7314,,9,
1988/12/8,3.7314,,9.02,
1988/12/9,3.7314,,9.07,
1988/12/12,3.7314,,9.08,
1988/12/13,3.7314,,9.15,
1988/12/14,3.7314,,9.19,
1988/12/15,3.7314,,9.19,
1988/12/16,3.7314,,9.17,
1988/12/19,3.7314,,9.15,
1988/12/20,3.7314,,9.08,
1988/12/21,3.7314,,9.07,
1988/12/22,3.7314,,9.07,
1988/12/23,3.7314,,9.05,
1988/12/26,,,,
1988/12/27,3.7314,,9.13,
1988/12/28,3.7314,,9.21,
1988/12/29,3.7314,,9.18,
1988/12/30,3.7314,,9.14,
1989/1/1,,,,121.2
1989/1/2,,,,
1989/1/3,3.7314,,9.23,
1989/1/4,3.7314,,9.22,
1989/1/5,3.7314,,9.27,
1989/1/6,3.7314,,9.25,
1989/1/9,3.7314,,9.23,
1989/1/10,3.7314,,9.24,
1989/1/11,3.7314,,9.24,
1989/1/12,3.7314,,9.14,
1989/1/13,3.7314,,9.06,
1989/1/16,,,,
1989/1/17,3.7314,,9.06,
1989/1/18,3.7314,,8.99,
1989/1/19,3.7314,,9,
1989/1/20,3.7314,,9.03,
1989/1/23,3.7314,,9,
1989/1/24,3.7314,,8.93,
1989/1/25,3.7314,,8.99,
1989/1/26,3.7314,,8.99,
1989/1/27,3.7314,,8.95,
1989/1/30,3.7314,,9,
1989/1/31,3.7314,,9.01,
1989/2/1,3.7314,,8.99,121.6
1989/2/2,3.7314,,8.98,
1989/2/3,3.7314,,9.01,
1989/2/6,3.7314,,9.01,
1989/2/7,3.7314,,8.96,
1989/2/8,3.7314,,8.95,
1989/2/9,3.7314,,9.13,
1989/2/10,3.7314,,9.19,
1989/2/13,3.7314,,9.2,
1989/2/14,3.7314,,9.23,
1989/2/15,3.7314,,9.22,
1989/2/16,3.7314,,9.21,
1989/2/17,3.7314,,9.2,
1989/2/20,,,,
1989/2/21,3.7314,,9.22,
1989/2/22,3.7314,,9.29,
1989/2/23,3.7314,,9.36,
1989/2/24,3.7314,,9.38,
1989/2/27,3.7314,,9.36,
1989/2/28,3.7314,,9.32,
1989/3/1,3.7314,,9.36,122.2
1989/3/2,3.7314,,9.31,
1989/3/3,3.7314,,9.31,
1989/3/6,3.7314,,9.26,
1989/3/7,3.7314,,9.26,
1989/3/8,3.7314,,9.23,
1989/3/9,3.7314,,9.24,
1989/3/10,3.7314,,9.34,
1989/3/13,3.7314,,9.35,
1989/3/14,3.7314,,9.32,
1989/3/15,3.7314,,9.31,
1989/3/16,3.7314,,9.3,
1989/3/17,3.7314,,9.49,
1989/3/20,3.7314,,9.53,
1989/3/21,3.7314,,9.53,
1989/3/22,3.7314,,9.45,
1989/3/23,3.7314,,9.43,
1989/3/24,3.7314,,,
1989/3/27,3.7314,,9.44,
1989/3/28,3.7314,,9.41,
1989/3/29,3.7314,,9.36,
1989/3/30,3.7314,,9.34,
1989/3/31,3.7314,,9.3,
1989/4/1,,,,123.1
1989/4/3,3.7314,,9.21,
1989/4/4,3.7314,,9.17,
1989/4/5,3.7314,,9.17,
1989/4/6,3.7314,,9.2,
1989/4/7,3.7314,,9.27,
1989/4/10,3.7314,,9.27,
1989/4/11,3.7314,,9.27,
1989/4/12,3.7314,,9.29,
1989/4/13,3.7314,,9.34,
1989/4/14,3.7314,,9.18,
1989/4/17,3.7314,,9.2,
1989/4/18,3.7314,,9.06,
1989/4/19,3.7314,,9.08,
1989/4/20,3.7314,,9.2,
1989/4/21,3.7314,,9.15,
1989/4/24,3.7314,,9.15,
1989/4/25,3.7314,,9.12,
1989/4/26,3.7314,,9.11,
1989/4/27,3.7314,,9.05,
1989/4/28,3.7314,,9.02,
1989/5/1,3.7314,,9.14,123.7
1989/5/2,3.7314,,9.08,
1989/5/3,3.7314,,9.06,
1989/5/4,3.7314,,9.06,
1989/5/5,3.7314,,8.99,
1989/5/8,3.7314,,9.04,
1989/5/9,3.7314,,9.15,
1989/5/10,3.7314,,9.16,
1989/5/11,3.7314,,9.1,
1989/5/12,3.7314,,8.81,
1989/5/15,3.7314,,8.82,
1989/5/16,3.7314,,8.82,
1989/5/17,3.7314,,8.8,
1989/5/18,3.7314,,8.78,
1989/5/19,3.7314,,8.71,
1989/5/22,3.7314,,8.58,
1989/5/23,3.7314,,8.6,
1989/5/24,3.7314,,8.63,
1989/5/25,3.7314,,8.67,
1989/5/26,3.7314,,8.66,
1989/5/29,,,,
1989/5/30,3.7314,,8.64,
1989/5/31,3.7314,,8.6,
1989/6/1,3.7314,,8.61,124.1
1989/6/2,3.7314,,8.43,
1989/6/5,3.7314,,8.36,
1989/6/6,3.7314,,8.36,
1989/6/7,3.7314,,8.27,
1989/6/8,3.7314,,8.27,
1989/6/9,3.7314,,8.15,
1989/6/12,3.7314,,8.16,
1989/6/13,3.7314,,8.25,
1989/6/14,3.7314,,8.2,
1989/6/15,3.7314,,8.33,
1989/6/16,3.7314,,8.35,
1989/6/19,3.7314,,8.37,
1989/6/20,3.7314,,8.31,
1989/6/21,3.7314,,8.37,
1989/6/22,3.7314,,8.38,
1989/6/23,3.7318,,8.25,
1989/6/26,3.7314,,8.18,
1989/6/27,3.7314,,8.11,
1989/6/28,3.7314,,8.17,
1989/6/29,3.7314,,8.12,
1989/6/30,3.7314,,8.1,
1989/7/1,,,,124.5
1989/7/3,3.7314,,8.09,
1989/7/4,,,,
1989/7/5,3.7314,,8.11,
1989/7/6,3.7314,,8.08,
1989/7/7,3.7314,,8.02,
1989/7/10,3.7314,,7.99,
1989/7/11,3.7314,,8,
1989/7/12,3.7314,,8,
1989/7/13,3.7314,,8,
1989/7/14,3.7314,,8.04,
1989/7/17,3.7314,,8.05,
1989/7/18,3.7314,,8.13,
1989/7/19,3.7314,,8.09,
1989/7/20,3.7314,,8.01,
1989/7/21,3.7314,,8.07,
1989/7/24,3.7314,,8.05,
1989/7/25,3.7314,,8.01,
1989/7/26,3.7314,,8.02,
1989/7/27,3.7314,,7.92,
1989/7/28,3.7314,,7.87,
1989/7/31,3.7314,,7.82,
1989/8/1,3.7314,,7.74,124.5
1989/8/2,3.7314,,7.76,
1989/8/3,3.7314,,7.8,
1989/8/4,3.7314,,8,
1989/8/7,3.7314,,8.03,
1989/8/8,3.7314,,8,
1989/8/9,3.7314,,8.05,
1989/8/10,3.7314,,8.02,
1989/8/11,3.7314,,8.09,
1989/8/14,3.7314,,8.24,
1989/8/15,3.7314,,8.21,
1989/8/16,3.7314,,8.12,
1989/8/17,3.7314,,8.18,
1989/8/18,3.7314,,8.15,
1989/8/21,3.7314,,8.2,
1989/8/22,3.7314,,8.29,
1989/8/23,3.7314,,8.25,
1989/8/24,3.7314,,8.2,
1989/8/25,3.7314,,8.21,
1989/8/28,3.7314,,8.27,
1989/8/29,3.7314,,8.27,
1989/8/30,3.7314,,8.25,
1989/8/31,3.7314,,8.26,
1989/9/1,3.7314,,8.19,124.8
1989/9/4,,,,
1989/9/5,3.7314,,8.19,
1989/9/6,3.7314,,8.17,
1989/9/7,3.7314,,8.17,
1989/9/8,3.7314,,8.14,
1989/9/11,3.7314,,8.13,
1989/9/12,3.7314,,8.13,
1989/9/13,3.7314,,8.18,
1989/9/14,3.7314,,8.13,
1989/9/15,3.7314,,8.09,
1989/9/18,3.7314,,8.1,
1989/9/19,3.7314,,8.09,
1989/9/20,3.7314,,8.15,
1989/9/21,3.7314,,8.2,
1989/9/22,3.7314,,8.22,
1989/9/25,3.7314,,8.32,
1989/9/26,3.7314,,8.3,
1989/9/27,3.7314,,8.3,
1989/9/28,3.7314,,8.3,
1989/9/29,3.7314,,8.31,
1989/10/1,,,,125.4
1989/10/2,3.7314,,8.28,
1989/10/3,3.7314,,8.23,
1989/10/4,3.7314,,8.22,
1989/10/5,3.7314,,8.15,
1989/10/6,3.7314,,8.03,
1989/10/9,,,,
1989/10/10,3.7314,,8.03,
1989/10/11,3.7314,,8.07,
1989/10/12,3.7314,,8.04,
1989/10/13,3.7314,,7.87,
1989/10/16,3.7314,,7.98,
1989/10/17,3.7314,,8,
1989/10/18,3.7314,,8.01,
1989/10/19,3.7314,,7.96,
1989/10/20,3.7314,,7.98,
1989/10/23,3.7314,,7.92,
1989/10/24,3.7314,,7.87,
1989/10/25,3.7314,,7.86,
1989/10/26,3.7314,,7.88,
1989/10/27,3.7314,,7.94,
1989/10/30,3.7314,,7.92,
1989/10/31,3.7314,,7.92,
1989/11/1,3.7314,,7.91,125.9
1989/11/2,3.7314,,7.87,
1989/11/3,3.7314,,7.96,
1989/11/6,3.7314,,8,
1989/11/7,3.7314,,7.9,
1989/11/8,3.7314,,7.87,
1989/11/9,3.7314,,7.9,
1989/11/10,3.7314,,7.92,
1989/11/13,3.7314,,7.89,
1989/11/14,3.7314,,7.87,
1989/11/15,3.7314,,7.82,
1989/11/16,3.7314,,7.82,
1989/11/17,3.7314,,7.88,
1989/11/20,3.7314,,7.86,
1989/11/21,3.7314,,7.85,
1989/11/22,3.7314,,7.81,
1989/11/23,,,,
1989/11/24,3.7314,,7.8,
1989/11/27,3.7314,,7.85,
1989/11/28,3.7314,,7.86,
1989/11/29,3.7314,,7.88,
1989/11/30,3.7314,,7.84,
1989/12/1,3.7314,,7.81,126.3
1989/12/4,3.7314,,7.82,
1989/12/5,3.7314,,7.82,
1989/12/6,3.7314,,7.85,
1989/12/7,3.7314,,7.88,
1989/12/8,3.7314,,7.82,
1989/12/11,3.7314,,7.83,
1989/12/12,3.7314,,7.84,
1989/12/13,3.7314,,7.82,
1989/12/14,3.7314,,7.79,
1989/12/15,3.7314,,7.8,
1989/12/18,4.7339,,7.77,
1989/12/19,4.7339,,7.78,
1989/12/20,4.7339,,7.77,
1989/12/21,4.7339,,7.77,
1989/12/22,4.7339,,7.82,
1989/12/25,,,,
1989/12/26,4.7339,,7.95,
1989/12/27,4.7339,,7.94,
1989/12/28,4.7339,,7.91,
1989/12/29,4.7339,,7.93,
1990/1/1,,,,127.5
1990/1/2,4.7339,,7.94,
1990/1/3,4.7339,,7.99,
1990/1/4,4.7339,,7.98,
1990/1/5,4.7339,,7.99,
1990/1/8,4.7339,,8.02,
1990/1/9,4.7339,,8.02,
1990/1/10,4.7339,,8.03,
1990/1/11,4.7339,,8.04,
1990/1/12,4.7339,,8.1,
1990/1/15,,,,
1990/1/16,4.7339,,8.2,
1990/1/17,4.7339,,8.19,
1990/1/18,4.7339,,8.32,
1990/1/19,4.7339,,8.26,
1990/1/22,4.7339,,8.27,
1990/1/23,4.7339,,8.26,
1990/1/24,4.7339,,8.38,
1990/1/25,4.7339,,8.42,
1990/1/26,4.7339,,8.49,
1990/1/29,4.7339,,8.5,
1990/1/30,4.7339,,8.51,
1990/1/31,4.7339,,8.43,
1990/2/1,4.7339,,8.42,128
1990/2/2,4.7339,,8.5,
1990/2/5,4.7339,,8.53,
1990/2/6,4.7339,,8.57,
1990/2/7,4.7339,,8.52,
1990/2/8,4.7339,,8.49,
1990/2/9,4.7339,,8.31,
1990/2/12,4.7339,,8.4,
1990/2/13,4.7339,,8.35,
1990/2/14,4.7339,,8.36,
1990/2/15,4.7339,,8.43,
1990/2/16,4.7339,,8.42,
1990/2/19,,,,
1990/2/20,4.7339,,8.62,
1990/2/21,4.7339,,8.62,
1990/2/22,4.7339,,8.54,
1990/2/23,4.7339,,8.53,
1990/2/26,4.7339,,8.46,
1990/2/27,4.7339,,8.41,
1990/2/28,4.7339,,8.51,
1990/3/1,4.7339,,8.59,128.6
1990/3/2,4.7339,,8.54,
1990/3/5,4.7339,,8.65,
1990/3/6,4.7339,,8.59,
1990/3/7,4.7339,,8.58,
1990/3/8,4.7339,,8.57,
1990/3/9,4.7339,,8.65,
1990/3/12,4.7339,,8.63,
1990/3/13,4.7339,,8.73,
1990/3/14,4.7339,,8.65,
1990/3/15,4.7339,,8.66,
1990/3/16,4.7339,,8.59,
1990/3/19,4.7339,,8.59,
1990/3/20,4.7339,,8.54,
1990/3/21,4.7339,,8.55,
1990/3/22,4.7339,,8.53,
1990/3/23,4.7339,,8.52,
1990/3/26,4.7339,,8.51,
1990/3/27,4.7339,,8.52,
1990/3/28,4.7339,,8.51,
1990/3/29,4.7339,,8.6,
1990/3/30,4.7339,,8.65,
1990/4/1,,,,128.9
1990/4/2,4.7334,,8.65,
1990/4/3,4.7334,,8.63,
1990/4/4,4.7339,,8.55,
1990/4/5,4.7339,,8.57,
1990/4/6,4.7339,,8.56,
1990/4/9,4.7339,,8.59,
1990/4/10,4.7339,,8.6,
1990/4/11,4.7339,,8.63,
1990/4/12,4.7339,,8.64,
1990/4/13,4.7339,,,
1990/4/16,4.7339,,8.68,
1990/4/17,4.7339,,8.77,
1990/4/18,4.7339,,8.86,
1990/4/19,4.7339,,8.87,
1990/4/20,4.7339,,8.95,
1990/4/23,4.7339,,8.98,
1990/4/24,4.7339,,9,
1990/4/25,4.7339,,9.01,
1990/4/26,4.7339,,9.07,
1990/4/27,4.7339,,9.06,
1990/4/30,4.7339,,9.04,
1990/5/1,4.7339,,9.08,129.1
1990/5/2,4.7339,,9.09,
1990/5/3,4.7339,,9.04,
1990/5/4,4.7339,,8.84,
1990/5/7,4.7339,,8.87,
1990/5/8,4.7339,,8.84,
1990/5/9,4.7339,,8.88,
1990/5/10,4.7339,,8.82,
1990/5/11,4.7339,,8.64,
1990/5/14,4.7339,,8.61,
1990/5/15,4.7339,,8.65,
1990/5/16,4.7339,,8.68,
1990/5/17,4.7339,,8.69,
1990/5/18,4.7339,,8.75,
1990/5/21,4.7339,,8.74,
1990/5/22,4.7339,,8.65,
1990/5/23,4.7339,,8.61,
1990/5/24,4.7339,,8.63,
1990/5/25,4.7339,,8.69,
1990/5/28,,,,
1990/5/29,4.7339,,8.66,
1990/5/30,4.7339,,8.62,
1990/5/31,4.7339,,8.6,
1990/6/1,4.7339,,8.44,129.9
1990/6/4,4.7339,,8.44,
1990/6/5,4.7339,,8.47,
1990/6/6,4.7339,,8.46,
1990/6/7,4.7339,,8.46,
1990/6/8,4.7339,,8.46,
1990/6/11,4.7339,,8.48,
1990/6/12,4.7339,,8.48,
1990/6/13,4.7339,,8.4,
1990/6/14,4.7339,,8.38,
1990/6/15,4.7339,,8.46,
1990/6/18,4.7339,,8.5,
1990/6/19,4.7334,,8.51,
1990/6/20,4.7339,,8.55,
1990/6/21,4.7339,,8.52,
1990/6/22,4.7339,,8.51,
1990/6/25,4.7339,,8.58,
1990/6/26,4.7339,,8.56,
1990/6/27,4.7339,,8.52,
1990/6/28,4.7339,,8.47,
1990/6/29,4.7339,,8.43,
1990/7/1,,,,130.5
1990/7/2,4.7339,,8.43,
1990/7/3,4.7339,,8.4,
1990/7/4,,,,
1990/7/5,4.7339,,8.42,
1990/7/6,4.7339,,8.51,
1990/7/9,4.7339,,8.57,
1990/7/10,4.7339,,8.57,
1990/7/11,4.7339,,8.57,
1990/7/12,4.7339,,8.5,
1990/7/13,4.7339,,8.45,
1990/7/16,4.7339,,8.44,
1990/7/17,4.7339,,8.44,
1990/7/18,4.7339,,8.5,
1990/7/19,4.7339,,8.51,
1990/7/20,4.7339,,8.48,
1990/7/23,4.7339,,8.48,
1990/7/24,4.7339,,8.53,
1990/7/25,4.7339,,8.49,
1990/7/26,4.7339,,8.49,
1990/7/27,4.7339,,8.42,
1990/7/30,4.7339,,8.34,
1990/7/31,4.7339,,8.36,
1990/8/1,4.7339,,8.29,131.6
1990/8/2,4.7339,,8.41,
1990/8/3,4.7339,,8.43,
1990/8/6,4.7339,,8.71,
1990/8/7,4.7339,,8.78,
1990/8/8,4.7339,,8.77,
1990/8/9,4.7339,,8.66,
1990/8/10,4.7339,,8.68,
1990/8/13,4.7339,,8.71,
1990/8/14,4.7339,,8.66,
1990/8/15,4.7339,,8.64,
1990/8/16,4.7339,,8.76,
1990/8/17,4.7339,,8.8,
1990/8/20,4.7339,,8.81,
1990/8/21,4.7339,,8.84,
1990/8/22,4.7339,,8.91,
1990/8/23,4.7339,,9,
1990/8/24,4.7339,,9.05,
1990/8/27,4.7339,,8.9,
1990/8/28,4.7339,,8.94,
1990/8/29,4.7339,,8.84,
1990/8/30,4.7339,,8.86,
1990/8/31,4.7339,,8.86,
1990/9/1,,,,132.5
1990/9/3,,,,
1990/9/4,4.7339,,8.9,
1990/9/5,4.7339,,8.86,
1990/9/6,4.7339,,8.84,
1990/9/7,4.7339,,8.81,
1990/9/10,4.7339,,8.85,
1990/9/11,4.7339,,8.83,
1990/9/12,4.7339,,8.82,
1990/9/13,4.7339,,8.82,
1990/9/14,4.7339,,8.87,
1990/9/17,4.7339,,8.9,
1990/9/18,4.7399,,8.9,
1990/9/19,4.7339,,8.88,
1990/9/20,4.7339,,8.91,
1990/9/21,4.7339,,8.99,
1990/9/24,4.7339,,9.04,
1990/9/25,4.7339,,9.02,
1990/9/26,4.7339,,9,
1990/9/27,4.7339,,8.91,
1990/9/28,4.7339,,8.82,
1990/10/1,4.7339,,8.71,133.4
1990/10/2,4.7339,,8.69,
1990/10/3,4.7339,,8.71,
1990/10/4,4.7339,,8.67,
1990/10/5,4.7339,,8.65,
1990/10/8,,,,
1990/10/9,4.7339,,8.83,
1990/10/10,4.7339,,8.89,
1990/10/11,4.7339,,8.92,
1990/10/12,4.7339,,8.84,
1990/10/15,4.7339,,8.8,
1990/10/16,4.7339,,8.79,
1990/10/17,4.7339,,8.76,
1990/10/18,4.7339,,8.71,
1990/10/19,4.7339,,8.62,
1990/10/22,4.7339,,8.63,
1990/10/23,4.7339,,8.65,
1990/10/24,4.7339,,8.66,
1990/10/25,4.7339,,8.62,
1990/10/26,4.7339,,8.63,
1990/10/29,4.7339,,8.7,
1990/10/30,4.7339,,8.7,
1990/10/31,4.7339,,8.65,
1990/11/1,4.7339,,8.57,133.7
1990/11/2,4.7339,,8.57,
1990/11/5,4.7339,,8.5,
1990/11/6,4.7339,,8.52,
1990/11/7,4.7339,,8.57,
1990/11/8,4.7339,,8.58,
1990/11/9,4.7339,,8.49,
1990/11/12,,,,
1990/11/13,4.7339,,8.37,
1990/11/14,4.7339,,8.36,
1990/11/15,4.7339,,8.37,
1990/11/16,,,8.3,
1990/11/19,5.2352,,8.35,
1990/11/20,5.2352,,8.31,
1990/11/21,5.2352,,8.27,
1990/11/22,,,,
1990/11/23,5.2352,,8.28,
1990/11/26,5.2352,,8.27,
1990/11/27,5.2352,,8.28,
1990/11/28,5.2352,,8.3,
1990/11/29,5.2352,,8.32,
1990/11/30,5.2352,,8.26,
1990/12/1,,,,134.2
1990/12/3,5.2352,,8.22,
1990/12/4,5.2352,,8.2,
1990/12/5,5.2352,,8.16,
1990/12/6,5.2352,,8.18,
1990/12/7,5.2352,,8.03,
1990/12/10,5.2352,,7.98,
1990/12/11,5.2352,,7.94,
1990/12/12,5.2352,,7.91,
1990/12/13,5.2352,,7.98,
1990/12/14,5.2352,,8.05,
1990/12/17,5.2352,,8.02,
1990/12/18,5.2352,,7.99,
1990/12/19,5.2352,,8,
1990/12/20,5.2352,,8.05,
1990/12/21,5.2352,,8.11,
1990/12/24,5.2352,,8.2,
1990/12/25,,,,
1990/12/26,5.2352,,8.15,
1990/12/27,5.2352,,8.11,
1990/12/28,5.2352,,8.14,
1990/12/31,5.2352,,8.08,
1991/1/1,,,,134.7
1991/1/2,5.2352,,7.97,
1991/1/3,5.2352,,7.93,
1991/1/4,5.2352,,8.02,
1991/1/7,5.2352,,8.13,
1991/1/8,5.2352,,8.16,
1991/1/9,5.2352,,8.25,
1991/1/10,5.2352,,8.16,
1991/1/11,5.2352,,8.2,
1991/1/14,5.2352,,8.23,
1991/1/15,5.2352,,8.22,
1991/1/16,5.2352,,8.24,
1991/1/17,5.2352,,8.05,
1991/1/18,5.2352,,8.03,
1991/1/21,,,,
1991/1/22,5.2352,,8.07,
1991/1/23,5.2352,,8.04,
1991/1/24,5.2352,,8,
1991/1/25,5.2352,,8.06,
1991/1/28,5.2352,,8.06,
1991/1/29,5.2352,,8.03,
1991/1/30,5.2352,,8.05,
1991/1/31,5.2352,,8.03,
1991/2/1,5.2352,,7.91,134.8
1991/2/4,5.2352,,7.88,
1991/2/5,5.2352,,7.85,
1991/2/6,5.2352,,7.79,
1991/2/7,5.2352,,7.82,
1991/2/8,5.2352,,7.77,
1991/2/11,5.2352,,7.78,
1991/2/12,5.2352,,7.78,
1991/2/13,5.2352,,7.78,
1991/2/14,5.2352,,7.8,
1991/2/15,5.2352,,7.78,
1991/2/18,,,,
1991/2/19,5.2352,,7.8,
1991/2/20,5.2352,,7.84,
1991/2/21,5.2352,,7.88,
1991/2/22,5.2352,,7.91,
1991/2/25,5.2352,,7.91,
1991/2/26,5.2352,,7.96,
1991/2/27,5.2352,,7.98,
1991/2/28,5.2352,,8.02,
1991/3/1,5.2352,,8.12,134.8
1991/3/4,5.2352,,8.12,
1991/3/5,5.2352,,8.08,
1991/3/6,,,8.11,
1991/3/7,,,8.07,
1991/3/8,,,8.13,
1991/3/11,5.2352,,8.06,
1991/3/12,5.2352,,8.09,
1991/3/13,5.2352,,8.02,
1991/3/14,5.2352,,8.02,
1991/3/15,5.2352,,8.1,
1991/3/18,5.2352,,8.15,
1991/3/19,5.2352,,8.25,
1991/3/20,5.2352,,8.2,
1991/3/21,5.2352,,8.16,
1991/3/22,5.2352,,8.13,
1991/3/25,5.2352,,8.13,
1991/3/26,5.2352,,8.13,
1991/3/27,5.2352,,8.08,
1991/3/28,5.2352,,8.05,
1991/3/29,5.2352,,,
1991/4/1,5.2352,,8.07,135.1
1991/4/2,5.2352,,8.03,
1991/4/3,5.2352,,8.05,
1991/4/4,5.2352,,8,
1991/4/5,5.2352,,7.99,
1991/4/8,5.2352,,7.98,
1991/4/9,5.2853,,8.03,
1991/4/10,5.2853,,8.1,
1991/4/11,5.2853,,8.09,
1991/4/12,5.2827,,7.98,
1991/4/15,5.2827,,7.95,
1991/4/16,5.2827,,7.97,
1991/4/17,5.2827,,7.95,
1991/4/18,5.289,,8.02,
1991/4/19,5.2979,,8.1,
1991/4/22,5.3083,,8.15,
1991/4/23,5.3036,,8.12,
1991/4/24,5.3036,,8.06,
1991/4/25,5.3036,,8.07,
1991/4/26,5.3036,,8.06,
1991/4/29,5.3036,,8.07,
1991/4/30,,,8.02,
1991/5/1,5.3007,,8.01,135.6
1991/5/2,5.3007,,7.97,
1991/5/3,5.3007,,8.04,
1991/5/6,5.3201,,8.05,
1991/5/7,5.3201,,8.06,
1991/5/8,5.3201,,8.04,
1991/5/9,5.3264,,8.02,
1991/5/10,5.3264,,8.12,
1991/5/13,5.3264,,8.07,
1991/5/14,5.3264,,8.14,
1991/5/15,5.3201,,8.13,
1991/5/16,5.3201,,8.12,
1991/5/17,5.3201,,8.08,
1991/5/20,5.3332,,8.1,
1991/5/21,5.3332,,8.06,
1991/5/22,5.3296,,8.06,
1991/5/23,5.3359,,8.1,
1991/5/24,5.3359,,8.1,
1991/5/27,,,,
1991/5/28,5.3359,,8.07,
1991/5/29,5.3359,,8.07,
1991/5/30,5.349,,8.02,
1991/5/31,5.349,,8.06,
1991/6/1,,,,136
1991/6/3,5.3537,,8.14,
1991/6/4,5.3585,,8.14,
1991/6/5,5.3585,,8.19,
1991/6/6,5.3585,,8.23,
1991/6/7,5.3585,,8.29,
1991/6/10,5.3674,,8.29,
1991/6/11,5.3674,,8.29,
1991/6/12,5.3674,,8.36,
1991/6/13,5.3737,,8.34,
1991/6/14,,,8.29,
1991/6/17,5.3737,,8.3,
1991/6/18,5.3737,,8.32,
1991/6/19,5.3737,,8.33,
1991/6/20,5.369,,8.3,
1991/6/21,5.369,,8.32,
1991/6/24,5.369,,8.33,
1991/6/25,5.369,,8.33,
1991/6/26,5.369,,8.33,
1991/6/27,5.369,,8.32,
1991/6/28,5.369,,8.24,
1991/7/1,5.369,,8.26,136.2
1991/7/2,5.3784,,8.27,
1991/7/3,5.3847,,8.26,
1991/7/4,,,,
1991/7/5,5.3847,,8.34,
1991/7/8,5.3789,,8.34,
1991/7/9,5.3742,,8.36,
1991/7/10,5.3742,,8.35,
1991/7/11,5.3742,,8.3,
1991/7/12,5.3742,,8.26,
1991/7/15,5.3679,,8.26,
1991/7/16,5.3679,,8.27,
1991/7/17,5.3679,,8.3,
1991/7/18,5.3679,,8.31,
1991/7/19,5.3679,,8.28,
1991/7/22,5.3605,,8.28,
1991/7/23,5.3605,,8.31,
1991/7/24,5.3605,,8.24,
1991/7/25,,,8.2,
1991/7/26,5.3605,,8.2,
1991/7/29,5.3605,,8.2,
1991/7/30,5.3605,,8.21,
1991/7/31,5.3605,,8.2,
1991/8/1,5.3605,,8.2,136.6
1991/8/2,5.3605,,8.06,
1991/8/5,5.3605,,8.04,
1991/8/6,5.3568,,7.97,
1991/8/7,5.3568,,7.93,
1991/8/8,5.3568,,7.98,
1991/8/9,5.3618,,7.98,
1991/8/12,5.3618,,7.95,
1991/8/13,5.3618,,7.91,
1991/8/14,5.3618,,7.82,
1991/8/15,5.3618,,7.84,
1991/8/16,5.3696,,7.84,
1991/8/19,5.3785,,7.83,
1991/8/20,5.3936,,7.81,
1991/8/21,5.3888,,7.8,
1991/8/22,5.3862,,7.78,
1991/8/23,5.3862,,7.88,
1991/8/26,5.3862,,7.91,
1991/8/27,5.3862,,7.89,
1991/8/28,5.3862,,7.82,
1991/8/29,5.3862,,7.74,
1991/8/30,5.3862,,7.82,
1991/9/1,,,,137
1991/9/2,,,,
1991/9/3,5.3862,,7.81,
1991/9/4,5.3862,,7.81,
1991/9/5,5.3862,,7.83,
1991/9/6,5.3862,,7.76,
1991/9/9,5.3862,,7.73,
1991/9/10,5.3835,,7.73,
1991/9/11,5.3835,,7.74,
1991/9/12,5.3835,,7.67,
1991/9/13,5.3835,,7.66,
1991/9/16,,,7.63,
1991/9/17,5.3835,,7.62,
1991/9/18,,,7.62,
1991/9/19,5.3899,,7.61,
1991/9/20,5.3899,,7.57,
1991/9/23,5.3899,,7.55,
1991/9/24,5.3899,,7.56,
1991/9/25,5.3899,,7.58,
1991/9/26,5.3899,,7.56,
1991/9/27,5.3899,,7.49,
1991/9/30,,,7.47,
1991/10/1,5.3899,,7.45,137.2
1991/10/2,5.3899,,7.47,
1991/10/3,5.3899,,7.47,
1991/10/4,5.3854,,7.39,
1991/10/7,5.3854,,7.4,
1991/10/8,5.3854,,7.43,
1991/10/9,5.3944,,7.51,
1991/10/10,5.3944,,7.58,
1991/10/11,5.3944,,7.49,
1991/10/14,,,,
1991/10/15,5.3944,,7.46,
1991/10/16,5.3944,,7.45,
1991/10/17,,,7.55,
1991/10/18,5.3944,,7.53,
1991/10/21,5.3944,,7.62,
1991/10/22,5.3944,,7.67,
1991/10/23,5.3944,,7.69,
1991/10/24,5.3944,,7.65,
1991/10/25,5.3944,,7.68,
1991/10/28,,,7.65,
1991/10/29,5.3807,,7.51,
1991/10/30,5.3944,,7.48,
1991/10/31,5.3944,,7.47,
1991/11/1,,,7.48,137.8
1991/11/4,5.3944,,7.5,
1991/11/5,5.3944,,7.56,
1991/11/6,,,7.51,
1991/11/7,,,7.43,
1991/11/8,5.3975,,7.41,
1991/11/11,,,,
1991/11/12,,,7.37,
1991/11/13,,,7.41,
1991/11/14,5.4002,,7.35,
1991/11/15,5.3976,,7.33,
1991/11/18,5.3976,,7.33,
1991/11/19,5.3976,,7.37,
1991/11/20,5.3976,,7.38,
1991/11/21,5.3955,,7.39,
1991/11/22,5.402,,7.44,
1991/11/25,5.402,,7.45,
1991/11/26,5.402,,7.42,
1991/11/27,5.402,,7.42,
1991/11/28,,,,
1991/11/29,5.4115,,7.38,
1991/12/1,,,,138.2
1991/12/2,5.4115,,7.32,
1991/12/3,5.4115,,7.28,
1991/12/4,5.4115,,7.17,
1991/12/5,5.4115,,7.21,
1991/12/6,5.4115,,7.26,
1991/12/9,5.4115,,7.22,
1991/12/10,5.4115,,7.21,
1991/12/11,5.4207,,7.22,
1991/12/12,5.4207,,7.19,
1991/12/13,5.4207,,7.22,
1991/12/16,5.4299,,7.21,
1991/12/17,5.4261,,7.18,
1991/12/18,5.4261,,7.19,
1991/12/19,5.4261,,7.11,
1991/12/20,5.4261,,6.97,
1991/12/23,5.4261,,6.88,
1991/12/24,5.4292,,6.88,
1991/12/25,,,,
1991/12/26,5.4292,,6.85,
1991/12/27,5.4292,,6.82,
1991/12/30,5.4478,,6.76,
1991/12/31,5.4478,,6.71,
1992/1/1,,,,138.3
1992/1/2,5.4478,,6.78,
1992/1/3,5.4559,,6.85,
1992/1/6,5.4559,,6.82,
1992/1/7,5.4494,,6.76,
1992/1/8,5.4494,,6.77,
1992/1/9,5.4494,,6.79,
1992/1/10,5.4591,,6.85,
1992/1/13,5.4646,,6.92,
1992/1/14,5.4646,,7.03,
1992/1/15,5.4646,,7.05,
1992/1/16,5.4686,,7.13,
1992/1/17,5.4686,,7.09,
1992/1/20,,,,
1992/1/21,5.4641,,7.03,
1992/1/22,5.4641,,7.09,
1992/1/23,5.4641,,7.2,
1992/1/24,5.4668,,7.25,
1992/1/27,5.4668,,7.24,
1992/1/28,5.4686,,7.16,
1992/1/29,5.4686,,7.25,
1992/1/30,5.4686,,7.31,
1992/1/31,5.4686,,7.31,
1992/2/1,,,,138.6
1992/2/3,5.4686,,7.36,
1992/2/4,5.4686,,7.29,
1992/2/5,5.4686,,7.21,
1992/2/6,5.4686,,7.2,
1992/2/7,5.4686,,7.2,
1992/2/10,5.4616,,7.21,
1992/2/11,5.4709,,7.23,
1992/2/12,5.4802,,7.3,
1992/2/13,5.4837,,7.4,
1992/2/14,5.4837,,7.41,
1992/2/17,,,,
1992/2/18,5.4837,,7.47,
1992/2/19,5.4837,,7.42,
1992/2/20,5.4837,,7.41,
1992/2/21,5.4837,,7.45,
1992/2/24,5.4837,,7.47,
1992/2/25,5.4837,,7.44,
1992/2/26,5.4837,,7.33,
1992/2/27,5.483,,7.35,
1992/2/28,5.483,,7.27,
1992/3/1,,,,139.1
1992/3/2,5.483,,7.38,
1992/3/3,5.483,,7.43,
1992/3/4,5.4887,,7.43,
1992/3/5,5.4887,,7.51,
1992/3/6,5.4887,,7.48,
1992/3/9,5.4887,,7.42,
1992/3/10,5.4887,,7.43,
1992/3/11,5.4887,,7.51,
1992/3/12,5.4864,,7.62,
1992/3/13,5.4892,,7.71,
1992/3/16,5.4892,,7.69,
1992/3/17,5.4892,,7.62,
1992/3/18,5.4837,,7.62,
1992/3/19,5.4837,,7.57,
1992/3/20,5.4929,,7.64,
1992/3/23,5.4929,,7.62,
1992/3/24,5.4929,,7.53,
1992/3/25,5.4887,,7.53,
1992/3/26,5.4837,,7.57,
1992/3/27,5.4837,,7.54,
1992/3/30,5.4812,,7.54,
1992/3/31,5.4812,,7.54,
1992/4/1,5.4812,,7.46,139.4
1992/4/2,5.4812,,7.47,
1992/4/3,5.4812,,7.42,
1992/4/6,5.4812,,7.41,
1992/4/7,5.4812,,7.41,
1992/4/8,5.4812,,7.44,
1992/4/9,5.4792,,7.35,
1992/4/10,5.4792,,7.37,
1992/4/13,5.5077,,7.33,
1992/4/14,5.5077,,7.35,
1992/4/15,5.5328,,7.37,
1992/4/16,5.5328,,7.45,
1992/4/17,5.5328,,,
1992/4/20,5.5328,,7.59,
1992/4/21,5.5328,,7.58,
1992/4/22,5.5328,,7.57,
1992/4/23,5.5328,,7.59,
1992/4/24,5.5254,,7.55,
1992/4/27,5.5254,,7.6,
1992/4/28,5.5254,,7.57,
1992/4/29,5.5239,,7.6,
1992/4/30,5.5239,,7.61,
1992/5/1,,,7.56,139.7
1992/5/4,5.5239,,7.58,
1992/5/5,5.5239,,7.56,
1992/5/6,5.5388,,7.46,
1992/5/7,5.5338,,7.49,
1992/5/8,5.5338,,7.41,
1992/5/11,5.5288,,7.4,
1992/5/12,5.5288,,7.36,
1992/5/13,5.5138,,7.34,
1992/5/14,5.5138,,7.34,
1992/5/15,5.5138,,7.28,
1992/5/18,5.5138,,7.28,
1992/5/19,5.5138,,7.2,
1992/5/20,5.5138,,7.25,
1992/5/21,5.5138,,7.39,
1992/5/22,5.5138,,7.35,
1992/5/25,,,,
1992/5/26,5.5087,,7.46,
1992/5/27,5.5048,,7.44,
1992/5/28,5.5048,,7.36,
1992/5/29,5.5048,,7.33,
1992/6/1,5.5003,,7.39,140.1
1992/6/2,5.4937,,7.35,
1992/6/3,5.4937,,7.34,
1992/6/4,5.4987,,7.34,
1992/6/5,5.4987,,7.31,
1992/6/8,5.4937,,7.31,
1992/6/9,5.4937,,7.33,
1992/6/10,5.4937,,7.35,
1992/6/11,5.4937,,7.33,
1992/6/12,5.4937,,7.29,
1992/6/15,5.4937,,7.28,
1992/6/16,5.4884,,7.24,
1992/6/17,5.4884,,7.23,
1992/6/18,5.4884,,7.19,
1992/6/19,5.4884,,7.24,
1992/6/22,5.4884,,7.24,
1992/6/23,5.4884,,7.25,
1992/6/24,5.4837,,7.2,
1992/6/25,5.4758,,7.14,
1992/6/26,5.4758,,7.15,
1992/6/29,5.4758,,7.12,
1992/6/30,5.4758,,7.14,
1992/7/1,5.4758,,7.1,140.5
1992/7/2,5.4758,,6.93,
1992/7/3,5.4758,,,
1992/7/6,5.4758,,6.9,
1992/7/7,5.4758,,6.87,
1992/7/8,5.4758,,6.91,
1992/7/9,5.4636,,6.91,
1992/7/10,5.472,,6.93,
1992/7/13,5.4721,,6.97,
1992/7/14,5.4721,,6.97,
1992/7/15,5.4721,,6.9,
1992/7/16,5.4721,,6.87,
1992/7/17,5.4421,,6.9,
1992/7/20,5.4471,,6.9,
1992/7/21,5.4471,,6.89,
1992/7/22,5.4421,,6.85,
1992/7/23,5.4383,,6.72,
1992/7/24,5.4335,,6.73,
1992/7/27,5.4335,,6.69,
1992/7/28,5.4335,,6.63,
1992/7/29,5.4335,,6.6,
1992/7/30,5.4335,,6.69,
1992/7/31,5.4335,,6.72,
1992/8/1,,,,140.8
1992/8/3,5.4335,,6.72,
1992/8/4,5.4483,,6.66,
1992/8/5,5.4483,,6.64,
1992/8/6,5.4622,,6.65,
1992/8/7,,,6.57,
1992/8/10,,,6.52,
1992/8/11,5.4587,,6.5,
1992/8/12,5.4587,,6.48,
1992/8/13,5.4587,,6.55,
1992/8/14,5.4548,,6.53,
1992/8/17,,,6.56,
1992/8/18,5.4548,,6.48,
1992/8/19,5.4548,,6.47,
1992/8/20,5.4548,,6.46,
1992/8/21,5.4436,,6.53,
1992/8/24,5.4199,,6.68,
1992/8/25,5.4199,,6.73,
1992/8/26,5.4199,,6.68,
1992/8/27,5.4199,,6.64,
1992/8/28,5.4199,,6.63,
1992/8/31,5.4199,,6.62,
1992/9/1,5.4199,,6.56,141.1
1992/9/2,5.4124,,6.54,
1992/9/3,5.4437,,6.54,
1992/9/4,5.4788,,6.4,
1992/9/7,,,,
1992/9/8,5.4788,,6.29,
1992/9/9,5.4788,,6.31,
1992/9/10,5.5125,,6.31,
1992/9/11,5.5166,,6.37,
1992/9/14,5.5236,,6.32,
1992/9/15,5.5236,,6.4,
1992/9/16,5.5338,,6.41,
1992/9/17,5.5391,,6.4,
1992/9/18,5.5288,,6.41,
1992/9/21,,,6.42,
1992/9/22,5.5348,,6.5,
1992/9/23,5.5348,,6.54,
1992/9/24,5.5328,,6.48,
1992/9/25,5.5328,,6.41,
1992/9/28,5.5328,,6.37,
1992/9/29,5.5227,,6.37,
1992/9/30,5.514,,6.37,
1992/10/1,5.514,,6.23,141.7
1992/10/2,5.514,,6.26,
1992/10/5,5.514,,6.24,
1992/10/6,,,6.3,
1992/10/7,5.5416,,6.46,
1992/10/8,5.5456,,6.41,
1992/10/9,5.5539,,6.52,
1992/10/12,,,,
1992/10/13,5.5539,,6.51,
1992/10/14,5.5539,,6.51,
1992/10/15,5.5539,,6.53,
1992/10/16,5.5539,,6.6,
1992/10/19,5.5539,,6.69,
1992/10/20,5.5634,,6.86,
1992/10/21,5.5654,,6.8,
1992/10/22,5.5654,,6.74,
1992/10/23,5.5654,,6.83,
1992/10/26,5.5654,,6.83,
1992/10/27,,,6.78,
1992/10/28,,,6.76,
1992/10/29,,,6.71,
1992/10/30,,,6.8,
1992/11/1,,,,142.1
1992/11/2,5.5684,,6.88,
1992/11/3,5.5789,,6.87,
1992/11/4,5.5789,,6.89,
1992/11/5,5.5789,,6.87,
1992/11/6,,,6.97,
1992/11/9,,,7,
1992/11/10,5.5942,,6.91,
1992/11/11,,,,
1992/11/12,5.5942,,6.79,
1992/11/13,5.5881,,6.82,
1992/11/16,5.5881,,6.9,
1992/11/17,5.5881,,6.86,
1992/11/18,5.5881,,6.78,
1992/11/19,5.624,,6.81,
1992/11/20,5.6741,,6.84,
1992/11/23,,,6.86,
1992/11/24,,,6.82,
1992/11/25,,,6.84,
1992/11/26,,,,
1992/11/27,5.7097,,6.93,
1992/11/30,5.7341,,6.95,
1992/12/1,5.7531,,6.94,142.3
1992/12/2,5.7531,,6.93,
1992/12/3,5.7531,,6.91,
1992/12/4,5.8019,,6.84,
1992/12/7,5.8019,,6.78,
1992/12/8,5.8396,,6.73,
1992/12/9,5.8396,,6.76,
1992/12/10,,,6.77,
1992/12/11,5.8596,,6.8,
1992/12/14,5.8596,,6.83,
1992/12/15,5.9007,,6.83,
1992/12/16,,,6.77,
1992/12/17,5.9007,,6.77,
1992/12/18,5.8646,,6.76,
1992/12/21,,,6.71,
1992/12/22,5.7995,,6.65,
1992/12/23,5.7995,,6.68,
1992/12/24,,,6.69,
1992/12/25,,,,
1992/12/28,5.7662,,6.72,
1992/12/29,5.7662,,6.69,
1992/12/30,5.7662,,6.68,
1992/12/31,5.7662,,6.7,
1993/1/1,,,,142.8
1993/1/4,5.7662,,6.6,
1993/1/5,5.7662,,6.61,
1993/1/6,5.7744,,6.63,
1993/1/7,5.7744,,6.76,
1993/1/8,5.7744,,6.75,
1993/1/11,5.7744,,6.71,
1993/1/12,5.7744,,6.72,
1993/1/13,,,6.71,
1993/1/14,5.7744,,6.65,
1993/1/15,,,6.6,
1993/1/18,,,,
1993/1/19,5.7744,,6.59,
1993/1/20,5.7744,,6.61,
1993/1/21,5.7894,,6.6,
1993/1/22,5.7894,,6.57,
1993/1/25,5.7894,,6.48,
1993/1/26,5.7894,,6.5,
1993/1/27,5.7894,,6.48,
1993/1/28,5.7894,,6.44,
1993/1/29,5.7894,,6.39,
1993/2/1,5.7894,,6.38,143.1
1993/2/2,5.7894,,6.46,
1993/2/3,,,6.45,
1993/2/4,,,6.39,
1993/2/5,5.8,,6.32,
1993/2/8,5.8,,6.37,
1993/2/9,5.8,,6.41,
1993/2/10,5.8,,6.4,
1993/2/11,5.8,,6.37,
1993/2/12,5.8,,6.35,
1993/2/15,,,,
1993/2/16,5.8,,6.34,
1993/2/17,5.8,,6.28,
1993/2/18,5.7995,,6.17,
1993/2/19,5.7694,,6.15,
1993/2/22,,,6.09,
1993/2/23,,,5.92,
1993/2/24,5.7546,,6.01,
1993/2/25,5.7546,,6.03,
1993/2/26,5.7546,,6.03,
1993/3/1,5.7546,,5.94,143.3
1993/3/2,5.7546,,5.95,
1993/3/3,5.7443,,5.88,
1993/3/4,5.7443,,5.83,
1993/3/5,5.7443,,5.9,
1993/3/8,5.7443,,5.85,
1993/3/9,5.7443,,5.91,
1993/3/10,5.7443,,5.97,
1993/3/11,5.7443,,5.96,
1993/3/12,5.7443,,6.11,
1993/3/15,5.7624,,6.17,
1993/3/16,5.7624,,6.06,
1993/3/17,5.7624,,6.02,
1993/3/18,5.7624,,5.93,
1993/3/19,5.7442,,5.95,
1993/3/22,5.7442,,5.96,
1993/3/23,5.7442,,5.91,
1993/3/24,5.7333,,5.95,
1993/3/25,5.7333,,5.98,
1993/3/26,5.7333,,6.09,
1993/3/29,5.7333,,6.06,
1993/3/30,5.7333,,6.02,
1993/3/31,5.7333,,6.03,
1993/4/1,5.7333,,6.06,143.8
1993/4/2,5.7333,,6.16,
1993/4/5,,,6.13,
1993/4/6,,,6.08,
1993/4/7,,,6.07,
1993/4/8,5.7333,,5.97,
1993/4/9,5.7333,,,
1993/4/12,5.7333,,5.92,
1993/4/13,5.7163,,5.93,
1993/4/14,5.7163,,5.9,
1993/4/15,5.7163,,5.88,
1993/4/16,5.7165,,5.89,
1993/4/19,5.7076,,5.87,
1993/4/20,5.7076,,5.87,
1993/4/21,,,5.86,
1993/4/22,,,5.85,
1993/4/23,5.7076,,5.89,
1993/4/26,5.7076,,5.94,
1993/4/27,,,6.02,
1993/4/28,,,6.03,
1993/4/29,,,5.99,
1993/4/30,,,6.05,
1993/5/1,,,,144.2
1993/5/3,,,5.96,
1993/5/4,5.7227,,5.92,
1993/5/5,,,5.93,
1993/5/6,,,5.89,
1993/5/7,,,5.92,
1993/5/10,5.7227,,5.89,
1993/5/11,5.7331,,5.89,
1993/5/12,5.7331,,5.96,
1993/5/13,5.7433,,6.02,
1993/5/14,5.7433,,6.03,
1993/5/17,5.7433,,6.07,
1993/5/18,5.7433,,6.15,
1993/5/19,5.7433,,6.11,
1993/5/20,5.7433,,6.09,
1993/5/21,5.7433,,6.16,
1993/5/24,5.7433,,6.16,
1993/5/25,5.7433,,6.17,
1993/5/26,5.7433,,6.12,
1993/5/27,,,6.11,
1993/5/28,5.7433,,6.16,
1993/5/31,,,,
1993/6/1,,,6.07,144.3
1993/6/2,5.7433,,6.06,
1993/6/3,5.7433,,6.02,
1993/6/4,5.7243,,6.11,
1993/6/7,5.7243,,6.08,
1993/6/8,5.7243,,6.09,
1993/6/9,5.7243,,6.07,
1993/6/10,5.7243,,6.07,
1993/6/11,5.7243,,5.97,
1993/6/14,5.7243,,5.97,
1993/6/15,5.7529,,5.96,
1993/6/16,5.7646,,5.96,
1993/6/17,5.7646,,5.93,
1993/6/18,5.7646,,5.97,
1993/6/21,,,5.92,
1993/6/22,,,5.91,
1993/6/23,5.7756,,5.91,
1993/6/24,5.7756,,5.88,
1993/6/25,5.7756,,5.84,
1993/6/28,5.7756,,5.8,
1993/6/29,5.7756,,5.79,
1993/6/30,5.7756,,5.8,
1993/7/1,5.7756,,5.8,144.5
1993/7/2,5.7756,,5.76,
1993/7/5,,,,
1993/7/6,5.7756,,5.8,
1993/7/7,5.7756,,5.8,
1993/7/8,5.7756,,5.78,
1993/7/9,5.7756,,5.76,
1993/7/12,5.7756,,5.75,
1993/7/13,5.7756,,5.78,
1993/7/14,5.7756,,5.72,
1993/7/15,5.7756,,5.72,
1993/7/16,5.7756,,5.71,
1993/7/19,5.7756,,5.71,
1993/7/20,5.7756,,5.75,
1993/7/21,5.7756,,5.83,
1993/7/22,5.7756,,5.9,
1993/7/23,5.7756,,5.95,
1993/7/26,5.7756,,5.93,
1993/7/27,5.7756,,5.92,
1993/7/28,5.7756,,5.9,
1993/7/29,5.7756,,5.81,
1993/7/30,5.7756,,5.83,
1993/8/1,,,,144.8
1993/8/2,5.7756,,5.85,
1993/8/3,5.7756,,5.83,
1993/8/4,5.7756,,5.87,
1993/8/5,5.7756,,5.86,
1993/8/6,5.7756,,5.86,
1993/8/9,5.7756,,5.82,
1993/8/10,5.7756,,5.82,
1993/8/11,5.7963,,5.75,
1993/8/12,5.7963,,5.77,
1993/8/13,5.7963,,5.72,
1993/8/16,5.7963,,5.68,
1993/8/17,5.7963,,5.7,
1993/8/18,5.7963,,5.69,
1993/8/19,5.7963,,5.64,
1993/8/20,5.7963,,5.61,
1993/8/23,5.7963,,5.6,
1993/8/24,5.7963,,5.54,
1993/8/25,5.7963,,5.51,
1993/8/26,5.7963,,5.42,
1993/8/27,5.7963,,5.48,
1993/8/30,5.8063,,5.44,
1993/8/31,5.8063,,5.45,
1993/9/1,5.8063,,5.46,145
1993/9/2,5.8013,,5.41,
1993/9/3,5.8013,,5.31,
1993/9/6,,,,
1993/9/7,5.8013,,5.23,
1993/9/8,5.8013,,5.23,
1993/9/9,5.8013,,5.35,
1993/9/10,5.8013,,5.29,
1993/9/13,5.8013,,5.26,
1993/9/14,5.8013,,5.37,
1993/9/15,5.8013,,5.39,
1993/9/16,5.8013,,5.37,
1993/9/17,5.8013,,5.38,
1993/9/20,5.8013,,5.42,
1993/9/21,5.8013,,5.47,
1993/9/22,5.8013,,5.45,
1993/9/23,5.8013,,5.42,
1993/9/24,5.8013,,5.42,
1993/9/27,5.8013,,5.3,
1993/9/28,5.8013,,5.28,
1993/9/29,5.8013,,5.35,
1993/9/30,5.8013,,5.4,
1993/10/1,5.8013,,5.34,145.6
1993/10/4,5.8013,,5.34,
1993/10/5,5.8013,,5.35,
1993/10/6,5.8013,,5.35,
1993/10/7,5.8013,,5.33,
1993/10/8,5.8013,,5.26,
1993/10/11,,,,
1993/10/12,5.8013,,5.27,
1993/10/13,5.8013,,5.27,
1993/10/14,5.8013,,5.23,
1993/10/15,5.8013,,5.19,
1993/10/18,5.8013,,5.27,
1993/10/19,5.8013,,5.27,
1993/10/20,5.8013,,5.26,
1993/10/21,5.8013,,5.35,
1993/10/22,5.8013,,5.42,
1993/10/25,5.8013,,5.47,
1993/10/26,5.8013,,5.43,
1993/10/27,5.8013,,5.44,
1993/10/28,5.8013,,5.41,
1993/10/29,5.8013,,5.43,
1993/11/1,5.8013,,5.56,146
1993/11/2,5.8013,,5.63,
1993/11/3,5.8013,,5.67,
1993/11/4,5.8013,,5.67,
1993/11/5,5.8013,,5.75,
1993/11/8,5.8013,,5.7,
1993/11/9,5.8013,,5.64,
1993/11/10,5.8013,,5.72,
1993/11/11,,,,
1993/11/12,5.8013,,5.66,
1993/11/15,5.8013,,5.69,
1993/11/16,5.8013,,5.66,
1993/11/17,5.8013,,5.65,
1993/11/18,5.8195,,5.72,
1993/11/19,5.8195,,5.84,
1993/11/22,5.8195,,5.89,
1993/11/23,5.8195,,5.82,
1993/11/24,5.8195,,5.84,
1993/11/25,,,,
1993/11/26,5.8195,,5.78,
1993/11/29,5.8195,,5.76,
1993/11/30,5.8195,,5.83,
1993/12/1,5.8195,,5.82,146.3
1993/12/2,5.8195,,5.81,
1993/12/3,5.8195,,5.8,
1993/12/6,5.8195,,5.72,
1993/12/7,5.8195,,5.71,
1993/12/8,5.8195,,5.71,
1993/12/9,5.8195,,5.68,
1993/12/10,5.8195,,5.73,
1993/12/13,5.8195,,5.78,
1993/12/14,5.8195,,5.82,
1993/12/15,5.8245,,5.83,
1993/12/16,5.8245,,5.84,
1993/12/17,5.8245,,5.81,
1993/12/20,5.8245,,5.83,
1993/12/21,5.8245,,5.85,
1993/12/22,5.8245,,5.74,
1993/12/23,5.8242,,5.72,
1993/12/24,5.8245,,,
1993/12/27,5.8245,,5.72,
1993/12/28,5.8245,,5.72,
1993/12/29,5.8145,,5.74,
1993/12/30,5.8145,,5.82,
1993/12/31,5.8145,,5.83,
1994/1/1,,,,146.3
1994/1/3,8.7217,,5.92,
1994/1/4,8.7217,,5.88,
1994/1/5,8.7217,,5.9,
1994/1/6,8.7217,,5.84,
1994/1/7,8.7117,,5.7,
1994/1/10,8.7217,,5.67,
1994/1/11,8.7217,,5.67,
1994/1/12,8.7217,,5.6,
1994/1/13,8.7217,,5.71,
1994/1/14,8.7217,,5.78,
1994/1/17,,,,
1994/1/18,8.7217,,5.74,
1994/1/19,8.7217,,5.76,
1994/1/20,8.7217,,5.71,
1994/1/21,8.7257,,5.73,
1994/1/24,8.7217,,5.74,
1994/1/25,8.7318,,5.78,
1994/1/26,8.7217,,5.77,
1994/1/27,8.7217,,5.73,
1994/1/28,8.7217,,5.68,
1994/1/31,8.7217,,5.7,
1994/2/1,8.7211,,5.77,146.7
1994/2/2,8.7228,,5.77,
1994/2/3,8.7252,,5.81,
1994/2/4,8.7228,,5.94,
1994/2/7,8.7223,,5.96,
1994/2/8,8.7292,,6.01,
1994/2/9,8.7292,,5.92,
1994/2/10,8.7292,,5.91,
1994/2/11,8.7292,,5.88,
1994/2/14,8.7292,,5.9,
1994/2/15,8.7299,,5.88,
1994/2/16,8.7242,,5.89,
1994/2/17,8.7283,,6,
1994/2/18,8.7238,,6.09,
1994/2/21,,,,
1994/2/22,8.7212,,6.05,
1994/2/23,8.7183,,6.13,
1994/2/24,8.724,,6.22,
1994/2/25,8.7164,,6.21,
1994/2/28,8.7262,,6.15,
1994/3/1,8.7238,,6.28,147.1
1994/3/2,8.7268,,6.3,
1994/3/3,8.7278,,6.35,
1994/3/4,8.728,,6.38,
1994/3/7,8.7284,,6.32,
1994/3/8,8.7268,,6.38,
1994/3/9,8.7256,,6.38,
1994/3/10,8.7221,,6.48,
1994/3/11,8.7256,,6.46,
1994/3/14,8.7223,,6.5,
1994/3/15,8.7217,,6.47,
1994/3/16,8.7225,,6.4,
1994/3/17,8.7219,,6.4,
1994/3/18,8.7208,,6.49,
1994/3/21,8.7209,,6.55,
1994/3/22,8.7195,,6.44,
1994/3/23,8.721,,6.44,
1994/3/24,8.7273,,6.58,
1994/3/25,8.723,,6.61,
1994/3/28,8.7234,,6.63,
1994/3/29,8.7242,,6.71,
1994/3/30,8.7219,,6.78,
1994/3/31,8.7298,,6.77,
1994/4/1,,,,147.2
1994/4/4,,,7.16,
1994/4/5,8.7298,,6.97,
1994/4/6,8.7298,,6.93,
1994/4/7,8.7298,,6.86,
1994/4/8,8.7298,,6.94,
1994/4/11,8.7298,,6.92,
1994/4/12,8.7298,,6.87,
1994/4/13,8.7298,,6.93,
1994/4/14,8.7298,,6.97,
1994/4/15,8.7398,,6.97,
1994/4/18,8.7152,,7.14,
1994/4/19,8.7145,,7.1,
1994/4/20,8.7137,,7.05,
1994/4/21,8.7125,,6.91,
1994/4/22,8.7125,,6.93,
1994/4/25,8.7409,,6.86,
1994/4/26,8.7094,,6.86,
1994/4/27,8.7277,,,
1994/4/28,8.7272,,7.04,
1994/4/29,8.7247,,7.06,
1994/5/1,,,,147.5
1994/5/2,8.7097,,7.09,
1994/5/3,8.6984,,7.13,
1994/5/4,8.6936,,7.14,
1994/5/5,8.6882,,7.11,
1994/5/6,8.6864,,7.35,
1994/5/9,8.6853,,7.49,
1994/5/10,8.684,,7.33,
1994/5/11,8.6829,,7.4,
1994/5/12,8.712,,7.36,
1994/5/13,8.681,,7.29,
1994/5/16,8.6806,,7.24,
1994/5/17,8.6807,,7.03,
1994/5/18,8.6805,,7.03,
1994/5/19,8.6804,,6.96,
1994/5/20,8.6802,,7.02,
1994/5/23,8.6804,,7.19,
1994/5/24,8.6802,,7.17,
1994/5/25,8.6802,,7.14,
1994/5/26,8.68,,7.09,
1994/5/27,8.6798,,7.12,
1994/5/30,,,,
1994/5/31,8.6796,,7.17,
1994/6/1,8.6794,,7.12,147.9
1994/6/2,8.6791,,7.07,
1994/6/3,8.709,,6.98,
1994/6/6,8.679,,6.91,
1994/6/7,8.709,,6.95,
1994/6/8,8.7088,,6.96,
1994/6/9,8.7085,,6.98,
1994/6/10,8.7083,,7.03,
1994/6/13,8.6781,,7.07,
1994/6/14,8.6779,,7,
1994/6/15,8.6775,,7.1,
1994/6/16,8.6773,,7.07,
1994/6/17,8.6771,,7.14,
1994/6/20,8.6769,,7.16,
1994/6/21,8.6764,,7.22,
1994/6/22,8.6757,,7.13,
1994/6/23,8.675,,7.1,
1994/6/24,8.6744,,7.22,
1994/6/27,8.6739,,7.18,
1994/6/28,8.6733,,7.26,
1994/6/29,8.6726,,7.24,
1994/6/30,8.6717,,7.34,
1994/7/1,8.7001,,7.34,148.4
1994/7/4,,,,
1994/7/5,8.6696,,7.31,
1994/7/6,8.669,,7.32,
1994/7/7,8.6681,,7.3,
1994/7/8,8.6674,,7.42,
1994/7/11,8.6666,,7.47,
1994/7/12,8.6658,,7.43,
1994/7/13,8.6647,,7.41,
1994/7/14,8.6637,,7.25,
1994/7/15,8.6629,,7.25,
1994/7/18,8.6618,,7.2,
1994/7/19,8.6608,,7.15,
1994/7/20,8.6589,,7.25,
1994/7/21,8.6564,,7.27,
1994/7/22,8.6535,,7.29,
1994/7/25,8.6495,,7.27,
1994/7/26,8.6464,,7.28,
1994/7/27,8.6438,,7.34,
1994/7/28,8.6414,,7.29,
1994/7/29,8.6397,,7.12,
1994/8/1,8.6369,,7.13,149
1994/8/2,8.6341,,7.11,
1994/8/3,8.6314,,7.09,
1994/8/4,8.6288,,7.12,
1994/8/5,8.6255,,7.28,
1994/8/8,8.6223,,7.28,
1994/8/9,8.6203,,7.33,
1994/8/10,8.6182,,7.3,
1994/8/11,8.6162,,7.36,
1994/8/12,8.6138,,7.27,
1994/8/15,8.6112,,7.3,
1994/8/16,8.6087,,7.19,
1994/8/17,8.6056,,7.15,
1994/8/18,8.6031,,7.28,
1994/8/19,8.6001,,7.27,
1994/8/22,8.5974,,7.31,
1994/8/23,8.5958,,7.28,
1994/8/24,8.5935,,7.22,
1994/8/25,8.5908,,7.29,
1994/8/26,8.5675,,7.24,
1994/8/29,8.5843,,7.24,
1994/8/30,8.5816,,7.2,
1994/8/31,8.5791,,7.19,
1994/9/1,8.5765,,7.19,149.3
1994/9/2,8.574,,7.21,
1994/9/5,,,,
1994/9/6,8.5691,,7.27,
1994/9/7,8.567,,7.29,
1994/9/8,8.5648,,7.3,
1994/9/9,8.5622,,7.44,
1994/9/12,8.5607,,7.46,
1994/9/13,8.5596,,7.44,
1994/9/14,8.5581,,7.41,
1994/9/15,8.5565,,7.35,
1994/9/16,8.5552,,7.52,
1994/9/19,8.554,,7.49,
1994/9/20,8.5537,,7.53,
1994/9/21,8.5533,,7.56,
1994/9/22,8.5525,,7.56,
1994/9/23,8.552,,7.57,
1994/9/26,8.5511,,7.57,
1994/9/27,8.5503,,7.61,
1994/9/28,8.5503,,7.57,
1994/9/29,8.5501,,7.64,
1994/9/30,8.55,,7.62,
1994/10/1,,,,149.4
1994/10/3,8.55,,7.66,
1994/10/4,8.55,,7.7,
1994/10/5,8.5501,,7.77,
1994/10/6,8.55,,7.78,
1994/10/7,8.55,,7.7,
1994/10/10,,,,
1994/10/11,8.55,,7.65,
1994/10/12,8.55,,7.69,
1994/10/13,8.5497,,7.64,
1994/10/14,8.5497,,7.61,
1994/10/17,8.5497,,7.62,
1994/10/18,8.5496,,7.64,
1994/10/19,8.5496,,7.68,
1994/10/20,8.5496,,7.8,
1994/10/21,8.5495,,7.81,
1994/10/24,8.549,,7.86,
1994/10/25,8.5485,,7.88,
1994/10/26,8.5485,,7.88,
1994/10/27,8.5473,,7.88,
1994/10/28,8.5466,,7.82,
1994/10/31,8.546,,7.81,
1994/11/1,8.5454,,7.91,149.8
1994/11/2,8.5454,,7.96,
1994/11/3,8.5438,,7.96,
1994/11/4,8.5438,,8.04,
1994/11/7,8.5438,,8.05,
1994/11/8,8.5438,,8.01,
1994/11/9,8.54,,7.94,
1994/11/10,8.539,,7.98,
1994/11/11,,,,
1994/11/14,8.5374,,7.94,
1994/11/15,8.5374,,7.92,
1994/11/16,8.5353,,7.97,
1994/11/17,8.534,,8.03,
1994/11/18,8.5336,,8.01,
1994/11/21,8.5336,,8.03,
1994/11/22,8.5326,,8,
1994/11/23,8.5326,,7.81,
1994/11/24,,,,
1994/11/25,8.5305,,7.8,
1994/11/28,8.5301,,7.88,
1994/11/29,8.5293,,7.95,
1994/11/30,8.529,,7.91,
1994/12/1,8.5284,,7.92,150.1
1994/12/2,8.5279,,7.81,
1994/12/5,8.5274,,7.83,
1994/12/6,8.527,,7.73,
1994/12/7,8.5241,,7.81,
1994/12/8,8.5225,,7.79,
1994/12/9,8.5192,,7.79,
1994/12/12,8.516,,7.85,
1994/12/13,8.513,,7.83,
1994/12/14,8.5101,,7.8,
1994/12/15,8.5074,,7.79,
1994/12/16,8.5035,,7.81,
1994/12/19,8.5001,,7.81,
1994/12/20,8.4954,,7.81,
1994/12/21,8.492,,7.8,
1994/12/22,8.4877,,7.84,
1994/12/23,8.4826,,7.85,
1994/12/26,,,,
1994/12/27,8.4788,,7.76,
1994/12/28,8.4718,,7.8,
1994/12/29,8.4691,,7.82,
1994/12/30,8.4662,,7.84,
1995/1/1,,,,150.5
1995/1/2,,,,
1995/1/3,8.4647,,7.88,
1995/1/4,8.4647,,7.82,
1995/1/5,8.463,,7.88,
1995/1/6,8.4626,,7.87,
1995/1/9,8.4622,,7.89,
1995/1/10,8.4617,,7.84,
1995/1/11,8.4615,,7.79,
1995/1/12,8.4612,,7.8,
1995/1/13,8.4611,,7.69,
1995/1/16,,,,
1995/1/17,8.4607,,7.7,
1995/1/18,8.4605,,7.71,
1995/1/19,8.4602,,7.74,
1995/1/20,8.46,,7.82,
1995/1/23,8.4597,,7.83,
1995/1/24,8.4594,,7.86,
1995/1/25,8.459,,7.8,
1995/1/26,8.4587,,7.76,
1995/1/27,8.4584,,7.66,
1995/1/30,8.4584,,7.65,
1995/1/31,8.4584,,7.6,
1995/2/1,8.4585,,7.66,150.9
1995/2/2,8.4584,,7.68,
1995/2/3,8.4584,,7.49,
1995/2/6,8.458,,7.53,
1995/2/7,8.4575,,7.52,
1995/2/8,8.457,,7.53,
1995/2/9,8.4564,,7.58,
1995/2/10,8.456,,7.62,
1995/2/13,8.4555,,7.61,
1995/2/14,8.4552,,7.51,
1995/2/15,8.4551,,7.45,
1995/2/16,8.4552,,7.4,
1995/2/17,8.4552,,7.43,
1995/2/20,,,,
1995/2/21,8.4537,,7.44,
1995/2/22,8.4529,,7.34,
1995/2/23,8.4524,,7.34,
1995/2/24,8.452,,7.33,
1995/2/27,8.4516,,7.24,
1995/2/28,8.4511,,7.22,
1995/3/1,8.4508,,7.23,151.2
1995/3/2,8.4599,,7.3,
1995/3/3,8.4594,,7.36,
1995/3/6,8.4482,,7.41,
1995/3/7,8.4473,,7.44,
1995/3/8,8.4465,,7.36,
1995/3/9,8.4459,,7.3,
1995/3/10,8.4461,,7.23,
1995/3/13,8.4464,,7.19,
1995/3/14,8.4465,,7.09,
1995/3/15,8.4474,,7.09,
1995/3/16,8.448,,7.05,
1995/3/17,8.4473,,7.12,
1995/3/20,8.447,,7.12,
1995/3/21,8.4462,,7.16,
1995/3/22,8.4468,,7.21,
1995/3/23,8.4472,,7.21,
1995/3/24,8.4476,,7.09,
1995/3/27,8.4477,,7.05,
1995/3/28,8.4477,,7.16,
1995/3/29,8.4475,,7.16,
1995/3/30,8.4469,,7.18,
1995/3/31,8.4464,,7.2,
1995/4/1,,,,151.8
1995/4/3,8.446,,7.14,
1995/4/4,8.4457,,7.12,
1995/4/5,8.4456,,7.12,
1995/4/6,8.4452,,7.09,
1995/4/7,8.4451,,7.11,
1995/4/10,8.4452,,7.12,
1995/4/11,8.445,,7.09,
1995/4/12,8.4446,,7.06,
1995/4/13,8.4442,,7.03,
1995/4/14,8.4441,,,
1995/4/17,8.4438,,7.04,
1995/4/18,8.4436,,7.04,
1995/4/19,8.4434,,7.06,
1995/4/20,8.4432,,7.02,
1995/4/21,8.443,,7.01,
1995/4/24,8.4427,,7.01,
1995/4/25,8.4405,,7.01,
1995/4/26,8.4338,,7.01,
1995/4/27,8.4302,,7.04,
1995/4/28,8.4274,,7.07,
1995/5/1,8.4274,,7.09,152.1
1995/5/2,8.4152,,7.04,
1995/5/3,8.3994,,6.96,
1995/5/4,8.3848,,6.85,
1995/5/5,8.3642,,6.69,
1995/5/8,8.3547,,6.7,
1995/5/9,8.3447,,6.61,
1995/5/10,8.3253,,6.66,
1995/5/11,8.315,,6.68,
1995/5/12,8.3028,,6.67,
1995/5/15,8.2916,,6.62,
1995/5/16,8.2982,,6.57,
1995/5/17,8.3063,,6.53,
1995/5/18,8.3107,,6.61,
1995/5/19,8.3132,,6.61,
1995/5/22,8.3159,,6.63,
1995/5/23,8.3188,,6.57,
1995/5/24,8.3222,,6.44,
1995/5/25,8.3241,,6.39,
1995/5/26,8.3263,,6.4,
1995/5/29,,,,
1995/5/30,8.3277,,6.3,
1995/5/31,8.3255,,6.3,
1995/6/1,8.3236,,6.2,152.4
1995/6/2,8.3218,,6.1,
1995/6/5,8.3198,,6.08,
1995/6/6,8.3204,,6.08,
1995/6/7,8.3183,,6.2,
1995/6/8,8.3166,,6.22,
1995/6/9,8.32,,6.4,
1995/6/12,8.3208,,6.37,
1995/6/13,8.3203,,6.14,
1995/6/14,8.32,,6.15,
1995/6/15,8.3219,,6.18,
1995/6/16,8.3204,,6.21,
1995/6/19,8.3202,,6.13,
1995/6/20,8.32,,6.16,
1995/6/21,8.3209,,6.13,
1995/6/22,8.3218,,6.04,
1995/6/23,8.3215,,6.06,
1995/6/26,8.3213,,6.11,
1995/6/27,8.3207,,6.15,
1995/6/28,8.3207,,6.1,
1995/6/29,8.321,,6.28,
1995/6/30,8.3211,,6.21,
1995/7/1,,,,152.6
1995/7/3,8.3207,,6.21,
1995/7/4,,,,
1995/7/5,8.3201,,6.19,
1995/7/6,8.32,,6.05,
1995/7/7,8.32,,6.04,
1995/7/10,8.3223,,6.04,
1995/7/11,8.322,,6.09,
1995/7/12,8.3217,,6.1,
1995/7/13,8.3214,,6.09,
1995/7/14,8.3211,,6.15,
1995/7/17,8.3209,,6.22,
1995/7/18,8.3213,,6.25,
1995/7/19,8.3211,,6.43,
1995/7/20,8.3204,,6.43,
1995/7/21,8.3202,,6.53,
1995/7/24,8.3204,,6.46,
1995/7/25,8.3203,,6.43,
1995/7/26,8.3202,,6.48,
1995/7/27,8.3202,,6.43,
1995/7/28,8.3203,,6.49,
1995/7/31,8.3203,,6.45,
1995/8/1,8.32,,6.5,152.9
1995/8/2,8.3202,,6.44,
1995/8/3,8.3202,,6.53,
1995/8/4,8.3,,6.5,
1995/8/7,8.32,,6.48,
1995/8/8,8.3214,,6.47,
1995/8/9,8.3216,,6.47,
1995/8/10,8.3223,,6.51,
1995/8/11,8.3225,,6.59,
1995/8/14,8.3238,,6.59,
1995/8/15,8.3257,,6.57,
1995/8/16,8.3294,,6.54,
1995/8/17,8.3206,,6.57,
1995/8/18,8.3217,,6.57,
1995/8/21,8.3322,,6.54,
1995/8/22,8.3325,,6.57,
1995/8/23,8.3333,,6.6,
1995/8/24,8.3348,,6.5,
1995/8/25,8.3353,,6.38,
1995/8/28,8.3365,,6.34,
1995/8/29,8.3282,,6.36,
1995/8/30,8.3293,,6.33,
1995/8/31,8.3298,,6.28,
1995/9/1,8.3292,,6.22,153.1
1995/9/4,,,,
1995/9/5,8.3381,,6.18,
1995/9/6,8.3378,,6.17,
1995/9/7,8.3375,,6.21,
1995/9/8,8.3375,,6.24,
1995/9/11,8.3377,,6.24,
1995/9/12,8.338,,6.16,
1995/9/13,8.3384,,6.18,
1995/9/14,8.339,,6.08,
1995/9/15,8.3394,,6.11,
1995/9/18,8.3397,,6.17,
1995/9/19,8.3329,,6.14,
1995/9/20,8.3398,,6.1,
1995/9/21,8.3294,,6.21,
1995/9/22,8.3394,,6.25,
1995/9/25,8.3394,,6.26,
1995/9/26,8.3392,,6.28,
1995/9/27,8.339,,6.3,
1995/9/28,8.3389,,6.28,
1995/9/29,8.3385,,6.17,
1995/10/1,,,,153.5
1995/10/2,8.3385,,6.15,
1995/10/3,8.3385,,6.13,
1995/10/4,8.3385,,6.12,
1995/10/5,8.338,,6.06,
1995/10/6,8.3374,,6.06,
1995/10/9,,,,
1995/10/10,8.3358,,6.07,
1995/10/11,8.335,,6.09,
1995/10/12,8.3344,,6.07,
1995/10/13,8.3342,,5.97,
1995/10/16,8.3348,,5.97,
1995/10/17,8.3348,,5.97,
1995/10/18,8.3341,,5.99,
1995/10/19,8.3342,,5.98,
1995/10/20,8.3344,,6.04,
1995/10/23,8.3339,,6.07,
1995/10/24,8.3336,,6.02,
1995/10/25,8.3337,,6,
1995/10/26,8.3343,,6.06,
1995/10/27,8.3344,,6.05,
1995/10/30,8.3349,,6.04,
1995/10/31,8.3349,,6.03,
1995/11/1,8.3346,,5.98,153.7
1995/11/2,8.3348,,5.92,
1995/11/3,8.3347,,5.94,
1995/11/6,8.3347,,5.96,
1995/11/7,8.3349,,5.99,
1995/11/8,8.3348,,5.92,
1995/11/9,8.3346,,5.97,
1995/11/10,8.334,,6,
1995/11/13,8.3339,,5.98,
1995/11/14,8.3336,,5.97,
1995/11/15,8.3331,,6,
1995/11/16,8.3335,,5.93,
1995/11/17,8.3332,,5.92,
1995/11/20,8.333,,5.93,
1995/11/21,8.3329,,5.92,
1995/11/22,8.3328,,5.93,
1995/11/23,,,,
1995/11/24,8.3322,,5.91,
1995/11/27,8.3322,,5.88,
1995/11/28,8.3316,,5.88,
1995/11/29,8.3316,,5.85,
1995/11/30,8.3316,,5.76,
1995/12/1,8.3327,,5.71,153.9
1995/12/4,8.3331,,5.63,
1995/12/5,8.3332,,5.65,
1995/12/6,8.3333,,5.67,
1995/12/7,8.3335,,5.72,
1995/12/8,8.3338,,5.73,
1995/12/11,8.32,,5.71,
1995/12/12,8.3348,,5.72,
1995/12/13,8.3346,,5.74,
1995/12/14,8.3354,,5.74,
1995/12/15,8.3371,,5.75,
1995/12/18,8.338,,5.85,
1995/12/19,8.3376,,5.81,
1995/12/20,8.3374,,5.76,
1995/12/21,8.3373,,5.77,
1995/12/22,8.3374,,5.71,
1995/12/25,,,,
1995/12/26,8.3379,,5.69,
1995/12/27,8.3379,,5.66,
1995/12/28,8.3379,,5.63,
1995/12/29,8.3374,,5.58,
1996/1/1,,,,154.7
1996/1/2,8.338,,5.6,
1996/1/3,8.3391,,5.58,
1996/1/4,8.3403,,5.65,
1996/1/5,8.3404,,5.69,
1996/1/8,8.3415,,5.68,
1996/1/9,8.3414,,5.7,
1996/1/10,8.3408,,5.8,
1996/1/11,8.3404,,5.78,
1996/1/12,8.3404,,5.75,
1996/1/15,,,,
1996/1/16,8.3404,,5.66,
1996/1/17,8.3402,,5.58,
1996/1/18,8.3391,,5.53,
1996/1/19,8.3378,,5.54,
1996/1/22,8.3374,,5.61,
1996/1/23,8.337,,5.66,
1996/1/24,8.3363,,5.62,
1996/1/25,8.3367,,5.7,
1996/1/26,8.3357,,5.65,
1996/1/29,8.335,,5.69,
1996/1/30,8.3347,,5.63,
1996/1/31,8.3338,,5.6,
1996/2/1,8.3332,,5.63,155
1996/2/2,8.3327,,5.66,
1996/2/5,8.3331,,5.7,
1996/2/6,8.332,,5.68,
1996/2/7,8.3311,,5.66,
1996/2/8,8.33,,5.66,
1996/2/9,8.3294,,5.66,
1996/2/12,8.3292,,5.61,
1996/2/13,8.3304,,5.58,
1996/2/14,8.33,,5.62,
1996/2/15,8.3312,,5.7,
1996/2/16,8.3336,,5.76,
1996/2/19,,,,
1996/2/20,8.3352,,6.01,
1996/2/21,8.3352,,5.98,
1996/2/22,8.3352,,5.92,
1996/2/23,8.3352,,5.97,
1996/2/26,8.3369,,6.01,
1996/2/27,8.3396,,6.06,
1996/2/28,8.3407,,6.11,
1996/2/29,8.3411,,6.13,
1996/3/1,8.3411,,5.99,155.5
1996/3/4,8.3408,,5.92,
1996/3/5,8.341,,5.96,
1996/3/6,8.3423,,6.05,
1996/3/7,8.3429,,6.07,
1996/3/8,8.3439,,6.41,
1996/3/11,8.3463,,6.33,
1996/3/12,8.3499,,6.36,
1996/3/13,8.3548,,6.35,
1996/3/14,8.3533,,6.36,
1996/3/15,8.3517,,6.46,
1996/3/18,8.3527,,6.43,
1996/3/19,8.353,,6.41,
1996/3/20,8.352,,6.34,
1996/3/21,8.352,,6.28,
1996/3/22,8.353,,6.32,
1996/3/25,8.3549,,6.26,
1996/3/26,8.3542,,6.25,
1996/3/27,8.3533,,6.34,
1996/3/28,8.3535,,6.41,
1996/3/29,8.3538,,6.34,
1996/4/1,8.3539,,6.31,156.1
1996/4/2,8.3539,,6.25,
1996/4/3,8.3538,,6.27,
1996/4/4,8.3525,,6.33,
1996/4/5,8.3511,,6.57,
1996/4/8,8.3512,,6.63,
1996/4/9,8.3515,,6.56,
1996/4/10,8.3518,,6.63,
1996/4/11,8.3524,,6.68,
1996/4/12,8.3522,,6.52,
1996/4/15,8.3521,,6.47,
1996/4/16,8.3517,,6.48,
1996/4/17,8.3512,,6.52,
1996/4/18,8.3509,,6.58,
1996/4/19,8.3506,,6.53,
1996/4/22,8.35,,6.48,
1996/4/23,8.3502,,6.52,
1996/4/24,8.3501,,6.57,
1996/4/25,8.3501,,6.56,
1996/4/26,8.35,,6.54,
1996/4/29,8.3506,,6.59,
1996/4/30,8.3501,,6.66,
1996/5/1,8.3501,,6.68,156.4
1996/5/2,8.3501,,6.85,
1996/5/3,8.35,,6.9,
1996/5/6,8.35,,6.86,
1996/5/7,8.35,,6.87,
1996/5/8,8.35,,6.78,
1996/5/9,8.3501,,6.84,
1996/5/10,8.3502,,6.75,
1996/5/13,8.3502,,6.72,
1996/5/14,8.35,,6.66,
1996/5/15,8.3501,,6.65,
1996/5/16,8.35,,6.7,
1996/5/17,8.3493,,6.65,
1996/5/20,8.3484,,6.62,
1996/5/21,8.3473,,6.65,
1996/5/22,8.3472,,6.63,
1996/5/23,8.3467,,6.68,
1996/5/24,8.3467,,6.65,
1996/5/27,,,,
1996/5/28,8.3448,,6.67,
1996/5/29,8.33,,6.77,
1996/5/30,8.3463,,6.78,
1996/5/31,8.3455,,6.85,
1996/6/1,,,,156.7
1996/6/3,8.3454,,6.87,
1996/6/4,8.3449,,6.86,
1996/6/5,8.3439,,6.82,
1996/6/6,8.3434,,6.76,
1996/6/7,8.3437,,6.93,
1996/6/10,8.3434,,6.97,
1996/6/11,8.3435,,6.99,
1996/6/12,8.3429,,7.03,
1996/6/13,8.3421,,7.01,
1996/6/14,8.3417,,6.95,
1996/6/17,8.3422,,6.9,
1996/6/18,8.3424,,6.93,
1996/6/19,8.3418,,6.96,
1996/6/20,8.3412,,6.98,
1996/6/21,8.3403,,6.96,
1996/6/24,8.3401,,6.94,
1996/6/25,8.3406,,6.91,
1996/6/26,8.3406,,6.91,
1996/6/27,8.341,,6.83,
1996/6/28,8.3421,,6.73,
1996/7/1,8.3417,,6.74,157
1996/7/2,8.3411,,6.8,
1996/7/3,8.3401,,6.78,
1996/7/4,,,,
1996/7/5,8.34,,7.06,
1996/7/8,8.3387,,7.05,
1996/7/9,8.3372,,7,
1996/7/10,8.3361,,6.95,
1996/7/11,8.336,,6.9,
1996/7/12,8.3359,,6.85,
1996/7/15,8.3365,,6.89,
1996/7/16,8.3451,,6.84,
1996/7/17,8.3452,,6.83,
1996/7/18,8.3447,,6.72,
1996/7/19,8.3452,,6.78,
1996/7/22,8.344,,6.84,
1996/7/23,8.3432,,6.8,
1996/7/24,8.343,,6.87,
1996/7/25,8.3427,,6.87,
1996/7/26,8.3414,,6.85,
1996/7/29,8.3411,,6.93,
1996/7/30,8.3409,,6.89,
1996/7/31,8.3407,,6.8,
1996/8/1,8.3405,,6.65,157.2
1996/8/2,8.3404,,6.51,
1996/8/5,8.34,,6.53,
1996/8/6,8.3398,,6.54,
1996/8/7,8.3395,,6.55,
1996/8/8,8.3395,,6.56,
1996/8/9,8.339,,6.5,
1996/8/12,8.3386,,6.49,
1996/8/13,8.338,,6.57,
1996/8/14,8.3374,,6.58,
1996/8/15,8.3372,,6.62,
1996/8/16,8.3369,,6.56,
1996/8/19,8.3366,,6.59,
1996/8/20,8.3365,,6.59,
1996/8/21,8.3371,,6.61,
1996/8/22,8.3369,,6.62,
1996/8/23,8.3371,,6.72,
1996/8/26,8.3371,,6.8,
1996/8/27,8.3369,,6.78,
1996/8/28,8.3366,,6.79,
1996/8/29,8.3364,,6.86,
1996/8/30,8.3363,,6.96,
1996/9/1,,,,157.7
1996/9/2,,,,
1996/9/3,8.336,,6.92,
1996/9/4,8.3361,,6.94,
1996/9/5,8.3359,,6.98,
1996/9/6,8.3357,,6.94,
1996/9/9,8.3355,,6.9,
1996/9/10,8.3354,,6.94,
1996/9/11,8.3353,,6.94,
1996/9/12,8.3352,,6.88,
1996/9/13,8.335,,6.74,
1996/9/16,8.3345,,6.73,
1996/9/17,8.3343,,6.81,
1996/9/18,8.3341,,6.83,
1996/9/19,8.3336,,6.87,
1996/9/20,8.333,,6.85,
1996/9/23,8.3324,,6.83,
1996/9/24,8.3322,,6.77,
1996/9/25,8.3325,,6.71,
1996/9/26,8.3321,,6.66,
1996/9/27,8.3317,,6.68,
1996/9/30,8.3317,,6.72,
1996/10/1,8.3317,,6.65,158.2
1996/10/2,8.3317,,6.61,
1996/10/3,8.3315,,6.61,
1996/10/4,8.3307,,6.48,
1996/10/7,8.3307,,6.53,
1996/10/8,8.3315,,6.53,
1996/10/9,8.3305,,6.55,
1996/10/10,8.3299,,6.61,
1996/10/11,8.3293,,6.55,
1996/10/14,,,,
1996/10/15,8.3281,,6.56,
1996/10/16,8.3275,,6.57,
1996/10/17,8.327,,6.51,
1996/10/18,8.3278,,6.5,
1996/10/21,8.33,,6.52,
1996/10/22,8.33,,6.56,
1996/10/23,8.33,,6.56,
1996/10/24,8.33,,6.57,
1996/10/25,8.33,,6.54,
1996/10/28,8.33,,6.56,
1996/10/29,8.33,,6.4,
1996/10/30,8.33,,6.4,
1996/10/31,8.33,,6.37,
1996/11/1,8.3285,,6.38,158.7
1996/11/4,8.3279,,6.36,
1996/11/5,8.3277,,6.28,
1996/11/6,8.3275,,6.3,
1996/11/7,8.3273,,6.26,
1996/11/8,8.327,,6.29,
1996/11/11,,,,
1996/11/12,8.3267,,6.19,
1996/11/13,8.3281,,6.2,
1996/11/14,8.3294,,6.15,
1996/11/15,8.33,,6.19,
1996/11/18,8.3302,,6.2,
1996/11/19,8.3302,,6.17,
1996/11/20,8.3301,,6.14,
1996/11/21,8.3311,,6.15,
1996/11/22,8.3317,,6.15,
1996/11/25,8.3317,,6.13,
1996/11/26,8.3312,,6.13,
1996/11/27,8.331,,6.14,
1996/11/28,,,,
1996/11/29,8.3312,,6.06,
1996/12/1,,,,159.1
1996/12/2,8.3312,,6.08,
1996/12/3,8.3311,,6.06,
1996/12/4,8.3313,,6.11,
1996/12/5,8.3313,,6.22,
1996/12/6,8.3302,,6.26,
1996/12/9,8.3296,,6.21,
1996/12/10,8.3294,,6.23,
1996/12/11,8.3292,,6.38,
1996/12/12,8.3295,,6.4,
1996/12/13,8.329,,6.33,
1996/12/16,8.3286,,6.39,
1996/12/17,8.3283,,6.42,
1996/12/18,8.3279,,6.46,
1996/12/19,8.3275,,6.36,
1996/12/20,8.327,,6.35,
1996/12/23,8.3277,,6.34,
1996/12/24,8.328,,6.36,
1996/12/25,,,,
1996/12/26,8.3277,,6.35,
1996/12/27,8.3282,,6.3,
1996/12/30,8.3282,,6.31,
1996/12/31,8.3284,,6.43,
1997/1/1,,,,159.4
1997/1/2,8.3283,,6.54,
1997/1/3,8.3283,,6.52,
1997/1/6,8.328,,6.54,
1997/1/7,8.3276,,6.57,
1997/1/8,8.3272,,6.6,
1997/1/9,8.3268,,6.52,
1997/1/10,8.3267,,6.63,
1997/1/13,8.3266,,6.63,
1997/1/14,8.3264,,6.53,
1997/1/15,8.3262,,6.53,
1997/1/16,8.3258,,6.57,
1997/1/17,8.3256,,6.56,
1997/1/20,,,,
1997/1/21,8.3255,,6.52,
1997/1/22,8.3254,,6.56,
1997/1/23,8.3254,,6.6,
1997/1/24,8.3251,,6.64,
1997/1/27,8.3248,,6.69,
1997/1/28,8.3244,,6.64,
1997/1/29,8.324,,6.63,
1997/1/30,8.3238,,6.61,
1997/1/31,8.3234,,6.53,
1997/2/1,,,,159.7
1997/2/3,8.3231,,6.47,
1997/2/4,8.3227,,6.45,
1997/2/5,8.3225,,6.47,
1997/2/6,8.3216,,6.49,
1997/2/7,8.3216,,6.43,
1997/2/10,8.3216,,6.43,
1997/2/11,8.3216,,6.43,
1997/2/12,8.32,,6.39,
1997/2/13,8.3222,,6.32,
1997/2/14,8.3225,,6.28,
1997/2/17,,,,
1997/2/18,8.3221,,6.28,
1997/2/19,8.3238,,6.3,
1997/2/20,8.3239,,6.38,
1997/2/21,8.3241,,6.36,
1997/2/24,8.3238,,6.39,
1997/2/25,8.32,,6.4,
1997/2/26,8.3248,,6.56,
1997/2/27,8.3248,,6.58,
1997/2/28,8.3254,,6.56,
1997/3/1,,,,159.8
1997/3/3,8.326,,6.58,
1997/3/4,8.3253,,6.6,
1997/3/5,8.325,,6.6,
1997/3/6,8.3257,,6.62,
1997/3/7,8.3257,,6.57,
1997/3/10,8.3253,,6.56,
1997/3/11,8.3252,,6.57,
1997/3/12,8.3253,,6.6,
1997/3/13,8.3255,,6.72,
1997/3/14,8.3255,,6.71,
1997/3/17,8.3258,,6.72,
1997/3/18,8.3258,,6.72,
1997/3/19,8.3259,,6.74,
1997/3/20,8.3259,,6.75,
1997/3/21,8.3256,,6.74,
1997/3/24,8.3256,,6.72,
1997/3/25,8.3268,,6.75,
1997/3/26,8.3266,,6.8,
1997/3/27,8.3264,,6.9,
1997/3/28,8.3264,,,
1997/3/31,8.3255,,6.92,
1997/4/1,8.3253,,6.9,159.9
1997/4/2,8.3263,,6.88,
1997/4/3,8.3269,,6.86,
1997/4/4,8.3268,,6.92,
1997/4/7,8.3266,,6.87,
1997/4/8,8.3266,,6.91,
1997/4/9,8.3265,,6.91,
1997/4/10,8.3265,,6.91,
1997/4/11,8.3269,,6.98,
1997/4/14,8.3265,,6.98,
1997/4/15,8.3261,,6.88,
1997/4/16,8.3256,,6.9,
1997/4/17,8.3251,,6.86,
1997/4/18,8.3251,,6.84,
1997/4/21,8.3248,,6.87,
1997/4/22,8.3249,,6.84,
1997/4/23,8.3246,,6.89,
1997/4/24,8.3248,,6.93,
1997/4/25,8.3243,,6.94,
1997/4/28,8.3249,,6.92,
1997/4/29,8.3249,,6.77,
1997/4/30,8.3245,,6.72,
1997/5/1,8.3245,,6.69,159.9
1997/5/2,8.3245,,6.68,
1997/5/5,8.3247,,6.67,
1997/5/6,8.3243,,6.67,
1997/5/7,8.3238,,6.76,
1997/5/8,8.3234,,6.72,
1997/5/9,8.3231,,6.67,
1997/5/12,8.323,,6.65,
1997/5/13,8.3228,,6.71,
1997/5/14,8.3225,,6.68,
1997/5/15,8.3221,,6.67,
1997/5/16,8.3218,,6.7,
1997/5/19,8.3223,,6.71,
1997/5/20,8.3219,,6.7,
1997/5/21,8.3221,,6.74,
1997/5/22,8.3223,,6.76,
1997/5/23,8.3223,,6.74,
1997/5/26,,,,
1997/5/27,8.3216,,6.79,
1997/5/28,8.3224,,6.8,
1997/5/29,8.3224,,6.75,
1997/5/30,8.3221,,6.67,
1997/6/1,,,,160.2
1997/6/2,8.3217,,6.66,
1997/6/3,8.3219,,6.63,
1997/6/4,8.3215,,6.62,
1997/6/5,8.3221,,6.62,
1997/6/6,8.3232,,6.51,
1997/6/9,8.3223,,6.55,
1997/6/10,8.3222,,6.57,
1997/6/11,8.3223,,6.56,
1997/6/12,8.3235,,6.48,
1997/6/13,8.323,,6.43,
1997/6/16,8.3231,,6.4,
1997/6/17,8.3228,,6.43,
1997/6/18,8.3225,,6.4,
1997/6/19,8.3215,,6.4,
1997/6/20,8.3215,,6.37,
1997/6/23,8.3216,,6.4,
1997/6/24,8.3214,,6.42,
1997/6/25,8.321,,6.45,
1997/6/26,8.321,,6.5,
1997/6/27,8.329,,6.46,
1997/6/30,8.3207,,6.51,
1997/7/1,8.3208,,6.45,160.4
1997/7/2,8.321,,6.42,
1997/7/3,8.3214,,6.31,
1997/7/4,,,,
1997/7/7,8.3218,,6.27,
1997/7/8,8.3219,,6.27,
1997/7/9,8.322,,6.25,
1997/7/10,8.3213,,6.26,
1997/7/11,8.3206,,6.23,
1997/7/14,8.321,,6.26,
1997/7/15,8.3216,,6.26,
1997/7/16,8.3219,,6.2,
1997/7/17,8.321,,6.19,
1997/7/18,8.3215,,6.24,
1997/7/21,8.3211,,6.27,
1997/7/22,8.3209,,6.15,
1997/7/23,8.3209,,6.14,
1997/7/24,8.3208,,6.16,
1997/7/25,8.3205,,6.18,
1997/7/28,8.3003,,6.16,
1997/7/29,8.2913,,6.11,
1997/7/30,8.2911,,6.05,
1997/7/31,8.2913,,6.02,
1997/8/1,8.3203,,6.2,160.8
1997/8/4,8.3205,,6.23,
1997/8/5,8.3203,,6.23,
1997/8/6,8.32,,6.21,
1997/8/7,8.3203,,6.24,
1997/8/8,8.3197,,6.38,
1997/8/11,8.3196,,6.36,
1997/8/12,8.3191,,6.39,
1997/8/13,8.3116,,6.36,
1997/8/14,8.3193,,6.27,
1997/8/15,8.3119,,6.27,
1997/8/18,8.3185,,6.21,
1997/8/19,8.319,,6.21,
1997/8/20,8.32,,6.24,
1997/8/21,8.3191,,6.3,
1997/8/22,8.319,,6.38,
1997/8/25,8.319,,6.39,
1997/8/26,8.319,,6.38,
1997/8/27,8.3192,,6.38,
1997/8/28,8.3185,,6.3,
1997/8/29,8.3184,,6.34,
1997/9/1,,,,161.2
1997/9/2,8.3183,,6.31,
1997/9/3,8.3189,,6.33,
1997/9/4,8.3191,,6.33,
1997/9/5,8.3184,,6.37,
1997/9/8,,,6.33,
1997/9/9,8.3181,,6.34,
1997/9/10,8.3187,,6.37,
1997/9/11,8.3189,,6.39,
1997/9/12,8.3181,,6.29,
1997/9/15,8.3181,,6.28,
1997/9/16,8.3171,,6.11,
1997/9/17,8.3175,,6.1,
1997/9/18,8.3173,,6.11,
1997/9/19,8.3164,,6.09,
1997/9/22,8.3159,,6.06,
1997/9/23,8.3154,,6.1,
1997/9/24,8.3151,,6.04,
1997/9/25,8.315,,6.13,
1997/9/26,8.315,,6.08,
1997/9/29,8.3152,,6.1,
1997/9/30,8.3149,,6.12,
1997/10/1,8.3149,,6.04,161.5
1997/10/2,8.3149,,6.01,
1997/10/3,8.3149,,6.01,
1997/10/6,8.3145,,5.96,
1997/10/7,8.3145,,5.94,
1997/10/8,8.31,,6.08,
1997/10/9,8.3141,,6.09,
1997/10/10,8.3135,,6.15,
1997/10/13,,,,
1997/10/14,8.3132,,6.07,
1997/10/15,8.3139,,6.1,
1997/10/16,8.3142,,6.09,
1997/10/17,8.3139,,6.17,
1997/10/20,8.3135,,6.15,
1997/10/21,8.3132,,6.14,
1997/10/22,8.31,,6.12,
1997/10/23,8.3136,,6.04,
1997/10/24,8.3133,,6.01,
1997/10/27,8.3134,,5.91,
1997/10/28,8.313,,5.98,
1997/10/29,8.3132,,5.91,
1997/10/30,8.3136,,5.84,
1997/10/31,8.3134,,5.84,
1997/11/1,,,,161.7
1997/11/3,8.3129,,5.91,
1997/11/4,8.3126,,5.95,
1997/11/5,8.3122,,5.95,
1997/11/6,8.312,,5.9,
1997/11/7,8.3117,,5.9,
1997/11/10,8.3113,,5.91,
1997/11/11,,,,
1997/11/12,8.3108,,5.89,
1997/11/13,8.3105,,5.87,
1997/11/14,8.3106,,5.86,
1997/11/17,8.3105,,5.85,
1997/11/18,8.3104,,5.85,
1997/11/19,8.3103,,5.82,
1997/11/20,8.3103,,5.84,
1997/11/21,8.3102,,5.82,
1997/11/24,8.3101,,5.86,
1997/11/25,8.31,,5.85,
1997/11/26,8.3101,,5.86,
1997/11/27,,,,
1997/11/28,8.3096,,5.86,
1997/12/1,8.3096,,5.86,161.8
1997/12/2,8.3099,,5.86,
1997/12/3,8.3101,,5.83,
1997/12/4,8.31,,5.84,
1997/12/5,8.31,,5.92,
1997/12/8,8.31,,5.96,
1997/12/9,8.31,,5.95,
1997/12/10,8.31,,5.9,
1997/12/11,8.3096,,5.82,
1997/12/12,8.3093,,5.74,
1997/12/15,8.31,,5.78,
1997/12/16,8.31,,5.77,
1997/12/17,8.31,,5.81,
1997/12/18,8.31,,5.76,
1997/12/19,8.31,,5.72,
1997/12/22,8.31,,5.72,
1997/12/23,8.31,,5.73,
1997/12/24,8.31,,5.76,
1997/12/25,,,,
1997/12/26,8.3093,,5.75,
1997/12/29,8.31,,5.76,
1997/12/30,8.31,,5.8,
1997/12/31,8.31,,5.75,
1998/1/1,,,,162
1998/1/2,8.31,,5.67,
1998/1/5,8.31,,5.52,
1998/1/6,8.31,,5.49,
1998/1/7,8.3,,5.55,
1998/1/8,8.31,,5.49,
1998/1/9,8.31,,5.4,
1998/1/12,8.31,,5.39,
1998/1/13,8.31,,5.41,
1998/1/14,8.31,,5.45,
1998/1/15,8.31,,5.48,
1998/1/16,8.3089,,5.54,
1998/1/19,,,,
1998/1/20,8.31,,5.57,
1998/1/21,8.31,,5.54,
1998/1/22,8.31,,5.56,
1998/1/23,8.31,,5.7,
1998/1/26,8.31,,5.63,
1998/1/27,8.31,,5.7,
1998/1/28,8.31,,5.69,
1998/1/29,8.31,,5.58,
1998/1/30,8.31,,5.53,
1998/2/1,,,,162
1998/2/2,8.279,,5.57,
1998/2/3,8.31,,5.56,
1998/2/4,8.31,,5.57,
1998/2/5,8.31,,5.62,
1998/2/6,8.3095,,5.62,
1998/2/9,8.29,,5.65,
1998/2/10,8.31,,5.64,
1998/2/11,8.31,,5.53,
1998/2/12,8.31,,5.52,
1998/2/13,8.3096,,5.49,
1998/2/16,,,,
1998/2/17,8.31,,5.44,
1998/2/18,8.31,,5.49,
1998/2/19,8.31,,5.51,
1998/2/20,8.3092,,5.54,
1998/2/23,8.31,,5.58,
1998/2/24,8.31,,5.69,
1998/2/25,8.309,,5.63,
1998/2/26,8.31,,5.65,
1998/2/27,8.31,,5.62,
1998/3/1,,,,162
1998/3/2,8.31,,5.72,
1998/3/3,8.31,,5.77,
1998/3/4,8.31,,5.76,
1998/3/5,8.3091,,5.78,
1998/3/6,8.318,,5.73,
1998/3/9,8.31,,5.67,
1998/3/10,8.31,,5.67,
1998/3/11,8.31,,5.63,
1998/3/12,8.31,,5.56,
1998/3/13,8.31,,5.58,
1998/3/16,8.28,,5.54,
1998/3/17,8.31,,5.56,
1998/3/18,8.31,,5.58,
1998/3/19,8.31,,5.58,
1998/3/20,8.31,,5.57,
1998/3/23,8.31,,5.57,
1998/3/24,8.31,,5.58,
1998/3/25,8.31,,5.64,
1998/3/26,8.31,,5.68,
1998/3/27,8.31,,5.68,
1998/3/30,8.31,,5.72,
1998/3/31,8.28,,5.67,
1998/4/1,8.31,,5.62,162.2
1998/4/2,8.31,,5.56,
1998/4/3,8.28,,5.47,
1998/4/6,8.31,,5.51,
1998/4/7,8.31,,5.53,
1998/4/8,8.31,,5.58,
1998/4/9,8.31,,5.59,
1998/4/10,8.31,,,
1998/4/13,8.31,,5.66,
1998/4/14,8.31,,5.63,
1998/4/15,8.31,,5.6,
1998/4/16,8.31,,5.59,
1998/4/17,8.31,,5.59,
1998/4/20,8.31,,5.65,
1998/4/21,8.31,,5.68,
1998/4/22,8.31,,5.68,
1998/4/23,8.31,,5.69,
1998/4/24,8.2786,,5.67,
1998/4/27,8.279,,5.8,
1998/4/28,8.31,,5.8,
1998/4/29,8.31,,5.81,
1998/4/30,8.31,,5.68,
1998/5/1,8.2779,,5.67,162.6
1998/5/4,8.31,,5.67,
1998/5/5,8.31,,5.7,
1998/5/6,8.31,,5.67,
1998/5/7,8.31,,5.67,
1998/5/8,8.31,,5.71,
1998/5/11,8.31,,5.79,
1998/5/12,8.31,,5.7,
1998/5/13,8.31,,5.64,
1998/5/14,8.31,,5.67,
1998/5/15,8.31,,5.68,
1998/5/18,8.31,,5.64,
1998/5/19,8.31,,5.65,
1998/5/20,8.31,,5.61,
1998/5/21,8.31,,5.65,
1998/5/22,8.31,,5.64,
1998/5/25,,,,
1998/5/26,8.31,,5.59,
1998/5/27,8.31,,5.56,
1998/5/28,8.31,,5.58,
1998/5/29,8.31,,5.56,
1998/6/1,8.31,,5.53,162.8
1998/6/2,8.31,,5.56,
1998/6/3,8.31,,5.57,
1998/6/4,8.31,,5.59,
1998/6/5,8.31,,5.58,
1998/6/8,8.31,,5.58,
1998/6/9,8.31,,5.59,
1998/6/10,8.31,,5.51,
1998/6/11,8.31,,5.44,
1998/6/12,8.31,,5.43,
1998/6/15,8.31,,5.38,
1998/6/16,8.31,,5.45,
1998/6/17,8.31,,5.54,
1998/6/18,8.31,,5.5,
1998/6/19,8.31,,5.47,
1998/6/22,8.31,,5.46,
1998/6/23,8.31,,5.45,
1998/6/24,8.31,,5.46,
1998/6/25,8.31,,5.46,
1998/6/26,8.31,,5.46,
1998/6/29,8.31,,5.47,
1998/6/30,8.31,,5.44,
1998/7/1,8.31,,5.44,163.2
1998/7/2,8.31,,5.42,
1998/7/3,8.31,,,
1998/7/6,8.31,,5.39,
1998/7/7,8.31,,5.42,
1998/7/8,8.31,,5.43,
1998/7/9,8.31,,5.41,
1998/7/10,8.31,,5.42,
1998/7/13,8.31,,5.46,
1998/7/14,8.31,,5.49,
1998/7/15,8.31,,5.48,
1998/7/16,8.31,,5.5,
1998/7/17,8.31,,5.51,
1998/7/20,8.31,,5.48,
1998/7/21,8.31,,5.45,
1998/7/22,8.31,,5.46,
1998/7/23,8.31,,5.45,
1998/7/24,8.31,,5.45,
1998/7/27,8.31,,5.47,
1998/7/28,8.31,,5.5,
1998/7/29,8.31,,5.52,
1998/7/30,8.31,,5.5,
1998/7/31,8.31,,5.5,
1998/8/1,,,,163.4
1998/8/3,8.31,,5.46,
1998/8/4,8.31,,5.43,
1998/8/5,8.31,,5.43,
1998/8/6,8.31,,5.44,
1998/8/7,8.31,,5.4,
1998/8/10,8.31,,5.41,
1998/8/11,8.31,,5.37,
1998/8/12,8.31,,5.4,
1998/8/13,8.31,,5.44,
1998/8/14,8.31,,5.4,
1998/8/17,8.31,,5.4,
1998/8/18,8.31,,5.41,
1998/8/19,8.31,,5.42,
1998/8/20,8.31,,5.38,
1998/8/21,8.31,,5.32,
1998/8/24,8.31,,5.3,
1998/8/25,8.31,,5.25,
1998/8/26,8.31,,5.26,
1998/8/27,8.31,,5.12,
1998/8/28,8.31,,5.09,
1998/8/31,8.31,,5.05,
1998/9/1,8.31,,5.05,163.5
1998/9/2,8.31,,5.1,
1998/9/3,8.31,,5.03,
1998/9/4,8.31,,5.02,
1998/9/7,,,,
1998/9/8,8.31,,5.04,
1998/9/9,8.31,,4.95,
1998/9/10,8.31,,4.76,
1998/9/11,8.31,,4.85,
1998/9/14,8.31,,4.87,
1998/9/15,8.31,,4.9,
1998/9/16,8.31,,4.88,
1998/9/17,8.31,,4.8,
1998/9/18,8.31,,4.7,
1998/9/21,8.31,,4.69,
1998/9/22,8.31,,4.73,
1998/9/23,8.31,,4.69,
1998/9/24,8.31,,4.64,
1998/9/25,8.31,,4.6,
1998/9/28,8.2783,,4.61,
1998/9/29,8.2782,,4.59,
1998/9/30,8.278,,4.44,
1998/10/1,8.278,,4.33,163.9
1998/10/2,8.278,,4.31,
1998/10/5,8.278,,4.16,
1998/10/6,8.2779,,4.24,
1998/10/7,8.2778,,4.34,
1998/10/8,8.2777,,4.56,
1998/10/9,8.2777,,4.77,
1998/10/12,,,,
1998/10/13,8.2776,,4.73,
1998/10/14,8.2777,,4.58,
1998/10/15,8.2778,,4.58,
1998/10/16,8.2776,,4.44,
1998/10/19,8.2778,,4.47,
1998/10/20,8.2779,,4.57,
1998/10/21,8.2778,,4.59,
1998/10/22,8.2782,,4.62,
1998/10/23,8.2778,,4.7,
1998/10/26,8.2777,,4.73,
1998/10/27,8.2776,,4.63,
1998/10/28,8.2778,,4.6,
1998/10/29,8.2776,,4.54,
1998/10/30,8.2778,,4.64,
1998/11/1,,,,164.1
1998/11/2,8.2777,,4.77,
1998/11/3,8.278,,4.78,
1998/11/4,8.2778,,4.83,
1998/11/5,8.2777,,4.82,
1998/11/6,8.2779,,4.93,
1998/11/9,8.2777,,4.88,
1998/11/10,8.2776,,4.81,
1998/11/11,,,,
1998/11/12,8.2775,,4.77,
1998/11/13,8.278,,4.82,
1998/11/16,8.2778,,4.85,
1998/11/17,8.2778,,4.87,
1998/11/18,8.2779,,4.85,
1998/11/19,8.2779,,4.85,
1998/11/20,8.2777,,4.82,
1998/11/23,8.2777,,4.84,
1998/11/24,8.2778,,4.85,
1998/11/25,8.2777,,4.83,
1998/11/26,,,,
1998/11/27,8.2782,,4.81,
1998/11/30,8.2782,,4.74,
1998/12/1,8.2782,,4.67,164.4
1998/12/2,8.278,,4.59,
1998/12/3,8.2779,,4.58,
1998/12/4,8.2777,,4.62,
1998/12/7,8.2775,,4.69,
1998/12/8,8.2775,,4.6,
1998/12/9,8.2775,,4.56,
1998/12/10,8.2774,,4.53,
1998/12/11,8.2774,,4.61,
1998/12/14,8.2777,,4.58,
1998/12/15,8.2778,,4.62,
1998/12/16,8.2778,,4.58,
1998/12/17,8.2777,,4.58,
1998/12/18,8.2777,,4.58,
1998/12/21,8.2779,,4.64,
1998/12/22,8.2782,,4.7,
1998/12/23,8.2781,,4.81,
1998/12/24,8.2785,,4.86,
1998/12/25,,,,
1998/12/28,8.2782,,4.78,
1998/12/29,8.2786,,4.71,
1998/12/30,8.2787,,4.65,
1998/12/31,8.2789,,4.65,
1999/1/1,,,,164.7
1999/1/4,8.2793,,4.69,
1999/1/5,8.2795,,4.74,
1999/1/6,8.2795,,4.73,
1999/1/7,8.2798,,4.77,
1999/1/8,8.2796,,4.86,
1999/1/11,8.2797,,4.9,
1999/1/12,8.2795,,4.82,
1999/1/13,8.2794,,4.74,
1999/1/14,8.279,,4.63,
1999/1/15,8.279,,4.66,
1999/1/18,,,,
1999/1/19,8.2787,,4.71,
1999/1/20,8.2791,,4.76,
1999/1/21,8.2789,,4.7,
1999/1/22,8.2787,,4.64,
1999/1/25,8.2784,,4.67,
1999/1/26,8.278,,4.69,
1999/1/27,8.2778,,4.68,
1999/1/28,8.2778,,4.67,
1999/1/29,8.2778,,4.66,
1999/2/1,8.2775,,4.75,164.7
1999/2/2,8.2775,,4.79,
1999/2/3,8.2776,,4.83,
1999/2/4,8.2776,,4.89,
1999/2/5,8.2776,,4.94,
1999/2/8,8.2776,,4.94,
1999/2/9,8.2776,,4.91,
1999/2/10,8.2776,,4.9,
1999/2/11,8.2776,,4.93,
1999/2/12,8.2776,,5.06,
1999/2/15,,,,
1999/2/16,8.2787,,5.03,
1999/2/17,8.2787,,4.98,
1999/2/18,8.2787,,5.04,
1999/2/19,8.2787,,5.07,
1999/2/22,8.2787,,5.03,
1999/2/23,8.2787,,5.1,
1999/2/24,8.2787,,5.18,
1999/2/25,8.2789,,5.32,
1999/2/26,8.279,,5.29,
1999/3/1,8.2792,,5.4,164.8
1999/3/2,8.2789,,5.35,
1999/3/3,8.2789,,5.39,
1999/3/4,8.2783,,5.41,
1999/3/5,8.2784,,5.34,
1999/3/8,8.2786,,5.29,
1999/3/9,8.2791,,5.18,
1999/3/10,8.2788,,5.2,
1999/3/11,8.2789,,5.21,
1999/3/12,8.2789,,5.16,
1999/3/15,8.2789,,5.15,
1999/3/16,8.2789,,5.11,
1999/3/17,8.2788,,5.14,
1999/3/18,8.2788,,5.11,
1999/3/19,8.2793,,5.17,
1999/3/22,8.2792,,5.21,
1999/3/23,8.2795,,5.2,
1999/3/24,8.2796,,5.17,
1999/3/25,8.2798,,5.21,
1999/3/26,8.28,,5.21,
1999/3/29,8.2797,,5.28,
1999/3/30,8.28,,5.21,
1999/3/31,8.28,,5.25,
1999/4/1,8.2796,,5.27,165.9
1999/4/2,8.2794,,5.2,
1999/4/5,8.2795,,5.2,
1999/4/6,8.2797,,5.13,
1999/4/7,8.2797,,5.14,
1999/4/8,8.2799,,5.03,
1999/4/9,8.2797,,5.05,
1999/4/12,8.2797,,5.06,
1999/4/13,8.2797,,5.12,
1999/4/14,8.2794,,5.13,
1999/4/15,8.2789,,5.18,
1999/4/16,8.2787,,5.23,
1999/4/19,8.2787,,5.18,
1999/4/20,8.2783,,5.16,
1999/4/21,8.2783,,5.17,
1999/4/22,8.2783,,5.25,
1999/4/23,8.2784,,5.26,
1999/4/26,8.2793,,5.23,
1999/4/27,8.2794,,5.22,
1999/4/28,8.2791,,5.27,
1999/4/29,8.2794,,5.22,
1999/4/30,8.279,,5.36,
1999/5/1,,,,166
1999/5/3,8.279,,5.38,
1999/5/4,8.2789,,5.42,
1999/5/5,8.2789,,5.4,
1999/5/6,8.2786,,5.52,
1999/5/7,8.2783,,5.54,
1999/5/10,8.2787,,5.54,
1999/5/11,8.2782,,5.59,
1999/5/12,8.2783,,5.51,
1999/5/13,8.2778,,5.41,
1999/5/14,8.2784,,5.62,
1999/5/17,8.2785,,5.66,
1999/5/18,8.279,,5.68,
1999/5/19,8.2783,,5.6,
1999/5/20,8.278,,5.6,
1999/5/21,8.278,,5.52,
1999/5/24,8.2785,,5.5,
1999/5/25,8.2789,,5.49,
1999/5/26,8.279,,5.55,
1999/5/27,8.2788,,5.62,
1999/5/28,8.2786,,5.64,
1999/5/31,,,,
1999/6/1,8.2781,,5.78,166
1999/6/2,8.2787,,5.8,
1999/6/3,8.2784,,5.8,
1999/6/4,8.2781,,5.82,
1999/6/7,8.2781,,5.81,
1999/6/8,8.2779,,5.83,
1999/6/9,8.2778,,5.87,
1999/6/10,8.2777,,5.92,
1999/6/11,8.2777,,6.02,
1999/6/14,8.2776,,5.98,
1999/6/15,8.2781,,5.98,
1999/6/16,8.2776,,5.94,
1999/6/17,8.2775,,5.79,
1999/6/18,8.2774,,5.84,
1999/6/21,8.2778,,5.9,
1999/6/22,8.2781,,5.94,
1999/6/23,8.2784,,6,
1999/6/24,8.2779,,6.05,
1999/6/25,8.2775,,6.02,
1999/6/28,8.278,,5.96,
1999/6/29,8.2786,,5.93,
1999/6/30,8.2787,,5.81,
1999/7/1,8.2786,,5.85,166.7
1999/7/2,8.2785,,5.82,
1999/7/5,,,,
1999/7/6,8.2782,,5.88,
1999/7/7,8.2783,,5.92,
1999/7/8,8.2781,,5.85,
1999/7/9,8.2777,,5.84,
1999/7/12,8.2776,,5.74,
1999/7/13,8.2775,,5.71,
1999/7/14,8.2778,,5.74,
1999/7/15,8.2775,,5.72,
1999/7/16,8.2773,,5.68,
1999/7/19,8.2773,,5.66,
1999/7/20,8.2777,,5.65,
1999/7/21,8.2773,,5.66,
1999/7/22,8.2773,,5.78,
1999/7/23,8.2772,,5.84,
1999/7/26,8.277,,5.86,
1999/7/27,8.277,,5.82,
1999/7/28,8.277,,5.81,
1999/7/29,8.2773,,5.88,
1999/7/30,8.2774,,5.92,
1999/8/1,,,,167.1
1999/8/2,8.277,,5.92,
1999/8/3,8.2773,,5.95,
1999/8/4,8.2774,,5.96,
1999/8/5,8.2774,,5.88,
1999/8/6,8.2773,,6.02,
1999/8/9,8.2774,,6.13,
1999/8/10,8.2772,,6.16,
1999/8/11,8.2772,,6.05,
1999/8/12,8.2771,,6.08,
1999/8/13,8.277,,5.98,
1999/8/16,8.2774,,5.98,
1999/8/17,8.277,,5.89,
1999/8/18,8.2772,,5.88,
1999/8/19,8.2774,,5.9,
1999/8/20,8.2774,,5.88,
1999/8/23,8.2772,,5.89,
1999/8/24,8.2775,,5.85,
1999/8/25,8.2773,,5.73,
1999/8/26,8.2773,,5.75,
1999/8/27,8.2773,,5.85,
1999/8/30,8.2771,,5.95,
1999/8/31,8.277,,5.98,
1999/9/1,8.2771,,5.99,167.8
1999/9/2,8.2773,,6.03,
1999/9/3,8.2775,,5.89,
1999/9/6,,,,
1999/9/7,8.2776,,5.95,
1999/9/8,8.2776,,5.93,
1999/9/9,8.2774,,5.97,
1999/9/10,8.2774,,5.89,
1999/9/13,8.2772,,5.92,
1999/9/14,8.2775,,5.96,
1999/9/15,8.2773,,5.94,
1999/9/16,8.2771,,5.9,
1999/9/17,8.2773,,5.87,
1999/9/20,8.2775,,5.91,
1999/9/21,8.2775,,5.94,
1999/9/22,8.2777,,5.92,
1999/9/23,8.2776,,5.87,
1999/9/24,8.2775,,5.75,
1999/9/27,8.2775,,5.83,
1999/9/28,8.2775,,5.89,
1999/9/29,8.2775,,5.97,
1999/9/30,8.2778,,5.9,
1999/10/1,8.2778,,6,168.1
1999/10/4,8.2778,,5.95,
1999/10/5,8.277,,6.02,
1999/10/6,8.2778,,6.04,
1999/10/7,8.2778,,6.05,
1999/10/8,8.278,,6.04,
1999/10/11,,,,
1999/10/12,8.2772,,6.07,
1999/10/13,8.2777,,6.12,
1999/10/14,8.2774,,6.17,
1999/10/15,8.2775,,6.09,
1999/10/18,8.2774,,6.12,
1999/10/19,8.2773,,6.18,
1999/10/20,8.2774,,6.19,
1999/10/21,8.2772,,6.2,
1999/10/22,8.2773,,6.21,
1999/10/25,8.277,,6.22,
1999/10/26,8.2773,,6.24,
1999/10/27,8.2775,,6.19,
1999/10/28,8.2776,,6.12,
1999/10/29,8.2778,,6.02,
1999/11/1,8.2779,,6.06,168.4
1999/11/2,8.2781,,6.04,
1999/11/3,8.2781,,6.01,
1999/11/4,8.278,,5.95,
1999/11/5,8.2779,,5.92,
1999/11/8,8.2779,,5.95,
1999/11/9,8.278,,5.97,
1999/11/10,8.2781,,6,
1999/11/11,,,,
1999/11/12,8.278,,5.93,
1999/11/15,8.2781,,5.94,
1999/11/16,8.2781,,5.97,
1999/11/17,8.2781,,6.04,
1999/11/18,8.2784,,6.06,
1999/11/19,8.2785,,6.07,
1999/11/22,8.2785,,6.09,
1999/11/23,8.2784,,6.08,
1999/11/24,8.2785,,6.09,
1999/11/25,,,,
1999/11/26,8.2785,,6.12,
1999/11/29,8.2785,,6.21,
1999/11/30,8.2789,,6.18,
1999/12/1,8.2789,,6.21,168.8
1999/12/2,8.2788,,6.24,
1999/12/3,8.2787,,6.17,
1999/12/6,8.279,,6.16,
1999/12/7,8.279,,6.11,
1999/12/8,8.2795,,6.15,
1999/12/9,8.2795,,6.14,
1999/12/10,8.2795,,6.08,
1999/12/13,8.2795,,6.11,
1999/12/14,8.2794,,6.22,
1999/12/15,8.2794,,6.25,
1999/12/16,8.2794,,6.31,
1999/12/17,8.2794,,6.3,
1999/12/20,8.2794,,6.36,
1999/12/21,8.2796,,6.38,
1999/12/22,8.2796,,6.39,
1999/12/23,8.2795,,6.41,
1999/12/24,8.2794,,,
1999/12/27,8.2796,,6.4,
1999/12/28,8.2797,,6.43,
1999/12/29,8.2793,,6.4,
1999/12/30,8.2795,,6.39,
1999/12/31,8.2795,,6.45,
2000/1/1,,,,169.3
2000/1/3,8.2798,,6.58,
2000/1/4,8.2799,,6.49,
2000/1/5,8.2798,,6.62,
2000/1/6,8.2797,,6.57,
2000/1/7,8.2794,,6.52,
2000/1/10,8.2794,,6.57,
2000/1/11,8.2795,,6.67,
2000/1/12,8.2796,,6.72,
2000/1/13,8.2798,,6.63,
2000/1/14,8.2797,,6.69,
2000/1/17,,,,
2000/1/18,8.2793,,6.75,
2000/1/19,8.2797,,6.73,
2000/1/20,8.2794,,6.79,
2000/1/21,8.2795,,6.79,
2000/1/24,8.2789,,6.69,
2000/1/25,8.2786,,6.7,
2000/1/26,8.2782,,6.69,
2000/1/27,8.2783,,6.68,
2000/1/28,8.2781,,6.66,
2000/1/31,8.2777,,6.68,
2000/2/1,8.2774,,6.62,170
2000/2/2,8.2773,,6.6,
2000/2/3,8.2781,,6.49,
2000/2/4,8.2788,,6.53,
2000/2/7,8.2788,,6.64,
2000/2/8,8.2788,,6.59,
2000/2/9,8.2788,,6.56,
2000/2/10,8.2788,,6.67,
2000/2/11,8.2788,,6.63,
2000/2/14,8.2779,,6.56,
2000/2/15,8.2777,,6.56,
2000/2/16,8.2777,,6.56,
2000/2/17,8.2772,,6.58,
2000/2/18,8.2772,,6.49,
2000/2/21,,,,
2000/2/22,8.2773,,6.36,
2000/2/23,8.278,,6.44,
2000/2/24,8.278,,6.36,
2000/2/25,8.2786,,6.36,
2000/2/28,8.2786,,6.37,
2000/2/29,8.2786,,6.42,
2000/3/1,8.2786,,6.39,171
2000/3/2,8.2787,,6.4,
2000/3/3,8.2789,,6.39,
2000/3/6,8.2785,,6.42,
2000/3/7,8.2784,,6.39,
2000/3/8,8.2786,,6.38,
2000/3/9,8.2787,,6.35,
2000/3/10,8.2785,,6.39,
2000/3/13,8.2781,,6.36,
2000/3/14,8.278,,6.31,
2000/3/15,8.2778,,6.29,
2000/3/16,8.2777,,6.26,
2000/3/17,8.2785,,6.2,
2000/3/20,8.2786,,6.18,
2000/3/21,8.2783,,6.13,
2000/3/22,8.2783,,6.13,
2000/3/23,8.2787,,6.08,
2000/3/24,8.2789,,6.2,
2000/3/27,8.2792,,6.21,
2000/3/28,8.2795,,6.17,
2000/3/29,8.2789,,6.18,
2000/3/30,8.2788,,6.06,
2000/3/31,8.2787,,6.03,
2000/4/1,,,,170.9
2000/4/3,8.2786,,6,
2000/4/4,8.2791,,5.9,
2000/4/5,8.2795,,5.9,
2000/4/6,8.2795,,5.93,
2000/4/7,8.2795,,5.86,
2000/4/10,8.2798,,5.8,
2000/4/11,8.2791,,5.89,
2000/4/12,8.2796,,5.97,
2000/4/13,8.2794,,5.94,
2000/4/14,8.2794,,5.85,
2000/4/17,8.2794,,6.01,
2000/4/18,8.279,,6.05,
2000/4/19,8.2793,,5.99,
2000/4/20,8.2791,,5.99,
2000/4/21,8.2785,,,
2000/4/24,8.2786,,6,
2000/4/25,8.2791,,6.14,
2000/4/26,8.2795,,6.14,
2000/4/27,8.2798,,6.23,
2000/4/28,8.2799,,6.23,
2000/5/1,8.2799,,6.29,171.2
2000/5/2,8.2799,,6.32,
2000/5/3,8.2799,,6.4,
2000/5/4,8.2799,,6.46,
2000/5/5,8.2799,,6.51,
2000/5/8,8.2798,,6.57,
2000/5/9,8.279,,6.53,
2000/5/10,8.2785,,6.47,
2000/5/11,8.2782,,6.43,
2000/5/12,8.2778,,6.51,
2000/5/15,8.2777,,6.47,
2000/5/16,8.2772,,6.43,
2000/5/17,8.2768,,6.48,
2000/5/18,8.2773,,6.56,
2000/5/19,8.2768,,6.51,
2000/5/22,8.277,,6.44,
2000/5/23,8.2768,,6.45,
2000/5/24,8.2769,,6.47,
2000/5/25,8.2773,,6.39,
2000/5/26,8.2771,,6.33,
2000/5/29,,,,
2000/5/30,8.2772,,6.38,
2000/5/31,8.2773,,6.29,
2000/6/1,8.2771,,6.2,172.2
2000/6/2,8.2771,,6.15,
2000/6/5,8.277,,6.12,
2000/6/6,8.2773,,6.14,
2000/6/7,8.2773,,6.13,
2000/6/8,8.2775,,6.13,
2000/6/9,8.2772,,6.13,
2000/6/12,8.2771,,6.09,
2000/6/13,8.277,,6.11,
2000/6/14,8.2768,,6.06,
2000/6/15,8.2768,,6.05,
2000/6/16,8.2768,,5.99,
2000/6/19,8.2768,,6,
2000/6/20,8.2772,,6.03,
2000/6/21,8.2772,,6.11,
2000/6/22,8.2771,,6.12,
2000/6/23,8.2769,,6.19,
2000/6/26,8.2773,,6.11,
2000/6/27,8.2774,,6.1,
2000/6/28,8.2775,,6.11,
2000/6/29,8.278,,6.04,
2000/6/30,8.2782,,6.03,
2000/7/1,,,,172.7
2000/7/3,8.2786,,6,
2000/7/4,,,,
2000/7/5,8.2787,,5.99,
2000/7/6,8.2791,,6.05,
2000/7/7,8.2793,,6.01,
2000/7/10,8.2795,,6.04,
2000/7/11,8.2794,,6.06,
2000/7/12,8.2795,,6.09,
2000/7/13,8.2791,,6.01,
2000/7/14,8.2796,,6.1,
2000/7/17,8.2791,,6.17,
2000/7/18,8.2796,,6.16,
2000/7/19,8.2796,,6.16,
2000/7/20,8.2796,,6.01,
2000/7/21,8.2795,,6.01,
2000/7/24,8.2798,,6.04,
2000/7/25,8.2797,,6.04,
2000/7/26,8.2796,,6.04,
2000/7/27,8.2793,,6.02,
2000/7/28,8.2794,,6.04,
2000/7/31,8.2792,,6.04,
2000/8/1,8.2788,,6,172.7
2000/8/2,8.2791,,5.98,
2000/8/3,8.2796,,5.95,
2000/8/4,8.2798,,5.91,
2000/8/7,8.2799,,5.97,
2000/8/8,8.2799,,5.93,
2000/8/9,8.2798,,5.81,
2000/8/10,8.2799,,5.76,
2000/8/11,8.2796,,5.79,
2000/8/14,8.2795,,5.78,
2000/8/15,8.2788,,5.81,
2000/8/16,8.2797,,5.83,
2000/8/17,8.2799,,5.81,
2000/8/18,8.2797,,5.78,
2000/8/21,8.2799,,5.79,
2000/8/22,8.2799,,5.78,
2000/8/23,8.2793,,5.73,
2000/8/24,8.2799,,5.73,
2000/8/25,8.2799,,5.73,
2000/8/28,8.2799,,5.78,
2000/8/29,8.2799,,5.81,
2000/8/30,8.2788,,5.81,
2000/8/31,8.2786,,5.73,
2000/9/1,8.2787,,5.68,173.6
2000/9/4,,,,
2000/9/5,8.279,,5.69,
2000/9/6,8.2794,,5.72,
2000/9/7,8.279,,5.76,
2000/9/8,8.2794,,5.73,
2000/9/11,8.2786,,5.77,
2000/9/12,8.2787,,5.78,
2000/9/13,8.277,,5.74,
2000/9/14,8.2773,,5.79,
2000/9/15,8.2771,,5.84,
2000/9/18,8.2772,,5.88,
2000/9/19,8.2779,,5.86,
2000/9/20,8.2775,,5.91,
2000/9/21,8.2778,,5.88,
2000/9/22,8.2787,,5.85,
2000/9/25,8.2793,,5.84,
2000/9/26,8.2791,,5.81,
2000/9/27,8.2795,,5.83,
2000/9/28,8.2799,,5.82,
2000/9/29,8.2798,,5.8,
2000/10/1,,,,173.9
2000/10/2,8.279,,5.83,
2000/10/3,8.279,,5.87,
2000/10/4,8.279,,5.9,
2000/10/5,8.279,,5.87,
2000/10/6,8.279,,5.82,
2000/10/9,,,,
2000/10/10,8.2789,,5.8,
2000/10/11,8.2786,,5.77,
2000/10/12,8.2786,,5.73,
2000/10/13,8.2784,,5.73,
2000/10/16,8.2781,,5.74,
2000/10/17,8.2784,,5.68,
2000/10/18,8.2781,,5.66,
2000/10/19,8.278,,5.66,
2000/10/20,8.2778,,5.64,
2000/10/23,8.2784,,5.59,
2000/10/24,8.2784,,5.63,
2000/10/25,8.2782,,5.67,
2000/10/26,8.2785,,5.69,
2000/10/27,8.2788,,5.72,
2000/10/30,8.278,,5.74,
2000/10/31,8.2775,,5.77,
2000/11/1,8.2773,,5.74,174.2
2000/11/2,8.277,,5.74,
2000/11/3,8.2768,,5.83,
2000/11/6,8.2771,,5.87,
2000/11/7,8.2769,,5.87,
2000/11/8,8.2772,,5.87,
2000/11/9,8.2768,,5.82,
2000/11/10,8.2772,,5.82,
2000/11/13,8.2768,,5.77,
2000/11/14,8.2773,,5.76,
2000/11/15,8.2768,,5.72,
2000/11/16,8.2773,,5.68,
2000/11/17,8.2769,,5.71,
2000/11/20,8.2779,,5.68,
2000/11/21,8.2786,,5.67,
2000/11/22,8.2782,,5.62,
2000/11/23,,,,
2000/11/24,8.2779,,5.63,
2000/11/27,8.278,,5.64,
2000/11/28,8.2777,,5.59,
2000/11/29,8.2774,,5.55,
2000/11/30,8.2777,,5.48,
2000/12/1,8.2775,,5.52,174.6
2000/12/4,8.2771,,5.53,
2000/12/5,8.277,,5.43,
2000/12/6,8.277,,5.32,
2000/12/7,8.277,,5.32,
2000/12/8,8.2769,,5.35,
2000/12/11,8.2773,,5.37,
2000/12/12,8.2771,,5.36,
2000/12/13,8.277,,5.29,
2000/12/14,8.2768,,5.23,
2000/12/15,8.2768,,5.2,
2000/12/18,8.2774,,5.17,
2000/12/19,8.2772,,5.19,
2000/12/20,8.2769,,5.08,
2000/12/21,8.2768,,5.03,
2000/12/22,8.2777,,5.02,
2000/12/25,,,,
2000/12/26,8.2769,,5.04,
2000/12/27,8.277,,5.11,
2000/12/28,8.2781,,5.13,
2000/12/29,8.2774,,5.12,
2001/1/1,,,,175.6
2001/1/2,8.2779,,4.92,
2001/1/3,8.2773,,5.14,
2001/1/4,8.2781,,5.03,
2001/1/5,8.2775,,4.93,
2001/1/8,8.2778,,4.94,
2001/1/9,8.2771,,4.98,
2001/1/10,8.2769,,5.1,
2001/1/11,8.2767,,5.14,
2001/1/12,8.2768,,5.25,
2001/1/15,,,,
2001/1/16,8.2766,,5.24,
2001/1/17,8.2764,,5.19,
2001/1/18,8.2764,,5.12,
2001/1/19,8.2764,,5.19,
2001/1/22,8.2782,,5.25,
2001/1/23,8.2786,,5.3,
2001/1/24,8.2786,,5.33,
2001/1/25,8.2786,,5.29,
2001/1/26,8.2786,,5.29,
2001/1/29,8.2786,,5.32,
2001/1/30,8.2786,,5.24,
2001/1/31,8.2781,,5.19,
2001/2/1,8.2772,,5.1,176
2001/2/2,8.2774,,5.17,
2001/2/5,8.277,,5.18,
2001/2/6,8.2766,,5.22,
2001/2/7,8.2765,,5.1,
2001/2/8,8.2763,,5.1,
2001/2/9,8.2764,,5.03,
2001/2/12,8.2774,,5.05,
2001/2/13,8.2765,,5.07,
2001/2/14,8.2764,,5.13,
2001/2/15,8.2772,,5.19,
2001/2/16,8.277,,5.11,
2001/2/19,,,,
2001/2/20,8.2767,,5.11,
2001/2/21,8.2772,,5.14,
2001/2/22,8.2769,,5.15,
2001/2/23,8.2774,,5.1,
2001/2/26,8.2776,,5.05,
2001/2/27,8.2781,,4.96,
2001/2/28,8.2783,,4.92,
2001/3/1,8.2778,,4.87,176.1
2001/3/2,8.2782,,4.95,
2001/3/5,8.2777,,4.98,
2001/3/6,8.2778,,4.99,
2001/3/7,8.2773,,4.92,
2001/3/8,8.277,,4.89,
2001/3/9,8.2774,,4.95,
2001/3/12,8.2784,,4.92,
2001/3/13,8.2783,,4.95,
2001/3/14,8.2778,,4.84,
2001/3/15,8.2776,,4.81,
2001/3/16,8.2771,,4.78,
2001/3/19,8.2772,,4.82,
2001/3/20,8.2772,,4.78,
2001/3/21,8.2771,,4.77,
2001/3/22,8.2768,,4.73,
2001/3/23,8.2773,,4.8,
2001/3/26,8.2771,,4.85,
2001/3/27,8.2773,,5,
2001/3/28,8.2777,,4.97,
2001/3/29,8.2779,,4.98,
2001/3/30,8.2777,,4.93,
2001/4/1,,,,176.4
2001/4/2,8.2776,,4.98,
2001/4/3,8.2772,,4.94,
2001/4/4,8.2771,,4.94,
2001/4/5,8.2768,,4.98,
2001/4/6,8.2767,,4.89,
2001/4/9,8.277,,4.93,
2001/4/10,8.2769,,5.09,
2001/4/11,8.2769,,5.12,
2001/4/12,8.2772,,5.17,
2001/4/13,8.2769,,,
2001/4/16,8.2769,,5.28,
2001/4/17,8.2775,,5.21,
2001/4/18,8.2775,,5.14,
2001/4/19,8.2773,,5.27,
2001/4/20,8.2775,,5.29,
2001/4/23,8.277,,5.2,
2001/4/24,8.2769,,5.22,
2001/4/25,8.2767,,5.28,
2001/4/26,8.2769,,5.2,
2001/4/27,8.2773,,5.34,
2001/4/30,8.2774,,5.35,
2001/5/1,8.2774,,5.3,177.3
2001/5/2,8.2774,,5.31,
2001/5/3,8.2774,,5.22,
2001/5/4,8.2774,,5.21,
2001/5/7,8.2774,,5.21,
2001/5/8,8.2785,,5.24,
2001/5/9,8.2775,,5.2,
2001/5/10,8.2771,,5.31,
2001/5/11,8.2771,,5.51,
2001/5/14,8.2771,,5.46,
2001/5/15,8.2709,,5.5,
2001/5/16,8.2769,,5.48,
2001/5/17,8.2767,,5.46,
2001/5/18,8.2768,,5.41,
2001/5/21,8.2778,,5.41,
2001/5/22,8.2774,,5.42,
2001/5/23,8.2771,,5.41,
2001/5/24,8.277,,5.52,
2001/5/25,8.2771,,5.52,
2001/5/28,,,,
2001/5/29,8.2768,,5.54,
2001/5/30,8.2777,,5.54,
2001/5/31,8.277,,5.43,
2001/6/1,8.2777,,5.39,177.7
2001/6/4,8.277,,5.35,
2001/6/5,8.2769,,5.29,
2001/6/6,8.2772,,5.27,
2001/6/7,8.2767,,5.33,
2001/6/8,8.2767,,5.38,
2001/6/11,8.2767,,5.32,
2001/6/12,8.2771,,5.27,
2001/6/13,8.2779,,5.28,
2001/6/14,8.2773,,5.26,
2001/6/15,8.277,,5.27,
2001/6/18,8.277,,5.27,
2001/6/19,8.2779,,5.26,
2001/6/20,8.277,,5.24,
2001/6/21,8.2769,,5.22,
2001/6/22,8.2767,,5.14,
2001/6/25,8.2768,,5.16,
2001/6/26,8.2768,,5.24,
2001/6/27,8.2768,,5.26,
2001/6/28,8.277,,5.35,
2001/6/29,8.2767,,5.42,
2001/7/1,,,,177.4
2001/7/2,8.277,,5.37,
2001/7/3,8.2767,,5.41,
2001/7/4,,,,
2001/7/5,8.2767,,5.44,
2001/7/6,8.2768,,5.41,
2001/7/9,8.2767,,5.37,
2001/7/10,8.277,,5.32,
2001/7/11,8.2769,,5.31,
2001/7/12,8.2769,,5.27,
2001/7/13,8.2767,,5.27,
2001/7/16,8.2767,,5.21,
2001/7/17,8.2769,,5.22,
2001/7/18,8.277,,5.12,
2001/7/19,8.2768,,5.13,
2001/7/20,8.2768,,5.15,
2001/7/23,8.277,,5.13,
2001/7/24,8.2773,,5.13,
2001/7/25,8.277,,5.2,
2001/7/26,8.2771,,5.19,
2001/7/27,8.277,,5.13,
2001/7/30,8.2767,,5.11,
2001/7/31,8.277,,5.07,
2001/8/1,8.2769,,5.11,177.4
2001/8/2,8.2768,,5.17,
2001/8/3,8.2768,,5.2,
2001/8/6,8.277,,5.19,
2001/8/7,8.2772,,5.2,
2001/8/8,8.2773,,4.99,
2001/8/9,8.2773,,5.04,
2001/8/10,8.2768,,4.99,
2001/8/13,8.2771,,4.97,
2001/8/14,8.2773,,4.97,
2001/8/15,8.2771,,5,
2001/8/16,8.277,,4.95,
2001/8/17,8.2768,,4.84,
2001/8/20,8.2768,,4.91,
2001/8/21,8.2768,,4.87,
2001/8/22,8.2769,,4.91,
2001/8/23,8.2768,,4.89,
2001/8/24,8.2773,,4.93,
2001/8/27,8.277,,4.94,
2001/8/28,8.2768,,4.85,
2001/8/29,8.2769,,4.78,
2001/8/30,8.2767,,4.79,
2001/8/31,8.2769,,4.85,
2001/9/1,,,,178.1
2001/9/3,,,,
2001/9/4,8.2768,,4.99,
2001/9/5,8.277,,4.97,
2001/9/6,8.2768,,4.86,
2001/9/7,8.2767,,4.8,
2001/9/10,8.2767,,4.84,
2001/9/11,,,,
2001/9/12,8.2769,,,
2001/9/13,8.2768,,4.64,
2001/9/14,8.2766,,4.57,
2001/9/17,8.2767,,4.63,
2001/9/18,8.2768,,4.72,
2001/9/19,8.2766,,4.69,
2001/9/20,8.2766,,4.75,
2001/9/21,8.2767,,4.7,
2001/9/24,8.277,,4.73,
2001/9/25,8.2772,,4.72,
2001/9/26,8.2769,,4.65,
2001/9/27,8.2769,,4.58,
2001/9/28,8.2768,,4.6,
2001/10/1,8.2768,,4.55,177.6
2001/10/2,8.2768,,4.53,
2001/10/3,8.2768,,4.5,
2001/10/4,8.2768,,4.53,
2001/10/5,8.2768,,4.52,
2001/10/8,,,,
2001/10/9,8.2769,,4.62,
2001/10/10,8.2768,,4.61,
2001/10/11,8.2766,,4.69,
2001/10/12,8.2765,,4.68,
2001/10/15,8.2766,,4.62,
2001/10/16,8.2767,,4.59,
2001/10/17,8.2769,,4.59,
2001/10/18,8.277,,4.58,
2001/10/19,8.2768,,4.63,
2001/10/22,8.277,,4.63,
2001/10/23,8.2768,,4.66,
2001/10/24,8.2767,,4.61,
2001/10/25,8.2769,,4.56,
2001/10/26,8.277,,4.53,
2001/10/29,8.277,,4.5,
2001/10/30,8.2768,,4.44,
2001/10/31,8.2768,,4.3,
2001/11/1,8.2769,,4.24,177.5
2001/11/2,8.2769,,4.37,
2001/11/5,8.2768,,4.31,
2001/11/6,8.2767,,4.3,
2001/11/7,8.2766,,4.22,
2001/11/8,8.2766,,4.32,
2001/11/9,8.2766,,4.34,
2001/11/12,,,,
2001/11/13,8.2765,,4.41,
2001/11/14,8.2767,,4.54,
2001/11/15,8.277,,4.79,
2001/11/16,8.2771,,4.91,
2001/11/19,8.277,,4.8,
2001/11/20,8.2769,,4.88,
2001/11/21,8.2769,,4.98,
2001/11/22,,,,
2001/11/23,8.2769,,5.04,
2001/11/26,8.277,,5.05,
2001/11/27,8.277,,4.98,
2001/11/28,8.2772,,4.98,
2001/11/29,8.2774,,4.79,
2001/11/30,8.2772,,4.78,
2001/12/1,,,,177.4
2001/12/3,8.277,,4.75,
2001/12/4,8.2771,,4.7,
2001/12/5,8.2772,,4.92,
2001/12/6,8.2773,,5.04,
2001/12/7,8.2772,,5.2,
2001/12/10,8.277,,5.17,
2001/12/11,8.2768,,5.13,
2001/12/12,8.2768,,5.02,
2001/12/13,8.2767,,5.13,
2001/12/14,8.2768,,5.24,
2001/12/17,8.2769,,5.26,
2001/12/18,8.2768,,5.16,
2001/12/19,8.2767,,5.08,
2001/12/20,8.2766,,5.08,
2001/12/21,8.2767,,5.12,
2001/12/24,8.2766,,5.18,
2001/12/25,,,,
2001/12/26,8.2766,,5.22,
2001/12/27,8.2676,,5.13,
2001/12/28,8.277,,5.15,
2001/12/31,8.2766,,5.07,
2002/1/1,,,,177.7
2002/1/2,8.2766,,5.2,
2002/1/3,8.2766,,5.16,
2002/1/4,8.2768,,5.18,
2002/1/7,8.2767,,5.09,
2002/1/8,8.2766,,5.1,
2002/1/9,8.2767,,5.1,
2002/1/10,8.2766,,5,
2002/1/11,8.2768,,4.92,
2002/1/14,8.28,,4.91,
2002/1/15,8.28,,4.88,
2002/1/16,8.28,,4.88,
2002/1/17,8.2768,,4.98,
2002/1/18,8.2767,,4.94,
2002/1/21,,,,
2002/1/22,8.2767,,4.96,
2002/1/23,8.2765,,5.05,
2002/1/24,8.2767,,5.07,
2002/1/25,8.2765,,5.1,
2002/1/28,8.2767,,5.12,
2002/1/29,8.2766,,5.02,
2002/1/30,8.2765,,5.02,
2002/1/31,8.2765,,5.07,
2002/2/1,8.2766,,5.02,178
2002/2/4,8.2766,,4.94,
2002/2/5,8.2765,,4.92,
2002/2/6,8.2767,,4.92,
2002/2/7,8.2766,,4.93,
2002/2/8,8.2767,,4.9,
2002/2/11,8.2768,,4.91,
2002/2/12,8.2768,,4.97,
2002/2/13,8.2768,,5.01,
2002/2/14,8.2768,,4.95,
2002/2/15,8.2768,,4.86,
2002/2/18,,,,
2002/2/19,8.277,,4.88,
2002/2/20,8.2768,,4.88,
2002/2/21,8.2766,,4.88,
2002/2/22,8.2765,,4.84,
2002/2/25,8.2765,,4.86,
2002/2/26,8.2767,,4.93,
2002/2/27,8.2765,,4.84,
2002/2/28,8.2765,,4.88,
2002/3/1,8.2766,,4.98,178.5
2002/3/4,8.2767,,5.02,
2002/3/5,8.277,,5.02,
2002/3/6,8.2766,,5.06,
2002/3/7,8.2771,,5.22,
2002/3/8,8.2771,,5.33,
2002/3/11,8.2769,,5.33,
2002/3/12,8.2767,,5.32,
2002/3/13,8.28,,5.28,
2002/3/14,8.2774,,5.4,
2002/3/15,8.278,,5.35,
2002/3/18,8.2773,,5.32,
2002/3/19,8.2775,,5.33,
2002/3/20,8.2774,,5.4,
2002/3/21,8.2772,,5.39,
2002/3/22,8.277,,5.4,
2002/3/25,8.2769,,5.41,
2002/3/26,8.2771,,5.35,
2002/3/27,8.2772,,5.35,
2002/3/28,8.2774,,5.42,
2002/3/29,8.2774,,,
2002/4/1,8.278,,5.44,179.3
2002/4/2,8.2772,,5.36,
2002/4/3,8.2773,,5.3,
2002/4/4,8.2771,,5.28,
2002/4/5,8.277,,5.22,
2002/4/8,8.277,,5.25,
2002/4/9,8.2769,,5.22,
2002/4/10,8.2771,,5.24,
2002/4/11,8.2772,,5.22,
2002/4/12,8.2772,,5.18,
2002/4/15,8.2771,,5.15,
2002/4/16,8.2772,,5.2,
2002/4/17,8.2772,,5.24,
2002/4/18,8.2772,,5.23,
2002/4/19,8.2775,,5.21,
2002/4/22,8.2772,,5.19,
2002/4/23,8.2773,,5.18,
2002/4/24,8.2774,,5.11,
2002/4/25,8.2774,,5.1,
2002/4/26,8.2773,,5.08,
2002/4/29,8.277,,5.13,
2002/4/30,8.2773,,5.11,
2002/5/1,8.2773,,5.08,179.5
2002/5/2,8.2773,,5.13,
2002/5/3,8.2773,,5.08,
2002/5/6,8.2774,,5.1,
2002/5/7,8.2774,,5.09,
2002/5/8,8.2775,,5.24,
2002/5/9,8.2772,,5.2,
2002/5/10,8.2771,,5.15,
2002/5/13,8.2769,,5.23,
2002/5/14,8.277,,5.32,
2002/5/15,8.2769,,5.28,
2002/5/16,8.2768,,5.2,
2002/5/17,8.2769,,5.27,
2002/5/20,8.2769,,5.21,
2002/5/21,8.2769,,5.18,
2002/5/22,8.277,,5.13,
2002/5/23,8.277,,5.16,
2002/5/24,8.2771,,5.16,
2002/5/27,,,,
2002/5/28,8.2766,,5.16,
2002/5/29,8.2766,,5.11,
2002/5/30,8.2766,,5.06,
2002/5/31,8.2765,,5.08,
2002/6/1,,,,179.6
2002/6/3,8.2767,,5.06,
2002/6/4,8.2768,,5.04,
2002/6/5,8.2769,,5.08,
2002/6/6,8.277,,5.04,
2002/6/7,8.277,,5.1,
2002/6/10,8.277,,5.07,
2002/6/11,8.2768,,5.02,
2002/6/12,8.2769,,4.98,
2002/6/13,8.2769,,4.94,
2002/6/14,8.27,,4.83,
2002/6/17,8.2773,,4.89,
2002/6/18,8.2775,,4.88,
2002/6/19,8.2774,,4.76,
2002/6/20,8.2772,,4.85,
2002/6/21,8.2771,,4.79,
2002/6/24,8.277,,4.87,
2002/6/25,8.2771,,4.88,
2002/6/26,8.2772,,4.75,
2002/6/27,8.2771,,4.84,
2002/6/28,8.2771,,4.86,
2002/7/1,8.277,,4.85,180
2002/7/2,8.2769,,4.77,
2002/7/3,8.2768,,4.78,
2002/7/4,,,,
2002/7/5,8.2766,,4.9,
2002/7/8,8.2767,,4.84,
2002/7/9,8.2766,,4.78,
2002/7/10,8.2767,,4.66,
2002/7/11,8.2768,,4.66,
2002/7/12,8.2767,,4.63,
2002/7/15,8.2768,,4.66,
2002/7/16,8.2769,,4.75,
2002/7/17,8.2769,,4.71,
2002/7/18,8.2768,,4.66,
2002/7/19,8.2769,,4.61,
2002/7/22,8.277,,4.51,
2002/7/23,8.2771,,4.47,
2002/7/24,8.2769,,4.49,
2002/7/25,8.277,,4.43,
2002/7/26,8.2768,,4.43,
2002/7/29,8.2767,,4.62,
2002/7/30,8.2766,,4.65,
2002/7/31,8.2767,,4.51,
2002/8/1,8.2766,,4.47,180.5
2002/8/2,8.2768,,4.33,
2002/8/5,8.2767,,4.29,
2002/8/6,8.2768,,4.42,
2002/8/7,8.2769,,4.35,
2002/8/8,8.2767,,4.4,
2002/8/9,8.2766,,4.27,
2002/8/12,8.2768,,4.22,
2002/8/13,8.2767,,4.12,
2002/8/14,8.2766,,4.06,
2002/8/15,8.2768,,4.17,
2002/8/16,8.2768,,4.32,
2002/8/19,8.2767,,4.29,
2002/8/20,8.2768,,4.17,
2002/8/21,8.2766,,4.2,
2002/8/22,8.2766,,4.3,
2002/8/23,8.2767,,4.25,
2002/8/26,8.2766,,4.22,
2002/8/27,8.2767,,4.29,
2002/8/28,8.2768,,4.22,
2002/8/29,8.2767,,4.16,
2002/8/30,8.2768,,4.14,
2002/9/1,,,,180.8
2002/9/2,,,,
2002/9/3,8.277,,3.98,
2002/9/4,8.2771,,3.96,
2002/9/5,8.2772,,3.91,
2002/9/6,8.277,,4.05,
2002/9/9,8.277,,4.05,
2002/9/10,8.277,,4,
2002/9/11,8.277,,4.07,
2002/9/12,8.2768,,3.98,
2002/9/13,8.2768,,3.92,
2002/9/16,8.2768,,3.9,
2002/9/17,8.2769,,3.87,
2002/9/18,8.277,,3.86,
2002/9/19,8.277,,3.79,
2002/9/20,8.2769,,3.79,
2002/9/23,8.2771,,3.7,
2002/9/24,8.2771,,3.69,
2002/9/25,8.2769,,3.77,
2002/9/26,8.2772,,3.79,
2002/9/27,8.2773,,3.69,
2002/9/30,8.2774,,3.63,
2002/10/1,8.2774,,3.72,181.2
2002/10/2,8.2774,,3.71,
2002/10/3,8.2774,,3.7,
2002/10/4,8.2774,,3.69,
2002/10/7,8.2774,,3.64,
2002/10/8,8.2774,,3.65,
2002/10/9,8.2772,,3.61,
2002/10/10,8.2771,,3.68,
2002/10/11,8.277,,3.83,
2002/10/14,,,,
2002/10/15,8.2768,,4.07,
2002/10/16,8.2768,,4.06,
2002/10/17,8.2768,,4.16,
2002/10/18,8.2768,,4.14,
2002/10/21,8.2769,,4.24,
2002/10/22,8.2771,,4.27,
2002/10/23,8.277,,4.26,
2002/10/24,8.2771,,4.16,
2002/10/25,8.2773,,4.12,
2002/10/28,8.2774,,4.1,
2002/10/29,8.2773,,3.97,
2002/10/30,8.2772,,3.99,
2002/10/31,8.2771,,3.93,
2002/11/1,8.2772,,4.01,181.5
2002/11/4,8.2774,,4.07,
2002/11/5,8.2771,,4.1,
2002/11/6,8.2771,,4.09,
2002/11/7,8.2771,,3.88,
2002/11/8,8.2771,,3.85,
2002/11/11,,,,
2002/11/12,8.2771,,3.84,
2002/11/13,8.2771,,3.84,
2002/11/14,8.2771,,4.03,
2002/11/15,8.2771,,4.05,
2002/11/18,8.2771,,4.02,
2002/11/19,8.2771,,3.99,
2002/11/20,8.2771,,4.08,
2002/11/21,8.2771,,4.14,
2002/11/22,8.2774,,4.18,
2002/11/25,8.2774,,4.19,
2002/11/26,8.2771,,4.08,
2002/11/27,8.2772,,4.26,
2002/11/28,,,,
2002/11/29,8.2773,,4.22,
2002/12/1,,,,181.8
2002/12/2,8.2773,,4.22,
2002/12/3,8.2772,,4.24,
2002/12/4,8.2773,,4.18,
2002/12/5,8.2771,,4.13,
2002/12/6,8.2773,,4.09,
2002/12/9,8.2776,,4.06,
2002/12/10,8.2771,,4.06,
2002/12/11,8.2773,,4.01,
2002/12/12,8.2773,,4.01,
2002/12/13,8.2771,,4.07,
2002/12/16,8.2773,,4.15,
2002/12/17,8.2776,,4.13,
2002/12/18,8.2774,,4.06,
2002/12/19,8.28,,3.96,
2002/12/20,8.28,,3.97,
2002/12/23,8.2775,,3.98,
2002/12/24,8.2776,,3.95,
2002/12/25,,,,
2002/12/26,8.2773,,3.93,
2002/12/27,8.2773,,3.83,
2002/12/30,8.2773,,3.82,
2002/12/31,8.28,,3.83,
2003/1/1,,,,182.6
2003/1/2,8.28,,4.07,
2003/1/3,8.2768,,4.05,
2003/1/6,8.28,,4.09,
2003/1/7,8.2767,,4.04,
2003/1/8,8.2766,,4,
2003/1/9,8.2766,,4.19,
2003/1/10,8.2767,,4.16,
2003/1/13,8.2768,,4.15,
2003/1/14,8.28,,4.1,
2003/1/15,8.277,,4.1,
2003/1/16,8.2771,,4.1,
2003/1/17,8.2771,,4.05,
2003/1/20,,,,
2003/1/21,8.2771,,4.01,
2003/1/22,8.2771,,3.95,
2003/1/23,8.2771,,3.98,
2003/1/24,8.2768,,3.94,
2003/1/27,8.2768,,3.98,
2003/1/28,8.2767,,4,
2003/1/29,8.2768,,4.06,
2003/1/30,8.28,,4,
2003/1/31,8.2768,,4,
2003/2/1,,,,183.6
2003/2/3,8.2768,,4.01,
2003/2/4,8.28,,3.96,
2003/2/5,8.28,,4.02,
2003/2/6,8.28,,3.97,
2003/2/7,8.28,,3.96,
2003/2/10,8.2773,,3.99,
2003/2/11,8.2775,,3.98,
2003/2/12,8.2778,,3.93,
2003/2/13,8.2773,,3.89,
2003/2/14,8.2773,,3.95,
2003/2/17,,,,
2003/2/18,8.2772,,3.94,
2003/2/19,8.2775,,3.88,
2003/2/20,8.2776,,3.85,
2003/2/21,8.2776,,3.9,
2003/2/24,8.2777,,3.86,
2003/2/25,8.2778,,3.81,
2003/2/26,8.2774,,3.78,
2003/2/27,8.2775,,3.76,
2003/2/28,8.2775,,3.71,
2003/3/1,,,,183.9
2003/3/3,8.2775,,3.68,
2003/3/4,8.2774,,3.65,
2003/3/5,8.2775,,3.63,
2003/3/6,8.2776,,3.67,
2003/3/7,8.2774,,3.63,
2003/3/10,8.2772,,3.59,
2003/3/11,8.277,,3.6,
2003/3/12,8.2771,,3.6,
2003/3/13,8.2771,,3.74,
2003/3/14,8.2772,,3.72,
2003/3/17,8.2772,,3.82,
2003/3/18,8.2772,,3.91,
2003/3/19,8.2773,,3.98,
2003/3/20,8.2773,,4.01,
2003/3/21,8.2773,,4.11,
2003/3/24,8.2774,,3.98,
2003/3/25,8.2771,,3.97,
2003/3/26,8.2775,,3.96,
2003/3/27,8.2772,,3.95,
2003/3/28,8.2771,,3.92,
2003/3/31,8.2774,,3.83,
2003/4/1,8.2773,,3.84,183.2
2003/4/2,8.277,,3.94,
2003/4/3,8.2771,,3.93,
2003/4/4,8.2771,,3.96,
2003/4/7,8.2772,,4.03,
2003/4/8,8.2773,,3.95,
2003/4/9,8.2774,,3.93,
2003/4/10,8.2773,,3.95,
2003/4/11,8.2772,,4,
2003/4/14,8.2774,,4.04,
2003/4/15,8.2773,,3.98,
2003/4/16,8.2773,,3.96,
2003/4/17,8.2771,,3.98,
2003/4/18,8.277,,,
2003/4/21,8.2769,,4,
2003/4/22,8.277,,4.01,
2003/4/23,8.2772,,4.02,
2003/4/24,8.2772,,3.93,
2003/4/25,8.277,,3.91,
2003/4/28,8.277,,3.92,
2003/4/29,8.277,,3.96,
2003/4/30,8.2771,,3.89,
2003/5/1,8.2771,,3.88,182.9
2003/5/2,8.2771,,3.94,
2003/5/5,8.2771,,3.92,
2003/5/6,8.277,,3.84,
2003/5/7,8.2769,,3.72,
2003/5/8,8.2768,,3.7,
2003/5/9,8.2768,,3.69,
2003/5/12,8.277,,3.64,
2003/5/13,8.277,,3.63,
2003/5/14,8.2769,,3.53,
2003/5/15,8.2768,,3.53,
2003/5/16,8.277,,3.46,
2003/5/19,8.2768,,3.46,
2003/5/20,8.2768,,3.38,
2003/5/21,8.2769,,3.39,
2003/5/22,8.2768,,3.34,
2003/5/23,8.2769,,3.34,
2003/5/26,,,,
2003/5/27,8.2768,,3.41,
2003/5/28,8.277,,3.44,
2003/5/29,8.277,,3.34,
2003/5/30,8.2768,,3.37,
2003/6/1,,,,183.1
2003/6/2,8.2768,,3.43,
2003/6/3,8.2769,,3.34,
2003/6/4,8.277,,3.3,
2003/6/5,8.277,,3.34,
2003/6/6,8.277,,3.37,
2003/6/9,8.2773,,3.29,
2003/6/10,8.2768,,3.2,
2003/6/11,8.277,,3.21,
2003/6/12,8.2772,,3.18,
2003/6/13,8.2768,,3.13,
2003/6/16,8.2769,,3.18,
2003/6/17,8.2768,,3.27,
2003/6/18,8.2768,,3.37,
2003/6/19,8.277,,3.35,
2003/6/20,8.2772,,3.4,
2003/6/23,8.2773,,3.32,
2003/6/24,8.2774,,3.29,
2003/6/25,8.2775,,3.38,
2003/6/26,8.2775,,3.55,
2003/6/27,8.2774,,3.58,
2003/6/30,8.2776,,3.54,
2003/7/1,8.2775,,3.56,183.7
2003/7/2,8.2775,,3.56,
2003/7/3,8.2776,,3.67,
2003/7/4,,,,
2003/7/7,8.2773,,3.74,
2003/7/8,8.2774,,3.75,
2003/7/9,8.2776,,3.73,
2003/7/10,8.2774,,3.7,
2003/7/11,8.2772,,3.66,
2003/7/14,8.2771,,3.74,
2003/7/15,8.2772,,3.94,
2003/7/16,8.277,,3.97,
2003/7/17,8.2771,,3.98,
2003/7/18,8.277,,4,
2003/7/21,8.2768,,4.19,
2003/7/22,8.277,,4.17,
2003/7/23,8.2771,,4.12,
2003/7/24,8.2772,,4.2,
2003/7/25,8.2776,,4.22,
2003/7/28,8.2775,,4.31,
2003/7/29,8.2776,,4.42,
2003/7/30,8.2773,,4.34,
2003/7/31,8.2774,,4.49,
2003/8/1,8.2772,,4.44,184.5
2003/8/4,8.2775,,4.35,
2003/8/5,8.2775,,4.47,
2003/8/6,8.2773,,4.32,
2003/8/7,8.2774,,4.3,
2003/8/8,8.2772,,4.27,
2003/8/11,8.2773,,4.38,
2003/8/12,8.277,,4.37,
2003/8/13,8.2771,,4.58,
2003/8/14,8.277,,4.55,
2003/8/15,8.2768,,4.55,
2003/8/18,8.2768,,4.49,
2003/8/19,8.2767,,4.38,
2003/8/20,8.2768,,4.45,
2003/8/21,8.2766,,4.53,
2003/8/22,8.2766,,4.48,
2003/8/25,8.2768,,4.53,
2003/8/26,8.2768,,4.5,
2003/8/27,8.277,,4.54,
2003/8/28,8.2772,,4.42,
2003/8/29,8.2772,,4.45,
2003/9/1,,,,185.1
2003/9/2,8.2771,,4.61,
2003/9/3,8.2768,,4.6,
2003/9/4,8.277,,4.52,
2003/9/5,8.277,,4.35,
2003/9/8,8.277,,4.41,
2003/9/9,8.277,,4.37,
2003/9/10,8.277,,4.28,
2003/9/11,8.2772,,4.35,
2003/9/12,8.2772,,4.27,
2003/9/15,8.2774,,4.28,
2003/9/16,8.2774,,4.29,
2003/9/17,8.2775,,4.2,
2003/9/18,8.2775,,4.19,
2003/9/19,8.2773,,4.17,
2003/9/22,8.2773,,4.26,
2003/9/23,8.2773,,4.24,
2003/9/24,8.277,,4.16,
2003/9/25,8.2771,,4.12,
2003/9/26,8.2773,,4.04,
2003/9/29,8.277,,4.09,
2003/9/30,8.2771,,3.96,
2003/10/1,8.2771,,3.96,184.9
2003/10/2,8.2771,,4.03,
2003/10/3,8.277,,4.21,
2003/10/6,8.277,,4.17,
2003/10/7,8.277,,4.27,
2003/10/8,8.277,,4.27,
2003/10/9,8.277,,4.32,
2003/10/10,8.277,,4.29,
2003/10/13,,,,
2003/10/14,8.2767,,4.37,
2003/10/15,8.2767,,4.43,
2003/10/16,8.2776,,4.47,
2003/10/17,8.2766,,4.41,
2003/10/20,8.2766,,4.41,
2003/10/21,8.2765,,4.38,
2003/10/22,8.2766,,4.29,
2003/10/23,8.2766,,4.34,
2003/10/24,8.2768,,4.24,
2003/10/27,8.2767,,4.3,
2003/10/28,8.2766,,4.23,
2003/10/29,8.2766,,4.31,
2003/10/30,8.2767,,4.36,
2003/10/31,8.2766,,4.33,
2003/11/1,,,,185
2003/11/3,8.2766,,4.4,
2003/11/4,8.2767,,4.33,
2003/11/5,8.2767,,4.38,
2003/11/6,8.2769,,4.45,
2003/11/7,8.277,,4.48,
2003/11/10,8.277,,4.49,
2003/11/11,,,,
2003/11/12,8.277,,4.44,
2003/11/13,8.277,,4.3,
2003/11/14,8.277,,4.22,
2003/11/17,8.2769,,4.18,
2003/11/18,8.2767,,4.17,
2003/11/19,8.2767,,4.24,
2003/11/20,8.2769,,4.16,
2003/11/21,8.277,,4.15,
2003/11/24,8.2771,,4.23,
2003/11/25,8.277,,4.19,
2003/11/26,8.2772,,4.25,
2003/11/27,,,,
2003/11/28,8.277,,4.34,
2003/12/1,8.2772,,4.4,185.5
2003/12/2,8.2772,,4.38,
2003/12/3,8.2771,,4.41,
2003/12/4,8.277,,4.38,
2003/12/5,8.2769,,4.23,
2003/12/8,8.2771,,4.29,
2003/12/9,8.2771,,4.32,
2003/12/10,8.277,,4.3,
2003/12/11,8.2771,,4.27,
2003/12/12,8.2771,,4.26,
2003/12/15,8.2772,,4.28,
2003/12/16,8.2771,,4.24,
2003/12/17,8.2769,,4.19,
2003/12/18,8.2765,,4.16,
2003/12/19,8.277,,4.15,
2003/12/22,8.2769,,4.18,
2003/12/23,8.2769,,4.28,
2003/12/24,8.277,,4.2,
2003/12/25,,,,
2003/12/26,8.2768,,4.17,
2003/12/29,8.2769,,4.24,
2003/12/30,8.2767,,4.29,
2003/12/31,8.2767,,4.27,
2004/1/1,,,,186.3
2004/1/2,8.2769,,4.38,
2004/1/5,8.277,,4.41,
2004/1/6,8.2771,,4.29,
2004/1/7,8.2772,,4.27,
2004/1/8,8.2772,,4.27,
2004/1/9,8.277,,4.11,
2004/1/12,8.277,,4.11,
2004/1/13,8.2768,,4.05,
2004/1/14,8.2768,,4.01,
2004/1/15,8.2767,,3.99,
2004/1/16,8.2767,,4.04,
2004/1/19,,,,
2004/1/20,8.277,,4.08,
2004/1/21,8.2771,,4.05,
2004/1/22,8.2771,,3.99,
2004/1/23,8.2771,,4.09,
2004/1/26,8.2771,,4.16,
2004/1/27,8.2771,,4.11,
2004/1/28,8.2771,,4.22,
2004/1/29,8.277,,4.22,
2004/1/30,8.2768,,4.16,
2004/2/1,,,,186.7
2004/2/2,8.277,,4.18,
2004/2/3,8.2772,,4.13,
2004/2/4,8.2772,,4.15,
2004/2/5,8.2773,,4.2,
2004/2/6,8.2773,,4.12,
2004/2/9,8.2773,,4.09,
2004/2/10,8.2772,,4.13,
2004/2/11,8.2771,,4.05,
2004/2/12,8.2772,,4.1,
2004/2/13,8.277,,4.05,
2004/2/16,,,,
2004/2/17,8.277,,4.05,
2004/2/18,8.277,,4.05,
2004/2/19,8.2771,,4.05,
2004/2/20,8.2772,,4.1,
2004/2/23,8.2772,,4.05,
2004/2/24,8.2771,,4.04,
2004/2/25,8.277,,4.02,
2004/2/26,8.2771,,4.05,
2004/2/27,8.2769,,3.99,
2004/3/1,8.2768,,4,187.1
2004/3/2,8.2768,,4.05,
2004/3/3,8.2768,,4.07,
2004/3/4,8.277,,4.04,
2004/3/5,8.2773,,3.85,
2004/3/8,8.2767,,3.78,
2004/3/9,8.2767,,3.73,
2004/3/10,8.2767,,3.74,
2004/3/11,8.2772,,3.74,
2004/3/12,8.2771,,3.78,
2004/3/15,8.2773,,3.78,
2004/3/16,8.2773,,3.7,
2004/3/17,8.2774,,3.71,
2004/3/18,8.2768,,3.76,
2004/3/19,8.2772,,3.8,
2004/3/22,8.2773,,3.74,
2004/3/23,8.2774,,3.73,
2004/3/24,8.2772,,3.73,
2004/3/25,8.2771,,3.75,
2004/3/26,8.277,,3.85,
2004/3/29,8.2771,,3.91,
2004/3/30,8.2771,,3.91,
2004/3/31,8.277,,3.86,
2004/4/1,8.2769,,3.91,187.4
2004/4/2,8.2769,,4.15,
2004/4/5,8.2769,,4.24,
2004/4/6,8.2769,,4.19,
2004/4/7,8.2769,,4.19,
2004/4/8,8.2769,,4.21,
2004/4/9,8.2769,,,
2004/4/12,8.277,,4.25,
2004/4/13,8.2769,,4.35,
2004/4/14,8.2772,,4.4,
2004/4/15,8.2771,,4.42,
2004/4/16,8.2769,,4.37,
2004/4/19,8.2768,,4.39,
2004/4/20,8.2768,,4.43,
2004/4/21,8.2769,,4.45,
2004/4/22,8.277,,4.4,
2004/4/23,8.2769,,4.48,
2004/4/26,8.2768,,4.46,
2004/4/27,8.2768,,4.43,
2004/4/28,8.2768,,4.5,
2004/4/29,8.2769,,4.55,
2004/4/30,8.2771,,4.53,
2004/5/1,,,,188.2
2004/5/3,8.2771,,4.53,
2004/5/4,8.2771,,4.56,
2004/5/5,8.2771,,4.61,
2004/5/6,8.2771,,4.63,
2004/5/7,8.2771,,4.79,
2004/5/10,8.2769,,4.81,
2004/5/11,8.2773,,4.79,
2004/5/12,8.2773,,4.83,
2004/5/13,8.2772,,4.85,
2004/5/14,8.2772,,4.79,
2004/5/17,8.2772,,4.7,
2004/5/18,8.2771,,4.74,
2004/5/19,8.2769,,4.79,
2004/5/20,8.2771,,4.72,
2004/5/21,8.2771,,4.76,
2004/5/24,8.2771,,4.75,
2004/5/25,8.2769,,4.73,
2004/5/26,8.2769,,4.67,
2004/5/27,8.2768,,4.6,
2004/5/28,8.2769,,4.66,
2004/5/31,,,,
2004/6/1,8.2767,,4.71,188.9
2004/6/2,8.2767,,4.74,
2004/6/3,8.2768,,4.71,
2004/6/4,8.2767,,4.78,
2004/6/7,8.2767,,4.78,
2004/6/8,8.2767,,4.78,
2004/6/9,8.2767,,4.82,
2004/6/10,8.2768,,4.81,
2004/6/11,8.2767,,,
2004/6/14,8.2766,,4.89,
2004/6/15,8.2766,,4.69,
2004/6/16,8.2766,,4.74,
2004/6/17,8.2766,,4.71,
2004/6/18,8.2766,,4.72,
2004/6/21,8.2766,,4.7,
2004/6/22,8.2766,,4.72,
2004/6/23,8.2767,,4.71,
2004/6/24,8.2766,,4.66,
2004/6/25,8.2767,,4.66,
2004/6/28,8.2766,,4.76,
2004/6/29,8.2766,,4.7,
2004/6/30,8.2766,,4.62,
2004/7/1,8.2767,,4.57,189.1
2004/7/2,8.2766,,4.48,
2004/7/5,,,,
2004/7/6,8.2768,,4.49,
2004/7/7,8.2768,,4.5,
2004/7/8,8.2769,,4.49,
2004/7/9,8.2769,,4.49,
2004/7/12,8.2768,,4.46,
2004/7/13,8.2768,,4.5,
2004/7/14,8.2767,,4.5,
2004/7/15,8.2767,,4.5,
2004/7/16,8.2766,,4.38,
2004/7/19,8.2766,,4.38,
2004/7/20,8.2767,,4.47,
2004/7/21,8.2766,,4.5,
2004/7/22,8.2766,,4.48,
2004/7/23,8.2766,,4.45,
2004/7/26,8.2767,,4.49,
2004/7/27,8.2767,,4.62,
2004/7/28,8.2768,,4.61,
2004/7/29,8.2769,,4.6,
2004/7/30,8.2769,,4.5,
2004/8/1,,,,189.2
2004/8/2,8.277,,4.48,
2004/8/3,8.277,,4.45,
2004/8/4,8.277,,4.45,
2004/8/5,8.2769,,4.43,
2004/8/6,8.2769,,4.24,
2004/8/9,8.2769,,4.28,
2004/8/10,8.277,,4.32,
2004/8/11,8.2769,,4.3,
2004/8/12,8.2769,,4.27,
2004/8/13,8.2768,,4.22,
2004/8/16,8.2768,,4.26,
2004/8/17,8.2767,,4.21,
2004/8/18,8.2767,,4.23,
2004/8/19,8.2768,,4.22,
2004/8/20,8.2767,,4.24,
2004/8/23,8.2767,,4.28,
2004/8/24,8.2767,,4.28,
2004/8/25,8.2766,,4.26,
2004/8/26,8.2766,,4.22,
2004/8/27,8.2767,,4.23,
2004/8/30,8.2767,,4.19,
2004/8/31,8.2766,,4.13,
2004/9/1,8.2766,,4.13,189.8
2004/9/2,8.2767,,4.2,
2004/9/3,8.2767,,4.3,
2004/9/6,,,,
2004/9/7,8.2767,,4.26,
2004/9/8,8.2767,,4.18,
2004/9/9,8.2768,,4.22,
2004/9/10,8.2766,,4.19,
2004/9/13,8.2766,,4.16,
2004/9/14,8.2767,,4.15,
2004/9/15,8.2768,,4.18,
2004/9/16,8.2766,,4.08,
2004/9/17,8.2767,,4.14,
2004/9/20,8.2767,,4.07,
2004/9/21,8.2766,,4.05,
2004/9/22,8.2766,,4,
2004/9/23,8.2766,,4.02,
2004/9/24,8.2766,,4.04,
2004/9/27,8.2766,,4.01,
2004/9/28,8.2766,,4.02,
2004/9/29,8.2766,,4.1,
2004/9/30,8.2766,,4.14,
2004/10/1,8.2766,,4.21,190.8
2004/10/4,8.2766,,4.19,
2004/10/5,8.2766,,4.18,
2004/10/6,8.2766,,4.23,
2004/10/7,8.2766,,4.26,
2004/10/8,8.2768,,4.15,
2004/10/11,,,,
2004/10/12,8.2765,,4.12,
2004/10/13,8.2765,,4.09,
2004/10/14,8.2765,,4.03,
2004/10/15,8.2765,,4.07,
2004/10/18,8.2765,,4.07,
2004/10/19,8.2765,,4.07,
2004/10/20,8.2765,,4.01,
2004/10/21,8.2765,,4.01,
2004/10/22,8.2765,,4,
2004/10/25,8.2765,,3.99,
2004/10/26,8.2765,,4.01,
2004/10/27,8.2765,,4.11,
2004/10/28,8.2765,,4.09,
2004/10/29,8.2766,,4.05,
2004/11/1,8.2765,,4.11,191.7
2004/11/2,8.2764,,4.1,
2004/11/3,8.2765,,4.09,
2004/11/4,8.2765,,4.1,
2004/11/5,8.2764,,4.21,
2004/11/8,8.2765,,4.22,
2004/11/9,8.2764,,4.22,
2004/11/10,8.2765,,4.25,
2004/11/11,,,,
2004/11/12,8.2765,,4.2,
2004/11/15,8.2765,,4.2,
2004/11/16,8.2765,,4.21,
2004/11/17,8.2765,,4.14,
2004/11/18,8.2765,,4.12,
2004/11/19,8.2765,,4.2,
2004/11/22,8.2765,,4.18,
2004/11/23,8.2765,,4.19,
2004/11/24,8.2765,,4.2,
2004/11/25,,,,
2004/11/26,8.2765,,4.24,
2004/11/29,8.2765,,4.34,
2004/11/30,8.2765,,4.36,
2004/12/1,8.2765,,4.38,191.7
2004/12/2,8.2765,,4.4,
2004/12/3,8.2765,,4.27,
2004/12/6,8.2765,,4.24,
2004/12/7,8.2765,,4.23,
2004/12/8,8.2765,,4.14,
2004/12/9,8.2765,,4.19,
2004/12/10,8.2765,,4.16,
2004/12/13,8.2767,,4.16,
2004/12/14,8.2765,,4.14,
2004/12/15,8.2765,,4.09,
2004/12/16,8.2765,,4.19,
2004/12/17,8.2765,,4.21,
2004/12/20,8.2765,,4.21,
2004/12/21,8.2765,,4.18,
2004/12/22,8.2765,,4.21,
2004/12/23,8.2765,,4.23,
2004/12/24,8.2765,,,
2004/12/27,8.2765,,4.3,
2004/12/28,8.2765,,4.31,
2004/12/29,8.2765,,4.33,
2004/12/30,8.2765,,4.27,
2004/12/31,8.2765,,4.24,
2005/1/1,,,,191.6
2005/1/3,8.2765,,4.23,
2005/1/4,8.2765,,4.29,
2005/1/5,8.2765,,4.29,
2005/1/6,8.2765,,4.29,
2005/1/7,8.2765,,4.29,
2005/1/10,8.2765,,4.29,
2005/1/11,8.2765,,4.26,
2005/1/12,8.2765,,4.25,
2005/1/13,8.2765,,4.2,
2005/1/14,8.2765,,4.23,
2005/1/17,,,,
2005/1/18,8.2765,,4.21,
2005/1/19,8.2765,,4.2,
2005/1/20,8.2765,,4.17,
2005/1/21,8.2765,,4.16,
2005/1/24,8.2765,,4.14,
2005/1/25,8.2765,,4.2,
2005/1/26,8.2765,,4.21,
2005/1/27,8.2765,,4.22,
2005/1/28,8.2765,,4.16,
2005/1/31,8.2765,,4.14,
2005/2/1,8.2765,,4.15,192.4
2005/2/2,8.2765,,4.15,
2005/2/3,8.2765,,4.18,
2005/2/4,8.2765,,4.09,
2005/2/7,8.2765,,4.07,
2005/2/8,8.2765,,4.05,
2005/2/9,8.2765,,4,
2005/2/10,8.2765,,4.07,
2005/2/11,8.2765,,4.1,
2005/2/14,8.2765,,4.08,
2005/2/15,8.2765,,4.1,
2005/2/16,8.2765,,4.16,
2005/2/17,8.2765,,4.19,
2005/2/18,8.2765,,4.27,
2005/2/21,,,,
2005/2/22,8.2765,,4.29,
2005/2/23,8.2765,,4.27,
2005/2/24,8.2765,,4.29,
2005/2/25,8.2765,,4.27,
2005/2/28,8.2765,,4.36,
2005/3/1,8.2765,,4.38,193.1
2005/3/2,8.2765,,4.38,
2005/3/3,8.2765,,4.39,
2005/3/4,8.2765,,4.32,
2005/3/7,8.2765,,4.31,
2005/3/8,8.2765,,4.38,
2005/3/9,8.2765,,4.52,
2005/3/10,8.2765,,4.48,
2005/3/11,8.2765,,4.56,
2005/3/14,8.2765,,4.52,
2005/3/15,8.2765,,4.54,
2005/3/16,8.2765,,4.52,
2005/3/17,8.2765,,4.47,
2005/3/18,8.2765,,4.51,
2005/3/21,8.2765,,4.53,
2005/3/22,8.2765,,4.63,
2005/3/23,8.2765,,4.61,
2005/3/24,8.2765,,4.6,
2005/3/25,8.2765,,,
2005/3/28,8.2765,,4.64,
2005/3/29,8.2765,,4.6,
2005/3/30,8.2765,,4.56,
2005/3/31,8.2765,,4.5,
2005/4/1,8.2765,,4.46,193.7
2005/4/4,8.2765,,4.47,
2005/4/5,8.2765,,4.48,
2005/4/6,8.2765,,4.44,
2005/4/7,8.2765,,4.49,
2005/4/8,8.2765,,4.5,
2005/4/11,8.2765,,4.45,
2005/4/12,8.2765,,4.38,
2005/4/13,8.2765,,4.38,
2005/4/14,8.2765,,4.37,
2005/4/15,8.2765,,4.27,
2005/4/18,8.2765,,4.27,
2005/4/19,8.2765,,4.21,
2005/4/20,8.2765,,4.22,
2005/4/21,8.2765,,4.32,
2005/4/22,8.2765,,4.26,
2005/4/25,8.2765,,4.26,
2005/4/26,8.2765,,4.28,
2005/4/27,8.2765,,4.25,
2005/4/28,8.2765,,4.19,
2005/4/29,8.2765,,4.21,
2005/5/1,,,,193.6
2005/5/2,8.2765,,4.21,
2005/5/3,8.2765,,4.21,
2005/5/4,8.2765,,4.2,
2005/5/5,8.2765,,4.19,
2005/5/6,8.2765,,4.28,
2005/5/9,8.2765,,4.29,
2005/5/10,8.2765,,4.23,
2005/5/11,8.2765,,4.21,
2005/5/12,8.2765,,4.18,
2005/5/13,8.2765,,4.12,
2005/5/16,8.2765,,4.13,
2005/5/17,8.2765,,4.12,
2005/5/18,8.2765,,4.07,
2005/5/19,8.2765,,4.11,
2005/5/20,8.2765,,4.13,
2005/5/23,8.2765,,4.07,
2005/5/24,8.2765,,4.04,
2005/5/25,8.2765,,4.08,
2005/5/26,8.2765,,4.08,
2005/5/27,8.2765,,4.08,
2005/5/30,,,,
2005/5/31,8.2765,,4,
2005/6/1,8.2765,,3.91,193.7
2005/6/2,8.2765,,3.89,
2005/6/3,8.2765,,3.98,
2005/6/6,8.2765,,3.96,
2005/6/7,8.2765,,3.92,
2005/6/8,8.2765,,3.95,
2005/6/9,8.2765,,3.98,
2005/6/10,8.2765,,4.05,
2005/6/13,8.2765,,4.09,
2005/6/14,8.2765,,4.13,
2005/6/15,8.2765,,4.12,
2005/6/16,8.2765,,4.09,
2005/6/17,8.2765,,4.09,
2005/6/20,8.2765,,4.11,
2005/6/21,8.2765,,4.06,
2005/6/22,8.2765,,3.95,
2005/6/23,8.2765,,3.96,
2005/6/24,8.2765,,3.92,
2005/6/27,8.2765,,3.9,
2005/6/28,8.2765,,3.97,
2005/6/29,8.2765,,3.99,
2005/6/30,8.2765,,3.94,
2005/7/1,8.2765,,4.06,194.9
2005/7/4,,,,
2005/7/5,8.2765,,4.11,
2005/7/6,8.2765,,4.08,
2005/7/7,8.2765,,4.05,
2005/7/8,8.2765,,4.11,
2005/7/11,8.2765,,4.11,
2005/7/12,8.2765,,4.15,
2005/7/13,8.2765,,4.17,
2005/7/14,8.2765,,4.19,
2005/7/15,8.2765,,4.18,
2005/7/18,8.2765,,4.22,
2005/7/19,8.2765,,4.2,
2005/7/20,8.2765,,4.17,
2005/7/21,8.2765,,4.28,
2005/7/22,8.1111,,4.23,
2005/7/25,8.1097,,4.25,
2005/7/26,8.1099,,4.24,
2005/7/27,8.1128,,4.27,
2005/7/28,8.108,,4.2,
2005/7/29,8.1056,,4.28,
2005/8/1,8.1046,,4.32,196.1
2005/8/2,8.1032,,4.34,
2005/8/3,8.1051,,4.3,
2005/8/4,8.1027,,4.32,
2005/8/5,8.1037,,4.4,
2005/8/8,8.109,,4.42,
2005/8/9,8.107,,4.41,
2005/8/10,8.1062,,4.4,
2005/8/11,8.1002,,4.32,
2005/8/12,8.098,,4.24,
2005/8/15,8.0971,,4.27,
2005/8/16,8.1002,,4.23,
2005/8/17,8.0997,,4.28,
2005/8/18,8.1007,,4.21,
2005/8/19,8.1047,,4.21,
2005/8/22,8.1056,,4.22,
2005/8/23,8.1012,,4.2,
2005/8/24,8.1005,,4.19,
2005/8/25,8.1002,,4.18,
2005/8/26,8.0965,,4.2,
2005/8/29,8.0954,,4.2,
2005/8/30,8.0973,,4.16,
2005/8/31,8.0998,,4.02,
2005/9/1,8.0949,,4.02,198.8
2005/9/2,8.0935,,4.03,
2005/9/5,8.092,,,
2005/9/6,8.0913,,4.09,
2005/9/7,8.0925,,4.15,
2005/9/8,8.0945,,4.15,
2005/9/9,8.0956,,4.14,
2005/9/12,8.0924,,4.18,
2005/9/13,8.094,,4.14,
2005/9/14,8.0912,,4.17,
2005/9/15,8.089,,4.22,
2005/9/16,8.0871,,4.26,
2005/9/19,8.0908,,4.25,
2005/9/20,8.089,,4.26,
2005/9/21,8.0911,,4.19,
2005/9/22,8.0881,,4.19,
2005/9/23,8.091,,4.25,
2005/9/26,8.0929,,4.3,
2005/9/27,8.092,,4.3,
2005/9/28,8.0939,,4.26,
2005/9/29,8.093,,4.29,
2005/9/30,8.092,,4.34,
2005/10/1,,,,199.1
2005/10/3,8.092,,4.39,
2005/10/4,8.092,,4.38,
2005/10/5,8.092,,4.36,
2005/10/6,8.092,,4.37,
2005/10/7,8.092,,4.35,
2005/10/10,,,,
2005/10/11,8.0879,,4.39,
2005/10/12,8.0895,,4.45,
2005/10/13,8.0885,,4.48,
2005/10/14,8.0896,,4.48,
2005/10/17,8.0877,,4.5,
2005/10/18,8.091,,4.49,
2005/10/19,8.0924,,4.47,
2005/10/20,8.0905,,4.46,
2005/10/21,8.0905,,4.39,
2005/10/24,8.0916,,4.45,
2005/10/25,8.0901,,4.54,
2005/10/26,8.0867,,4.6,
2005/10/27,8.0862,,4.57,
2005/10/28,8.084,,4.58,
2005/10/31,8.0845,,4.57,
2005/11/1,8.086,,4.58,198.1
2005/11/2,8.0851,,4.61,
2005/11/3,8.0841,,4.65,
2005/11/4,8.0856,,4.66,
2005/11/7,8.0877,,4.65,
2005/11/8,8.0867,,4.57,
2005/11/9,8.0857,,4.64,
2005/11/10,8.0847,,4.55,
2005/11/11,,,,
2005/11/14,8.0856,,4.61,
2005/11/15,8.0845,,4.56,
2005/11/16,8.0835,,4.49,
2005/11/17,8.0845,,4.46,
2005/11/18,8.0832,,4.5,
2005/11/21,8.0833,,4.46,
2005/11/22,8.0839,,4.43,
2005/11/23,8.0816,,4.47,
2005/11/24,,,,
2005/11/25,8.0815,,4.43,
2005/11/28,8.0825,,4.41,
2005/11/29,8.0796,,4.48,
2005/11/30,8.0804,,4.49,
2005/12/1,8.0798,,4.52,198.1
2005/12/2,8.0806,,4.52,
2005/12/5,8.0808,,4.57,
2005/12/6,8.078,,4.49,
2005/12/7,8.0771,,4.52,
2005/12/8,8.078,,4.47,
2005/12/9,8.0765,,4.54,
2005/12/12,8.077,,4.56,
2005/12/13,8.0751,,4.54,
2005/12/14,8.0726,,4.45,
2005/12/15,8.074,,4.47,
2005/12/16,8.0735,,4.45,
2005/12/19,8.073,,4.45,
2005/12/20,8.074,,4.47,
2005/12/21,8.0765,,4.49,
2005/12/22,8.0775,,4.44,
2005/12/23,8.0762,,4.38,
2005/12/26,,,,
2005/12/27,8.0724,,4.34,
2005/12/28,8.0725,,4.38,
2005/12/29,8.0709,,4.37,
2005/12/30,8.0702,,4.39,
2006/1/1,,,,199.3
2006/1/2,,101.4155,,
2006/1/3,8.0702,100.7558,4.37,
2006/1/4,8.0702,100.2288,4.36,
2006/1/5,8.0678,100.2992,4.36,
2006/1/6,8.0663,100.0241,4.38,
2006/1/9,8.0665,100.1794,4.38,
2006/1/10,8.061,100.1436,4.43,
2006/1/11,8.0682,99.871,4.46,
2006/1/12,8.0685,100.0643,4.42,
2006/1/13,8.0698,99.9675,4.36,
2006/1/16,,99.9715,,
2006/1/17,8.0676,100.2447,4.34,
2006/1/18,8.0685,100.4085,4.34,
2006/1/19,8.0687,100.1862,4.38,
2006/1/20,8.0596,99.9017,4.37,
2006/1/23,8.0645,99.3783,4.36,
2006/1/24,8.0625,99.3434,4.4,
2006/1/25,8.063,99.348,4.49,
2006/1/26,8.062,99.4798,4.53,
2006/1/27,8.0608,99.6433,4.52,
2006/1/30,8.0608,99.7144,4.54,
2006/1/31,8.0608,99.4311,4.53,
2006/2/1,8.0616,99.6132,4.57,199.4
2006/2/2,8.0616,99.7916,4.57,
2006/2/3,8.0616,100.118,4.54,
2006/2/6,8.056,100.1372,4.55,
2006/2/7,8.0566,100.1759,4.57,
2006/2/8,8.0545,100.4879,4.56,
2006/2/9,8.0558,100.2117,4.54,
2006/2/10,8.0516,100.322,4.59,
2006/2/13,8.0472,100.3955,4.58,
2006/2/14,8.0477,100.3987,4.62,
2006/2/15,8.0481,100.4489,4.61,
2006/2/16,8.0494,100.5183,4.59,
2006/2/17,8.0493,100.3404,4.54,
2006/2/20,,100.3447,,
2006/2/21,8.0485,100.2346,4.57,
2006/2/22,8.0497,100.3879,4.53,
2006/2/23,8.0477,100.1956,4.56,
2006/2/24,8.0432,100.2594,4.58,
2006/2/27,8.042,100.0724,4.59,
2006/2/28,8.0415,99.7695,4.55,
2006/3/1,8.039,99.8355,4.59,199.7
2006/3/2,8.0394,99.5969,4.64,
2006/3/3,8.038,99.7024,4.68,
2006/3/6,8.0382,99.9834,4.74,
2006/3/7,8.0425,100.564,4.74,
2006/3/8,8.0476,100.8565,4.73,
2006/3/9,8.048,100.7718,4.74,
2006/3/10,8.0492,100.9566,4.76,
2006/3/13,8.0505,100.8563,4.77,
2006/3/14,8.0473,100.312,4.71,
2006/3/15,8.0374,100.2121,4.73,
2006/3/16,8.0385,99.9049,4.65,
2006/3/17,8.0286,99.8614,4.68,
2006/3/20,8.025,100.0491,4.66,
2006/3/21,8.0272,100.4716,4.71,
2006/3/22,8.0306,100.496,4.7,
2006/3/23,8.0274,100.8256,4.73,
2006/3/24,8.0338,100.7773,4.67,
2006/3/27,8.0245,100.8359,4.7,
2006/3/28,8.0212,100.7995,4.79,
2006/3/29,8.028,101.0474,4.81,
2006/3/30,8.027,100.5698,4.86,
2006/3/31,8.0167,100.56,4.86,
2006/4/1,,,,200.7
2006/4/3,8.021,100.6204,4.88,
2006/4/4,8.0194,100.1319,4.87,
2006/4/5,8.0116,100.0792,4.84,
2006/4/6,8.0098,100.1578,4.9,
2006/4/7,8.013,100.4187,4.97,
2006/4/10,8.004,100.4091,4.97,
2006/4/11,8.0045,100.2903,4.93,
2006/4/12,8.0115,100.3589,4.98,
2006/4/13,8.0248,100.4759,5.05,
2006/4/14,8.0175,100.4697,,
2006/4/17,8.0158,99.8719,5.01,
2006/4/18,8.014,99.6747,4.99,
2006/4/19,8.0128,99.3467,5.04,
2006/4/20,8.011,99.4974,5.04,
2006/4/21,8.0165,99.4345,5.01,
2006/4/24,8.0163,99.117,4.99,
2006/4/25,8.01,98.9687,5.07,
2006/4/26,8.0163,98.8907,5.12,
2006/4/27,8.0205,98.5149,5.09,
2006/4/28,8.0165,98.1412,5.07,
2006/5/1,8.0165,97.9085,5.14,201.3
2006/5/2,8.0165,97.6571,5.12,
2006/5/3,8.01,97.5572,5.15,
2006/5/4,8.0114,97.4878,5.16,
2006/5/5,8.0114,97.2585,5.12,
2006/5/8,8.007,97.1945,5.12,
2006/5/9,8.0042,96.9578,5.13,
2006/5/10,8.0032,96.6391,5.13,
2006/5/11,8.0038,96.5383,5.14,
2006/5/12,8.0056,96.8788,5.19,
2006/5/15,8.003,97.3588,5.15,
2006/5/16,8.0005,97.1959,5.1,
2006/5/17,8.002,97.4725,5.16,
2006/5/18,8.0095,97.7033,5.08,
2006/5/19,8.0175,97.933,5.05,
2006/5/22,8.0255,97.9377,5.04,
2006/5/23,8.0235,97.7045,5.07,
2006/5/24,8.0175,98.3936,5.03,
2006/5/25,8.0235,97.8423,5.07,
2006/5/26,8.0245,97.8995,5.06,
2006/5/29,,97.8936,,
2006/5/30,8.03,97.588,5.09,
2006/5/31,8.0215,97.7705,5.12,
2006/6/1,8.0184,97.7726,5.11,201.8
2006/6/2,8.0225,97.5544,5,
2006/6/5,8.0057,97.3681,5.02,
2006/6/6,8.012,98.1449,5.01,
2006/6/7,8.0171,98.1641,5.02,
2006/6/8,8.0084,98.9313,5,
2006/6/9,8.011,98.5471,4.98,
2006/6/12,8.015,98.5494,4.99,
2006/6/13,8.0034,98.9201,4.97,
2006/6/14,7.9985,98.8338,5.05,
2006/6/15,7.999,98.8846,5.1,
2006/6/16,7.9995,98.9127,5.13,
2006/6/19,8.0035,99.145,5.14,
2006/6/20,8.0009,99.0117,5.15,
2006/6/21,7.9969,98.5544,5.16,
2006/6/22,7.9963,99.0856,5.2,
2006/6/23,7.9997,99.4216,5.23,
2006/6/26,7.9995,99.3634,5.25,
2006/6/27,7.998,99.219,5.21,
2006/6/28,7.997,99.392,5.25,
2006/6/29,7.9955,99.2158,5.22,
2006/6/30,7.9943,98.2483,5.15,
2006/7/1,,,,202.9
2006/7/3,7.9924,98.0371,5.15,
2006/7/4,,98.0221,,
2006/7/5,7.9955,98.308,5.23,
2006/7/6,7.9945,98.138,5.19,
2006/7/7,7.9936,97.7508,5.14,
2006/7/10,7.9908,97.9813,5.13,
2006/7/11,7.9911,98.2132,5.1,
2006/7/12,7.9892,98.5202,5.1,
2006/7/13,7.9899,98.5583,5.08,
2006/7/14,7.9956,98.6814,5.07,
2006/7/17,7.997,99.0767,5.07,
2006/7/18,8.0016,99.1341,5.13,
2006/7/19,8.0018,98.9262,5.06,
2006/7/20,7.9918,98.6014,5.03,
2006/7/21,7.9897,98.5221,5.05,
2006/7/24,7.9851,98.7795,5.05,
2006/7/25,7.9872,98.9388,5.07,
2006/7/26,7.9849,98.742,5.04,
2006/7/27,7.974,98.2283,5.07,
2006/7/28,7.9792,98.0539,5,
2006/7/31,7.969,97.9996,4.99,
2006/8/1,7.973,98.1715,4.99,203.8
2006/8/2,7.972,97.9432,4.96,
2006/8/3,7.9748,98.0694,4.96,
2006/8/4,7.9783,97.6005,4.91,
2006/8/7,7.968,97.5088,4.93,
2006/8/8,7.9712,97.6524,4.93,
2006/8/9,7.9745,97.4402,4.92,
2006/8/10,7.969,97.8887,4.93,
2006/8/11,7.9725,97.7863,4.97,
2006/8/14,7.9928,97.9677,5,
2006/8/15,8,97.8043,4.93,
2006/8/16,7.9827,97.3894,4.87,
2006/8/17,7.9685,97.3486,4.87,
2006/8/18,7.9736,97.7577,4.84,
2006/8/21,7.9698,97.3856,4.82,
2006/8/22,7.9663,97.6079,4.82,
2006/8/23,7.9698,97.5731,4.82,
2006/8/24,7.9694,97.7939,4.81,
2006/8/25,7.969,97.8827,4.79,
2006/8/28,7.9706,97.8467,4.8,
2006/8/29,7.9615,97.7748,4.79,
2006/8/30,7.959,97.5792,4.76,
2006/8/31,7.9538,97.644,4.74,
2006/9/1,7.9533,97.5084,4.73,202.8
2006/9/4,,97.4981,,
2006/9/5,7.9495,97.4392,4.78,
2006/9/6,7.947,97.6087,4.8,
2006/9/7,7.9409,97.8108,4.8,
2006/9/8,7.9485,98.2119,4.78,
2006/9/11,7.9545,98.3845,4.8,
2006/9/12,7.9464,98.2781,4.78,
2006/9/13,7.949,98.1775,4.77,
2006/9/14,7.9462,98.0088,4.79,
2006/9/15,7.9429,98.2104,4.8,
2006/9/18,7.9465,98.1332,4.81,
2006/9/19,7.9357,98.1703,4.74,
2006/9/20,7.9264,98.1556,4.73,
2006/9/21,7.9248,97.9458,4.65,
2006/9/22,7.9195,97.8667,4.6,
2006/9/25,7.9212,97.9909,4.56,
2006/9/26,7.9135,98.0555,4.59,
2006/9/27,7.9019,98.0107,4.6,
2006/9/28,7.8965,98.0381,4.63,
2006/9/29,7.904,98.1054,4.64,
2006/10/1,,,,201.9
2006/10/2,7.904,97.9247,4.62,
2006/10/3,7.904,98.1267,4.62,
2006/10/4,7.904,98.3682,4.57,
2006/10/5,7.904,98.2776,4.61,
2006/10/6,7.904,98.5619,4.7,
2006/10/9,,98.5702,,
2006/10/10,7.91,98.9125,4.75,
2006/10/11,7.9168,98.9146,4.78,
2006/10/12,7.9143,98.831,4.79,
2006/10/13,7.9,98.8002,4.81,
2006/10/16,7.912,98.71,4.79,
2006/10/17,7.9081,98.5354,4.78,
2006/10/18,7.9066,98.6164,4.77,
2006/10/19,7.9102,98.2897,4.79,
2006/10/20,7.9028,98.1629,4.79,
2006/10/23,7.8981,98.4483,4.83,
2006/10/24,7.9023,98.349,4.83,
2006/10/25,7.901,98.2057,4.78,
2006/10/26,7.8949,97.8907,4.73,
2006/10/27,7.8886,97.4914,4.68,
2006/10/30,7.8728,97.5672,4.68,
2006/10/31,7.8785,97.3901,4.61,
2006/11/1,7.8714,97.4949,4.57,202
2006/11/2,7.872,97.6556,4.6,
2006/11/3,7.8715,97.7209,4.72,
2006/11/6,7.875,97.806,4.71,
2006/11/7,7.872,97.4453,4.66,
2006/11/8,7.8651,97.58,4.64,
2006/11/9,7.8645,97.5041,4.62,
2006/11/10,7.8635,97.4638,4.59,
2006/11/13,7.8642,97.7904,4.61,
2006/11/14,7.864,97.7475,4.57,
2006/11/15,7.8677,97.8359,4.61,
2006/11/16,7.8713,97.8098,4.66,
2006/11/17,7.8717,97.9855,4.61,
2006/11/20,7.8694,98.0254,4.6,
2006/11/21,7.8683,98.0215,4.58,
2006/11/22,7.8731,97.5315,4.57,
2006/11/23,,97.5314,,
2006/11/24,7.8515,97.0657,4.55,
2006/11/27,7.8426,96.9986,4.54,
2006/11/28,7.844,96.8428,4.51,
2006/11/29,7.8303,96.8577,4.52,
2006/11/30,7.834,96.5779,4.46,
2006/12/1,7.835,96.4585,4.43,203.1
2006/12/4,7.8274,96.4319,4.43,
2006/12/5,7.8217,96.2082,4.45,
2006/12/6,7.8224,96.2839,4.48,
2006/12/7,7.8226,96.3207,4.49,
2006/12/8,7.8235,96.6123,4.56,
2006/12/11,7.834,96.6646,4.52,
2006/12/12,7.8283,96.7119,4.49,
2006/12/13,7.8265,96.7296,4.58,
2006/12/14,7.8229,96.7946,4.6,
2006/12/15,7.8265,96.9857,4.6,
2006/12/18,7.8192,97.1559,4.6,
2006/12/19,7.8243,96.9313,4.6,
2006/12/20,7.8158,96.7762,4.6,
2006/12/21,7.816,96.9148,4.55,
2006/12/22,7.8153,97.1113,4.63,
2006/12/25,,97.1221,,
2006/12/26,7.8199,97.1786,4.61,
2006/12/27,7.8215,97.2076,4.66,
2006/12/28,7.8116,97.0656,4.7,
2006/12/29,7.8041,97.0312,4.71,
2007/1/1,,97.0323,,203.437
2007/1/2,7.8051,,4.68,
2007/1/3,7.8051,97.1281,4.67,
2007/1/4,7.809,97.5251,4.62,
2007/1/5,7.8047,97.7801,4.65,
2007/1/8,7.8127,97.788,4.66,
2007/1/9,7.8055,97.9642,4.66,
2007/1/10,7.8075,98.0943,4.69,
2007/1/11,7.7945,98.0845,4.74,
2007/1/12,7.7984,97.921,4.77,
2007/1/15,,97.9201,,
2007/1/16,7.79,97.9816,4.75,
2007/1/17,7.7752,97.7509,4.79,
2007/1/18,7.7705,97.8286,4.75,
2007/1/19,7.7752,97.6868,4.78,
2007/1/22,7.7759,97.827,4.76,
2007/1/23,7.7756,97.8117,4.81,
2007/1/24,7.7705,97.908,4.81,
2007/1/25,7.7705,97.8396,4.87,
2007/1/26,7.7748,98.1491,4.88,
2007/1/29,7.773,98.2066,4.9,
2007/1/30,7.775,98.1515,4.88,
2007/1/31,7.7714,97.964,4.83,
2007/2/1,7.7575,97.7101,4.84,204.226
2007/2/2,7.7555,97.9743,4.83,
2007/2/5,7.7602,97.87,4.81,
2007/2/6,7.7565,97.7357,4.77,
2007/2/7,7.7474,97.7239,4.74,
2007/2/8,7.7484,97.8169,4.73,
2007/2/9,7.7476,97.7076,4.79,
2007/2/12,7.757,97.9409,4.8,
2007/2/13,7.7632,97.7063,4.82,
2007/2/14,7.7565,97.2779,4.74,
2007/2/15,7.7545,97.1588,4.7,
2007/2/16,7.7426,97.164,4.69,
2007/2/19,,97.1545,,
2007/2/20,7.7466,97.321,4.68,
2007/2/21,7.7426,97.27,4.69,
2007/2/22,7.7436,97.266,4.73,
2007/2/23,7.7416,97.1756,4.68,
2007/2/26,7.75,97.2281,4.63,
2007/2/27,7.7416,97.0883,4.5,
2007/2/28,7.741,97.2386,4.56,
2007/3/1,7.7435,97.3358,4.56,205.288
2007/3/2,7.7445,97.3691,4.52,
2007/3/5,7.7415,97.6716,4.51,
2007/3/6,7.7453,97.5123,4.53,
2007/3/7,7.743,97.4558,4.5,
2007/3/8,7.74,97.5731,4.51,
2007/3/9,7.7445,97.4559,4.59,
2007/3/12,7.7454,97.3013,4.56,
2007/3/13,7.741,97.2203,4.5,
2007/3/14,7.737,97.2759,4.53,
2007/3/15,7.743,97.2476,4.54,
2007/3/16,7.728,97.0407,4.55,
2007/3/19,7.7355,97.1062,4.58,
2007/3/20,7.732,96.7985,4.56,
2007/3/21,7.735,96.6195,4.53,
2007/3/22,7.7286,96.3893,4.6,
2007/3/23,7.729,96.5662,4.62,
2007/3/26,7.7396,96.5493,4.6,
2007/3/27,7.7334,96.4558,4.62,
2007/3/28,7.7318,96.4894,4.62,
2007/3/29,7.728,96.5067,4.64,
2007/3/30,7.7232,96.3183,4.65,
2007/4/1,,,,205.904
2007/4/2,7.7296,96.3175,4.65,
2007/4/3,7.7267,96.3774,4.67,
2007/4/4,7.7345,96.3646,4.66,
2007/4/5,7.725,96.1188,4.68,
2007/4/6,7.7248,96.2526,4.76,
2007/4/9,7.729,96.293,4.75,
2007/4/10,7.7304,96.1179,4.73,
2007/4/11,7.7317,96.0293,4.74,
2007/4/12,7.724,95.7999,4.74,
2007/4/13,7.7222,95.711,4.76,
2007/4/16,7.7283,95.5538,4.74,
2007/4/17,7.7288,95.3832,4.69,
2007/4/18,7.7208,95.3109,4.66,
2007/4/19,7.7125,95.2712,4.68,
2007/4/20,7.715,95.1692,4.68,
2007/4/23,7.728,95.1833,4.66,
2007/4/24,7.7345,95.1608,4.63,
2007/4/25,7.7203,94.8497,4.66,
2007/4/26,7.73,95.1653,4.69,
2007/4/27,7.7139,95.0103,4.71,
2007/4/30,7.709,94.8365,4.63,
2007/5/1,7.7065,95.0037,4.64,206.755
2007/5/2,7.7039,95.0352,4.65,
2007/5/3,7.705,95.0167,4.68,
2007/5/4,7.7035,94.9118,4.65,
2007/5/7,7.7039,94.6914,4.64,
2007/5/8,7.6951,94.8648,4.63,
2007/5/9,7.6941,94.7933,4.67,
2007/5/10,7.6936,94.9506,4.65,
2007/5/11,7.6835,95.0035,4.67,
2007/5/14,7.6719,94.8267,4.69,
2007/5/15,7.6938,94.5574,4.71,
2007/5/16,7.683,94.8143,4.71,
2007/5/17,7.673,94.8339,4.76,
2007/5/18,7.6636,94.6573,4.81,
2007/5/21,7.6656,94.7026,4.79,
2007/5/22,7.656,94.5753,4.83,
2007/5/23,7.649,94.4557,4.86,
2007/5/24,7.6525,94.7025,4.86,
2007/5/25,7.6527,94.5022,4.86,
2007/5/28,,94.4959,,
2007/5/29,7.6514,94.3533,4.88,
2007/5/30,7.6463,94.549,4.88,
2007/5/31,7.6516,94.3215,4.9,
2007/6/1,7.6483,94.132,4.95,207.234
2007/6/4,7.6503,93.9969,4.93,
2007/6/5,7.6397,93.9986,4.98,
2007/6/6,7.6377,94.1217,4.97,
2007/6/7,7.6525,94.3537,5.11,
2007/6/8,7.6666,94.7599,5.12,
2007/6/11,7.668,94.6576,5.14,
2007/6/12,7.6456,94.6991,5.26,
2007/6/13,7.637,94.9011,5.2,
2007/6/14,7.642,94.9029,5.23,
2007/6/15,7.6245,94.6228,5.16,
2007/6/18,7.6193,94.5475,5.15,
2007/6/19,7.6175,94.3227,5.09,
2007/6/20,7.618,94.3618,5.14,
2007/6/21,7.6208,94.6073,5.16,
2007/6/22,7.622,94.4371,5.14,
2007/6/25,7.6187,94.5105,5.09,
2007/6/26,7.6178,94.4678,5.1,
2007/6/27,7.621,94.5633,5.09,
2007/6/28,7.6198,94.2395,5.12,
2007/6/29,7.612,94.1393,5.03,
2007/7/1,,,,207.603
2007/7/2,7.6055,93.634,5,
2007/7/3,7.5948,93.697,5.05,
2007/7/4,,93.6965,,
2007/7/5,7.6,93.7653,5.16,
2007/7/6,7.6,93.5759,5.19,
2007/7/9,7.6055,93.5519,5.16,
2007/7/10,7.5855,93.3339,5.03,
2007/7/11,7.566,93.3089,5.09,
2007/7/12,7.569,93.1198,5.13,
2007/7/13,7.571,93.0133,5.11,
2007/7/16,7.566,92.9094,5.05,
2007/7/17,7.5651,92.9095,5.08,
2007/7/18,7.5655,92.7959,5.02,
2007/7/19,7.558,92.7332,5.04,
2007/7/20,7.5727,92.7179,4.96,
2007/7/23,7.5652,92.6585,4.97,
2007/7/24,7.566,92.505,4.94,
2007/7/25,7.5596,92.9189,4.92,
2007/7/26,7.568,93.1186,4.79,
2007/7/27,7.564,93.5485,4.8,
2007/7/30,7.57,93.5918,4.82,
2007/7/31,7.572,93.4264,4.78,
2007/8/1,7.567,93.4011,4.76,207.667
2007/8/2,7.5733,93.3038,4.77,
2007/8/3,7.567,93.1039,4.71,
2007/8/6,7.5608,93.1112,4.72,
2007/8/7,7.57,93.3171,4.77,
2007/8/8,7.5748,93.0989,4.84,
2007/8/9,7.5663,93.441,4.79,
2007/8/10,7.5698,93.5214,4.81,
2007/8/13,7.5835,93.6032,4.78,
2007/8/14,7.578,94.0416,4.73,
2007/8/15,7.585,94.5014,4.69,
2007/8/16,7.6181,94.9055,4.6,
2007/8/17,7.596,94.319,4.68,
2007/8/20,7.585,94.2138,4.64,
2007/8/21,7.594,94.2676,4.6,
2007/8/22,7.5937,94.0998,4.63,
2007/8/23,7.5867,93.9827,4.62,
2007/8/24,7.567,93.6863,4.63,
2007/8/27,7.5604,93.6109,4.6,
2007/8/28,7.5535,93.8394,4.53,
2007/8/29,7.549,93.7174,4.57,
2007/8/30,7.542,93.7324,4.51,
2007/8/31,7.5462,93.6674,4.54,
2007/9/1,,,,208.547
2007/9/3,7.5462,93.6691,,
2007/9/4,7.551,93.6433,4.56,
2007/9/5,7.554,93.5453,4.48,
2007/9/6,7.533,93.4468,4.51,
2007/9/7,7.537,93.2939,4.38,
2007/9/10,7.5235,93.2349,4.34,
2007/9/11,7.522,92.9244,4.37,
2007/9/12,7.521,92.6386,4.41,
2007/9/13,7.511,92.6172,4.49,
2007/9/14,7.517,92.7083,4.47,
2007/9/17,7.519,92.823,4.48,
2007/9/18,7.522,92.6584,4.5,
2007/9/19,7.5135,92.1534,4.53,
2007/9/20,7.5055,91.4212,4.69,
2007/9/21,7.5,91.4854,4.64,
2007/9/24,7.5075,91.4017,4.63,
2007/9/25,7.514,91.3392,4.63,
2007/9/26,7.516,91.4335,4.63,
2007/9/27,7.5135,91.3497,4.58,
2007/9/28,7.4928,90.9446,4.59,
2007/10/1,7.5158,90.8801,4.56,209.19
2007/10/2,7.5093,91.12,4.54,
2007/10/3,7.5,91.1038,4.55,
2007/10/4,7.5098,91.1632,4.54,
2007/10/5,7.5098,90.7393,4.65,
2007/10/8,7.5098,90.748,,
2007/10/9,7.5095,90.8609,4.67,
2007/10/10,7.5075,90.7154,4.65,
2007/10/11,7.508,90.4901,4.66,
2007/10/12,7.509,90.5945,4.7,
2007/10/15,7.513,90.5387,4.69,
2007/10/16,7.5116,90.7123,4.66,
2007/10/17,7.5156,90.515,4.57,
2007/10/18,7.5148,90.3084,4.52,
2007/10/19,7.508,90.1014,4.41,
2007/10/22,7.5075,90.6777,4.42,
2007/10/23,7.502,90.1899,4.41,
2007/10/24,7.4925,90.2262,4.36,
2007/10/25,7.48,89.9925,4.37,
2007/10/26,7.4976,89.6508,4.41,
2007/10/29,7.4728,89.4118,4.39,
2007/10/30,7.472,89.3252,4.4,
2007/10/31,7.4682,89.1389,4.48,
2007/11/1,7.4582,89.1628,4.36,210.834
2007/11/2,7.458,88.8924,4.31,
2007/11/5,7.455,88.8851,4.35,
2007/11/6,7.4515,88.4938,4.38,
2007/11/7,7.442,88.0631,4.34,
2007/11/8,7.4211,88.2631,4.28,
2007/11/9,7.419,88.4615,4.23,
2007/11/12,,88.465,,
2007/11/13,7.4279,89.1016,4.26,
2007/11/14,7.425,88.9671,4.28,
2007/11/15,7.425,89.4413,4.17,
2007/11/16,7.425,89.3182,4.15,
2007/11/19,7.4313,89.5262,4.07,
2007/11/20,7.4225,89.2622,4.06,
2007/11/21,7.416,89.3352,4,
2007/11/22,7.416,89.3269,,
2007/11/23,7.4079,89.2384,4.01,
2007/11/26,7.397,89.145,3.83,
2007/11/27,7.3865,89.4082,3.95,
2007/11/28,7.3905,89.4195,4.03,
2007/11/29,7.38,89.3681,3.94,
2007/11/30,7.385,89.6212,3.97,
2007/12/1,,,,211.445
2007/12/3,7.401,89.6403,3.89,
2007/12/4,7.405,89.6672,3.89,
2007/12/5,7.39,89.8751,3.92,
2007/12/6,7.412,89.9268,4.02,
2007/12/7,7.407,89.74,4.12,
2007/12/10,7.39,89.6811,4.15,
2007/12/11,7.379,89.7176,3.98,
2007/12/12,7.374,89.7349,4.05,
2007/12/13,7.37,90.1374,4.18,
2007/12/14,7.375,90.4345,4.24,
2007/12/17,7.3805,90.5363,4.2,
2007/12/18,7.3741,90.5602,4.14,
2007/12/19,7.3718,90.6147,4.06,
2007/12/20,7.3669,90.4695,4.04,
2007/12/21,7.368,90.3672,4.18,
2007/12/24,7.3475,90.1788,4.23,
2007/12/25,,90.1786,,
2007/12/26,7.345,89.9226,4.3,
2007/12/27,7.3079,89.684,4.21,
2007/12/28,7.304,89.4069,4.11,
2007/12/31,7.2946,89.6304,4.04,
2008/1/1,,89.6297,,212.174
2008/1/2,7.2946,89.3514,3.91,
2008/1/3,7.2755,89.231,3.91,
2008/1/4,7.2695,89.2467,3.88,
2008/1/7,7.2705,89.5718,3.86,
2008/1/8,7.267,89.3398,3.86,
2008/1/9,7.2625,89.6807,3.82,
2008/1/10,7.27,89.6226,3.91,
2008/1/11,7.2615,89.5215,3.82,
2008/1/14,7.2526,89.2749,3.81,
2008/1/15,7.2345,89.1555,3.72,
2008/1/16,7.24,89.6701,3.74,
2008/1/17,7.2245,89.6484,3.66,
2008/1/18,7.2424,89.8993,3.66,
2008/1/21,,89.9265,,
2008/1/22,7.2456,89.84,3.52,
2008/1/23,7.24,89.9138,3.51,
2008/1/24,7.2228,89.203,3.68,
2008/1/25,7.2115,89.2184,3.61,
2008/1/28,7.195,88.9555,3.61,
2008/1/29,7.1965,88.8342,3.69,
2008/1/30,7.1912,88.7442,3.78,
2008/1/31,7.1818,88.6547,3.67,
2008/2/1,7.1845,88.4824,3.62,212.687
2008/2/4,7.1915,88.4788,3.68,
2008/2/5,7.1835,89.076,3.61,
2008/2/6,7.183,88.9987,3.61,
2008/2/7,7.183,89.4221,3.74,
2008/2/8,7.183,89.2226,3.64,
2008/2/11,7.1905,89.2149,3.62,
2008/2/12,7.184,88.9539,3.66,
2008/2/13,7.1973,89.1382,3.7,
2008/2/14,7.188,88.9055,3.85,
2008/2/15,7.178,88.9006,3.76,
2008/2/18,,88.9004,,
2008/2/19,7.1485,88.9626,3.89,
2008/2/20,7.1425,89.2572,3.93,
2008/2/21,7.1395,88.716,3.77,
2008/2/22,7.14,88.7082,3.79,
2008/2/25,7.1522,88.5373,3.91,
2008/2/26,7.158,88.0998,3.88,
2008/2/27,7.14,87.3353,3.85,
2008/2/28,7.11,87.0363,3.71,
2008/2/29,7.1115,87.1654,3.53,
2008/3/1,,,,213.448
2008/3/3,7.1035,87.2381,3.54,
2008/3/4,7.106,87.3039,3.63,
2008/3/5,7.1075,87.1347,3.7,
2008/3/6,7.1059,86.9105,3.62,
2008/3/7,7.111,87.1258,3.56,
2008/3/10,7.106,87.1452,3.46,
2008/3/11,7.1027,87.1763,3.6,
2008/3/12,7.101,86.728,3.49,
2008/3/13,7.09,86.3891,3.56,
2008/3/14,7.089,86.4301,3.44,
2008/3/17,7.083,86.3417,3.34,
2008/3/18,7.0795,86.1191,3.48,
2008/3/19,7.066,86.5755,3.38,
2008/3/20,7.052,87.3293,3.34,
2008/3/21,7.0515,87.2111,,
2008/3/24,7.055,87.3103,3.56,
2008/3/25,7.044,86.8339,3.51,
2008/3/26,7.029,86.5513,3.51,
2008/3/27,7.0105,86.4583,3.56,
2008/3/28,7.012,86.6369,3.47,
2008/3/31,7.012,86.6881,3.45,
2008/4/1,7.0116,87.0276,3.57,213.942
2008/4/2,7.0185,86.8886,3.6,
2008/4/3,7.015,86.6424,3.61,
2008/4/4,7.015,86.5108,3.5,
2008/4/7,7.001,86.603,3.57,
2008/4/8,7.0008,86.7369,3.58,
2008/4/9,7.0017,86.5764,3.49,
2008/4/10,6.991,86.5131,3.55,
2008/4/11,7.006,86.5029,3.49,
2008/4/14,6.999,86.3492,3.53,
2008/4/15,6.9945,86.4705,3.6,
2008/4/16,6.992,85.9037,3.72,
2008/4/17,6.984,86.1077,3.75,
2008/4/18,7.0065,86.5277,3.77,
2008/4/21,6.9996,86.2979,3.75,
2008/4/22,6.989,85.927,3.74,
2008/4/23,6.9895,86.3841,3.77,
2008/4/24,6.9955,86.7154,3.87,
2008/4/25,7.0095,86.8337,3.91,
2008/4/28,7.002,86.7635,3.86,
2008/4/29,6.9845,86.873,3.85,
2008/4/30,6.987,86.8907,3.77,
2008/5/1,6.9876,87.1347,3.78,215.208
2008/5/2,6.987,87.2311,3.89,
2008/5/5,6.9815,87.0636,3.88,
2008/5/6,6.986,86.847,3.93,
2008/5/7,6.986,87.3421,3.87,
2008/5/8,7,87.4575,3.79,
2008/5/9,6.9876,87.2528,3.77,
2008/5/12,6.9881,87.0403,3.78,
2008/5/13,6.9889,87.1332,3.9,
2008/5/14,6.999,87.3659,3.92,
2008/5/15,6.9943,87.1823,3.83,
2008/5/16,6.988,86.7855,3.85,
2008/5/19,6.97,86.8225,3.83,
2008/5/20,6.9725,86.5627,3.78,
2008/5/21,6.9592,86.1595,3.81,
2008/5/22,6.942,86.3223,3.92,
2008/5/23,6.9412,86.1922,3.85,
2008/5/26,,86.19,,
2008/5/27,6.945,86.4459,3.93,
2008/5/28,6.9408,86.4951,4.03,
2008/5/29,6.9377,86.5616,4.08,
2008/5/30,6.94,86.5504,4.06,
2008/6/1,,,,217.463
2008/6/2,6.9325,86.6321,3.98,
2008/6/3,6.9341,86.8359,3.92,
2008/6/4,6.9633,87.0999,3.98,
2008/6/5,6.946,87.0968,4.06,
2008/6/6,6.923,86.8028,3.94,
2008/6/9,6.923,86.9096,4.02,
2008/6/10,6.9248,87.4705,4.11,
2008/6/11,6.9095,87.2059,4.1,
2008/6/12,6.907,87.6187,4.23,
2008/6/13,6.9044,87.7622,4.27,
2008/6/16,6.8911,87.3911,4.25,
2008/6/17,6.8954,87.2103,4.23,
2008/6/18,6.8821,87.1872,4.16,
2008/6/19,6.877,87.0815,4.22,
2008/6/20,6.8796,86.9036,4.16,
2008/6/23,6.874,87.2163,4.19,
2008/6/24,6.8699,86.9666,4.1,
2008/6/25,6.8653,87.0535,4.12,
2008/6/26,6.863,86.6793,4.07,
2008/6/27,6.8618,86.643,3.99,
2008/6/30,6.8591,86.7621,3.99,
2008/7/1,6.8608,86.8447,4.01,219.016
2008/7/2,6.8542,86.4782,3.99,
2008/7/3,6.8529,86.8843,3.99,
2008/7/4,,86.8781,,
2008/7/7,6.8567,86.9617,3.95,
2008/7/8,6.851,86.9778,3.91,
2008/7/9,6.8632,86.5335,3.85,
2008/7/10,6.843,86.5122,3.83,
2008/7/11,6.8338,86.221,3.96,
2008/7/14,6.845,86.1079,3.9,
2008/7/15,6.8211,85.8731,3.87,
2008/7/16,6.8104,85.9285,3.97,
2008/7/17,6.8189,85.9387,4.07,
2008/7/18,6.8168,86.0735,4.11,
2008/7/21,6.8271,86.0151,4.09,
2008/7/22,6.8248,86.1909,4.14,
2008/7/23,6.8279,86.2664,4.16,
2008/7/24,6.8292,86.4017,4.03,
2008/7/25,6.8189,86.3916,4.13,
2008/7/28,6.8332,86.4666,4.06,
2008/7/29,6.8264,86.8175,4.09,
2008/7/30,6.8272,86.8167,4.07,
2008/7/31,6.8388,86.8567,3.99,
2008/8/1,6.8423,86.8257,3.97,218.69
2008/8/4,6.8471,87.0611,3.98,
2008/8/5,6.8501,87.3281,4.04,
2008/8/6,6.8482,87.6004,4.06,
2008/8/7,6.8555,87.8732,3.92,
2008/8/8,6.8604,88.8939,3.94,
2008/8/11,6.8577,89.035,3.99,
2008/8/12,6.8659,89.1916,3.91,
2008/8/13,6.8601,89.3211,3.94,
2008/8/14,6.86,89.3675,3.89,
2008/8/15,6.8649,89.7244,3.84,
2008/8/18,6.8705,89.5966,3.82,
2008/8/19,6.8599,89.6465,3.83,
2008/8/20,6.8529,89.6977,3.79,
2008/8/21,6.8405,88.9128,3.84,
2008/8/22,6.8333,89.2381,3.87,
2008/8/25,6.848,89.3094,3.79,
2008/8/26,6.78,89.7007,3.79,
2008/8/27,6.807,89.6419,3.77,
2008/8/28,6.8405,89.8225,3.79,
2008/8/29,6.8252,90.0567,3.83,
2008/9/1,,90.08,,218.877
2008/9/2,6.8215,90.8438,3.74,
2008/9/3,6.8429,90.8286,3.71,
2008/9/4,6.851,91.1621,3.64,
2008/9/5,6.84,91.341,3.66,
2008/9/8,6.8438,91.663,3.66,
2008/9/9,6.8381,91.5779,3.62,
2008/9/10,6.835,92.1283,3.65,
2008/9/11,6.8465,92.4901,3.64,
2008/9/12,6.781,91.4706,3.74,
2008/9/15,6.8482,91.757,3.47,
2008/9/16,6.8391,92.0594,3.48,
2008/9/17,6.829,92.0982,3.41,
2008/9/18,6.8375,91.7111,3.54,
2008/9/19,6.8355,91.0014,3.78,
2008/9/22,6.8306,90.1119,3.83,
2008/9/23,6.8114,90.1221,3.85,
2008/9/24,6.8233,90.4602,3.8,
2008/9/25,6.815,90.4651,3.88,
2008/9/26,6.8431,90.6872,3.85,
2008/9/29,6.8431,91.3961,3.61,
2008/9/30,6.7899,92.3773,3.85,
2008/10/1,6.8485,92.511,3.77,216.995
2008/10/2,6.842,93.3792,3.66,
2008/10/3,6.8431,93.5414,3.63,
2008/10/6,6.842,95.1629,3.48,
2008/10/7,6.8171,95.4889,3.5,
2008/10/8,6.8171,96.9684,3.72,
2008/10/9,6.8202,96.5143,3.84,
2008/10/10,6.8357,97.999,3.89,
2008/10/13,,97.9686,,
2008/10/14,6.8339,96.2544,4.08,
2008/10/15,6.835,97.2045,4.04,
2008/10/16,6.8332,98.368,3.99,
2008/10/17,6.8332,97.7255,3.98,
2008/10/20,6.8299,98.1605,3.91,
2008/10/21,6.8337,99.4242,3.76,
2008/10/22,6.8341,101.2131,3.65,
2008/10/23,6.8354,101.1071,3.63,
2008/10/24,6.8432,101.8442,3.76,
2008/10/27,6.8521,102.3415,3.79,
2008/10/28,6.8385,102.4236,3.89,
2008/10/29,6.839,100.0967,3.93,
2008/10/30,6.8408,99.4568,4,
2008/10/31,6.8388,99.7662,4.01,
2008/11/1,,,,213.153
2008/11/3,6.8373,99.4345,3.96,
2008/11/4,6.836,97.9957,3.81,
2008/11/5,6.8285,98.0953,3.73,
2008/11/6,6.8245,99.5364,3.75,
2008/11/7,6.8255,99.3944,3.83,
2008/11/10,6.8267,99.5897,3.82,
2008/11/11,,99.6041,,
2008/11/12,6.8293,101.1947,3.75,
2008/11/13,6.8291,101.774,3.84,
2008/11/14,6.8236,100.9705,3.72,
2008/11/17,6.8264,101.1029,3.68,
2008/11/18,6.8239,101.3965,3.53,
2008/11/19,6.8295,101.8804,3.38,
2008/11/20,6.834,103.2737,3.1,
2008/11/21,6.8302,103.6289,3.2,
2008/11/24,6.8249,101.502,3.35,
2008/11/25,6.822,100.7997,3.11,
2008/11/26,6.8282,101.2566,2.99,
2008/11/27,,101.2564,,
2008/11/28,6.8254,101.6468,2.93,
2008/12/1,6.8842,102.1744,2.72,211.398
2008/12/2,6.8786,101.9891,2.68,
2008/12/3,6.8746,102.4251,2.67,
2008/12/4,6.8817,102.0715,2.55,
2008/12/5,6.8812,103.4902,2.67,
2008/12/8,6.877,101.7227,2.77,
2008/12/9,6.873,101.7346,2.67,
2008/12/10,6.864,101.2913,2.69,
2008/12/11,6.8513,99.5101,2.64,
2008/12/12,6.842,100.319,2.6,
2008/12/15,6.848,99.1001,2.53,
2008/12/16,6.8448,98.4771,2.37,
2008/12/17,6.835,96.8227,2.2,
2008/12/18,6.8341,96.8447,2.08,
2008/12/19,6.844,98.1278,2.13,
2008/12/22,6.851,98.1643,2.16,
2008/12/23,6.848,98.2698,2.18,
2008/12/24,6.8355,98.2249,2.2,
2008/12/25,,98.2419,,
2008/12/26,6.8409,98.2594,2.16,
2008/12/29,6.8447,97.9359,2.13,
2008/12/30,6.8295,98.3833,2.11,
2008/12/31,6.8225,98.6518,2.25,
2009/1/1,,,,211.933
2009/1/2,6.8225,98.6008,2.46,
2009/1/5,6.83,98.9195,2.49,
2009/1/6,6.836,98.7871,2.51,
2009/1/7,6.833,98.089,2.52,
2009/1/8,6.8342,98.3223,2.47,
2009/1/9,6.835,98.8752,2.43,
2009/1/12,6.8362,99.6022,2.34,
2009/1/13,6.8341,100.3597,2.33,
2009/1/14,6.8347,100.7546,2.24,
2009/1/15,6.8363,101.4653,2.23,
2009/1/16,6.8369,100.711,2.36,
2009/1/19,,,,
2009/1/20,6.8403,,2.4,
2009/1/21,6.8392,102.1007,2.56,
2009/1/22,6.837,101.8432,2.62,
2009/1/23,6.8392,102.1096,2.65,
2009/1/26,6.8392,100.9764,2.7,
2009/1/27,6.8392,101.1702,2.59,
2009/1/28,6.8392,100.5461,2.71,
2009/1/29,6.8392,101.3398,2.87,
2009/1/30,6.8392,102.1169,2.87,
2009/2/1,,,,212.705
2009/2/2,6.847,102.5067,2.76,
2009/2/3,6.8399,101.8506,2.89,
2009/2/4,6.8335,101.9056,2.95,
2009/2/5,6.8355,101.9517,2.95,
2009/2/6,6.8338,101.7455,3.05,
2009/2/9,6.8392,100.9637,3.07,
2009/2/10,6.8241,101.7094,2.9,
2009/2/11,6.8332,102.24,2.78,
2009/2/12,6.8345,102.598,2.75,
2009/2/13,6.8392,102.2958,2.89,
2009/2/16,,,,
2009/2/17,6.8355,103.7625,2.64,
2009/2/18,6.8378,104.0385,2.74,
2009/2/19,6.8348,103.7656,2.85,
2009/2/20,6.8367,104.0244,2.78,
2009/2/23,6.8355,103.7416,2.78,
2009/2/24,6.8368,103.9829,2.8,
2009/2/25,6.8369,104.3086,2.95,
2009/2/26,6.8361,104.1813,2.98,
2009/2/27,6.8395,104.9284,3.02,
2009/3/1,,,,212.495
2009/3/2,6.8438,105.9617,2.91,
2009/3/3,6.8413,106.0249,2.93,
2009/3/4,6.8432,105.4558,3.01,
2009/3/5,6.8406,105.8064,2.83,
2009/3/6,6.8395,105.3937,2.83,
2009/3/9,6.8398,106.0182,2.89,
2009/3/10,6.841,105.1153,2.99,
2009/3/11,6.8399,104.8499,2.95,
2009/3/12,6.8383,104.89,2.89,
2009/3/13,6.838,104.1106,2.89,
2009/3/16,6.8381,103.2005,2.97,
2009/3/17,6.8369,103.2305,3.02,
2009/3/18,6.8347,103.0005,2.51,
2009/3/19,6.824,100.3951,2.61,
2009/3/20,6.8277,101.0581,2.65,
2009/3/23,6.8335,101.103,2.68,
2009/3/24,6.8294,101.0319,2.68,
2009/3/25,6.8304,100.9674,2.81,
2009/3/26,6.832,101.097,2.76,
2009/3/27,6.831,101.8388,2.78,
2009/3/30,6.836,102.749,2.73,
2009/3/31,6.8329,102.3761,2.71,
2009/4/1,6.8339,102.1252,2.68,212.709
2009/4/2,6.834,100.8733,2.77,
2009/4/3,6.8343,100.6429,2.91,
2009/4/6,6.8343,100.9428,2.95,
2009/4/7,6.8361,100.9808,2.93,
2009/4/8,6.835,100.8948,2.86,
2009/4/9,6.834,100.7988,2.96,
2009/4/10,6.8333,100.7597,,
2009/4/13,6.8347,100.1369,2.88,
2009/4/14,6.832,99.9097,2.8,
2009/4/15,6.8321,100.1497,2.82,
2009/4/16,6.8316,100.0517,2.86,
2009/4/17,6.8325,100.5719,2.98,
2009/4/20,6.8331,101.448,2.88,
2009/4/21,6.8254,101.1794,2.94,
2009/4/22,6.8296,101.1142,2.98,
2009/4/23,6.8265,101.0065,2.96,
2009/4/24,6.825,100.0244,3.03,
2009/4/27,6.827,100.7258,2.95,
2009/4/28,6.8266,101.3145,3.05,
2009/4/29,6.8243,100.0009,3.12,
2009/4/30,6.818,100.1042,3.16,
2009/5/1,6.818,100.0057,3.21,213.022
2009/5/4,6.8223,99.134,3.19,
2009/5/5,6.8185,98.8529,3.2,
2009/5/6,6.8176,98.9044,3.18,
2009/5/7,6.8215,98.552,3.29,
2009/5/8,6.82,98.1269,3.29,
2009/5/11,6.823,97.747,3.17,
2009/5/12,6.821,97.8269,3.17,
2009/5/13,6.822,98.0276,3.11,
2009/5/14,6.8248,98.1271,3.1,
2009/5/15,6.8225,98.1063,3.14,
2009/5/18,6.8265,97.9412,3.22,
2009/5/19,6.8245,97.2827,3.25,
2009/5/20,6.8248,96.5707,3.19,
2009/5/21,6.8245,96.6039,3.35,
2009/5/22,6.8227,95.8788,3.45,
2009/5/25,,,,
2009/5/26,6.8326,95.988,3.5,
2009/5/27,6.8272,95.9622,3.71,
2009/5/28,6.8278,96.1313,3.67,
2009/5/29,6.8278,95.268,3.47,
2009/6/1,6.8264,94.8107,3.71,214.79
2009/6/2,6.8305,94.6556,3.65,
2009/6/3,6.829,95.0751,3.56,
2009/6/4,6.8331,95.2922,3.72,
2009/6/5,6.8329,96.0412,3.84,
2009/6/8,6.8371,96.6548,3.91,
2009/6/9,6.8353,95.9537,3.86,
2009/6/10,6.833,96.1277,3.98,
2009/6/11,6.8358,95.4993,3.88,
2009/6/12,6.8352,95.836,3.81,
2009/6/15,6.8361,96.7519,3.76,
2009/6/16,6.8338,96.2616,3.67,
2009/6/17,6.8364,96.64,3.68,
2009/6/18,6.8344,96.1482,3.86,
2009/6/19,6.836,96.0325,3.79,
2009/6/22,6.834,96.8818,3.72,
2009/6/23,6.8346,96.5196,3.65,
2009/6/24,6.8307,96.2369,3.72,
2009/6/25,6.8344,96.7072,3.55,
2009/6/26,6.833,96.1935,3.52,
2009/6/29,6.8334,96.242,3.51,
2009/6/30,6.8302,96.3761,3.53,
2009/7/1,6.8331,95.6581,3.55,214.726
2009/7/2,6.8312,96.3216,3.51,
2009/7/3,6.832,,,
2009/7/6,6.8342,96.6174,3.52,
2009/7/7,6.8326,96.6321,3.47,
2009/7/8,6.8323,97.0204,3.33,
2009/7/9,6.8317,96.6219,3.44,
2009/7/10,6.8325,97.0819,3.32,
2009/7/13,6.8326,96.9995,3.38,
2009/7/14,6.833,96.6599,3.5,
2009/7/15,6.8315,95.8004,3.63,
2009/7/16,6.831,95.7241,3.59,
2009/7/17,6.8309,95.6036,3.67,
2009/7/20,6.8303,95.0903,3.61,
2009/7/21,6.83,95.0564,3.5,
2009/7/22,6.8305,94.8659,3.58,
2009/7/23,6.8308,94.532,3.72,
2009/7/24,6.8313,94.7046,3.7,
2009/7/27,6.8312,94.6659,3.75,
2009/7/28,6.8308,94.5592,3.72,
2009/7/29,6.8314,95.1678,3.69,
2009/7/30,6.8321,94.8967,3.67,
2009/7/31,6.8319,94.2526,3.52,
2009/8/1,,,,215.445
2009/8/3,6.8308,93.6331,3.66,
2009/8/4,6.8302,93.7281,3.7,
2009/8/5,6.8307,93.7848,3.8,
2009/8/6,6.8312,93.9358,3.79,
2009/8/7,6.8316,94.4692,3.89,
2009/8/10,6.8341,94.6087,3.8,
2009/8/11,6.8349,94.8678,3.71,
2009/8/12,6.8349,94.5394,3.72,
2009/8/13,6.8336,94.2392,3.59,
2009/8/14,6.8341,94.475,3.55,
2009/8/17,6.8358,95.1024,3.48,
2009/8/18,6.8337,95.1118,3.51,
2009/8/19,6.834,94.4084,3.45,
2009/8/20,6.8317,94.3492,3.42,
2009/8/21,6.8313,94.0103,3.56,
2009/8/24,6.8308,93.9345,3.48,
2009/8/25,6.8318,93.9066,3.45,
2009/8/26,6.8309,94.8662,3.44,
2009/8/27,6.8316,94.7943,3.47,
2009/8/28,6.83,94.4489,3.46,
2009/8/31,6.8299,94.6202,3.4,
2009/9/1,6.8295,95.2201,3.38,215.861
2009/9/2,6.8303,95.1575,3.29,
2009/9/3,6.8298,94.959,3.33,
2009/9/4,6.8293,94.5811,3.45,
2009/9/7,,,,
2009/9/8,6.827,93.7323,3.47,
2009/9/9,6.8286,93.6915,3.48,
2009/9/10,6.8291,93.6947,3.36,
2009/9/11,6.828,93.3225,3.34,
2009/9/14,6.8282,93.6196,3.42,
2009/9/15,6.8289,93.4427,3.47,
2009/9/16,6.8247,92.9072,3.48,
2009/9/17,6.8262,92.8287,3.42,
2009/9/18,6.827,93.1233,3.49,
2009/9/21,6.8287,93.3547,3.49,
2009/9/22,6.8268,92.8664,3.46,
2009/9/23,6.8254,92.979,3.44,
2009/9/24,6.8263,93.4708,3.4,
2009/9/25,6.8273,93.5535,3.34,
2009/9/28,6.8265,93.4669,3.31,
2009/9/29,6.8273,93.7776,3.31,
2009/9/30,6.8262,93.1907,3.31,
2009/10/1,6.826,93.5995,3.21,216.509
2009/10/2,6.826,93.6756,3.24,
2009/10/5,6.826,93.3356,3.24,
2009/10/6,6.826,92.619,3.27,
2009/10/7,6.826,92.794,3.21,
2009/10/8,6.826,92.2074,3.27,
2009/10/9,6.8248,92.2984,3.4,
2009/10/12,,,,
2009/10/13,6.8264,91.8273,3.34,
2009/10/14,6.8261,91.5047,3.45,
2009/10/15,6.827,91.4367,3.49,
2009/10/16,6.8266,91.6541,3.43,
2009/10/19,6.8266,91.4406,3.41,
2009/10/20,6.8254,91.801,3.35,
2009/10/21,6.8272,91.3805,3.42,
2009/10/22,6.8287,91.6075,3.44,
2009/10/23,6.828,91.7331,3.51,
2009/10/26,6.8278,92.0998,3.59,
2009/10/27,6.8292,92.5335,3.49,
2009/10/28,6.827,92.8152,3.44,
2009/10/29,6.8269,92.4708,3.53,
2009/10/30,6.8264,92.6207,3.41,
2009/11/1,,,,217.234
2009/11/2,6.8268,92.4501,3.45,
2009/11/3,6.8278,92.9037,3.5,
2009/11/4,6.8265,92.3725,3.57,
2009/11/5,6.8269,92.3437,3.57,
2009/11/6,6.8266,92.3848,3.54,
2009/11/9,6.8261,91.6861,3.52,
2009/11/10,6.8255,91.6659,3.5,
2009/11/11,,,,
2009/11/12,6.8267,91.9461,3.45,
2009/11/13,6.826,91.5754,3.43,
2009/11/16,6.8263,91.194,3.33,
2009/11/17,6.826,91.7419,3.33,
2009/11/18,6.8269,91.249,3.36,
2009/11/19,6.8283,91.7827,3.35,
2009/11/20,6.8277,91.9906,3.36,
2009/11/23,6.83,91.4864,3.37,
2009/11/24,6.8292,91.5539,3.32,
2009/11/25,6.8272,90.9669,3.28,
2009/11/26,,,,
2009/11/27,6.8272,91.5272,3.21,
2009/11/30,6.8265,91.3717,3.21,
2009/12/1,6.827,90.8323,3.28,217.347
2009/12/2,6.826,90.8906,3.32,
2009/12/3,6.8269,90.9152,3.39,
2009/12/4,6.8261,91.3806,3.48,
2009/12/7,6.8288,91.5414,3.44,
2009/12/8,6.8275,91.9513,3.4,
2009/12/9,6.8275,92.014,3.45,
2009/12/10,6.8264,92.0073,3.49,
2009/12/11,6.8269,92.2946,3.55,
2009/12/14,6.8281,92.0305,3.56,
2009/12/15,6.827,92.3635,3.6,
2009/12/16,6.8279,92.1496,3.61,
2009/12/17,6.8286,93.225,3.5,
2009/12/18,6.828,93.1632,3.55,
2009/12/21,6.8284,,3.69,
2009/12/22,6.8285,93.2903,3.76,
2009/12/23,6.8282,92.9295,3.77,
2009/12/24,6.8271,92.8694,3.82,
2009/12/25,,,,
2009/12/28,6.8299,92.6993,3.85,
2009/12/29,6.8289,92.8838,3.82,
2009/12/30,6.8244,93.0872,3.8,
2009/12/31,6.8259,92.9124,3.85,
2010/1/1,,,,217.488
2010/1/4,6.8273,92.3566,3.85,
2010/1/5,6.8258,92.2236,3.77,
2010/1/6,6.8272,92.0941,3.85,
2010/1/7,6.828,92.3684,3.85,
2010/1/8,6.8274,92.1485,3.83,
2010/1/11,6.8263,91.5997,3.85,
2010/1/12,6.8267,91.7005,3.74,
2010/1/13,6.8295,91.7272,3.8,
2010/1/14,6.8265,91.5864,3.76,
2010/1/15,6.8269,91.7668,3.7,
2010/1/18,,,,
2010/1/19,6.8268,91.9611,3.73,
2010/1/20,6.8258,92.6766,3.68,
2010/1/21,6.8268,92.6627,3.62,
2010/1/22,6.827,92.943,3.62,
2010/1/25,6.8268,92.9099,3.66,
2010/1/26,6.8263,93.3298,3.65,
2010/1/27,6.8268,93.2835,3.66,
2010/1/28,6.8267,93.2635,3.68,
2010/1/29,6.8268,93.7638,3.63,
2010/2/1,6.826,93.7321,3.68,217.281
2010/2/2,6.827,93.4136,3.67,
2010/2/3,6.826,93.6268,3.73,
2010/2/4,6.828,94.1401,3.62,
2010/2/5,6.8275,94.6218,3.59,
2010/2/8,6.8265,,3.62,
2010/2/9,6.8267,,3.67,
2010/2/10,6.828,,3.72,
2010/2/11,6.8328,,3.73,
2010/2/12,6.8326,93.9976,3.69,
2010/2/15,,,,
2010/2/16,6.8326,93.482,3.66,
2010/2/17,6.8326,93.7171,3.74,
2010/2/18,6.833,93.8752,3.79,
2010/2/19,6.829,93.9569,3.78,
2010/2/22,6.8264,93.7402,3.8,
2010/2/23,6.8267,93.9794,3.69,
2010/2/24,6.8269,93.9775,3.7,
2010/2/25,6.8267,94.3797,3.64,
2010/2/26,6.8258,93.6602,3.61,
2010/3/1,6.8263,93.7979,3.61,217.353
2010/3/2,6.8265,93.488,3.62,
2010/3/3,6.8258,92.9861,3.63,
2010/3/4,6.8258,93.4079,3.61,
2010/3/5,6.826,93.2623,3.69,
2010/3/8,6.8261,93.2446,3.72,
2010/3/9,6.8263,93.1941,3.71,
2010/3/10,6.8259,93.0426,3.73,
2010/3/11,6.8266,93.0533,3.73,
2010/3/12,6.8254,92.6616,3.71,
2010/3/15,6.8259,92.9642,3.71,
2010/3/16,6.8257,92.595,3.66,
2010/3/17,6.8259,92.4446,3.65,
2010/3/18,6.8261,92.7451,3.68,
2010/3/19,6.8265,93.0407,3.7,
2010/3/22,6.8266,93.1333,3.67,
2010/3/23,6.8263,93.006,3.69,
2010/3/24,6.8266,93.6468,3.84,
2010/3/25,6.827,93.5885,3.91,
2010/3/26,6.8269,93.6873,3.86,
2010/3/29,6.8264,93.2959,3.88,
2010/3/30,6.8258,93.2627,3.88,
2010/3/31,6.8258,92.8987,3.84,
2010/4/1,6.8263,92.6661,3.89,217.403
2010/4/2,6.8255,92.9057,3.96,
2010/4/5,6.8256,92.6644,4.01,
2010/4/6,6.825,92.7373,3.98,
2010/4/7,6.8254,92.7452,3.89,
2010/4/8,6.824,92.7211,3.91,
2010/4/9,6.8229,92.4772,3.9,
2010/4/12,6.8252,92.243,3.87,
2010/4/13,6.8255,92.2689,3.84,
2010/4/14,6.8258,91.9297,3.88,
2010/4/15,6.826,92.2029,3.86,
2010/4/16,6.8253,92.5253,3.79,
2010/4/19,6.8262,92.8577,3.83,
2010/4/20,6.8253,92.4338,3.82,
2010/4/21,6.8275,92.4482,3.77,
2010/4/22,6.8263,92.7277,3.8,
2010/4/23,6.827,92.6622,3.84,
2010/4/26,6.8266,92.5187,3.83,
2010/4/27,6.8256,93.0956,3.71,
2010/4/28,6.8245,93.4856,3.8,
2010/4/29,6.8259,92.9013,3.76,
2010/4/30,6.8247,92.8423,3.69,
2010/5/1,,,,217.29
2010/5/3,6.8245,93.235,3.72,
2010/5/4,6.826,93.8137,3.63,
2010/5/5,6.8263,94.3968,3.58,
2010/5/6,6.8265,95.3032,3.41,
2010/5/7,6.8254,95.2952,3.45,
2010/5/10,6.8263,94.3096,3.57,
2010/5/11,6.8285,94.4305,3.56,
2010/5/12,6.827,94.5515,3.56,
2010/5/13,6.8278,94.5071,3.55,
2010/5/14,6.8263,95.3746,3.44,
2010/5/17,6.8274,95.9795,3.47,
2010/5/18,6.8273,95.6212,3.38,
2010/5/19,6.8269,96.5083,3.36,
2010/5/20,6.8277,96.9483,3.25,
2010/5/21,6.8262,96.2911,3.2,
2010/5/24,6.8286,96.6433,3.23,
2010/5/25,6.831,97.5487,3.18,
2010/5/26,6.8292,97.1879,3.21,
2010/5/27,6.8296,96.3611,3.34,
2010/5/28,6.8305,96.3062,3.31,
2010/5/31,,,,
2010/6/1,6.8275,96.6123,3.29,217.199
2010/6/2,6.8296,96.615,3.35,
2010/6/3,6.8283,96.461,3.39,
2010/6/4,6.8268,97.1688,3.2,
2010/6/7,6.8322,97.503,3.17,
2010/6/8,6.8294,97.3425,3.18,
2010/6/9,6.8285,96.8938,3.2,
2010/6/10,6.8305,96.4877,3.33,
2010/6/11,6.832,96.5616,3.24,
2010/6/14,6.8323,95.8082,3.28,
2010/6/15,6.8323,95.7049,3.32,
2010/6/16,6.8323,95.5668,3.27,
2010/6/17,6.829,95.4973,3.21,
2010/6/18,6.8267,95.2981,3.24,
2010/6/21,6.7968,94.8505,3.26,
2010/6/22,6.8127,95.1165,3.18,
2010/6/23,6.8124,95.4853,3.13,
2010/6/24,6.8001,95.6194,3.14,
2010/6/25,6.7911,95.4582,3.12,
2010/6/28,6.796,95.2696,3.05,
2010/6/29,6.7977,96.0199,2.97,
2010/6/30,6.7815,95.9934,2.97,
2010/7/1,6.7807,95.8018,2.96,217.605
2010/7/2,6.7709,95.6345,3,
2010/7/5,,,,
2010/7/6,6.7801,95.1069,2.95,
2010/7/7,6.777,95.1795,3,
2010/7/8,6.7763,94.7734,3.04,
2010/7/9,6.772,94.683,3.07,
2010/7/12,6.7709,94.9598,3.08,
2010/7/13,6.772,94.3856,3.15,
2010/7/14,6.7714,94.3247,3.07,
2010/7/15,6.7774,94.1988,3,
2010/7/16,6.775,94.5061,2.96,
2010/7/19,6.778,94.602,2.99,
2010/7/20,6.7781,94.542,2.98,
2010/7/21,6.7769,94.4496,2.9,
2010/7/22,6.7795,94.1135,2.96,
2010/7/23,6.7803,94.1431,3.02,
2010/7/26,6.7788,93.7556,3.03,
2010/7/27,6.7781,93.7583,3.08,
2010/7/28,6.778,93.7506,3.03,
2010/7/29,6.776,93.6004,3.03,
2010/7/30,6.7735,93.2793,2.94,
2010/8/1,,,,217.923
2010/8/2,6.774,92.7916,2.99,
2010/8/3,6.7728,92.6258,2.94,
2010/8/4,6.772,92.731,2.98,
2010/8/5,6.7705,92.6401,2.94,
2010/8/6,6.768,92.5915,2.86,
2010/8/9,6.767,92.6726,2.86,
2010/8/10,6.772,93.2197,2.79,
2010/8/11,6.7745,93.7778,2.72,
2010/8/12,6.7843,93.8905,2.74,
2010/8/13,6.7957,94.0457,2.68,
2010/8/16,6.8038,93.7902,2.58,
2010/8/17,6.792,93.4239,2.64,
2010/8/18,6.7911,93.3719,2.64,
2010/8/19,6.7897,93.7141,2.58,
2010/8/20,6.79,94.2087,2.62,
2010/8/23,6.7995,94.3295,2.6,
2010/8/24,6.7966,94.4362,2.5,
2010/8/25,6.7995,94.7372,2.54,
2010/8/26,6.7998,94.3523,2.5,
2010/8/27,6.7977,94.3462,2.66,
2010/8/30,6.8029,94.5922,2.54,
2010/8/31,6.8069,94.7204,2.47,
2010/9/1,6.8102,94.1148,2.58,218.275
2010/9/2,6.807,94.0852,2.63,
2010/9/3,6.8014,93.6952,2.72,
2010/9/6,,,,
2010/9/7,6.7906,94.042,2.61,
2010/9/8,6.794,93.7785,2.66,
2010/9/9,6.782,93.7033,2.77,
2010/9/10,6.769,93.6768,2.81,
2010/9/13,6.7595,93.0767,2.74,
2010/9/14,6.743,92.6182,2.68,
2010/9/15,6.738,92.9313,2.74,
2010/9/16,6.725,92.9108,2.77,
2010/9/17,6.723,92.9418,2.75,
2010/9/20,6.7135,92.7496,2.72,
2010/9/21,6.7059,92.6684,2.61,
2010/9/22,6.7035,92.0647,2.56,
2010/9/23,6.7046,92.0233,2.56,
2010/9/24,6.7035,91.5996,2.62,
2010/9/27,6.6911,91.4803,2.54,
2010/9/28,6.6904,91.3493,2.48,
2010/9/29,6.6869,91.1632,2.52,
2010/9/30,6.6905,91.3415,2.53,
2010/10/1,6.6895,90.836,2.54,219.035
2010/10/4,6.6912,91.0015,2.5,
2010/10/5,6.6906,90.5622,2.5,
2010/10/6,6.6893,90.1411,2.41,
2010/10/7,6.6903,90.286,2.41,
2010/10/8,6.671,90.1133,2.41,
2010/10/11,,,,
2010/10/12,6.6733,90.2203,2.44,
2010/10/13,6.6634,89.7779,2.46,
2010/10/14,6.6505,89.5228,2.52,
2010/10/15,6.6397,89.6815,2.59,
2010/10/18,6.644,89.8484,2.52,
2010/10/19,6.6444,90.5499,2.5,
2010/10/20,6.6518,90.1446,2.51,
2010/10/21,6.6502,90.138,2.57,
2010/10/22,6.6583,90.4063,2.59,
2010/10/25,6.6579,89.9328,2.59,
2010/10/26,6.6625,90.2818,2.67,
2010/10/27,6.6805,90.8038,2.75,
2010/10/28,6.6867,90.2407,2.69,
2010/10/29,6.6707,90.0935,2.63,
2010/11/1,6.6892,90.0307,2.66,219.59
2010/11/2,6.6775,89.6847,2.63,
2010/11/3,6.6758,89.7079,2.67,
2010/11/4,6.6609,88.9831,2.53,
2010/11/5,6.655,89.2441,2.58,
2010/11/8,6.6791,89.5711,2.6,
2010/11/9,6.6424,89.558,2.72,
2010/11/10,6.6335,89.9056,2.65,
2010/11/11,,,,
2010/11/12,6.6368,90.1701,2.76,
2010/11/15,6.6418,90.4331,2.92,
2010/11/16,6.6378,91.1102,2.85,
2010/11/17,6.6415,90.9282,2.89,
2010/11/18,6.633,90.649,2.9,
2010/11/19,6.6398,90.6986,2.88,
2010/11/22,6.6414,90.7023,2.8,
2010/11/23,6.6433,91.4318,2.77,
2010/11/24,6.6529,91.2179,2.93,
2010/11/25,,,,
2010/11/26,6.6675,91.8152,2.87,
2010/11/29,6.66,92.1997,2.84,
2010/11/30,6.667,92.1494,2.81,
2010/12/1,6.663,91.6799,2.97,220.472
2010/12/2,6.6609,91.2651,3.01,
2010/12/3,6.6628,90.8788,3.03,
2010/12/6,6.6483,91.0167,2.95,
2010/12/7,6.6455,90.9732,3.15,
2010/12/8,6.6616,91.3376,3.26,
2010/12/9,6.6549,91.3923,3.23,
2010/12/10,6.655,91.2831,3.32,
2010/12/13,6.6652,90.8837,3.29,
2010/12/14,6.6563,90.764,3.49,
2010/12/15,6.6541,91.094,3.53,
2010/12/16,6.6635,91.3773,3.47,
2010/12/17,6.6545,91.5555,3.33,
2010/12/20,6.6745,91.6398,3.36,
2010/12/21,6.658,91.519,3.35,
2010/12/22,6.645,91.429,3.36,
2010/12/23,6.645,91.3013,3.41,
2010/12/24,,,,
2010/12/27,6.6306,91.1963,3.36,
2010/12/28,6.6247,90.9848,3.5,
2010/12/29,6.62,90.7669,3.35,
2010/12/30,6.6,90.5146,3.38,
2010/12/31,,,3.3,
2011/1/1,,,,221.187
2011/1/3,6.5895,89.9524,3.36,
2011/1/4,6.6065,90.3277,3.36,
2011/1/5,6.585,90.5715,3.5,
2011/1/6,6.626,90.9125,3.44,
2011/1/7,6.6276,91.0001,3.34,
2011/1/10,6.6364,91.03,3.32,
2011/1/11,6.6185,90.8431,3.37,
2011/1/12,6.6037,90.4111,3.4,
2011/1/13,6.6044,89.9019,3.34,
2011/1/14,6.5876,90.0461,3.35,
2011/1/17,,,,
2011/1/18,6.5828,89.821,3.39,
2011/1/19,6.5823,89.6948,3.37,
2011/1/20,6.5852,90.1316,3.47,
2011/1/21,6.5831,89.7204,3.44,
2011/1/24,6.5809,89.5375,3.43,
2011/1/25,6.5824,89.7279,3.35,
2011/1/26,6.5814,89.5091,3.45,
2011/1/27,6.5814,89.5728,3.42,
2011/1/28,6.5819,89.8189,3.36,
2011/1/31,6.6017,89.694,3.42,
2011/2/1,6.5937,89.1436,3.48,221.898
2011/2/2,6.556,89.0737,3.52,
2011/2/3,6.556,89.2522,3.58,
2011/2/4,6.556,89.391,3.68,
2011/2/7,6.56,89.3556,3.68,
2011/2/8,6.552,89.1241,3.75,
2011/2/9,6.5914,89.4166,3.65,
2011/2/10,6.5864,89.6266,3.7,
2011/2/11,6.5917,89.8784,3.64,
2011/2/14,6.5965,89.8543,3.62,
2011/2/15,6.5884,89.8871,3.61,
2011/2/16,6.5884,89.7059,3.62,
2011/2/17,6.585,89.4102,3.58,
2011/2/18,6.5731,89.1974,3.59,
2011/2/21,,,,
2011/2/22,6.5795,89.4617,3.46,
2011/2/23,6.5741,89.4186,3.49,
2011/2/24,6.572,89.2346,3.46,
2011/2/25,6.5749,89.1664,3.42,
2011/2/28,6.5713,88.9391,3.42,
2011/3/1,6.57,88.831,3.41,223.046
2011/3/2,6.5723,88.7317,3.46,
2011/3/3,6.5717,88.637,3.58,
2011/3/4,6.567,88.4898,3.49,
2011/3/7,6.554,88.5207,3.51,
2011/3/8,6.5684,88.6454,3.56,
2011/3/9,6.558,88.5328,3.48,
2011/3/10,6.5731,88.8698,3.37,
2011/3/11,6.5742,88.691,3.4,
2011/3/14,6.5696,88.5191,3.36,
2011/3/15,6.573,88.7845,3.33,
2011/3/16,6.5713,88.9785,3.22,
2011/3/17,6.5743,88.6549,3.25,
2011/3/18,6.5689,88.5221,3.28,
2011/3/21,6.5635,88.2032,3.34,
2011/3/22,6.551,88.0665,3.34,
2011/3/23,6.5591,88.3328,3.36,
2011/3/24,6.558,88.0592,3.42,
2011/3/25,6.5568,88.1716,3.46,
2011/3/28,6.5643,88.3058,3.47,
2011/3/29,6.56,88.3991,3.5,
2011/3/30,6.5558,88.2298,3.47,
2011/3/31,6.5483,88.0299,3.47,
2011/4/1,6.5477,87.7993,3.46,224.093
2011/4/4,6.5385,87.8406,3.45,
2011/4/5,6.539,87.7483,3.5,
2011/4/6,6.544,87.4913,3.56,
2011/4/7,6.542,87.532,3.58,
2011/4/8,6.535,87.1493,3.59,
2011/4/11,6.5381,87.094,3.59,
2011/4/12,6.5402,87.2943,3.52,
2011/4/13,6.5333,87.2093,3.49,
2011/4/14,6.531,87.0802,3.51,
2011/4/15,6.5317,87.005,3.43,
2011/4/18,6.5286,87.5081,3.4,
2011/4/19,6.5303,87.0791,3.39,
2011/4/20,6.5254,86.5642,3.43,
2011/4/21,6.492,86.2256,3.42,
2011/4/22,6.5067,86.3742,,
2011/4/25,6.5277,86.4026,3.39,
2011/4/26,6.527,86.2576,3.34,
2011/4/27,6.5112,86.2519,3.39,
2011/4/28,6.501,85.8419,3.34,
2011/4/29,6.49,85.5999,3.32,
2011/5/1,,,,224.806
2011/5/2,6.492,85.5199,3.31,
2011/5/3,6.4955,85.6352,3.28,
2011/5/4,6.4925,85.8917,3.25,
2011/5/5,6.4931,86.508,3.18,
2011/5/6,6.4925,86.4575,3.19,
2011/5/9,6.4937,86.8346,3.17,
2011/5/10,6.4915,86.6518,3.23,
2011/5/11,6.4915,86.7195,3.19,
2011/5/12,6.4986,87.0767,3.22,
2011/5/13,6.4977,87.4176,3.18,
2011/5/16,6.5073,87.3311,3.15,
2011/5/17,6.5057,87.6307,3.12,
2011/5/18,6.5029,87.295,3.18,
2011/5/19,6.5042,87.2638,3.17,
2011/5/20,6.4917,87.3044,3.15,
2011/5/23,6.505,87.8941,3.13,
2011/5/24,6.499,87.662,3.12,
2011/5/25,6.493,87.6136,3.13,
2011/5/26,6.4913,87.5588,3.07,
2011/5/27,6.492,86.9525,3.07,
2011/5/30,,,,
2011/5/31,6.4786,86.656,3.05,
2011/6/1,6.478,86.5964,2.96,224.806
2011/6/2,6.4824,86.8435,3.04,
2011/6/3,6.4796,86.4234,2.99,
2011/6/6,6.4796,86.4669,3.01,
2011/6/7,6.481,86.3627,3.01,
2011/6/8,6.4754,86.5714,2.98,
2011/6/9,6.4757,86.5913,3.01,
2011/6/10,6.4801,87.042,2.99,
2011/6/13,6.483,87.0579,3,
2011/6/14,6.4794,86.6771,3.11,
2011/6/15,6.482,87.3342,2.98,
2011/6/16,6.4746,87.6917,2.93,
2011/6/17,6.47,87.2179,2.94,
2011/6/20,6.472,87.1908,2.97,
2011/6/21,6.465,86.857,2.99,
2011/6/22,6.4628,86.8067,3.01,
2011/6/23,6.4676,87.455,2.93,
2011/6/24,6.4737,87.5014,2.88,
2011/6/27,6.4815,87.5225,2.95,
2011/6/28,6.4699,87.2178,3.05,
2011/6/29,6.4633,86.8014,3.14,
2011/6/30,6.4635,86.4786,3.18,
2011/7/1,6.4645,86.3613,3.22,225.395
2011/7/4,,,,
2011/7/5,6.466,86.4253,3.16,
2011/7/6,6.467,86.6825,3.12,
2011/7/7,6.4655,86.4825,3.17,
2011/7/8,6.4645,86.615,3.03,
2011/7/11,6.4671,87.1013,2.94,
2011/7/12,6.472,87.1701,2.92,
2011/7/13,6.4675,86.5697,2.92,
2011/7/14,6.459,86.5234,2.98,
2011/7/15,6.461,86.5169,2.94,
2011/7/18,6.4688,86.9549,2.94,
2011/7/19,6.4631,86.4386,2.91,
2011/7/20,6.4581,86.2794,2.96,
2011/7/21,6.4535,85.8378,3.03,
2011/7/22,6.4464,85.8623,2.99,
2011/7/25,6.445,85.8006,3.03,
2011/7/26,6.4411,85.4692,2.99,
2011/7/27,6.4428,85.7126,3.01,
2011/7/28,6.4418,85.8245,2.98,
2011/7/29,6.436,85.7282,2.82,
2011/8/1,6.4337,86.0391,2.77,226.106
2011/8/2,6.4379,86.0533,2.66,
2011/8/3,6.434,86.0706,2.64,
2011/8/4,6.4377,86.9299,2.47,
2011/8/5,6.4401,87.1084,2.58,
2011/8/8,6.4342,87.1873,2.4,
2011/8/9,6.4304,87.3919,2.2,
2011/8/10,6.4172,87.3792,2.17,
2011/8/11,6.3935,87.3215,2.34,
2011/8/12,6.3892,87.177,2.24,
2011/8/15,6.3902,86.7515,2.29,
2011/8/16,6.3818,86.7115,2.23,
2011/8/17,6.3839,86.5518,2.17,
2011/8/18,6.3873,87.1271,2.08,
2011/8/19,6.391,86.8286,2.07,
2011/8/22,6.4004,87.0753,2.1,
2011/8/23,6.3975,86.9001,2.15,
2011/8/24,6.388,87.1316,2.29,
2011/8/25,6.39,87.2306,2.23,
2011/8/26,6.386,87.0751,2.19,
2011/8/29,6.3809,86.8433,2.28,
2011/8/30,6.3802,87.001,2.19,
2011/8/31,6.3778,86.7739,2.23,
2011/9/1,6.3812,86.8512,2.15,226.597
2011/9/2,6.3821,87.1797,2.02,
2011/9/5,,,,
2011/9/6,6.3901,88.1645,1.98,
2011/9/7,6.394,87.9699,2.05,
2011/9/8,6.3833,88.1162,2,
2011/9/9,6.388,88.9514,1.93,
2011/9/12,6.3877,89.2192,1.94,
2011/9/13,6.397,89.2653,2,
2011/9/14,6.391,89.419,2.03,
2011/9/15,6.3904,89.0647,2.09,
2011/9/16,6.3833,89.1108,2.08,
2011/9/19,6.3864,89.9336,1.97,
2011/9/20,6.3837,89.8777,1.95,
2011/9/21,6.3811,90.3453,1.88,
2011/9/22,6.3879,92.075,1.72,
2011/9/23,6.3877,91.6904,1.84,
2011/9/26,6.3975,91.7724,1.91,
2011/9/27,6.3975,90.8985,2,
2011/9/28,6.3933,91.0227,2.03,
2011/9/29,6.3964,91.3033,1.99,
2011/9/30,6.378,91.9998,1.92,
2011/10/1,,,,226.75
2011/10/3,6.3745,92.5128,1.8,
2011/10/4,6.3745,92.9508,1.81,
2011/10/5,6.3745,92.3008,1.92,
2011/10/6,6.378,91.9661,2.01,
2011/10/7,6.3745,91.2469,2.1,
2011/10/10,,,,
2011/10/11,6.3745,90.9162,2.18,
2011/10/12,6.358,90.3378,2.24,
2011/10/13,6.382,90.6603,2.19,
2011/10/14,6.378,90.2116,2.26,
2011/10/17,6.3695,90.266,2.18,
2011/10/18,6.3804,90.5907,2.19,
2011/10/19,6.3769,90.3317,2.18,
2011/10/20,6.3825,91.1026,2.2,
2011/10/21,6.3823,90.279,2.23,
2011/10/24,6.3744,89.8558,2.25,
2011/10/25,6.3605,89.9525,2.14,
2011/10/26,6.3534,90.0836,2.23,
2011/10/27,6.359,88.7882,2.42,
2011/10/28,6.357,88.6382,2.34,
2011/10/31,6.3547,89.2053,2.17,
2011/11/1,6.3547,90.7296,2.01,227.169
2011/11/2,6.355,90.244,2.03,
2011/11/3,6.3513,90.2961,2.09,
2011/11/4,6.34,90.3154,2.06,
2011/11/7,6.3481,90.3832,2.04,
2011/11/8,6.3462,90.172,2.1,
2011/11/9,6.3401,90.6991,2,
2011/11/10,6.3454,90.8588,2.04,
2011/11/11,,,,
2011/11/14,6.3536,90.7215,2.04,
2011/11/15,6.3464,91.1081,2.06,
2011/11/16,6.3445,91.1237,2.01,
2011/11/17,6.3505,91.1822,1.96,
2011/11/18,6.3565,91.3676,2.01,
2011/11/21,6.3603,91.9978,1.97,
2011/11/22,6.3605,92.0193,1.94,
2011/11/23,6.3576,92.7463,1.89,
2011/11/24,,,,
2011/11/25,6.3802,93.1455,1.97,
2011/11/28,6.3839,92.4983,1.97,
2011/11/29,6.3769,92.2163,2,
2011/11/30,6.3765,91.4728,2.08,
2011/12/1,6.3655,91.227,2.11,227.223
2011/12/2,6.3596,91.3532,2.05,
2011/12/5,6.3629,91.1087,2.04,
2011/12/6,6.3645,91.2817,2.08,
2011/12/7,6.3642,91.2331,2.02,
2011/12/8,6.3618,91.668,1.99,
2011/12/9,6.3641,91.6122,2.07,
2011/12/12,6.3604,92.3375,2.03,
2011/12/13,6.3648,92.5456,1.96,
2011/12/14,6.371,93.2176,1.92,
2011/12/15,6.3733,92.8858,1.92,
2011/12/16,6.3479,92.8252,1.86,
2011/12/19,6.3376,92.8685,1.82,
2011/12/20,6.3459,92.432,1.94,
2011/12/21,6.3386,92.5262,1.98,
2011/12/22,6.3392,92.3883,1.97,
2011/12/23,6.3364,92.3897,2.03,
2011/12/26,,,,
2011/12/27,6.321,92.4137,2.02,
2011/12/28,6.3211,92.8374,1.93,
2011/12/29,6.3187,92.7398,1.91,
2011/12/30,6.2939,92.4262,1.89,
2012/1/1,,,,227.842
2012/1/2,,,,
2012/1/3,6.294,91.7551,1.97,
2012/1/4,6.2941,92.0345,2,
2012/1/5,6.3013,92.5773,2.02,
2012/1/6,6.3088,92.7183,1.98,
2012/1/9,6.3143,92.7418,1.98,
2012/1/10,6.3141,92.2461,2,
2012/1/11,6.3149,92.554,1.93,
2012/1/12,6.3177,92.2274,1.94,
2012/1/13,6.3065,92.5385,1.89,
2012/1/16,,,,
2012/1/17,6.3136,92.0142,1.87,
2012/1/18,6.3109,91.6943,1.92,
2012/1/19,6.3162,91.3316,2.01,
2012/1/20,6.333,91.3661,2.05,
2012/1/23,6.333,90.986,2.09,
2012/1/24,6.333,91.181,2.08,
2012/1/25,6.333,91.277,2.01,
2012/1/26,6.333,90.3962,1.96,
2012/1/27,6.333,90.2559,1.93,
2012/1/30,6.331,90.4762,1.87,
2012/1/31,6.308,90.5538,1.83,
2012/2/1,6.3076,90.0963,1.87,228.329
2012/2/2,6.3017,89.8765,1.86,
2012/2/3,6.3027,89.8491,1.97,
2012/2/6,6.312,89.7907,1.93,
2012/2/7,6.3046,89.5968,2,
2012/2/8,6.2938,89.6555,2.01,
2012/2/9,6.2947,89.6246,2.04,
2012/2/10,6.2991,90.1024,1.96,
2012/2/13,6.2972,89.8895,1.99,
2012/2/14,6.2995,90.1919,1.92,
2012/2/15,6.2998,90.1932,1.93,
2012/2/16,6.3014,90.3109,1.99,
2012/2/17,6.2985,90.23,2.01,
2012/2/20,,,,
2012/2/21,6.296,90.0117,2.05,
2012/2/22,6.296,90.2472,2.01,
2012/2/23,6.298,90.1108,1.99,
2012/2/24,6.2976,89.9104,1.98,
2012/2/27,6.3012,89.9635,1.92,
2012/2/28,6.2989,89.8103,1.94,
2012/2/29,6.2935,89.7487,1.98,
2012/3/1,6.3001,89.7817,2.03,228.807
2012/3/2,6.2982,90.135,1.99,
2012/3/5,6.3066,90.2748,2,
2012/3/6,6.3082,90.8237,1.96,
2012/3/7,6.3097,90.6837,1.98,
2012/3/8,6.3159,90.2598,2.03,
2012/3/9,6.3109,90.4341,2.04,
2012/3/12,6.3258,90.6643,2.04,
2012/3/13,6.3266,90.5363,2.14,
2012/3/14,6.3315,90.9325,2.29,
2012/3/15,6.3282,90.7866,2.29,
2012/3/16,6.3222,90.5245,2.31,
2012/3/19,6.3191,90.292,2.39,
2012/3/20,6.3203,90.6065,2.38,
2012/3/21,6.3226,90.6761,2.31,
2012/3/22,6.299,90.8225,2.29,
2012/3/23,6.3021,90.6156,2.25,
2012/3/26,6.3139,90.3266,2.26,
2012/3/27,6.3061,90.2796,2.2,
2012/3/28,6.3044,90.603,2.21,
2012/3/29,6.3057,90.7285,2.18,
2012/3/30,6.2975,90.4593,2.23,
2012/4/1,,,,229.187
2012/4/2,6.2979,90.247,2.22,
2012/4/3,6.2975,90.1921,2.3,
2012/4/4,6.2975,90.8284,2.25,
2012/4/5,6.3123,90.8781,2.19,
2012/4/6,6.3052,90.9375,2.07,
2012/4/9,6.31,90.9624,2.06,
2012/4/10,6.3105,91.2728,2.01,
2012/4/11,6.3076,91.1768,2.05,
2012/4/12,6.3069,90.7694,2.08,
2012/4/13,6.3022,91.0558,2.02,
2012/4/16,6.315,91.2355,2,
2012/4/17,6.3015,90.7661,2.03,
2012/4/18,6.3026,90.9326,2,
2012/4/19,6.3029,91.0833,1.98,
2012/4/20,6.308,90.8066,1.99,
2012/4/23,6.3084,91.079,1.96,
2012/4/24,6.3073,90.8153,2,
2012/4/25,6.3039,90.756,2.01,
2012/4/26,6.3054,90.6428,1.98,
2012/4/27,6.3093,90.3269,1.96,
2012/4/30,6.279,90.3634,1.95,
2012/5/1,6.3089,90.3227,1.98,228.713
2012/5/2,6.307,90.6144,1.96,
2012/5/3,6.3052,90.6839,1.96,
2012/5/4,6.3059,91.0497,1.91,
2012/5/7,6.3074,91.0747,1.92,
2012/5/8,6.3076,91.4107,1.88,
2012/5/9,6.3096,91.7632,1.87,
2012/5/10,6.314,91.7077,1.89,
2012/5/11,6.3097,91.7306,1.84,
2012/5/14,6.321,92.2491,1.78,
2012/5/15,6.3176,92.5235,1.76,
2012/5/16,6.3227,92.903,1.76,
2012/5/17,6.3247,92.9632,1.7,
2012/5/18,6.3245,93.1395,1.71,
2012/5/21,6.3277,93.0945,1.75,
2012/5/22,6.3223,93.1113,1.79,
2012/5/23,6.3343,93.8855,1.73,
2012/5/24,6.3449,93.8027,1.77,
2012/5/25,6.3439,93.9488,1.75,
2012/5/28,,,,
2012/5/29,6.3478,93.875,1.74,
2012/5/30,6.3574,94.302,1.63,
2012/5/31,6.3684,94.6856,1.59,
2012/6/1,6.3692,94.6979,1.47,228.524
2012/6/4,6.3641,94.5184,1.53,
2012/6/5,6.367,94.6184,1.57,
2012/6/6,6.3634,94.0362,1.66,
2012/6/7,6.3634,93.774,1.66,
2012/6/8,6.37,94.2024,1.65,
2012/6/11,6.369,94.0369,1.6,
2012/6/12,6.3703,94.0693,1.67,
2012/6/13,6.3685,93.8309,1.61,
2012/6/14,6.3702,93.8152,1.64,
2012/6/15,6.3649,93.5203,1.6,
2012/6/18,6.3539,93.6431,1.59,
2012/6/19,6.3542,93.0524,1.64,
2012/6/20,6.3597,93.1602,1.65,
2012/6/21,6.3644,93.6378,1.63,
2012/6/22,6.3644,93.9205,1.69,
2012/6/25,6.3631,94.1757,1.63,
2012/6/26,6.3626,93.9859,1.66,
2012/6/27,6.3561,93.8728,1.65,
2012/6/28,6.357,94.0203,1.6,
2012/6/29,6.353,92.9096,1.67,
2012/7/1,,,,228.59
2012/7/2,6.3487,92.951,1.61,
2012/7/3,6.3519,92.6508,1.65,
2012/7/4,,,,
2012/7/5,6.3557,93.2211,1.62,
2012/7/6,6.364,93.7087,1.57,
2012/7/9,6.3709,93.6974,1.53,
2012/7/10,6.3654,93.5552,1.53,
2012/7/11,6.3682,93.5981,1.54,
2012/7/12,6.3732,93.9298,1.5,
2012/7/13,6.3789,93.5515,1.52,
2012/7/16,6.3784,93.3746,1.5,
2012/7/17,6.3725,93.3479,1.53,
2012/7/18,6.369,93.0973,1.52,
2012/7/19,6.3724,93.0438,1.54,
2012/7/20,6.3734,93.3653,1.49,
2012/7/23,6.3856,93.9297,1.47,
2012/7/24,6.3857,94.2635,1.44,
2012/7/25,6.3879,94.0564,1.43,
2012/7/26,6.3839,93.3595,1.45,
2012/7/27,6.3807,92.9333,1.58,
2012/7/30,6.3792,93.0524,1.53,
2012/7/31,6.361,92.8422,1.51,
2012/8/1,6.368,92.8905,1.56,229.918
2012/8/2,6.3671,93.4269,1.51,
2012/8/3,6.3721,92.6048,1.6,
2012/8/6,6.3738,92.4339,1.59,
2012/8/7,6.3664,92.5128,1.66,
2012/8/8,6.361,92.5407,1.68,
2012/8/9,6.3579,92.6057,1.69,
2012/8/10,6.3599,92.5129,1.65,
2012/8/13,6.3611,92.5955,1.65,
2012/8/14,6.3586,92.6152,1.73,
2012/8/15,6.3619,92.6838,1.8,
2012/8/16,6.3659,92.5737,1.83,
2012/8/17,6.358,92.711,1.81,
2012/8/20,6.3592,92.6263,1.82,
2012/8/21,6.3559,92.3053,1.8,
2012/8/22,6.3515,92.4362,1.71,
2012/8/23,6.3535,92.1057,1.68,
2012/8/24,6.3542,92.2785,1.68,
2012/8/27,6.3558,92.3135,1.65,
2012/8/28,6.3525,92.2033,1.64,
2012/8/29,6.3513,92.3823,1.66,
2012/8/30,6.3494,92.6239,1.63,
2012/8/31,6.3484,92.1677,1.57,
2012/9/1,,,,231.015
2012/9/3,,,,
2012/9/4,6.3465,92.1582,1.59,
2012/9/5,6.3489,92.1262,1.6,
2012/9/6,6.3428,91.8973,1.68,
2012/9/7,6.3428,91.3469,1.67,
2012/9/10,6.3375,91.3102,1.68,
2012/9/11,6.3349,91.0575,1.7,
2012/9/12,6.3261,91.0477,1.77,
2012/9/13,6.3294,90.9632,1.75,
2012/9/14,6.3145,90.1436,1.88,
2012/9/17,6.317,90.2837,1.85,
2012/9/18,6.3187,90.5029,1.82,
2012/9/19,6.3091,90.4646,1.79,
2012/9/20,6.3036,90.7631,1.8,
2012/9/21,6.3051,90.5342,1.77,
2012/9/24,6.309,90.8263,1.74,
2012/9/25,6.3057,90.6074,1.7,
2012/9/26,6.3015,91.0028,1.64,
2012/9/27,6.3021,90.7538,1.66,
2012/9/28,6.2848,90.8342,1.65,
2012/10/1,6.284,90.7011,1.64,231.638
2012/10/2,6.284,90.644,1.64,
2012/10/3,6.284,90.8726,1.64,
2012/10/4,6.284,90.4932,1.7,
2012/10/5,6.284,90.2851,1.75,
2012/10/8,,,,
2012/10/9,6.2877,90.8703,1.74,
2012/10/10,6.2831,90.883,1.72,
2012/10/11,6.2765,90.7437,1.7,
2012/10/12,6.267,90.6833,1.69,
2012/10/15,6.27,90.6409,1.7,
2012/10/16,6.2637,90.5583,1.75,
2012/10/17,6.254,90.2309,1.83,
2012/10/18,6.2501,90.3804,1.86,
2012/10/19,6.2533,90.8107,1.79,
2012/10/22,6.2543,90.7911,1.83,
2012/10/23,6.2478,91.0945,1.79,
2012/10/24,6.2478,91.1275,1.8,
2012/10/25,6.2416,91.02,1.86,
2012/10/26,6.248,91.1411,1.78,
2012/10/29,6.2384,,1.74,
2012/10/30,6.2396,,,
2012/10/31,6.2372,91.1609,1.72,
2012/11/1,6.2393,91.1217,1.75,231.249
2012/11/2,6.2411,91.281,1.75,
2012/11/5,6.2452,91.4778,1.72,
2012/11/6,6.2454,91.2908,1.78,
2012/11/7,6.2435,91.4514,1.68,
2012/11/8,6.2427,91.5375,1.62,
2012/11/9,6.245,91.6871,1.61,
2012/11/12,,,,
2012/11/13,6.226,91.7356,1.59,
2012/11/14,6.225,91.7942,1.59,
2012/11/15,6.2329,91.8837,1.58,
2012/11/16,6.2354,92.0095,1.58,
2012/11/19,6.2343,91.5653,1.61,
2012/11/20,6.2324,91.556,1.66,
2012/11/21,6.23,91.6645,1.69,
2012/11/22,,,,
2012/11/23,6.2275,91.2616,1.7,
2012/11/26,6.2253,91.2789,1.66,
2012/11/27,6.2221,91.2608,1.64,
2012/11/28,6.2273,91.33,1.63,
2012/11/29,6.2281,91.2104,1.62,
2012/11/30,6.2265,91.1038,1.62,
2012/12/1,,,,231.221
2012/12/3,6.2277,91.0084,1.63,
2012/12/4,6.2254,90.9748,1.62,
2012/12/5,6.2251,90.9423,1.6,
2012/12/6,6.2282,91.0629,1.59,
2012/12/7,6.2299,91.0437,1.64,
2012/12/10,6.2296,90.9631,1.63,
2012/12/11,6.246,90.8403,1.66,
2012/12/12,6.2502,90.7708,1.72,
2012/12/13,6.2316,90.776,1.74,
2012/12/14,6.241,90.7156,1.72,
2012/12/17,6.236,90.6193,1.78,
2012/12/18,6.2322,90.5161,1.84,
2012/12/19,6.2293,90.4896,1.82,
2012/12/20,6.2297,90.6002,1.81,
2012/12/21,6.2284,90.9597,1.77,
2012/12/24,6.2335,91.0354,1.79,
2012/12/25,,,,
2012/12/26,6.2351,91.0606,1.77,
2012/12/27,6.2358,91.1037,1.74,
2012/12/28,6.2315,91.0419,1.73,
2012/12/31,6.2301,91.0834,1.78,
2013/1/1,,,,231.679
2013/1/2,6.2301,90.6941,1.86,
2013/1/3,6.2301,90.8097,1.92,
2013/1/4,6.2303,91.1025,1.93,
2013/1/7,6.2294,90.9852,1.92,
2013/1/8,6.2235,91.057,1.89,
2013/1/9,6.226,91.0088,1.88,
2013/1/10,6.223,90.6425,1.91,
2013/1/11,6.2156,90.5352,1.89,
2013/1/14,6.219,90.4935,1.89,
2013/1/15,6.2134,90.5191,1.86,
2013/1/16,6.216,90.596,1.84,
2013/1/17,6.2158,90.5401,1.89,
2013/1/18,6.2152,90.8697,1.87,
2013/1/21,,,,
2013/1/22,6.2196,90.7892,1.86,
2013/1/23,6.2178,90.8376,1.86,
2013/1/24,6.2179,90.9112,1.88,
2013/1/25,6.2203,91.0868,1.98,
2013/1/28,6.224,91.2354,2,
2013/1/29,6.2259,90.9406,2.03,
2013/1/30,6.2204,90.8836,2.03,
2013/1/31,6.2186,90.798,2.02,
2013/2/1,6.2265,90.6923,2.04,232.937
2013/2/4,6.2326,90.9774,2,
2013/2/5,6.2292,90.881,2.04,
2013/2/6,6.2315,91.0176,2,
2013/2/7,6.2323,91.2912,1.99,
2013/2/8,6.2323,91.3056,1.99,
2013/2/11,6.2323,91.4451,1.99,
2013/2/12,6.2323,91.2779,2.02,
2013/2/13,6.2323,91.2709,2.05,
2013/2/14,6.2323,91.366,2,
2013/2/15,6.2323,91.4551,2.01,
2013/2/18,,,,
2013/2/19,6.2438,91.5073,2.03,
2013/2/20,6.2371,91.6689,2.02,
2013/2/21,6.2403,92.0394,1.99,
2013/2/22,6.2346,92.1197,1.97,
2013/2/25,6.2337,92.1975,1.88,
2013/2/26,6.2293,92.4247,1.88,
2013/2/27,6.2271,92.234,1.91,
2013/2/28,6.2213,92.295,1.89,
2013/3/1,6.2226,92.6177,1.86,232.282
2013/3/4,6.2246,92.6316,1.88,
2013/3/5,6.2208,92.4965,1.9,
2013/3/6,6.2173,,1.95,
2013/3/7,6.22,92.5462,2,
2013/3/8,6.2145,92.6252,2.06,
2013/3/11,6.2179,92.5351,2.07,
2013/3/12,6.216,92.3853,2.03,
2013/3/13,6.2137,92.4709,2.04,
2013/3/14,6.2145,92.4695,2.04,
2013/3/15,6.2133,92.128,2.01,
2013/3/18,6.2156,92.3377,1.96,
2013/3/19,6.2154,92.526,1.92,
2013/3/20,6.2117,92.4141,1.96,
2013/3/21,6.2141,92.3322,1.95,
2013/3/22,6.212,92.2051,1.93,
2013/3/25,6.2105,92.3081,1.93,
2013/3/26,6.2108,92.232,1.92,
2013/3/27,6.2138,92.446,1.87,
2013/3/28,6.2143,92.2544,1.87,
2013/3/29,6.2108,92.302,,
2013/4/1,6.2078,92.1687,1.86,231.797
2013/4/2,6.1992,92.1432,1.88,
2013/4/3,6.1962,92.104,1.83,
2013/4/4,6.2005,92.3896,1.78,
2013/4/5,6.2005,92.1043,1.72,
2013/4/8,6.2031,92.2317,1.76,
2013/4/9,6.2022,91.9669,1.78,
2013/4/10,6.1938,91.9598,1.84,
2013/4/11,6.1961,91.6972,1.82,
2013/4/12,6.1914,91.7967,1.75,
2013/4/15,6.1866,91.9457,1.72,
2013/4/16,6.1824,91.8451,1.75,
2013/4/17,6.172,92.1372,1.73,
2013/4/18,6.1811,92.176,1.72,
2013/4/19,6.1772,92.2166,1.73,
2013/4/22,6.1823,92.3591,1.72,
2013/4/23,6.179,92.3836,1.74,
2013/4/24,6.1782,92.4581,1.73,
2013/4/25,6.1707,92.0394,1.74,
2013/4/26,6.1647,91.9012,1.7,
2013/4/29,6.1647,91.6539,1.7,
2013/4/30,6.1647,91.3741,1.7,
2013/5/1,6.1647,91.4331,1.66,231.893
2013/5/2,6.156,91.6174,1.66,
2013/5/3,6.1555,91.5087,1.78,
2013/5/6,6.1665,91.6387,1.8,
2013/5/7,6.1539,91.5201,1.82,
2013/5/8,6.141,91.1848,1.81,
2013/5/9,6.1306,91.3036,1.81,
2013/5/10,6.1415,92.2527,1.9,
2013/5/13,6.1465,92.2711,1.92,
2013/5/14,6.1426,92.3697,1.96,
2013/5/15,6.1454,92.7691,1.94,
2013/5/16,6.1487,92.6602,1.87,
2013/5/17,6.141,93.1617,1.95,
2013/5/20,6.1386,93.0359,1.97,
2013/5/21,6.1353,92.9662,1.94,
2013/5/22,6.1309,93.3104,2.03,
2013/5/23,6.1337,93.2113,2.02,
2013/5/24,6.1311,93.2768,2.01,
2013/5/27,,,,
2013/5/28,6.1213,93.5853,2.15,
2013/5/29,6.1264,93.531,2.13,
2013/5/30,6.1307,93.4219,2.13,
2013/5/31,6.134,93.6076,2.16,
2013/6/1,,,,232.445
2013/6/3,6.1312,93.163,2.13,
2013/6/4,6.1285,93.3067,2.14,
2013/6/5,6.1276,93.275,2.1,
2013/6/6,6.1359,92.809,2.08,
2013/6/7,6.1333,92.6056,2.17,
2013/6/10,6.1333,92.973,2.22,
2013/6/11,6.1333,92.7996,2.2,
2013/6/12,6.1333,92.4775,2.25,
2013/6/13,6.1341,92.3449,2.19,
2013/6/14,6.1306,92.1886,2.14,
2013/6/17,6.1248,92.3332,2.19,
2013/6/18,6.1283,92.5432,2.2,
2013/6/19,6.1264,92.4755,2.33,
2013/6/20,6.1277,94.125,2.41,
2013/6/21,6.1328,94.4243,2.52,
2013/6/24,6.1441,94.5714,2.57,
2013/6/25,6.1448,94.3285,2.6,
2013/6/26,6.1468,94.3807,2.55,
2013/6/27,6.1488,94.2429,2.49,
2013/6/28,6.1374,94.3047,2.52,
2013/7/1,6.1325,94.0998,2.5,232.9
2013/7/2,6.1327,94.4051,2.48,
2013/7/3,6.1301,94.4767,2.52,
2013/7/4,,,,
2013/7/5,6.1324,95.0639,2.73,
2013/7/8,6.1337,94.9954,2.65,
2013/7/9,6.1293,94.9467,2.65,
2013/7/10,6.1336,94.7595,2.7,
2013/7/11,6.135,93.949,2.6,
2013/7/12,6.1373,94.0029,2.61,
2013/7/15,6.1373,93.9729,2.57,
2013/7/16,6.1345,93.5232,2.55,
2013/7/17,6.1351,93.5498,2.52,
2013/7/18,6.1408,93.681,2.56,
2013/7/19,6.1377,93.4759,2.5,
2013/7/22,6.1404,93.2253,2.5,
2013/7/23,6.1369,93.1631,2.53,
2013/7/24,6.1358,93.3124,2.61,
2013/7/25,6.1346,93.2862,2.61,
2013/7/26,6.1316,93.1695,2.58,
2013/7/29,6.1323,93.1663,2.61,
2013/7/30,6.1315,93.3976,2.63,
2013/7/31,6.1284,93.5703,2.6,
2013/8/1,6.1302,93.7972,2.74,233.456
2013/8/2,6.1293,93.5789,2.63,
2013/8/5,6.1245,93.507,2.67,
2013/8/6,6.1215,93.3199,2.67,
2013/8/7,6.119,93.2652,2.61,
2013/8/8,6.1207,92.8483,2.58,
2013/8/9,6.1217,92.8394,2.57,
2013/8/12,6.1218,92.9178,2.61,
2013/8/13,6.1217,93.476,2.71,
2013/8/14,6.1191,93.382,2.71,
2013/8/15,6.1123,93.5059,2.77,
2013/8/16,6.1145,93.4255,2.84,
2013/8/19,6.1227,93.6623,2.88,
2013/8/20,6.1241,93.5536,2.82,
2013/8/21,6.1229,94.0362,2.87,
2013/8/22,6.1206,94.2804,2.9,
2013/8/23,6.12,93.9466,2.82,
2013/8/26,6.1202,94.1853,2.79,
2013/8/27,6.1212,94.3934,2.72,
2013/8/28,6.1202,94.4127,2.78,
2013/8/29,6.1203,94.6398,2.75,
2013/8/30,6.1193,94.7541,2.78,
2013/9/1,,,,233.544
2013/9/2,,,,
2013/9/3,6.1204,94.9574,2.86,
2013/9/4,6.1199,94.5739,2.9,
2013/9/5,6.1194,94.8891,2.98,
2013/9/6,6.1202,94.2487,2.94,
2013/9/9,6.1209,94.0009,2.9,
2013/9/10,6.1195,93.938,2.96,
2013/9/11,6.1183,93.7112,2.93,
2013/9/12,6.1178,93.5903,2.92,
2013/9/13,6.1186,93.6666,2.9,
2013/9/16,6.1198,93.2875,2.88,
2013/9/17,6.1213,93.2231,2.86,
2013/9/18,6.121,93.2569,2.69,
2013/9/19,6.121,92.4082,2.76,
2013/9/20,6.121,92.6049,2.75,
2013/9/23,6.1201,92.613,2.72,
2013/9/24,6.1208,92.7691,2.67,
2013/9/25,6.119,92.7675,2.63,
2013/9/26,6.1194,93.0096,2.66,
2013/9/27,6.1179,92.9747,2.64,
2013/9/30,6.12,92.9207,2.64,
2013/10/1,6.12,92.9515,2.66,233.669
2013/10/2,6.12,92.772,2.63,
2013/10/3,6.12,92.7461,2.62,
2013/10/4,6.12,92.6469,2.66,
2013/10/7,6.12,92.6725,2.65,
2013/10/8,6.1206,92.7558,2.66,
2013/10/9,6.1209,93.0829,2.68,
2013/10/10,6.1156,92.8579,2.71,
2013/10/11,6.1204,92.854,2.7,
2013/10/14,,,,
2013/10/15,6.1026,92.7642,2.75,
2013/10/16,6.0996,92.6819,2.69,
2013/10/17,6.098,92.0246,2.61,
2013/10/18,6.0966,91.9989,2.6,
2013/10/21,6.0924,92.2498,2.63,
2013/10/22,6.0925,91.9563,2.54,
2013/10/23,6.0833,92.0947,2.51,
2013/10/24,6.0815,92.1867,2.53,
2013/10/25,6.0838,92.1623,2.53,
2013/10/28,6.0853,92.1872,2.54,
2013/10/29,6.0897,92.301,2.53,
2013/10/30,6.0936,92.3057,2.55,
2013/10/31,6.0943,92.731,2.57,
2013/11/1,6.0993,93.155,2.65,234.1
2013/11/4,6.098,92.9359,2.63,
2013/11/5,6.0966,93.2112,2.69,
2013/11/6,6.0925,93.0943,2.67,
2013/11/7,6.0906,93.4003,2.63,
2013/11/8,6.0903,93.6619,2.77,
2013/11/11,,,,
2013/11/12,6.0917,93.7651,2.8,
2013/11/13,6.0926,93.4848,2.75,
2013/11/14,6.092,93.4328,2.69,
2013/11/15,6.092,93.2854,2.71,
2013/11/18,6.0918,92.9824,2.67,
2013/11/19,6.0924,93.0649,2.71,
2013/11/20,6.0925,93.2501,2.8,
2013/11/21,6.0914,93.5638,2.79,
2013/11/22,6.0935,93.4198,2.75,
2013/11/25,6.0916,93.5539,2.74,
2013/11/26,6.0925,93.5226,2.71,
2013/11/27,6.0922,93.6864,2.74,
2013/11/28,,,,
2013/11/29,6.0922,93.6291,2.75,
2013/12/1,,,,234.719
2013/12/2,6.0927,93.8856,2.81,
2013/12/3,6.0914,93.8251,2.79,
2013/12/4,6.0913,93.8997,2.84,
2013/12/5,6.0903,93.4954,2.88,
2013/12/6,6.0815,93.4045,2.88,
2013/12/9,6.0643,93.1444,2.86,
2013/12/10,6.0705,,2.81,
2013/12/11,6.0712,93.0842,2.86,
2013/12/12,6.071,93.4292,2.89,
2013/12/13,6.071,93.3568,2.88,
2013/12/16,6.0713,93.2175,2.89,
2013/12/17,6.0707,93.302,2.85,
2013/12/18,6.0713,93.4207,2.89,
2013/12/19,6.0711,93.7368,2.94,
2013/12/20,6.0711,93.7211,2.89,
2013/12/23,6.0697,93.572,2.94,
2013/12/24,6.0712,93.6734,2.99,
2013/12/25,,,,
2013/12/26,6.0744,93.766,3,
2013/12/27,6.0684,93.7018,3.02,
2013/12/30,6.0617,93.4866,2.99,
2013/12/31,6.0537,93.5576,3.04,
2014/1/1,,,,235.288
2014/1/2,6.0504,93.8192,3,
2014/1/3,6.0505,93.853,3.01,
2014/1/6,6.0524,93.9109,2.98,
2014/1/7,6.0507,94.0398,2.96,
2014/1/8,6.051,94.2181,3.01,
2014/1/9,6.054,94.3299,2.97,
2014/1/10,6.0519,94.0045,2.88,
2014/1/13,6.0432,93.899,2.84,
2014/1/14,6.0402,94.0303,2.88,
2014/1/15,6.0459,94.341,2.9,
2014/1/16,6.0555,94.5507,2.86,
2014/1/17,6.05,94.5846,2.84,
2014/1/20,,,,
2014/1/21,6.0503,94.679,2.85,
2014/1/22,6.0508,94.8479,2.87,
2014/1/23,6.0515,94.8415,2.79,
2014/1/24,6.0486,94.8555,2.75,
2014/1/27,6.0478,94.9059,2.78,
2014/1/28,6.0506,94.88,2.77,
2014/1/29,6.0554,94.8621,2.69,
2014/1/30,6.06,95.1294,2.72,
2014/1/31,6.059,95.1774,2.67,
2014/2/1,,,,235.547
2014/2/3,6.06,95.2469,2.61,
2014/2/4,6.06,95.0438,2.64,
2014/2/5,6.06,95.0285,2.7,
2014/2/6,6.06,94.7177,2.73,
2014/2/7,6.0629,94.7457,2.71,
2014/2/10,6.0591,94.7189,2.7,
2014/2/11,6.0601,94.6377,2.75,
2014/2/12,6.0614,94.6209,2.8,
2014/2/13,6.0631,,2.73,
2014/2/14,6.0666,94.2711,2.75,
2014/2/17,,,,
2014/2/18,6.0671,94.1934,2.71,
2014/2/19,6.0762,94.38,2.73,
2014/2/20,6.0832,94.6571,2.76,
2014/2/21,6.0912,,2.73,
2014/2/24,6.0982,94.4042,2.75,
2014/2/25,6.1243,94.4735,2.7,
2014/2/26,6.1243,94.7754,2.67,
2014/2/27,6.1279,94.6722,2.65,
2014/2/28,6.1448,94.3879,2.66,
2014/3/1,,,,236.028
2014/3/3,6.146,,2.6,
2014/3/4,6.143,94.6568,2.7,
2014/3/5,6.128,94.4679,2.7,
2014/3/6,6.1183,93.9858,2.74,
2014/3/7,6.1258,94.2532,2.8,
2014/3/10,6.1383,94.3731,2.79,
2014/3/11,6.1397,94.387,2.77,
2014/3/12,6.1448,94.462,2.73,
2014/3/13,6.1359,94.1872,2.66,
2014/3/14,6.15,94.243,2.65,
2014/3/17,6.1779,,2.7,
2014/3/18,6.1918,94.2631,2.68,
2014/3/19,6.1934,94.3752,2.78,
2014/3/20,6.2273,94.9986,2.79,
2014/3/21,6.2248,94.8547,2.75,
2014/3/24,6.1956,94.759,2.74,
2014/3/25,6.201,94.6379,2.75,
2014/3/26,6.2084,94.5281,2.71,
2014/3/27,6.2123,94.3315,2.69,
2014/3/28,6.2117,94.3683,2.73,
2014/3/31,6.2164,94.2432,2.73,
2014/4/1,6.2064,94.1244,2.77,236.468
2014/4/2,6.2054,94.3103,2.82,
2014/4/3,6.2102,94.512,2.8,
2014/4/4,6.2118,94.2191,2.74,
2014/4/7,6.2118,94.0881,2.71,
2014/4/8,6.1966,93.6579,2.69,
2014/4/9,6.2003,93.6716,2.71,
2014/4/10,6.2123,93.5123,2.65,
2014/4/11,6.2111,93.6395,2.63,
2014/4/14,6.2186,93.8046,2.65,
2014/4/15,6.2215,93.9486,2.64,
2014/4/16,6.2204,93.9461,2.65,
2014/4/17,6.2188,93.8936,2.73,
2014/4/18,6.224,93.9629,,
2014/4/21,6.2269,94.0337,2.73,
2014/4/22,6.2373,94.0802,2.73,
2014/4/23,6.2374,94.149,2.7,
2014/4/24,6.2484,94.1294,2.7,
2014/4/25,6.2534,94.1623,2.68,
2014/4/28,6.252,94.1374,2.7,
2014/4/29,6.2578,94.0295,2.71,
2014/4/30,6.2591,93.8896,2.67,
2014/5/1,6.2591,93.8707,2.63,236.918
2014/5/2,6.2591,93.8182,2.6,
2014/5/5,6.2453,93.7334,2.63,
2014/5/6,6.2255,93.4324,2.61,
2014/5/7,6.2349,93.4337,2.62,
2014/5/8,6.2272,93.3686,2.61,
2014/5/9,6.227,93.6614,2.62,
2014/5/12,6.2364,93.6537,2.66,
2014/5/13,6.2283,93.6755,2.61,
2014/5/14,6.2282,93.5968,2.54,
2014/5/15,6.2291,93.7065,2.5,
2014/5/16,6.2327,93.6073,2.52,
2014/5/19,6.2368,93.502,2.54,
2014/5/20,6.2377,93.6699,2.52,
2014/5/21,6.2335,93.7629,2.54,
2014/5/22,6.2348,93.6944,2.56,
2014/5/23,6.2363,93.7042,2.54,
2014/5/26,,,,
2014/5/27,6.2471,93.8418,2.52,
2014/5/28,6.2535,93.8793,2.44,
2014/5/29,6.2375,93.6973,2.45,
2014/5/30,6.2471,93.7606,2.48,
2014/6/1,,,,237.231
2014/6/2,6.2471,94.0006,2.54,
2014/6/3,6.2536,94.0536,2.6,
2014/6/4,6.2494,94.1239,2.61,
2014/6/5,6.2548,93.9732,2.59,
2014/6/6,6.2498,93.9069,2.6,
2014/6/9,6.2397,93.9628,2.62,
2014/6/10,6.224,94.0638,2.64,
2014/6/11,6.2277,93.9744,2.65,
2014/6/12,6.2175,93.8155,2.58,
2014/6/13,6.209,93.9168,2.6,
2014/6/16,6.225,93.8639,2.61,
2014/6/17,6.2263,94.0829,2.66,
2014/6/18,6.2309,94.0525,2.61,
2014/6/19,6.2287,93.752,2.64,
2014/6/20,6.224,93.7591,2.63,
2014/6/23,6.225,93.628,2.63,
2014/6/24,6.2308,93.7093,2.59,
2014/6/25,6.2343,93.5851,2.57,
2014/6/26,6.2235,93.5471,2.53,
2014/6/27,6.218,93.3983,2.54,
2014/6/30,6.2036,93.2058,2.53,
2014/7/1,6.1995,93.1365,2.58,237.498
2014/7/2,6.2101,93.2478,2.64,
2014/7/3,6.2115,93.3149,2.65,
2014/7/4,,,,
2014/7/7,6.2036,93.3803,2.63,
2014/7/8,6.201,93.323,2.58,
2014/7/9,6.1994,93.228,2.57,
2014/7/10,6.2023,93.3152,2.55,
2014/7/11,6.2034,93.4171,2.53,
2014/7/14,6.2059,93.4101,2.55,
2014/7/15,6.2075,93.5796,2.56,
2014/7/16,6.2035,93.5991,2.55,
2014/7/17,6.2033,93.6586,2.47,
2014/7/18,6.2075,93.6608,2.5,
2014/7/21,6.2088,93.6069,2.49,
2014/7/22,6.2025,93.6306,2.48,
2014/7/23,6.1982,93.5951,2.48,
2014/7/24,6.1944,93.6836,2.52,
2014/7/25,6.1913,93.8294,2.48,
2014/7/28,6.187,93.83,2.5,
2014/7/29,6.18,94.0443,2.47,
2014/7/30,6.1712,94.3473,2.57,
2014/7/31,6.1737,94.4467,2.58,
2014/8/1,6.1793,94.4754,2.52,237.46
2014/8/4,6.178,94.448,2.51,
2014/8/5,6.1705,94.6754,2.49,
2014/8/6,6.1625,94.6092,2.49,
2014/8/7,6.1618,94.6364,2.43,
2014/8/8,6.1557,94.6027,2.44,
2014/8/11,6.1528,94.4767,2.44,
2014/8/12,6.1575,94.5211,2.46,
2014/8/13,6.1531,94.4681,2.43,
2014/8/14,6.1575,94.3508,2.4,
2014/8/15,6.147,94.2941,2.34,
2014/8/18,6.1425,94.2519,2.39,
2014/8/19,6.1425,94.4356,2.4,
2014/8/20,6.1395,94.5937,2.43,
2014/8/21,6.151,94.673,2.41,
2014/8/22,6.151,94.8012,2.4,
2014/8/25,6.154,94.9159,2.39,
2014/8/26,6.1522,94.8617,2.39,
2014/8/27,6.143,94.6863,2.37,
2014/8/28,6.1423,94.6947,2.34,
2014/8/29,6.143,94.7251,2.35,
2014/9/1,,,,237.477
2014/9/2,6.148,95.063,2.42,
2014/9/3,6.1408,94.8709,2.41,
2014/9/4,6.1383,95.2641,2.45,
2014/9/5,6.14,95.2203,2.46,
2014/9/8,6.14,95.4167,2.48,
2014/9/9,6.1362,95.8811,2.5,
2014/9/10,6.1284,95.8641,2.54,
2014/9/11,6.1295,95.9184,2.54,
2014/9/12,6.1344,96.0748,2.62,
2014/9/15,6.1415,96.1195,2.6,
2014/9/16,6.1459,95.8483,2.6,
2014/9/17,6.1385,95.9106,2.62,
2014/9/18,6.14,96.1284,2.63,
2014/9/19,6.1403,96.3417,2.59,
2014/9/22,6.14,96.4625,2.57,
2014/9/23,6.1368,96.5112,2.54,
2014/9/24,6.1346,96.6574,2.57,
2014/9/25,6.1355,96.8988,2.52,
2014/9/26,6.1266,97.208,2.54,
2014/9/29,6.1495,97.3523,2.5,
2014/9/30,6.138,97.5261,2.52,
2014/10/1,6.138,97.5387,2.42,237.43
2014/10/2,6.138,97.3062,2.44,
2014/10/3,6.1385,97.9846,2.45,
2014/10/6,6.1385,97.5513,2.43,
2014/10/7,6.1385,97.4459,2.36,
2014/10/8,6.1385,97.4945,2.35,
2014/10/9,6.1299,97.1711,2.34,
2014/10/10,6.1308,97.4144,2.31,
2014/10/13,,,,
2014/10/14,6.125,97.3943,2.21,
2014/10/15,6.1249,97.3532,2.15,
2014/10/16,6.123,97.2869,2.17,
2014/10/17,6.1238,97.3067,2.22,
2014/10/20,6.1233,97.2874,2.2,
2014/10/21,6.1205,97.2488,2.23,
2014/10/22,6.118,97.459,2.25,
2014/10/23,6.119,97.6047,2.29,
2014/10/24,6.1168,97.4772,2.29,
2014/10/27,6.116,97.5423,2.27,
2014/10/28,6.113,97.2173,2.3,
2014/10/29,6.1107,97.0145,2.34,
2014/10/30,6.114,97.456,2.32,
2014/10/31,6.1124,98.1163,2.35,
2014/11/1,,,,236.983
2014/11/3,6.1178,98.5336,2.36,
2014/11/4,6.115,98.5576,2.35,
2014/11/5,6.1135,98.8086,2.36,
2014/11/6,6.1117,99.1325,2.39,
2014/11/7,6.1225,99.0236,2.32,
2014/11/10,6.119,98.9305,2.38,
2014/11/11,,,,
2014/11/12,6.1257,98.8897,2.37,
2014/11/13,6.1243,99.1045,2.35,
2014/11/14,6.129,99.0917,2.32,
2014/11/17,6.1242,99.2188,2.34,
2014/11/18,6.1208,99.0185,2.32,
2014/11/19,6.119,99.2424,2.36,
2014/11/20,6.123,99.2554,2.34,
2014/11/21,6.1244,99.2894,2.31,
2014/11/24,6.1412,99.4227,2.3,
2014/11/25,6.1355,99.2837,2.27,
2014/11/26,6.1386,99.1893,2.24,
2014/11/27,,,,
2014/11/28,6.1429,100.0719,2.18,
2014/12/1,6.1515,99.8964,2.22,236.252
2014/12/2,6.149,100.4478,2.28,
2014/12/3,6.1499,100.5696,2.29,
2014/12/4,6.1541,100.3931,2.25,
2014/12/5,6.1497,101.0989,2.31,
2014/12/8,6.1725,101.31,2.26,
2014/12/9,6.1855,100.8095,2.22,
2014/12/10,6.1763,101.0212,2.18,
2014/12/11,6.1881,101.4448,2.19,
2014/12/12,6.1864,101.3735,2.1,
2014/12/15,6.19,101.674,2.12,
2014/12/16,6.189,101.526,2.07,
2014/12/17,6.1957,101.5527,2.14,
2014/12/18,6.2139,101.7531,2.22,
2014/12/19,6.2196,102.0483,2.17,
2014/12/22,6.2213,101.9942,2.17,
2014/12/23,6.2256,102.348,2.26,
2014/12/24,6.2148,102.3028,2.27,
2014/12/25,,,,
2014/12/26,,,2.25,
2014/12/29,6.2222,102.3767,2.22,
2014/12/30,6.2015,102.1019,2.2,
2014/12/31,6.2046,102.2843,2.17,
2015/1/1,,,,234.747
2015/1/2,6.2046,102.9027,2.12,
2015/1/5,6.2201,103.4976,2.04,
2015/1/6,6.2125,103.2938,1.97,
2015/1/7,6.2127,103.6316,1.96,
2015/1/8,6.2143,103.2799,2.03,
2015/1/9,6.2085,103.1213,1.98,
2015/1/12,6.2027,103.2372,1.92,
2015/1/13,6.197,103.27,1.91,
2015/1/14,6.1957,103.0903,1.86,
2015/1/15,6.187,103.0829,1.77,
2015/1/16,6.2065,103.2189,1.83,
2015/1/19,,,,
2015/1/20,6.2137,103.5233,1.82,
2015/1/21,6.2112,103.7858,1.87,
2015/1/22,6.2085,103.9271,1.9,
2015/1/23,6.2279,104.3676,1.81,
2015/1/26,6.2535,104.4818,1.83,
2015/1/27,6.243,104.1646,1.83,
2015/1/28,6.2475,104.4737,1.73,
2015/1/29,6.2463,105.2763,1.77,
2015/1/30,6.2495,105.5884,1.68,
2015/2/1,,,,235.342
2015/2/2,6.2594,105.2058,1.68,
2015/2/3,6.2573,104.6063,1.79,
2015/2/4,6.2472,104.785,1.81,
2015/2/5,6.2516,104.4915,1.83,
2015/2/6,6.2417,105.1283,1.95,
2015/2/9,6.2467,104.9889,1.96,
2015/2/10,6.2405,105.2897,2.01,
2015/2/11,6.2422,105.7901,2,
2015/2/12,6.244,104.9385,1.99,
2015/2/13,6.2399,104.8452,2.02,
2015/2/16,,,,
2015/2/17,6.2546,,2.14,
2015/2/18,6.2546,105.2514,2.07,
2015/2/19,6.2546,105.1407,2.11,
2015/2/20,6.2546,105.3387,2.13,
2015/2/23,6.2546,105.5359,2.06,
2015/2/24,6.2546,105.5472,1.99,
2015/2/25,6.2591,105.0503,1.96,
2015/2/26,6.2584,105.5021,2.03,
2015/2/27,6.2695,105.5981,2,
2015/3/1,,,,235.976
2015/3/2,6.272,105.8151,2.08,
2015/3/3,6.2741,105.5562,2.12,
2015/3/4,6.2701,106.1333,2.12,
2015/3/5,6.2658,,2.11,
2015/3/6,6.262,107.4337,2.24,
2015/3/9,6.2635,107.5199,2.2,
2015/3/10,6.2615,108.1165,2.14,
2015/3/11,6.2613,108.5235,2.11,
2015/3/12,6.2614,108.1741,2.1,
2015/3/13,6.2585,108.9174,2.13,
2015/3/16,6.262,108.6422,2.1,
2015/3/17,6.249,108.5805,2.06,
2015/3/18,6.2289,108.408,1.93,
2015/3/19,6.1955,108.1826,1.98,
2015/3/20,6.2037,107.1671,1.93,
2015/3/23,6.2135,106.5022,1.92,
2015/3/24,6.2046,106.4401,1.88,
2015/3/25,6.2116,106.2636,1.93,
2015/3/26,6.2103,106.5582,2.01,
2015/3/27,6.2145,106.8916,1.95,
2015/3/30,6.2065,107.3941,1.96,
2015/3/31,6.199,107.4396,1.94,
2015/4/1,6.1976,107.06,1.87,236.222
2015/4/2,6.1968,106.6738,1.92,
2015/4/3,6.193,105.8861,1.85,
2015/4/6,6.193,105.7876,1.92,
2015/4/7,6.1955,106.4488,1.89,
2015/4/8,6.202,106.4231,1.92,
2015/4/9,6.205,107.0335,1.97,
2015/4/10,6.2082,107.4526,1.96,
2015/4/13,6.2152,107.7508,1.94,
2015/4/14,6.2113,107.0547,1.9,
2015/4/15,6.2037,107.1855,1.91,
2015/4/16,6.1947,106.2761,1.9,
2015/4/17,6.1976,106.329,1.87,
2015/4/20,6.2014,106.4902,1.9,
2015/4/21,6.201,106.5582,1.92,
2015/4/22,6.1927,106.5815,1.99,
2015/4/23,6.1975,106.1658,1.96,
2015/4/24,6.193,105.905,1.93,
2015/4/27,6.2185,105.6891,1.94,
2015/4/28,6.2035,105.1234,2,
2015/4/29,6.1989,104.5634,2.06,
2015/4/30,6.2018,105.312,2.05,
2015/5/1,6.2018,105.6382,2.12,237.001
2015/5/4,6.2085,105.6679,2.16,
2015/5/5,6.2058,105.2396,2.19,
2015/5/6,6.2001,104.6935,2.25,
2015/5/7,6.2063,105.1941,2.18,
2015/5/8,6.2084,104.8424,2.16,
2015/5/11,6.2086,105.3075,2.28,
2015/5/12,6.2086,104.8924,2.28,
2015/5/13,6.2043,104.3608,2.27,
2015/5/14,6.2013,104.2359,2.23,
2015/5/15,6.2051,104.0202,2.14,
2015/5/18,6.2041,104.6068,2.23,
2015/5/19,6.2064,105.3448,2.27,
2015/5/20,6.2036,105.5605,2.26,
2015/5/21,6.1958,105.3808,2.19,
2015/5/22,6.1972,105.8487,2.21,
2015/5/25,,,,
2015/5/26,6.2038,106.7294,2.14,
2015/5/27,6.2011,106.908,2.14,
2015/5/28,6.2002,106.92,2.13,
2015/5/29,6.198,106.7388,2.12,
2015/6/1,6.1985,107.2238,2.19,237.657
2015/6/2,6.198,106.4507,2.27,
2015/6/3,6.1976,106.1443,2.38,
2015/6/4,6.2006,106.4725,2.31,
2015/6/5,6.2024,107.1336,2.41,
2015/6/8,6.2053,106.7693,2.39,
2015/6/9,6.2047,106.2238,2.42,
2015/6/10,6.2055,105.8037,2.5,
2015/6/11,6.2065,106.0934,2.39,
2015/6/12,6.2081,105.9015,2.39,
2015/6/15,6.208,105.9989,2.36,
2015/6/16,6.2085,106.0473,2.32,
2015/6/17,6.2086,106.058,2.32,
2015/6/18,6.2075,105.102,2.35,
2015/6/19,6.2085,105.4496,2.26,
2015/6/22,6.2085,105.3846,2.37,
2015/6/23,6.2066,105.9678,2.42,
2015/6/24,6.2061,106.2522,2.38,
2015/6/25,6.2084,106.1515,2.4,
2015/6/26,6.208,106.4116,2.49,
2015/6/29,6.2085,106.3785,2.33,
2015/6/30,6.2,106.5191,2.35,
2015/7/1,6.2008,107.0101,2.43,238.034
2015/7/2,6.2044,106.9106,2.4,
2015/7/3,,,,
2015/7/6,6.2089,107.1343,2.3,
2015/7/7,6.2097,107.785,2.27,
2015/7/8,6.2087,107.4734,2.22,
2015/7/9,6.2086,107.5595,2.32,
2015/7/10,6.2092,107.213,2.42,
2015/7/13,6.2081,107.5849,2.44,
2015/7/14,6.2088,107.4843,2.41,
2015/7/15,6.2082,108.0149,2.36,
2015/7/16,6.2094,108.1726,2.36,
2015/7/17,6.2085,108.5374,2.34,
2015/7/20,6.2095,108.6944,2.38,
2015/7/21,6.2095,108.3893,2.35,
2015/7/22,6.2093,108.7817,2.33,
2015/7/23,6.2091,108.7565,2.28,
2015/7/24,6.2095,109.0174,2.27,
2015/7/27,6.2091,108.6924,2.23,
2015/7/28,6.2084,108.6881,2.26,
2015/7/29,6.2089,108.604,2.29,
2015/7/30,6.2096,109.4328,2.28,
2015/7/31,6.2097,108.7819,2.2,
2015/8/1,,,,238.033
2015/8/3,6.2087,109.214,2.16,
2015/8/4,6.2086,109.2244,2.23,
2015/8/5,6.2096,109.842,2.28,
2015/8/6,6.2096,109.722,2.23,
2015/8/7,6.2087,109.4376,2.18,
2015/8/10,6.2094,109.1931,2.24,
2015/8/11,6.3232,109.9464,2.15,
2015/8/12,6.3845,109.4655,2.14,
2015/8/13,6.3982,109.9025,2.19,
2015/8/14,6.3908,109.9174,2.2,
2015/8/17,6.3937,110.1435,2.16,
2015/8/18,6.3928,110.2504,2.2,
2015/8/19,6.3956,110.4333,2.12,
2015/8/20,6.3875,110.1077,2.09,
2015/8/21,6.3887,110.1443,2.05,
2015/8/24,6.4029,109.9306,2.01,
2015/8/25,6.4122,110.3394,2.12,
2015/8/26,6.4083,110.5807,2.18,
2015/8/27,6.4053,110.4834,2.18,
2015/8/28,6.389,110.6714,2.19,
2015/8/31,6.376,110.5621,2.21,
2015/9/1,6.363,110.4506,2.17,237.498
2015/9/2,6.3544,110.7979,2.2,
2015/9/3,6.3549,110.8566,2.18,
2015/9/4,6.3549,111.1018,2.13,
2015/9/7,,,,
2015/9/8,6.3657,110.7942,2.2,
2015/9/9,6.3768,110.9225,2.21,
2015/9/10,6.377,110.6331,2.23,
2015/9/11,6.3735,110.6109,2.2,
2015/9/14,6.3664,110.5005,2.18,
2015/9/15,6.3685,110.6394,2.28,
2015/9/16,6.3694,110.1021,2.3,
2015/9/17,6.3645,110.1212,2.21,
2015/9/18,6.3628,109.8165,2.13,
2015/9/21,6.3676,110.6414,2.2,
2015/9/22,6.375,111.1967,2.14,
2015/9/23,6.3836,111.6287,2.16,
2015/9/24,6.3818,111.4454,2.13,
2015/9/25,6.3737,111.3725,2.17,
2015/9/28,6.3685,111.3914,2.1,
2015/9/29,6.3621,111.5219,2.05,
2015/9/30,6.3556,111.3311,2.06,
2015/10/1,6.3559,111.0439,2.05,237.733
2015/10/2,6.3559,110.7006,1.99,
2015/10/5,6.3559,110.4445,2.07,
2015/10/6,6.3559,110.1371,2.05,
2015/10/7,6.3559,109.8162,2.08,
2015/10/8,6.3529,109.6452,2.12,
2015/10/9,6.345,109.0782,2.12,
2015/10/12,,,,
2015/10/13,6.3417,109.4119,2.06,
2015/10/14,6.3462,109.1244,1.99,
2015/10/15,6.3459,108.6671,2.04,
2015/10/16,6.3523,108.9956,2.04,
2015/10/19,6.3591,109.3858,2.04,
2015/10/20,6.348,109.3368,2.08,
2015/10/21,6.3487,109.7746,2.04,
2015/10/22,6.3577,110.0342,2.04,
2015/10/23,6.3488,110.4329,2.09,
2015/10/26,6.3517,110.2089,2.07,
2015/10/27,6.3517,110.4875,2.05,
2015/10/28,6.3581,110.2334,2.1,
2015/10/29,6.3552,110.8083,2.19,
2015/10/30,6.318,110.2079,2.16,
2015/11/1,,,,238.017
2015/11/2,6.318,110.2188,2.2,
2015/11/3,6.318,110.244,2.23,
2015/11/4,6.3357,110.7139,2.25,
2015/11/5,6.318,110.8302,2.26,
2015/11/6,6.318,111.7603,2.34,
2015/11/9,6.3619,111.9112,2.36,
2015/11/10,6.3603,111.9919,2.32,
2015/11/11,,,,
2015/11/12,6.369,111.7965,2.32,
2015/11/13,6.3735,112.0264,2.28,
2015/11/16,6.37,112.2199,2.27,
2015/11/17,6.3771,112.3141,2.25,
2015/11/18,6.3834,112.3663,2.27,
2015/11/19,6.3825,111.5749,2.24,
2015/11/20,6.3835,111.7799,2.26,
2015/11/23,6.389,112.1125,2.25,
2015/11/24,6.3883,111.7638,2.24,
2015/11/25,6.3877,111.8936,2.23,
2015/11/26,,,,
2015/11/27,6.3945,112.2824,2.22,
2015/11/30,6.3883,112.34,2.21,
2015/12/1,6.3883,112.1134,2.15,237.761
2015/12/2,6.3883,112.3715,2.18,
2015/12/3,6.3883,111.6407,2.33,
2015/12/4,6.3883,111.5463,2.28,
2015/12/7,6.4081,112.3056,2.23,
2015/12/8,6.4162,112.5485,2.24,
2015/12/9,6.427,112.1918,2.22,
2015/12/10,6.4363,112.2672,2.24,
2015/12/11,6.4538,112.7147,2.13,
2015/12/14,6.4588,112.7521,2.23,
2015/12/15,6.46,112.8609,2.28,
2015/12/16,6.4723,112.9864,2.3,
2015/12/17,6.4822,113.8177,2.24,
2015/12/18,6.48,113.2837,2.19,
2015/12/21,6.4793,113.4144,2.2,
2015/12/22,6.4778,113.211,2.24,
2015/12/23,6.4763,113.1847,2.27,
2015/12/24,6.4758,113.0496,2.25,
2015/12/25,,,,
2015/12/28,6.4778,113.0461,2.24,
2015/12/29,6.4778,113.1664,2.32,
2015/12/30,6.4896,113.4707,2.31,
2015/12/31,6.4778,113.3429,2.27,
2016/1/1,,,,237.652
2016/1/4,6.5338,114.1595,2.24,
2016/1/5,6.5219,114.2649,2.25,
2016/1/6,6.5554,114.6177,2.18,
2016/1/7,6.5926,114.6516,2.16,
2016/1/8,6.5932,115.0095,2.13,
2016/1/11,6.5675,115.0139,2.17,
2016/1/12,6.57,115.3128,2.12,
2016/1/13,6.57,115.1425,2.08,
2016/1/14,6.5891,115.3846,2.1,
2016/1/15,6.584,115.7404,2.03,
2016/1/18,,,,
2016/1/19,6.5783,115.8155,2.06,
2016/1/20,6.5781,116.3498,2.01,
2016/1/21,6.5794,115.9833,2.02,
2016/1/22,6.5788,,2.07,
2016/1/25,6.579,,2.03,
2016/1/26,6.5814,,2.01,
2016/1/27,6.5773,115.5087,2.02,
2016/1/28,6.5744,115.2224,2,
2016/1/29,6.5752,115.5731,1.94,
2016/2/1,6.5778,115.3331,1.97,237.336
2016/2/2,6.5795,115.553,1.87,
2016/2/3,6.5765,114.6144,1.88,
2016/2/4,6.5638,113.6012,1.87,
2016/2/5,6.571,114.2935,1.86,
2016/2/8,6.571,114.4351,1.75,
2016/2/9,6.571,114.127,1.74,
2016/2/10,6.571,114.2877,1.71,
2016/2/11,6.571,114.1845,1.63,
2016/2/12,6.571,114.2992,1.74,
2016/2/15,,,,
2016/2/16,6.5154,114.4905,1.78,
2016/2/17,6.527,113.8634,1.81,
2016/2/18,6.5163,113.8897,1.75,
2016/2/19,6.5202,113.9558,1.76,
2016/2/22,6.5197,113.8232,1.77,
2016/2/23,6.5263,114.177,1.74,
2016/2/24,6.529,114.1716,1.75,
2016/2/25,6.532,113.9222,1.71,
2016/2/26,6.539,114.3708,1.76,
2016/2/29,6.5525,114.2418,1.74,
2016/3/1,6.55,113.9265,1.83,238.08
2016/3/2,6.5499,113.7965,1.84,
2016/3/3,6.5312,113.2482,1.83,
2016/3/4,6.5064,112.6387,1.88,
2016/3/7,6.5155,112.6219,1.91,
2016/3/8,6.5044,112.8465,1.83,
2016/3/9,6.5105,112.4268,1.9,
2016/3/10,6.507,112.4191,1.93,
2016/3/11,6.494,111.741,1.98,
2016/3/14,6.4984,112.1688,1.97,
2016/3/15,6.511,112.5545,1.97,
2016/3/16,6.5189,112.7759,1.94,
2016/3/17,6.4745,110.445,1.91,
2016/3/18,6.4682,110.4002,1.88,
2016/3/21,6.4812,110.737,1.92,
2016/3/22,6.4876,110.7877,1.94,
2016/3/23,6.5035,111.5473,1.88,
2016/3/24,6.5124,111.816,1.91,
2016/3/25,6.5131,111.7698,,
2016/3/28,6.5051,111.3578,1.89,
2016/3/29,6.5063,111.3736,1.81,
2016/3/30,6.4648,110.2301,1.83,
2016/3/31,6.448,109.9191,1.78,
2016/4/1,6.4776,110.2977,1.79,238.992
2016/4/4,6.4776,110.3987,1.78,
2016/4/5,6.476,110.9478,1.73,
2016/4/6,6.478,110.5347,1.76,
2016/4/7,6.4599,110.8876,1.7,
2016/4/8,6.4628,110.4213,1.72,
2016/4/11,6.458,109.9758,1.73,
2016/4/12,6.4639,109.816,1.79,
2016/4/13,6.4768,110.1436,1.77,
2016/4/14,6.481,110.1691,1.8,
2016/4/15,6.473,110.1933,1.76,
2016/4/18,6.4717,109.9892,1.78,
2016/4/19,6.4571,109.2782,1.79,
2016/4/20,6.4675,109.3926,1.85,
2016/4/21,6.481,109.8533,1.88,
2016/4/22,6.5004,110.2331,1.89,
2016/4/25,6.49,110.1865,1.91,
2016/4/26,6.4905,109.7496,1.94,
2016/4/27,6.494,109.8483,1.87,
2016/4/28,6.4735,109.2148,1.84,
2016/4/29,6.4738,108.8274,1.83,
2016/5/1,,,,239.557
2016/5/2,6.4738,108.671,1.88,
2016/5/3,6.49,109.3613,1.81,
2016/5/4,6.4945,109.9952,1.79,
2016/5/5,6.5032,110.2417,1.76,
2016/5/6,6.497,110.3801,1.79,
2016/5/9,6.514,110.9466,1.77,
2016/5/10,6.515,110.8225,1.77,
2016/5/11,6.491,110.2806,1.73,
2016/5/12,6.514,110.6935,1.75,
2016/5/13,6.5285,111.2521,1.71,
2016/5/16,6.5184,111.1217,1.75,
2016/5/17,6.517,111.0867,1.76,
2016/5/18,6.537,111.4995,1.87,
2016/5/19,6.544,112.2331,1.85,
2016/5/20,6.5485,112.1822,1.85,
2016/5/23,6.5533,112.284,1.84,
2016/5/24,6.5552,112.2912,1.86,
2016/5/25,6.5538,112.2001,1.87,
2016/5/26,6.554,111.8979,1.83,
2016/5/27,6.5615,112.0822,1.85,
2016/5/30,,,,
2016/5/31,6.5798,112.4276,1.84,
2016/6/1,6.5748,112.462,1.85,240.222
2016/6/2,6.5815,112.4564,1.81,
2016/6/3,6.5638,111.4451,1.71,
2016/6/6,6.5611,111.2295,1.73,
2016/6/7,6.571,110.8378,1.72,
2016/6/8,6.56,110.1916,1.71,
2016/6/9,6.559,110.6168,1.68,
2016/6/10,6.559,111.1027,1.64,
2016/6/13,6.5823,111.5036,1.62,
2016/6/14,6.593,111.9826,1.62,
2016/6/15,6.5785,111.7671,1.6,
2016/6/16,6.5899,112.2347,1.57,
2016/6/17,6.5849,111.5332,1.62,
2016/6/20,6.5768,110.8693,1.67,
2016/6/21,6.5893,111.0077,1.71,
2016/6/22,6.575,110.7681,1.69,
2016/6/23,6.574,110.262,1.74,
2016/6/24,6.615,112.1355,1.57,
2016/6/27,6.6481,113.1301,1.46,
2016/6/28,6.645,112.7545,1.46,
2016/6/29,6.635,111.8597,1.5,
2016/6/30,6.6459,112.1618,1.49,
2016/7/1,6.6547,111.6509,1.46,240.101
2016/7/4,,,,
2016/7/5,6.677,112.4231,1.37,
2016/7/6,6.69,112.5438,1.38,
2016/7/7,6.679,112.5775,1.4,
2016/7/8,6.6878,112.3963,1.37,
2016/7/11,6.6917,112.5254,1.43,
2016/7/12,6.686,112.1102,1.53,
2016/7/13,6.6832,112.0266,1.48,
2016/7/14,6.6801,111.7692,1.53,
2016/7/15,6.6865,112.2833,1.6,
2016/7/18,6.7013,112.2463,1.59,
2016/7/19,6.6931,112.638,1.56,
2016/7/20,6.676,112.6743,1.59,
2016/7/21,6.6735,112.6239,1.57,
2016/7/22,6.676,112.989,1.57,
2016/7/25,6.6783,113.1784,1.58,
2016/7/26,6.669,113.0593,1.57,
2016/7/27,6.668,113.217,1.52,
2016/7/28,6.6538,112.7393,1.52,
2016/7/29,6.6371,111.874,1.46,
2016/8/1,6.6421,111.9757,1.51,240.545
2016/8/2,6.6239,111.7124,1.55,
2016/8/3,6.632,111.9419,1.55,
2016/8/4,6.6388,111.9149,1.51,
2016/8/5,6.653,112.3589,1.59,
2016/8/8,6.6597,112.1456,1.59,
2016/8/9,6.653,111.722,1.55,
2016/8/10,6.6345,111.3238,1.5,
2016/8/11,6.6274,111.1954,1.57,
2016/8/12,6.6324,111.1787,1.51,
2016/8/15,6.637,110.9212,1.55,
2016/8/16,6.624,110.4295,1.57,
2016/8/17,6.6328,110.9459,1.56,
2016/8/18,6.6297,110.3134,1.53,
2016/8/19,6.6515,110.8163,1.58,
2016/8/22,6.6475,110.9997,1.55,
2016/8/23,6.6378,110.9414,1.55,
2016/8/24,6.6562,111.2958,1.56,
2016/8/25,6.656,111.1726,1.58,
2016/8/26,6.669,111.2035,1.62,
2016/8/29,6.6775,111.8775,1.57,
2016/8/30,6.6778,112.2928,1.57,
2016/8/31,6.6776,112.4036,1.58,
2016/9/1,6.6713,112.1733,1.57,241.176
2016/9/2,6.679,112.0009,1.6,
2016/9/5,,,,
2016/9/6,6.6722,110.9613,1.55,
2016/9/7,6.66,110.9717,1.54,
2016/9/8,6.664,111.2609,1.61,
2016/9/9,6.6778,111.9879,1.67,
2016/9/12,6.6788,112.1516,1.68,
2016/9/13,6.6782,112.5207,1.73,
2016/9/14,6.6707,112.4678,1.7,
2016/9/15,6.6707,112.4753,1.71,
2016/9/16,6.6707,113.1765,1.7,
2016/9/19,6.665,112.903,1.7,
2016/9/20,6.67,113.1848,1.69,
2016/9/21,6.6695,112.9842,1.66,
2016/9/22,6.663,112.2592,1.63,
2016/9/23,6.669,112.7166,1.62,
2016/9/26,6.6683,112.7112,1.59,
2016/9/27,6.6691,112.5515,1.56,
2016/9/28,6.673,112.6283,1.57,
2016/9/29,6.665,112.2879,1.56,
2016/9/30,6.6685,112.2795,1.6,
2016/10/1,,,,241.741
2016/10/3,6.6685,112.5077,1.63,
2016/10/4,6.6685,112.6579,1.69,
2016/10/5,6.6685,112.7946,1.72,
2016/10/6,6.6685,113.0066,1.75,
2016/10/7,6.6685,113.2915,1.73,
2016/10/10,,,,
2016/10/11,6.719,113.4461,1.77,
2016/10/12,6.718,113.7442,1.79,
2016/10/13,6.7248,113.6238,1.75,
2016/10/14,6.7277,113.7119,1.8,
2016/10/17,6.735,113.5488,1.77,
2016/10/18,6.7401,113.1393,1.75,
2016/10/19,6.737,113.0547,1.76,
2016/10/20,6.7439,113.4033,1.76,
2016/10/21,6.7654,113.9015,1.74,
2016/10/24,6.7728,113.8571,1.77,
2016/10/25,6.778,113.6801,1.77,
2016/10/26,6.7706,113.8131,1.79,
2016/10/27,6.7819,114.1998,1.85,
2016/10/28,6.776,114.0931,1.86,
2016/10/31,6.7735,114.0188,1.84,
2016/11/1,6.763,113.9915,1.83,242.026
2016/11/2,6.7606,113.9206,1.81,
2016/11/3,6.7612,113.7664,1.82,
2016/11/4,6.7534,113.5828,1.79,
2016/11/7,6.774,113.5443,1.83,
2016/11/8,6.784,113.3017,1.88,
2016/11/9,6.7769,114.6956,2.07,
2016/11/10,6.7987,115.9375,2.15,
2016/11/11,,,,
2016/11/14,6.8447,117.2245,2.23,
2016/11/15,6.8556,116.7724,2.23,
2016/11/16,6.877,116.8062,2.22,
2016/11/17,6.8674,116.8952,2.29,
2016/11/18,6.8873,117.5936,2.34,
2016/11/21,6.8918,117.4762,2.33,
2016/11/22,6.888,117.4508,2.31,
2016/11/23,6.9195,118.0356,2.36,
2016/11/24,,,,
2016/11/25,6.9176,118.02,2.36,
2016/11/28,6.9055,117.7278,2.32,
2016/11/29,6.8933,117.644,2.3,
2016/11/30,6.8837,117.7636,2.37,
2016/12/1,6.883,117.6642,2.45,242.637
2016/12/2,6.883,117.3116,2.4,
2016/12/5,6.8775,117.1008,2.39,
2016/12/6,6.879,116.9225,2.39,
2016/12/7,6.878,116.672,2.34,
2016/12/8,6.8771,117.0327,2.4,
2016/12/9,6.9042,117.2834,2.47,
2016/12/12,6.9045,116.9161,2.49,
2016/12/13,6.8984,116.8029,2.48,
2016/12/14,6.9025,116.7332,2.54,
2016/12/15,6.941,118.8072,2.6,
2016/12/16,6.958,118.3584,2.6,
2016/12/19,6.9506,118.3875,2.54,
2016/12/20,6.947,118.63,2.57,
2016/12/21,6.939,118.581,2.55,
2016/12/22,6.9473,118.8209,2.55,
2016/12/23,6.9432,118.7856,2.55,
2016/12/26,,,,
2016/12/27,6.9491,118.9506,2.57,
2016/12/28,6.9559,119.2305,2.51,
2016/12/29,6.9535,118.6637,2.49,
2016/12/30,6.943,118.3466,2.45,
2017/1/1,,,,243.618
2017/1/2,,,,
2017/1/3,6.9575,119.0903,2.45,
2017/1/4,6.9322,118.8803,2.46,
2017/1/5,6.887,117.9999,2.37,
2017/1/6,6.9176,118.3495,2.42,
2017/1/9,6.935,118.4111,2.38,
2017/1/10,6.918,118.5386,2.38,
2017/1/11,6.9365,119.0219,2.38,
2017/1/12,6.889,117.8001,2.36,
2017/1/13,6.8985,117.9884,2.4,
2017/1/16,,,,
2017/1/17,6.852,117.2656,2.33,
2017/1/18,6.836,117.7242,2.42,
2017/1/19,6.868,118.3182,2.47,
2017/1/20,,,2.48,
2017/1/23,6.8514,117.2479,2.41,
2017/1/24,6.8555,117.0516,2.47,
2017/1/25,6.8812,116.9355,2.53,
2017/1/26,6.8768,117.2766,2.51,
2017/1/27,6.8768,117.0735,2.49,
2017/1/30,6.8768,116.7325,2.49,
2017/1/31,6.8768,116.2241,2.45,
2017/2/1,6.8768,116.3914,2.48,244.006
2017/2/2,6.8768,115.903,2.48,
2017/2/3,6.865,115.6259,2.49,
2017/2/6,6.86,116.0504,2.42,
2017/2/7,6.8821,116.4082,2.4,
2017/2/8,6.87,116.1382,2.34,
2017/2/9,6.866,116.306,2.4,
2017/2/10,6.8775,116.148,2.41,
2017/2/13,6.8776,116.3427,2.43,
2017/2/14,6.8649,116.3949,2.47,
2017/2/15,6.8685,116.2162,2.51,
2017/2/16,6.8517,116.0067,2.45,
2017/2/17,6.864,116.4035,2.42,
2017/2/20,,,,
2017/2/21,6.881,116.5921,2.43,
2017/2/22,6.8765,116.2136,2.42,
2017/2/23,6.8622,115.6527,2.38,
2017/2/24,6.8645,115.8143,2.31,
2017/2/27,6.8675,115.6764,2.36,
2017/2/28,6.8665,116.0032,2.36,
2017/3/1,6.8794,116.438,2.46,243.892
2017/3/2,6.8868,116.8429,2.49,
2017/3/3,6.8954,116.6438,2.49,
2017/3/6,6.8955,116.4313,2.49,
2017/3/7,6.9,116.4303,2.52,
2017/3/8,6.9113,116.875,2.57,
2017/3/9,6.9086,116.9959,2.6,
2017/3/10,6.905,116.616,2.58,
2017/3/13,6.905,116.4004,2.62,
2017/3/14,6.913,116.5646,2.6,
2017/3/15,6.9132,116.3584,2.51,
2017/3/16,6.913,115.4456,2.53,
2017/3/17,6.9,115.2783,2.5,
2017/3/20,6.905,115.0426,2.47,
2017/3/21,6.883,114.8119,2.43,
2017/3/22,6.8785,114.7937,2.4,
2017/3/23,6.8843,114.7899,2.41,
2017/3/24,6.8803,114.6372,2.4,
2017/3/27,6.8687,114.2347,2.38,
2017/3/28,6.8779,114.419,2.42,
2017/3/29,6.8879,114.7167,2.39,
2017/3/30,6.887,114.5245,2.42,
2017/3/31,6.8832,114.7938,2.4,
2017/4/1,,,,244.193
2017/4/3,6.8832,114.8734,2.35,
2017/4/4,6.8832,115.0038,2.36,
2017/4/5,6.892,114.9494,2.34,
2017/4/6,6.8955,115.0181,2.34,
2017/4/7,6.8978,115.0547,2.38,
2017/4/10,6.8988,115.11,2.37,
2017/4/11,6.8893,115.009,2.32,
2017/4/12,6.889,114.9162,2.28,
2017/4/13,6.8865,114.5059,2.24,
2017/4/14,6.8835,114.5368,,
2017/4/17,6.88,114.3283,2.26,
2017/4/18,6.8778,114.2575,2.18,
2017/4/19,6.886,114.7923,2.21,
2017/4/20,6.88,114.6205,2.24,
2017/4/21,6.8845,114.8128,2.24,
2017/4/24,6.884,114.3659,2.28,
2017/4/25,6.8824,114.5111,2.35,
2017/4/26,6.8918,114.9479,2.32,
2017/4/27,6.8958,114.9946,2.3,
2017/4/28,6.89,114.7877,2.29,
2017/5/1,6.89,114.5921,2.33,244.004
2017/5/2,6.8949,114.6792,2.29,
2017/5/3,6.8968,114.6637,2.33,
2017/5/4,6.8959,114.9076,2.36,
2017/5/5,6.9021,114.7725,2.36,
2017/5/8,6.904,115.0895,2.39,
2017/5/9,6.906,115.3933,2.42,
2017/5/10,6.9011,115.1145,2.41,
2017/5/11,6.9033,115.0669,2.39,
2017/5/12,6.8972,114.7479,2.33,
2017/5/15,6.89,114.3504,2.34,
2017/5/16,6.884,113.9923,2.33,
2017/5/17,6.8773,113.7506,2.22,
2017/5/18,6.888,114.2683,2.23,
2017/5/19,6.883,113.7001,2.23,
2017/5/22,6.8828,113.5442,2.25,
2017/5/23,6.888,113.6862,2.29,
2017/5/24,6.8883,113.675,2.26,
2017/5/25,6.8672,113.3719,2.25,
2017/5/26,6.8525,113.4839,2.25,
2017/5/29,,,,
2017/5/30,6.8525,113.5552,2.21,
2017/5/31,6.8098,113.2956,2.21,
2017/6/1,6.8029,113.3017,2.21,244.163
2017/6/2,6.8085,113.1908,2.15,
2017/6/5,6.803,112.9755,2.18,
2017/6/6,6.7945,112.7095,2.14,
2017/6/7,6.7935,112.8191,2.18,
2017/6/8,6.799,112.8351,2.19,
2017/6/9,6.797,112.9562,2.21,
2017/6/12,6.7974,112.9837,2.21,
2017/6/13,6.7981,112.6271,2.21,
2017/6/14,6.7888,112.0734,2.15,
2017/6/15,6.8061,112.8708,2.16,
2017/6/16,6.8097,112.6155,2.16,
2017/6/19,6.818,112.7576,2.19,
2017/6/20,6.8285,113.2698,2.16,
2017/6/21,6.8275,113.3327,2.16,
2017/6/22,6.8275,113.1654,2.15,
2017/6/23,6.8345,112.8665,2.15,
2017/6/26,6.8382,112.7633,2.14,
2017/6/27,6.81,112.55,2.21,
2017/6/28,6.7984,112.0747,2.22,
2017/6/29,6.784,111.998,2.27,
2017/6/30,6.7793,111.9896,2.31,
2017/7/1,,,,244.243
2017/7/3,6.7984,112.4268,2.35,
2017/7/4,,,,
2017/7/5,6.7995,112.6534,2.33,
2017/7/6,6.799,112.4199,2.37,
2017/7/7,6.8039,112.3137,2.39,
2017/7/10,6.8026,112.1587,2.38,
2017/7/11,6.801,112.1434,2.37,
2017/7/12,6.7865,111.5904,2.33,
2017/7/13,6.7825,111.5365,2.35,
2017/7/14,6.7741,110.9075,2.33,
2017/7/17,6.769,110.9304,2.31,
2017/7/18,6.7451,110.4356,2.27,
2017/7/19,6.7511,110.4339,2.27,
2017/7/20,6.757,110.2512,2.27,
2017/7/21,6.7663,110.191,2.24,
2017/7/24,6.7488,110.2004,2.26,
2017/7/25,6.7495,110.2835,2.33,
2017/7/26,6.753,110.3811,2.29,
2017/7/27,6.741,110.216,2.32,
2017/7/28,6.7362,109.92,2.3,
2017/7/31,6.724,109.8177,2.3,
2017/8/1,6.717,109.8495,2.26,245.183
2017/8/2,6.72,109.7503,2.27,
2017/8/3,6.715,109.8332,2.24,
2017/8/4,6.7272,110.2808,2.27,
2017/8/7,6.7207,110.373,2.26,
2017/8/8,6.7049,110.396,2.29,
2017/8/9,6.672,110.3671,2.24,
2017/8/10,6.646,110.1886,2.2,
2017/8/11,6.6612,110.0422,2.19,
2017/8/14,6.6695,110.095,2.22,
2017/8/15,6.6845,110.4846,2.27,
2017/8/16,6.69,110.4394,2.23,
2017/8/17,6.673,110.1673,2.19,
2017/8/18,6.67,110.041,2.19,
2017/8/21,6.663,109.7349,2.18,
2017/8/22,6.66,109.8386,2.22,
2017/8/23,6.6569,109.8095,2.17,
2017/8/24,6.66,109.7524,2.19,
2017/8/25,6.6465,109.3415,2.17,
2017/8/28,6.6084,109.1815,2.16,
2017/8/29,6.5945,109.0946,2.13,
2017/8/30,6.5918,109.4052,2.15,
2017/8/31,6.5888,109.3686,2.12,
2017/9/1,6.5552,109.0504,2.16,246.435
2017/9/4,,,,
2017/9/5,6.5345,108.8664,2.07,
2017/9/6,6.5221,108.4897,2.1,
2017/9/7,6.483,107.9224,2.05,
2017/9/8,6.4773,107.808,2.06,
2017/9/11,6.5254,108.153,2.14,
2017/9/12,6.5334,108.3239,2.17,
2017/9/13,6.54,108.6628,2.2,
2017/9/14,6.552,108.618,2.2,
2017/9/15,6.55,108.3147,2.2,
2017/9/18,6.5725,108.6401,2.23,
2017/9/19,6.58,108.6142,2.24,
2017/9/20,6.57,108.4329,2.28,
2017/9/21,6.5861,108.9267,2.27,
2017/9/22,6.5899,108.7542,2.26,
2017/9/25,6.6189,109.3302,2.22,
2017/9/26,6.6371,109.7769,2.24,
2017/9/27,6.64,110.0722,2.31,
2017/9/28,6.6591,110.2415,2.31,
2017/9/29,6.6533,110.0867,2.33,
2017/10/1,,,,246.626
2017/10/2,6.6533,110.3686,2.34,
2017/10/3,6.6533,110.3281,2.33,
2017/10/4,6.6533,110.2425,2.33,
2017/10/5,6.6533,110.5823,2.35,
2017/10/6,6.6533,110.7841,2.37,
2017/10/9,,,,
2017/10/10,6.5712,110.3034,2.35,
2017/10/11,6.587,110.3037,2.35,
2017/10/12,6.5855,110.3152,2.33,
2017/10/13,6.5785,110.2669,2.28,
2017/10/16,6.5885,110.5432,2.3,
2017/10/17,6.622,110.9141,2.3,
2017/10/18,6.625,110.7214,2.34,
2017/10/19,6.6126,110.4577,2.33,
2017/10/20,6.6185,111.0375,2.39,
2017/10/23,6.638,111.2134,2.38,
2017/10/24,6.6335,111.4027,2.42,
2017/10/25,6.635,111.3904,2.44,
2017/10/26,6.6392,111.6418,2.46,
2017/10/27,6.6498,112.1495,2.42,
2017/10/30,6.6498,111.901,2.37,
2017/10/31,6.6328,111.8052,2.38,
2017/11/1,6.6018,111.7942,2.37,247.284
2017/11/2,6.6068,111.5474,2.35,
2017/11/3,6.636,111.9383,2.34,
2017/11/6,6.6311,111.7197,2.32,
2017/11/7,6.638,111.9446,2.32,
2017/11/8,6.6249,111.6935,2.32,
2017/11/9,6.6378,111.5626,2.33,
2017/11/10,,,2.4,
2017/11/13,6.6385,111.7833,2.4,
2017/11/14,6.635,111.5097,2.38,
2017/11/15,6.62,111.4809,2.33,
2017/11/16,6.6273,111.2568,2.37,
2017/11/17,6.6245,111.0016,2.35,
2017/11/20,6.6245,111.2599,2.37,
2017/11/21,6.6265,110.9828,2.36,
2017/11/22,6.6086,110.5632,2.32,
2017/11/23,,,,
2017/11/24,6.5998,110.0253,2.34,
2017/11/27,6.5967,110.1136,2.32,
2017/11/28,6.6044,110.3018,2.34,
2017/11/29,6.6091,110.3265,2.37,
2017/11/30,6.609,110.4648,2.42,
2017/12/1,6.6137,110.1413,2.37,247.805
2017/12/4,6.6185,110.397,2.37,
2017/12/5,6.617,110.4905,2.36,
2017/12/6,6.6136,110.8711,2.33,
2017/12/7,6.6173,111.0178,2.37,
2017/12/8,6.6199,111.2273,2.38,
2017/12/11,6.6175,111.0827,2.39,
2017/12/12,6.621,111.5214,2.4,
2017/12/13,6.6171,111.2759,2.36,
2017/12/14,6.6091,111.0893,2.35,
2017/12/15,6.6088,111.1286,2.35,
2017/12/18,6.6088,110.9086,2.39,
2017/12/19,6.6088,111.1255,2.46,
2017/12/20,6.5771,110.8361,2.49,
2017/12/21,6.5833,110.8786,2.48,
2017/12/22,6.575,111.0997,2.48,
2017/12/25,,,,
2017/12/26,6.5429,110.9758,2.47,
2017/12/27,6.556,110.8553,2.42,
2017/12/28,6.5322,110.5154,2.43,
2017/12/29,6.5063,110.0783,2.4,
2018/1/1,,,,248.859
2018/1/2,6.491,109.6444,2.46,
2018/1/3,6.501,109.6751,2.44,
2018/1/4,6.4915,109.4779,2.46,
2018/1/5,6.4875,109.3496,2.47,
2018/1/8,6.497,109.5678,2.49,
2018/1/9,6.5263,109.9022,2.55,
2018/1/10,6.5055,109.6277,2.55,
2018/1/11,6.4956,109.4887,2.54,
2018/1/12,6.4607,108.9011,2.55,
2018/1/15,,,,
2018/1/16,6.4395,108.322,2.54,
2018/1/17,6.433,108.1526,2.57,
2018/1/18,6.4175,108.0655,2.62,
2018/1/19,6.399,107.9454,2.64,
2018/1/22,6.4035,108.1069,2.66,
2018/1/23,6.4,107.9981,2.63,
2018/1/24,6.365,107.0801,2.65,
2018/1/25,6.3189,106.5052,2.63,
2018/1/26,6.3199,106.6909,2.66,
2018/1/29,6.3328,107.1141,2.7,
2018/1/30,6.3199,107.1063,2.73,
2018/1/31,6.2841,106.7695,2.72,
2018/2/1,6.2969,106.4877,2.78,249.529
2018/2/2,6.2984,107.1154,2.84,
2018/2/5,6.285,107.3303,2.77,
2018/2/6,6.283,107.5206,2.79,
2018/2/7,6.2649,107.7173,2.84,
2018/2/8,6.3222,108.3021,2.85,
2018/2/9,6.2966,108.2579,2.83,
2018/2/12,6.325,108.0332,2.86,
2018/2/13,6.338,107.7575,2.83,
2018/2/14,6.3438,107.4693,2.91,
2018/2/15,6.3438,106.9869,2.9,
2018/2/16,6.3438,107.0359,2.87,
2018/2/19,,,,
2018/2/20,6.3351,107.6248,2.88,
2018/2/21,6.3351,107.8679,2.94,
2018/2/22,6.3471,107.8668,2.92,
2018/2/23,6.3329,107.6802,2.88,
2018/2/26,6.3115,107.7345,2.86,
2018/2/27,6.3169,108.1729,2.9,
2018/2/28,6.328,108.3901,2.87,
2018/3/1,6.3565,108.5357,2.81,249.577
2018/3/2,6.3428,,2.86,
2018/3/5,6.3491,108.3617,2.88,
2018/3/6,6.3093,107.7972,2.88,
2018/3/7,6.3225,108.0916,2.89,
2018/3/8,6.3389,108.2673,2.86,
2018/3/9,6.3285,107.9231,2.9,
2018/3/12,6.327,107.9439,2.87,
2018/3/13,6.318,107.7387,2.84,
2018/3/14,6.314,107.8625,2.81,
2018/3/15,6.3202,108.2033,2.82,
2018/3/16,6.33,108.4333,2.85,
2018/3/19,6.3291,108.3146,2.85,
2018/3/20,6.3328,108.4953,2.89,
2018/3/21,6.32,,2.89,
2018/3/22,6.331,107.9934,2.83,
2018/3/23,6.311,107.7495,2.82,
2018/3/26,6.2685,107.182,2.85,
2018/3/27,6.2781,107.3361,2.78,
2018/3/28,6.2946,107.5733,2.77,
2018/3/29,6.2876,107.665,2.74,
2018/3/30,6.2726,107.4783,,
2018/4/1,,,,250.227
2018/4/2,6.2785,107.7031,2.73,
2018/4/3,6.2881,107.5621,2.79,
2018/4/4,6.3045,107.636,2.79,
2018/4/5,6.3045,107.7279,2.83,
2018/4/6,6.3045,107.7884,2.77,
2018/4/9,6.3035,107.5312,2.78,
2018/4/10,6.2798,107.3651,2.8,
2018/4/11,6.2655,107.1216,2.79,
2018/4/12,6.2876,107.2897,2.83,
2018/4/13,6.2725,107.2359,2.82,
2018/4/16,6.2752,107.0588,2.83,
2018/4/17,6.2804,107.0335,2.82,
2018/4/18,6.2722,107.1091,2.87,
2018/4/19,6.2765,107.5191,2.92,
2018/4/20,6.2945,108.1782,2.96,
2018/4/23,6.3158,108.9328,2.98,
2018/4/24,6.3035,108.7903,3,
2018/4/25,6.3236,109.3443,3.03,
2018/4/26,6.334,109.3639,3,
2018/4/27,6.3325,109.1729,2.96,
2018/4/30,6.3325,109.3356,2.95,
2018/5/1,6.3325,109.7437,2.97,250.792
2018/5/2,6.361,110.1616,2.97,
2018/5/3,6.352,110.1796,2.94,
2018/5/4,6.3589,110.2492,2.95,
2018/5/7,6.364,110.5713,2.95,
2018/5/8,6.369,111.062,2.97,
2018/5/9,6.3585,110.8807,3,
2018/5/10,6.344,110.4041,2.97,
2018/5/11,6.3333,110.2839,2.97,
2018/5/14,6.336,110.4073,3,
2018/5/15,6.376,111.2283,3.08,
2018/5/16,6.3706,111.3057,3.09,
2018/5/17,6.3645,111.3537,3.11,
2018/5/18,6.3768,111.7161,3.06,
2018/5/21,6.3815,111.6385,3.06,
2018/5/22,6.366,111.1934,3.06,
2018/5/23,6.3875,111.6919,3.01,
2018/5/24,6.3757,111.4871,2.98,
2018/5/25,6.3903,111.5828,2.93,
2018/5/28,,,,
2018/5/29,6.4162,112.2108,2.77,
2018/5/30,6.4175,111.6717,2.84,
2018/5/31,6.4096,111.988,2.83,
2018/6/1,6.418,111.8253,2.89,251.018
2018/6/4,6.405,111.8235,2.94,
2018/6/5,6.4042,112.2628,2.92,
2018/6/6,6.385,111.7517,2.97,
2018/6/7,6.389,112.0719,2.93,
2018/6/8,6.4031,112.1057,2.93,
2018/6/11,6.4,112.1097,2.96,
2018/6/12,6.3992,112.2129,2.96,
2018/6/13,6.3944,112.2569,2.98,
2018/6/14,6.398,112.8581,2.94,
2018/6/15,6.4379,113.3369,2.93,
2018/6/18,6.4379,113.4889,2.92,
2018/6/19,6.4802,113.6379,2.89,
2018/6/20,6.4713,113.4774,2.93,
2018/6/21,6.49,113.61,2.9,
2018/6/22,6.5027,113.3039,2.9,
2018/6/25,6.536,113.2854,2.87,
2018/6/26,6.5759,113.301,2.88,
2018/6/27,6.5992,113.8964,2.83,
2018/6/28,6.6235,113.8399,2.84,
2018/6/29,6.6171,113.2583,2.85,
2018/7/1,,,,251.214
2018/7/2,6.6632,114.1669,2.87,
2018/7/3,6.6368,113.3217,2.83,
2018/7/4,,,,
2018/7/5,6.6341,112.9756,2.84,
2018/7/6,6.6396,112.6426,2.82,
2018/7/9,6.6123,112.6423,2.86,
2018/7/10,6.6296,112.5792,2.87,
2018/7/11,6.6764,112.8582,2.85,
2018/7/12,6.663,112.779,2.85,
2018/7/13,6.69,113.0705,2.83,
2018/7/16,6.6866,112.8438,2.85,
2018/7/17,6.7018,113.1504,2.86,
2018/7/18,6.7161,113.3349,2.88,
2018/7/19,6.7701,113.9464,2.84,
2018/7/20,6.7659,113.3214,2.89,
2018/7/23,6.7927,113.4248,2.96,
2018/7/24,6.7912,113.2043,2.95,
2018/7/25,6.7658,112.9217,2.94,
2018/7/26,6.7865,112.9175,2.98,
2018/7/27,6.8097,112.8122,2.96,
2018/7/30,6.8102,112.6043,2.98,
2018/7/31,6.8038,112.7297,2.96,
2018/8/1,6.8154,112.8897,3,251.663
2018/8/2,6.838,113.1674,2.98,
2018/8/3,6.8309,113.0114,2.95,
2018/8/6,6.85,113.2283,2.94,
2018/8/7,6.828,112.9753,2.98,
2018/8/8,6.8344,113.1404,2.96,
2018/8/9,6.8199,113.3797,2.93,
2018/8/10,6.8458,114.2992,2.87,
2018/8/13,6.888,114.8497,2.88,
2018/8/14,6.8809,114.6566,2.89,
2018/8/15,6.933,115.1512,2.86,
2018/8/16,6.8792,114.6403,2.87,
2018/8/17,6.874,114.5327,2.87,
2018/8/20,6.8546,114.3493,2.82,
2018/8/21,6.8444,113.8595,2.85,
2018/8/22,6.84,113.6622,2.82,
2018/8/23,6.8748,114.0926,2.82,
2018/8/24,6.803,113.598,2.82,
2018/8/27,6.8145,113.2717,2.85,
2018/8/28,6.8018,113.3441,2.88,
2018/8/29,6.819,113.6458,2.89,
2018/8/30,6.8415,114.0895,2.86,
2018/8/31,6.83,114.275,2.86,
2018/9/1,,,,252.182
2018/9/3,,,,
2018/9/4,6.8427,114.858,2.9,
2018/9/5,6.827,114.7474,2.9,
2018/9/6,6.8322,114.6473,2.88,
2018/9/7,6.8419,114.5807,2.94,
2018/9/10,6.8545,114.6793,2.94,
2018/9/11,6.8704,114.7044,2.98,
2018/9/12,6.8574,114.2185,2.97,
2018/9/13,6.8407,113.9264,2.97,
2018/9/14,6.8673,114.0654,2.99,
2018/9/17,6.854,113.9154,2.99,
2018/9/18,6.8591,113.7735,3.05,
2018/9/19,6.8466,113.6528,3.08,
2018/9/20,6.8455,113.4986,3.07,
2018/9/21,6.8559,113.5097,3.07,
2018/9/24,6.8559,113.53,3.08,
2018/9/25,6.8632,113.7203,3.1,
2018/9/26,6.8763,113.6738,3.06,
2018/9/27,6.888,113.9782,3.06,
2018/9/28,6.868,113.8072,3.05,
2018/10/1,6.868,113.8227,3.09,252.772
2018/10/2,6.868,113.8946,3.05,
2018/10/3,6.868,114.1559,3.15,
2018/10/4,6.868,114.6857,3.19,
2018/10/5,6.868,114.5599,3.23,
2018/10/8,,,,
2018/10/9,6.9217,114.6568,3.21,
2018/10/10,6.9224,114.6059,3.22,
2018/10/11,6.888,114.4062,3.14,
2018/10/12,6.9182,114.368,3.15,
2018/10/15,6.9131,114.044,3.16,
2018/10/16,6.9102,113.8952,3.16,
2018/10/17,6.9263,114.1743,3.19,
2018/10/18,6.9367,114.8152,3.17,
2018/10/19,6.9291,114.8557,3.2,
2018/10/22,6.9446,115.1772,3.2,
2018/10/23,6.9373,115.1641,3.17,
2018/10/24,6.942,115.3743,3.1,
2018/10/25,6.9477,115.4818,3.14,
2018/10/26,6.9425,115.4717,3.08,
2018/10/29,6.9605,115.8925,3.08,
2018/10/30,6.9663,116.2346,3.12,
2018/10/31,6.9737,116.5268,3.15,
2018/11/1,6.9205,115.8643,3.14,252.594
2018/11/2,6.8894,115.6415,3.22,
2018/11/5,6.9249,115.7015,3.2,
2018/11/6,6.9172,115.5607,3.22,
2018/11/7,6.9174,115.2505,3.22,
2018/11/8,6.9318,115.6463,3.24,
2018/11/9,6.9553,116.4762,3.19,
2018/11/12,,,,
2018/11/13,6.9546,116.6676,3.14,
2018/11/14,6.95,116.4964,3.12,
2018/11/15,6.938,116.3849,3.11,
2018/11/16,6.9367,115.9246,3.08,
2018/11/19,6.9398,115.985,3.06,
2018/11/20,6.9448,116.2357,3.06,
2018/11/21,6.9248,116.0911,3.06,
2018/11/22,,,,
2018/11/23,6.9477,116.4703,3.05,
2018/11/26,6.9397,116.6198,3.07,
2018/11/27,6.9498,116.8991,3.06,
2018/11/28,6.9534,116.8333,3.06,
2018/11/29,6.9419,116.1954,3.03,
2018/11/30,6.9558,116.4121,3.01,
2018/12/1,,,,252.767
2018/12/3,6.8798,115.9046,2.98,
2018/12/4,6.8343,116.0015,2.91,
2018/12/5,,,,
2018/12/6,6.8816,116.3983,2.87,
2018/12/7,6.8733,116.0839,2.85,
2018/12/10,6.9077,116.6739,2.85,
2018/12/11,6.8968,116.7556,2.89,
2018/12/12,6.8778,116.2205,2.91,
2018/12/13,6.8798,116.3967,2.91,
2018/12/14,6.905,116.7891,2.89,
2018/12/17,6.8962,116.4524,2.86,
2018/12/18,6.8939,116.4122,2.82,
2018/12/19,6.8918,116.0672,2.77,
2018/12/20,6.8834,116.0179,2.79,
2018/12/21,6.9048,116.2221,2.79,
2018/12/24,,116.2177,2.74,
2018/12/25,,,,
2018/12/26,6.8847,116.1156,2.81,
2018/12/27,6.8649,115.9922,2.77,
2018/12/28,6.8755,115.7226,2.72,
2018/12/31,6.8755,115.5667,2.69,
2019/1/1,,,,252.561
2019/1/2,6.8597,115.7676,2.66,
2019/1/3,6.8708,115.4611,2.56,
2019/1/4,6.8663,114.9813,2.67,
2019/1/7,6.8501,114.5621,2.7,
2019/1/8,6.8519,114.7272,2.73,
2019/1/9,6.8117,114.1394,2.74,
2019/1/10,6.7875,114.048,2.74,
2019/1/11,6.7596,114.0383,2.71,
2019/1/14,,,2.71,
2019/1/15,6.7595,114.3374,2.72,
2019/1/16,6.7532,114.1341,2.73,
2019/1/17,6.7735,114.4087,2.75,
2019/1/18,6.7765,114.5555,2.79,
2019/1/21,,,,
2019/1/22,6.8072,114.7515,2.74,
2019/1/23,6.7897,114.5732,2.76,
2019/1/24,6.7835,114.614,2.72,
2019/1/25,6.7448,114.0168,2.76,
2019/1/28,6.7437,114.0493,2.75,
2019/1/29,6.7304,114.0227,2.72,
2019/1/30,6.7115,114.0705,2.7,
2019/1/31,6.6958,113.5476,2.63,
2019/2/1,6.7426,113.7524,2.7,253.319
2019/2/4,6.7426,113.8738,2.73,
2019/2/5,6.7426,114.0404,2.71,
2019/2/6,6.7426,114.2275,2.7,
2019/2/7,6.7426,114.4308,2.65,
2019/2/8,6.7426,114.4975,2.63,
2019/2/11,6.7907,115.0288,2.65,
2019/2/12,6.7726,114.7278,2.68,
2019/2/13,6.7598,114.9388,2.71,
2019/2/14,6.7711,115.0984,2.66,
2019/2/15,6.768,114.9899,2.66,
2019/2/18,,,,
2019/2/19,6.756,114.5676,2.65,
2019/2/20,,,2.65,
2019/2/21,6.7195,114.507,2.69,
2019/2/22,6.7112,114.2692,2.65,
2019/2/25,6.6844,114.1432,2.67,
2019/2/26,6.698,114.0662,2.64,
2019/2/27,6.6822,114.0337,2.69,
2019/2/28,6.6912,114.1971,2.73,
2019/3/1,6.7048,114.535,2.76,254.277
2019/3/4,6.7045,114.6903,2.72,
2019/3/5,6.706,114.8019,2.72,
2019/3/6,6.7099,114.9697,2.69,
2019/3/7,6.7132,115.4905,2.64,
2019/3/8,6.7201,115.3585,2.62,
2019/3/11,6.7215,115.2953,2.64,
2019/3/12,6.707,114.9376,2.61,
2019/3/13,6.7064,114.7361,2.61,
2019/3/14,6.7209,114.7891,2.63,
2019/3/15,6.7129,114.5808,2.59,
2019/3/18,6.7121,114.4368,2.6,
2019/3/19,6.7106,114.2313,2.61,
2019/3/20,6.6916,114.1497,2.54,
2019/3/21,6.6952,114.1672,2.54,
2019/3/22,6.7162,114.6845,2.44,
2019/3/25,6.7079,114.4158,2.43,
2019/3/26,6.7145,114.6404,2.41,
2019/3/27,6.7262,115.1236,2.39,
2019/3/28,6.7381,115.2575,2.39,
2019/3/29,6.7112,115.1364,2.41,
2019/4/1,6.7102,114.935,2.49,255.233
2019/4/2,6.7223,115.1164,2.48,
2019/4/3,6.7098,114.7204,2.52,
2019/4/4,6.7167,114.9687,2.51,
2019/4/5,6.7182,114.9714,2.5,
2019/4/8,6.7158,114.6879,2.52,
2019/4/9,6.7111,114.5307,2.51,
2019/4/10,6.7153,114.4255,2.48,
2019/4/11,6.7188,114.629,2.51,
2019/4/12,6.7039,114.3517,2.56,
2019/4/15,6.7072,114.4936,2.55,
2019/4/16,6.7112,114.6745,2.6,
2019/4/17,6.687,114.5128,2.59,
2019/4/18,6.7081,114.7057,2.57,
2019/4/19,6.7032,114.6961,,
2019/4/22,6.7112,114.7679,2.59,
2019/4/23,6.7249,115.1563,2.57,
2019/4/24,6.7207,115.4172,2.53,
2019/4/25,6.7418,115.7692,2.54,
2019/4/26,6.7282,115.4749,2.51,
2019/4/29,6.7332,115.5213,2.54,
2019/4/30,6.7347,115.3268,2.51,
2019/5/1,6.7319,115.0008,2.52,255.296
2019/5/2,6.7337,115.5607,2.55,
2019/5/3,6.7337,115.2635,2.54,
2019/5/6,6.7602,115.38,2.51,
2019/5/7,6.7755,115.6104,2.45,
2019/5/8,6.7818,115.5161,2.49,
2019/5/9,6.8256,115.8414,2.45,
2019/5/10,6.8217,115.5327,2.47,
2019/5/13,6.8765,115.9142,2.4,
2019/5/14,6.8737,115.942,2.42,
2019/5/15,6.8742,115.8561,2.37,
2019/5/16,6.8832,116.0343,2.4,
2019/5/17,6.9182,116.4481,2.39,
2019/5/20,6.9111,116.3126,2.41,
2019/5/21,6.9007,116.2847,2.43,
2019/5/22,6.9054,116.2414,2.39,
2019/5/23,6.9087,116.2369,2.31,
2019/5/24,6.8997,116.0809,2.32,
2019/5/27,,,,
2019/5/28,6.9078,116.3178,2.26,
2019/5/29,6.9138,116.5533,2.25,
2019/5/30,6.9011,116.3986,2.22,
2019/5/31,6.9027,116.7279,2.14,
2019/6/1,,,,255.213
2019/6/3,6.9028,116.4777,2.07,
2019/6/4,6.9072,116.0919,2.12,
2019/6/5,6.9084,116.0309,2.12,
2019/6/6,6.9082,115.9788,2.12,
2019/6/7,6.9057,115.7386,2.09,
2019/6/10,6.9298,115.5012,2.15,
2019/6/11,6.9107,115.3803,2.15,
2019/6/12,6.9161,115.4388,2.13,
2019/6/13,6.9212,115.6281,2.1,
2019/6/14,6.9247,115.9059,2.09,
2019/6/17,6.9251,115.9687,2.09,
2019/6/18,6.9002,115.8798,2.06,
2019/6/19,6.8996,115.7891,2.03,
2019/6/20,6.851,114.8046,2.01,
2019/6/21,6.8686,114.8378,2.07,
2019/6/24,6.8758,114.6568,2.02,
2019/6/25,6.8791,114.6373,2,
2019/6/26,6.8781,114.5619,2.05,
2019/6/27,6.8762,114.6663,2.01,
2019/6/28,6.865,114.5834,2,
2019/7/1,6.8487,114.7247,2.03,255.802
2019/7/2,6.8717,114.8268,1.98,
2019/7/3,6.8806,114.8145,1.96,
2019/7/4,,,,
2019/7/5,6.8925,115.1143,2.04,
2019/7/8,6.8808,115.0263,2.05,
2019/7/9,6.8866,115.1026,2.07,
2019/7/10,6.8705,115.0897,2.07,
2019/7/11,6.8682,114.8375,2.13,
2019/7/12,6.8796,114.7696,2.12,
2019/7/15,6.8769,114.6831,2.09,
2019/7/16,6.8753,115.0124,2.13,
2019/7/17,6.8731,114.8829,2.06,
2019/7/18,6.8788,114.8751,2.04,
2019/7/19,6.8812,114.8702,2.05,
2019/7/22,6.8803,115.0026,2.05,
2019/7/23,6.8787,115.3001,2.08,
2019/7/24,6.8717,115.2441,2.05,
2019/7/25,6.8714,115.2987,2.08,
2019/7/26,6.8785,115.5454,2.08,
2019/7/29,6.8927,115.5896,2.06,
2019/7/30,6.8833,115.6222,2.06,
2019/7/31,6.8833,115.4955,2.02,
2019/8/1,6.8972,116.0509,1.9,256.036
2019/8/2,6.9387,116.1874,1.86,
2019/8/5,7.0481,116.587,1.75,
2019/8/6,7.0192,116.6921,1.73,
2019/8/7,7.0592,116.8003,1.71,
2019/8/8,7.044,116.4756,1.72,
2019/8/9,7.0613,116.4432,1.74,
2019/8/12,7.0578,116.7567,1.65,
2019/8/13,7.0423,116.7283,1.68,
2019/8/14,7.0224,117.0926,1.59,
2019/8/15,7.0327,117.2247,1.52,
2019/8/16,7.0413,117.0796,1.55,
2019/8/19,7.0499,117.39,1.6,
2019/8/20,7.0597,117.3738,1.55,
2019/8/21,7.0623,117.1778,1.59,
2019/8/22,7.0829,117.357,1.62,
2019/8/23,7.0928,117.3027,1.52,
2019/8/26,7.1503,117.668,1.54,
2019/8/27,7.1603,117.7525,1.49,
2019/8/28,7.1628,117.8792,1.47,
2019/8/29,7.1434,118.0652,1.5,
2019/8/30,7.1543,118.16,1.5,
2019/9/1,,,,256.43
2019/9/2,,,,
2019/9/3,7.1786,118.313,1.47,
2019/9/4,7.144,117.6745,1.47,
2019/9/5,7.1468,117.4791,1.57,
2019/9/6,7.1131,117.1305,1.55,
2019/9/9,7.121,117.0617,1.63,
2019/9/10,7.1121,117.09,1.72,
2019/9/11,7.1153,117.3138,1.75,
2019/9/12,7.0787,116.8391,1.79,
2019/9/13,7.0754,116.769,1.9,
2019/9/16,7.0659,117.0261,1.84,
2019/9/17,7.0905,116.9839,1.81,
2019/9/18,7.0849,116.9779,1.8,
2019/9/19,7.0959,117.0877,1.79,
2019/9/20,7.0909,117.1835,1.74,
2019/9/23,7.1168,117.3006,1.72,
2019/9/24,7.1138,117.2247,1.64,
2019/9/25,7.1313,117.6549,1.73,
2019/9/26,7.13,117.729,1.7,
2019/9/27,7.1218,117.7246,1.69,
2019/9/30,7.1477,117.9488,1.68,
2019/10/1,7.1473,117.9621,1.65,257.155
2019/10/2,7.1473,117.9694,1.6,
2019/10/3,7.1473,117.6628,1.54,
2019/10/4,7.1473,117.5306,1.52,
2019/10/7,7.1473,117.5552,1.56,
2019/10/8,7.1422,117.7423,1.54,
2019/10/9,7.1316,117.6854,1.59,
2019/10/10,7.1153,117.282,1.67,
2019/10/11,7.0868,116.8257,1.76,
2019/10/14,,,,
2019/10/15,7.0814,116.8122,1.77,
2019/10/16,7.092,116.6438,1.75,
2019/10/17,7.0766,116.2631,1.76,
2019/10/18,7.0805,116.1359,1.76,
2019/10/21,7.0748,116.0453,1.8,
2019/10/22,7.0761,115.9868,1.78,
2019/10/23,7.0624,116.0601,1.77,
2019/10/24,7.0684,116.1291,1.77,
2019/10/25,7.0647,116.0788,1.8,
2019/10/28,7.067,116.0236,1.85,
2019/10/29,7.0655,115.9811,1.84,
2019/10/30,7.0541,116.1649,1.78,
2019/10/31,7.0379,115.9137,1.69,
2019/11/1,7.0368,115.7324,1.73,257.879
2019/11/4,7.03,115.8637,1.79,
2019/11/5,7.0082,116.1149,1.86,
2019/11/6,6.9968,116.1012,1.81,
2019/11/7,6.9766,116.1179,1.92,
2019/11/8,6.9954,116.344,1.94,
2019/11/11,,,,
2019/11/12,7.0066,116.5843,1.92,
2019/11/13,7.0223,116.8404,1.88,
2019/11/14,7.0195,116.8031,1.82,
2019/11/15,7.0075,116.4409,1.84,
2019/11/18,7.0246,116.3634,1.81,
2019/11/19,7.0263,116.5402,1.79,
2019/11/20,7.0344,116.8293,1.73,
2019/11/21,7.0285,116.7447,1.77,
2019/11/22,7.0389,116.9148,1.77,
2019/11/25,7.0349,117.0109,1.76,
2019/11/26,7.0319,117.0529,1.74,
2019/11/27,7.028,117.1292,1.77,
2019/11/28,,,,
2019/11/29,7.0308,117.1218,1.78,
2019/12/1,,,,258.63
2019/12/2,7.038,116.9664,1.83,
2019/12/3,7.0609,116.8916,1.72,
2019/12/4,7.0489,116.6938,1.77,
2019/12/5,7.0445,116.3857,1.8,
2019/12/6,7.0348,116.5394,1.84,
2019/12/9,7.0389,116.3296,1.83,
2019/12/10,7.0328,116.2557,1.85,
2019/12/11,7.0384,116.1492,1.79,
2019/12/12,6.9925,115.8755,1.9,
2019/12/13,6.9925,115.6976,1.82,
2019/12/16,6.9921,115.5559,1.89,
2019/12/17,6.9967,115.5561,1.89,
2019/12/18,7.0029,115.6627,1.92,
2019/12/19,7.0097,115.5997,1.92,
2019/12/20,7.0063,115.7604,1.92,
2019/12/23,7.0124,115.8066,1.93,
2019/12/24,7.0064,,1.9,
2019/12/25,,,,
2019/12/26,6.9949,115.6347,1.9,
2019/12/27,6.9954,115.2207,1.88,
2019/12/30,6.9864,114.9639,1.9,
2019/12/31,6.9618,114.6697,1.92,
2020/1/1,,,,259.127
2020/1/2,6.9642,114.9746,1.88,
2020/1/3,6.9649,114.9862,1.8,
2020/1/6,6.9749,114.9552,1.81,
2020/1/7,6.9443,115.1467,1.83,
2020/1/8,6.9447,115.1318,1.87,
2020/1/9,6.9309,115.2325,1.85,
2020/1/10,6.9178,115.0671,1.83,
2020/1/13,6.8924,115.0337,1.85,
2020/1/14,6.8837,115.0233,1.82,
2020/1/15,6.8899,114.9526,1.79,
2020/1/16,6.8769,114.9999,1.81,
2020/1/17,6.8589,115.0642,1.84,
2020/1/20,,,,
2020/1/21,6.9049,115.1865,1.78,
2020/1/22,6.904,115.2264,1.77,
2020/1/23,6.9364,115.5537,1.74,
2020/1/24,6.9161,115.5545,1.7,
2020/1/27,6.9161,115.7994,1.61,
2020/1/28,6.9161,115.7226,1.65,
2020/1/29,6.9161,115.6986,1.6,
2020/1/30,6.9161,115.8065,1.57,
2020/1/31,6.9161,115.7342,1.51,
2020/2/1,,,,259.25
2020/2/3,7.0208,116.1176,1.54,
2020/2/4,6.9979,115.929,1.61,
2020/2/5,6.972,116.0082,1.66,
2020/2/6,6.9694,116.1508,1.65,
2020/2/7,7.0003,116.5075,1.59,
2020/2/10,6.982,116.5701,1.56,
2020/2/11,6.965,116.3572,1.59,
2020/2/12,6.9708,116.2777,1.62,
2020/2/13,6.9759,116.398,1.61,
2020/2/14,6.9859,116.42,1.59,
2020/2/17,,,,
2020/2/18,6.9949,116.6016,1.55,
2020/2/19,6.9975,116.7802,1.56,
2020/2/20,7.0225,117.2434,1.52,
2020/2/21,7.0255,117.0456,1.46,
2020/2/24,7.0286,117.401,1.38,
2020/2/25,7.0128,117.2417,1.33,
2020/2/26,7.0214,117.4048,1.33,
2020/2/27,7.0036,117.3686,1.3,
2020/2/28,6.9906,117.6573,1.13,
2020/3/1,,,,258.076
2020/3/2,6.9595,116.8148,1.1,
2020/3/3,6.9579,116.4958,1.02,
2020/3/4,6.9244,116.7799,1.02,
2020/3/5,6.9366,116.7913,0.92,
2020/3/6,6.9298,116.7132,0.74,
2020/3/9,6.9448,117.1927,0.54,
2020/3/10,6.9549,117.9082,0.76,
2020/3/11,6.9595,118.2564,0.82,
2020/3/12,7.0282,120.4945,0.88,
2020/3/13,7.0079,120.4439,0.94,
2020/3/16,6.9913,120.9417,0.73,
2020/3/17,7.003,122.4875,1.02,
2020/3/18,7.0459,124.1693,1.18,
2020/3/19,7.1058,125.0662,1.12,
2020/3/20,7.095,124.9425,0.92,
2020/3/23,7.09,126.1342,0.76,
2020/3/24,7.061,125.5092,0.84,
2020/3/25,7.1099,124.7995,0.88,
2020/3/26,7.0709,122.4384,0.83,
2020/3/27,7.0942,122.4097,0.72,
2020/3/30,7.0986,123.2997,0.7,
2020/3/31,7.0808,122.5394,0.7,
2020/4/1,7.0989,123.8033,0.62,256.032
2020/4/2,7.0857,123.5994,0.63,
2020/4/3,7.0908,124.4237,0.62,
2020/4/6,7.0895,124.1692,0.67,
2020/4/7,7.0448,123.1038,0.75,
2020/4/8,7.0649,123.2299,0.77,
2020/4/9,7.0428,122.4834,0.73,
2020/4/10,7.0341,122.1668,,
2020/4/13,7.0501,122.5282,0.76,
2020/4/14,7.0479,122.1204,0.76,
2020/4/15,7.0664,123.084,0.63,
2020/4/16,7.0778,123.4698,0.61,
2020/4/17,7.0711,122.8791,0.65,
2020/4/20,7.0721,123.1121,0.63,
2020/4/21,7.0914,123.9207,0.58,
2020/4/22,7.0831,123.9354,0.63,
2020/4/23,7.0654,123.7645,0.61,
2020/4/24,7.0813,124.172,0.6,
2020/4/27,7.0848,123.8954,0.67,
2020/4/28,7.0776,123.3794,0.62,
2020/4/29,7.0755,122.7877,0.63,
2020/4/30,7.0622,122.3375,0.64,
2020/5/1,7.0622,123.1615,0.64,255.802
2020/5/4,7.0622,123.2224,0.64,
2020/5/5,7.0622,122.8117,0.66,
2020/5/6,7.1031,123.6188,0.72,
2020/5/7,7.0825,123.1339,0.63,
2020/5/8,7.0732,122.5465,0.69,
2020/5/11,7.0972,123.2423,0.73,
2020/5/12,7.0816,123.0694,0.69,
2020/5/13,7.0911,123.5512,0.64,
2020/5/14,7.0935,123.6524,0.63,
2020/5/15,7.1013,123.608,0.64,
2020/5/18,7.1086,122.8055,0.73,
2020/5/19,7.098,122.5744,0.7,
2020/5/20,7.0928,122.1093,0.68,
2020/5/21,7.1138,122.099,0.68,
2020/5/22,7.1269,122.3278,0.66,
2020/5/25,,,,
2020/5/26,7.134,121.3933,0.69,
2020/5/27,7.1681,121.5741,0.68,
2020/5/28,7.1447,121.0207,0.7,
2020/5/29,7.1348,120.953,0.65,
2020/6/1,7.1263,120.2753,0.66,257.042
2020/6/2,7.0992,119.692,0.68,
2020/6/3,7.1115,119.2625,0.77,
2020/6/4,7.1075,119.3094,0.82,
2020/6/5,7.0808,118.8202,0.91,
2020/6/8,7.07,118.6687,0.88,
2020/6/9,7.0765,118.5967,0.84,
2020/6/10,7.0599,118.5307,0.75,
2020/6/11,7.064,119.2435,0.66,
2020/6/12,7.0825,119.6719,0.71,
2020/6/15,7.0887,119.9622,0.71,
2020/6/16,7.0854,119.5744,0.75,
2020/6/17,7.084,119.918,0.74,
2020/6/18,7.0869,120.2252,0.71,
2020/6/19,7.0707,120.226,0.7,
2020/6/22,7.0678,119.7613,0.71,
2020/6/23,7.0575,119.3372,0.72,
2020/6/24,7.077,119.9834,0.69,
2020/6/25,7.0768,120.3089,0.68,
2020/6/26,7.0768,120.5425,0.64,
2020/6/29,7.0794,120.6757,0.64,
2020/6/30,7.0651,120.4746,0.66,
2020/7/1,7.0703,120.0902,0.69,258.352
2020/7/2,7.066,119.8648,0.68,
2020/7/3,,,,
2020/7/6,7.0159,119.2941,0.69,
2020/7/7,7.0127,119.5814,0.65,
2020/7/8,7.0041,119.5625,0.67,
2020/7/9,6.9923,119.5221,0.62,
2020/7/10,6.999,119.3601,0.65,
2020/7/13,6.9959,119.1984,0.64,
2020/7/14,7.006,119.3999,0.63,
2020/7/15,6.9885,119.0423,0.64,
2020/7/16,6.9881,118.9368,0.62,
2020/7/17,6.9912,119.134,0.64,
2020/7/20,6.9829,119.0588,0.62,
2020/7/21,6.98,118.4145,0.61,
2020/7/22,6.9988,118.1446,0.6,
2020/7/23,7.0034,118.0724,0.59,
2020/7/24,7.0168,118.1445,0.59,
2020/7/27,6.995,117.3982,0.62,
2020/7/28,6.9998,117.3301,0.59,
2020/7/29,7.0014,117.2242,0.58,
2020/7/30,7.008,117.4133,0.55,
2020/7/31,6.9744,117.2208,0.55,
2020/8/1,,,,259.316
2020/8/3,6.9799,117.8199,0.56,
2020/8/4,6.972,117.7962,0.52,
2020/8/5,6.9353,116.8865,0.55,
2020/8/6,6.952,117.055,0.55,
2020/8/7,6.967,117.6365,0.57,
2020/8/10,6.9611,117.5946,0.59,
2020/8/11,6.9451,117.3902,0.64,
2020/8/12,6.9363,117.2679,0.69,
2020/8/13,6.944,117.1313,0.71,
2020/8/14,6.9501,116.9512,0.71,
2020/8/17,6.9318,116.7609,0.69,
2020/8/18,6.9215,116.5722,0.67,
2020/8/19,6.9192,116.5789,0.68,
2020/8/20,6.9143,116.8243,0.65,
2020/8/21,6.9179,117.0682,0.64,
2020/8/24,6.918,116.9238,0.65,
2020/8/25,6.9116,116.8324,0.69,
2020/8/26,6.8855,116.6358,0.69,
2020/8/27,6.8925,116.6614,0.74,
2020/8/28,6.8647,115.9506,0.74,
2020/8/31,6.8474,115.7717,0.72,
2020/9/1,6.8272,115.5814,0.68,259.997
2020/9/2,6.8375,116.0423,0.66,
2020/9/3,6.8474,116.0799,0.63,
2020/9/4,6.8409,116.0457,0.72,
2020/9/7,,,,
2020/9/8,6.8435,116.4725,0.69,
2020/9/9,6.8308,116.1396,0.71,
2020/9/10,6.8335,115.8906,0.68,
2020/9/11,6.833,116.0963,0.67,
2020/9/14,6.808,115.6523,0.68,
2020/9/15,6.7819,115.5996,0.68,
2020/9/16,6.7529,115.3623,0.69,
2020/9/17,6.7628,115.4476,0.69,
2020/9/18,6.7675,115.248,0.7,
2020/9/21,6.8043,116.3873,0.68,
2020/9/22,6.7779,116.5529,0.68,
2020/9/23,6.8089,117.2631,0.68,
2020/9/24,6.8273,117.5578,0.67,
2020/9/25,6.822,117.8786,0.66,
2020/9/28,6.8106,117.629,0.67,
2020/9/29,6.815,117.5379,0.66,
2020/9/30,6.7896,116.957,0.69,
2020/10/1,6.7898,116.7339,0.68,260.319
2020/10/2,6.7898,116.7424,0.7,
2020/10/5,6.7896,116.187,0.78,
2020/10/6,6.7896,116.2781,0.76,
2020/10/7,6.7896,116.3548,0.81,
2020/10/8,6.7896,116.1753,0.78,
2020/10/9,6.6933,115.2843,0.79,
2020/10/12,,,,
2020/10/13,6.7452,115.9193,0.74,
2020/10/14,6.7136,115.6959,0.73,
2020/10/15,6.7233,116.1046,0.74,
2020/10/16,6.6962,115.7754,0.76,
2020/10/19,6.6803,115.4109,0.78,
2020/10/20,6.6754,115.2558,0.81,
2020/10/21,6.6503,114.9185,0.83,
2020/10/22,6.6821,115.1234,0.87,
2020/10/23,6.6861,115.0198,0.85,
2020/10/26,6.7119,115.2872,0.81,
2020/10/27,6.7044,115.0206,0.79,
2020/10/28,6.7279,115.8099,0.79,
2020/10/29,6.714,116.3138,0.85,
2020/10/30,6.6919,116.1417,0.88,
2020/11/1,,,,260.911
2020/11/2,6.6899,116.2425,0.87,
2020/11/3,6.6759,115.4864,0.9,
2020/11/4,6.6504,115.1733,0.78,
2020/11/5,6.6027,114.4615,0.79,
2020/11/6,6.608,113.9977,0.83,
2020/11/9,6.628,114.0942,0.96,
2020/11/10,6.6146,114.0802,0.98,
2020/11/11,,,,
2020/11/12,6.6114,114.2889,0.88,
2020/11/13,6.6039,114.2445,0.89,
2020/11/16,6.583,113.8356,0.91,
2020/11/17,6.5556,113.6864,0.87,
2020/11/18,6.5588,113.4645,0.88,
2020/11/19,6.5823,113.6982,0.86,
2020/11/20,6.5608,113.4932,0.83,
2020/11/23,6.585,113.759,0.86,
2020/11/24,6.59,113.4361,0.88,
2020/11/25,6.575,113.1871,0.88,
2020/11/26,,,,
2020/11/27,,,0.84,
2020/11/30,6.576,113.2308,0.84,
2020/12/1,6.5705,112.8122,0.92,262.045
2020/12/2,6.5622,112.6174,0.95,
2020/12/3,6.5418,112.0293,0.92,
2020/12/4,6.5301,111.7826,0.97,
2020/12/7,6.5295,111.8431,0.94,
2020/12/8,6.5307,111.8684,0.92,
2020/12/9,6.541,112.0353,0.95,
2020/12/10,6.5419,111.9839,0.92,
2020/12/11,6.5445,112.1469,0.9,
2020/12/14,6.548,112.177,0.9,
2020/12/15,6.5388,111.866,0.92,
2020/12/16,6.5323,111.7215,0.92,
2020/12/17,6.5321,111.2286,0.94,
2020/12/18,6.5395,111.6136,0.95,
2020/12/21,6.5493,111.9477,0.95,
2020/12/22,6.5426,112.201,0.93,
2020/12/23,6.54,111.9873,0.96,
2020/12/24,,,0.94,
2020/12/25,,,,
2020/12/28,6.5346,111.9821,0.94,
2020/12/29,6.53,111.524,0.94,
2020/12/30,6.5208,111.3156,0.93,
2020/12/31,6.525,111.324,0.93,
2021/1/1,,,,262.639
2021/1/4,6.4601,111.2143,0.93,
2021/1/5,6.455,110.9649,0.96,
2021/1/6,6.4617,110.8573,1.04,
2021/1/7,6.476,111.3124,1.08,
2021/1/8,6.475,111.293,1.13,
2021/1/11,6.4795,111.8342,1.15,
2021/1/12,6.461,111.5584,1.15,
2021/1/13,6.4677,111.3702,1.1,
2021/1/14,6.4736,111.1639,1.15,
2021/1/15,6.48,111.5168,1.11,
2021/1/18,,,,
2021/1/19,6.4777,111.4591,1.1,
2021/1/20,,,1.1,
2021/1/21,6.4595,111.2044,1.12,
2021/1/22,6.481,111.5602,1.1,
2021/1/25,6.4784,111.8767,1.05,
2021/1/26,6.4635,111.6661,1.05,
2021/1/27,6.4822,112.0876,1.04,
2021/1/28,6.4491,112.015,1.07,
2021/1/29,6.4282,111.9604,1.11,
2021/2/1,6.4669,112.4282,1.09,263.573
2021/2/2,6.457,112.2937,1.12,
2021/2/3,6.4614,112.2648,1.15,
2021/2/4,6.4715,112.756,1.15,
2021/2/5,6.4664,112.2463,1.19,
2021/2/8,6.4475,112.0512,1.19,
2021/2/9,6.4344,111.7768,1.18,
2021/2/10,6.4576,111.5929,1.15,
2021/2/11,6.4567,111.5364,1.16,
2021/2/12,6.4567,111.4981,1.2,
2021/2/15,,,,
2021/2/16,6.4567,111.7984,1.3,
2021/2/17,6.4567,112.03,1.29,
2021/2/18,6.4869,112.1718,1.29,
2021/2/19,6.4555,111.7179,1.34,
2021/2/22,6.4625,111.9316,1.37,
2021/2/23,6.464,111.911,1.37,
2021/2/24,6.4556,111.7339,1.38,
2021/2/25,6.4541,111.9402,1.54,
2021/2/26,6.473,112.8433,1.44,
2021/3/1,6.4648,112.538,1.45,264.847
2021/3/2,6.4702,112.5472,1.42,
2021/3/3,6.4675,112.7761,1.47,
2021/3/4,6.4694,112.717,1.54,
2021/3/5,6.496,113.7626,1.56,
2021/3/8,6.525,114.2824,1.59,
2021/3/9,6.505,113.9431,1.55,
2021/3/10,6.505,113.6015,1.53,
2021/3/11,6.4932,112.9345,1.54,
2021/3/12,6.5081,113.0403,1.64,
2021/3/15,6.4996,113.2065,1.62,
2021/3/16,6.5052,112.997,1.62,
2021/3/17,6.503,113.1726,1.63,
2021/3/18,6.5054,112.7872,1.71,
2021/3/19,6.507,112.9877,1.74,
2021/3/22,6.507,113.0154,1.69,
2021/3/23,6.516,113.3038,1.63,
2021/3/24,6.523,113.669,1.62,
2021/3/25,6.5452,114.014,1.63,
2021/3/26,6.5412,113.7532,1.67,
2021/3/29,6.5696,113.9447,1.73,
2021/3/30,6.5716,114.2152,1.73,
2021/3/31,6.5518,113.8351,1.74,
2021/4/1,6.5645,113.7504,1.69,266.625
2021/4/2,6.5646,113.7429,1.72,
2021/4/5,6.5649,113.406,1.73,
2021/4/6,6.537,113.1575,1.67,
2021/4/7,6.5415,113.254,1.68,
2021/4/8,6.5505,113.1015,1.64,
2021/4/9,6.5522,113.2132,1.67,
2021/4/12,6.5475,113.1916,1.69,
2021/4/13,6.5431,113.0489,1.64,
2021/4/14,6.5292,112.7951,1.64,
2021/4/15,6.522,112.6274,1.56,
2021/4/16,6.5203,112.4913,1.59,
2021/4/19,6.5085,112.1929,1.61,
2021/4/20,6.4981,112.2444,1.58,
2021/4/21,6.4903,112.1862,1.57,
2021/4/22,6.491,112.2385,1.57,
2021/4/23,6.4945,112.0981,1.58,
2021/4/26,6.4844,111.8207,1.58,
2021/4/27,6.483,111.9203,1.63,
2021/4/28,6.4771,111.8015,1.63,
2021/4/29,6.471,111.7583,1.65,
2021/4/30,6.4749,112.0959,1.65,
2021/5/1,,,,268.404
2021/5/3,6.4749,112.0176,1.63,
2021/5/4,6.4749,112.3021,1.61,
2021/5/5,6.4749,112.1639,1.59,
2021/5/6,6.4635,111.8525,1.58,
2021/5/7,6.431,111.0372,1.6,
2021/5/10,6.4156,110.803,1.63,
2021/5/11,6.4285,110.904,1.64,
2021/5/12,6.4566,111.5762,1.69,
2021/5/13,6.4506,111.6079,1.66,
2021/5/14,6.4367,111.1476,1.63,
2021/5/17,6.4388,111.0913,1.64,
2021/5/18,6.425,110.8446,1.64,
2021/5/19,6.4342,110.8933,1.68,
2021/5/20,6.4339,110.8741,1.63,
2021/5/21,6.4339,111.0714,1.63,
2021/5/24,6.4177,110.9254,1.61,
2021/5/25,6.41,110.8557,1.56,
2021/5/26,6.3905,110.8814,1.58,
2021/5/27,6.3824,110.8829,1.61,
2021/5/28,6.3674,110.7711,1.58,
2021/5/31,,,,
2021/6/1,6.3796,110.5179,1.62,270.71
2021/6/2,6.3805,110.5924,1.59,
2021/6/3,6.4036,111.1905,1.63,
2021/6/4,6.3945,110.7645,1.56,
2021/6/7,6.3963,110.5275,1.57,
2021/6/8,6.4,110.6608,1.53,
2021/6/9,6.3865,110.582,1.5,
2021/6/10,6.3929,110.557,1.45,
2021/6/11,6.3967,111.1052,1.47,
2021/6/14,6.3979,110.9779,1.51,
2021/6/15,6.4052,111.3634,1.51,
2021/6/16,6.3969,111.1287,1.57,
2021/6/17,6.4477,112.5881,1.52,
2021/6/18,6.4525,113.0517,1.45,
2021/6/21,6.4659,112.8506,1.5,
2021/6/22,6.4811,112.929,1.48,
2021/6/23,6.4727,112.3931,1.5,
2021/6/24,6.4701,112.3357,1.49,
2021/6/25,6.4545,111.9742,1.54,
2021/6/28,6.4555,112.033,1.49,
2021/6/29,6.4635,112.2692,1.49,
2021/6/30,6.4566,112.5613,1.45,
2021/7/1,6.4679,112.7484,1.48,271.965
2021/7/2,6.4721,112.5507,1.44,
2021/7/5,,,,
2021/7/6,6.4786,112.9602,1.37,
2021/7/7,6.4718,113.1136,1.33,
2021/7/8,6.4898,113.0863,1.3,
2021/7/9,6.4788,112.8468,1.37,
2021/7/12,6.4751,112.7701,1.38,
2021/7/13,6.4685,113.0153,1.42,
2021/7/14,6.4688,112.8885,1.37,
2021/7/15,6.46,113.0122,1.31,
2021/7/16,6.4785,113.0504,1.31,
2021/7/19,6.4893,113.5547,1.19,
2021/7/20,6.4845,113.7582,1.23,
2021/7/21,6.4664,113.4018,1.3,
2021/7/22,6.47,113.4788,1.27,
2021/7/23,6.4808,113.4486,1.3,
2021/7/26,6.4825,113.2335,1.29,
2021/7/27,6.5104,113.2321,1.25,
2021/7/28,6.4905,113.1899,1.26,
2021/7/29,6.4562,112.4927,1.28,
2021/7/30,6.4609,112.6808,1.24,
2021/8/1,,,,272.752
2021/8/2,6.462,112.6784,1.2,
2021/8/3,6.47,112.8331,1.19,
2021/8/4,6.4655,112.906,1.19,
2021/8/5,6.4608,112.778,1.23,
2021/8/6,6.4825,113.3192,1.31,
2021/8/9,6.4857,113.4625,1.33,
2021/8/10,6.4852,113.5072,1.36,
2021/8/11,6.4783,113.2917,1.35,
2021/8/12,6.4782,113.278,1.36,
2021/8/13,6.4768,113.0708,1.29,
2021/8/16,6.4742,113.179,1.26,
2021/8/17,6.4854,113.6263,1.26,
2021/8/18,6.4841,113.705,1.27,
2021/8/19,6.4942,114.1195,1.24,
2021/8/20,6.5012,114.5108,1.26,
2021/8/23,6.4805,113.9526,1.25,
2021/8/24,6.471,113.6899,1.29,
2021/8/25,6.4756,113.6424,1.35,
2021/8/26,6.4809,113.7986,1.34,
2021/8/27,6.4711,113.3511,1.31,
2021/8/30,6.4658,113.256,1.29,
2021/8/31,6.4604,113.1175,1.3,
2021/9/1,6.4586,112.8832,1.31,273.942
2021/9/2,6.456,112.7966,1.29,
2021/9/3,6.4528,112.558,1.33,
2021/9/6,,,,
2021/9/7,6.4662,112.9892,1.38,
2021/9/8,6.4612,113.2414,1.35,
2021/9/9,6.4547,113.053,1.3,
2021/9/10,6.444,112.9519,1.35,
2021/9/13,6.4511,113.0432,1.33,
2021/9/14,6.4382,113.0151,1.28,
2021/9/15,6.432,112.9862,1.31,
2021/9/16,6.4566,113.3122,1.34,
2021/9/17,6.4655,113.6074,1.37,
2021/9/20,6.4651,113.9511,1.31,
2021/9/21,6.4651,113.8266,1.33,
2021/9/22,6.4611,113.631,1.32,
2021/9/23,6.459,113.5224,1.41,
2021/9/24,6.466,113.7694,1.47,
2021/9/27,6.456,113.7532,1.48,
2021/9/28,6.4595,114.2571,1.54,
2021/9/29,6.4702,114.7191,1.55,
2021/9/30,6.4434,114.6504,1.52,
2021/10/1,6.4434,114.3899,1.48,276.528
2021/10/4,6.4434,114.2847,1.49,
2021/10/5,6.4434,114.3767,1.54,
2021/10/6,6.4434,114.7292,1.53,
2021/10/7,6.4434,114.5156,1.58,
2021/10/8,6.4435,114.6108,1.61,
2021/10/11,,,,
2021/10/12,6.4485,114.7667,1.59,
2021/10/13,6.4262,114.4827,1.56,
2021/10/14,6.438,114.2181,1.52,
2021/10/15,6.434,114.1033,1.59,
2021/10/18,6.429,114.0022,1.59,
2021/10/19,6.3822,113.6595,1.65,
2021/10/20,6.3936,113.521,1.65,
2021/10/21,6.3925,113.6322,1.68,
2021/10/22,6.3839,113.6828,1.66,
2021/10/25,6.3856,113.6172,1.64,
2021/10/26,6.382,113.6863,1.63,
2021/10/27,6.3915,113.6342,1.54,
2021/10/28,6.3917,113.453,1.57,
2021/10/29,6.405,114.149,1.55,
2021/11/1,6.3972,114.2231,1.58,278.824
2021/11/2,6.3995,114.2997,1.56,
2021/11/3,6.4061,114.3754,1.6,
2021/11/4,6.397,114.37,1.53,
2021/11/5,6.3961,114.0865,1.45,
2021/11/8,6.3902,113.8391,1.51,
2021/11/9,6.3916,113.7746,1.46,
2021/11/10,6.3882,114.1611,1.56,
2021/11/11,,,,
2021/11/12,6.3787,114.5263,1.58,
2021/11/15,6.3824,114.6003,1.63,
2021/11/16,6.3919,115.149,1.63,
2021/11/17,6.3775,115.039,1.6,
2021/11/18,6.3851,115.0811,1.59,
2021/11/19,6.3863,115.2318,1.54,
2021/11/22,6.3842,115.6615,1.63,
2021/11/23,6.391,116.026,1.67,
2021/11/24,6.3917,116.2855,1.64,
2021/11/25,,,,
2021/11/26,6.3924,116.5259,1.48,
2021/11/29,6.3875,116.596,1.52,
2021/11/30,6.364,116.2206,1.43,
2021/12/1,6.3641,115.9026,1.43,280.806
2021/12/2,6.3763,116.0313,1.44,
2021/12/3,6.3758,116.2511,1.35,
2021/12/6,6.3756,116.1663,1.43,
2021/12/7,6.3657,115.8676,1.48,
2021/12/8,6.3435,115.4541,1.52,
2021/12/9,6.3772,115.7904,1.49,
2021/12/10,6.3685,115.5852,1.48,
2021/12/13,6.3659,115.8538,1.42,
2021/12/14,6.3671,116.252,1.44,
2021/12/15,6.3673,116.4342,1.47,
2021/12/16,6.3674,115.7267,1.44,
2021/12/17,6.3748,115.8022,1.41,
2021/12/20,6.3756,116.0206,1.43,
2021/12/21,6.3716,116.1208,1.48,
2021/12/22,6.3695,115.7612,1.46,
2021/12/23,6.3696,115.5469,1.5,
2021/12/24,,,,
2021/12/27,6.3705,115.4821,1.48,
2021/12/28,6.3684,115.4327,1.49,
2021/12/29,6.368,115.3819,1.55,
2021/12/30,6.3726,115.2969,1.52,
2021/12/31,,,1.52,
2022/1/1,,,,282.542
2022/1/3,6.355,115.4243,1.63,
2022/1/4,6.3721,115.3263,1.66,
2022/1/5,6.364,115.1524,1.71,
2022/1/6,6.3822,115.4189,1.73,
2022/1/7,6.3769,115.0596,1.76,
2022/1/10,6.3756,115.235,1.78,
2022/1/11,6.3735,114.8467,1.75,
2022/1/12,6.358,114.3713,1.74,
2022/1/13,6.3595,114.1934,1.7,
2022/1/14,6.3524,114.3968,1.78,
2022/1/17,,,,
2022/1/18,6.3525,114.7513,1.87,
2022/1/19,6.3447,114.6254,1.83,
2022/1/20,6.3406,114.4779,1.83,
2022/1/21,6.3385,114.6261,1.75,
2022/1/24,6.3304,115.2165,1.75,
2022/1/25,6.3257,115.1779,1.78,
2022/1/26,6.3206,115.1044,1.85,
2022/1/27,6.3677,115.9874,1.81,
2022/1/28,6.3605,116.049,1.78,
2022/1/31,6.361,115.5742,1.79,
2022/2/1,6.361,115.3775,1.81,284.525
2022/2/2,6.361,115.1643,1.78,
2022/2/3,6.361,114.9175,1.82,
2022/2/4,6.361,115.1473,1.93,
2022/2/7,6.361,115.0209,1.92,
2022/2/8,6.366,115.0999,1.96,
2022/2/9,6.3619,114.8329,1.94,
2022/2/10,6.3526,114.5618,2.03,
2022/2/11,6.354,114.8489,1.92,
2022/2/14,6.3567,115.2008,1.98,
2022/2/15,6.3385,114.9357,2.05,
2022/2/16,6.3366,114.6954,2.03,
2022/2/17,6.3381,114.682,1.97,
2022/2/18,6.3251,114.8036,1.92,
2022/2/21,,,,
2022/2/22,6.326,114.7054,1.94,
2022/2/23,6.3134,114.6718,1.99,
2022/2/24,6.3283,115.9478,1.96,
2022/2/25,6.3169,115.2633,1.97,
2022/2/28,6.3084,115.2317,1.83,
2022/3/1,6.3116,115.8062,1.72,287.467
2022/3/2,6.321,115.7727,1.86,
2022/3/3,6.3195,115.9592,1.86,
2022/3/4,6.3188,116.661,1.74,
2022/3/7,6.3194,117.3406,1.78,
2022/3/8,6.3178,117.6281,1.86,
2022/3/9,6.3174,116.6057,1.94,
2022/3/10,6.3212,116.75,1.98,
2022/3/11,6.3389,117.0294,2,
2022/3/14,6.3645,117.1594,2.14,
2022/3/15,6.3696,117.2533,2.15,
2022/3/16,6.351,116.8135,2.19,
2022/3/17,6.3459,116.0544,2.2,
2022/3/18,6.3609,116.1447,2.14,
2022/3/21,6.3552,115.9467,2.32,
2022/3/22,6.366,116.0888,2.38,
2022/3/23,6.372,116.0101,2.32,
2022/3/24,6.367,115.9651,2.34,
2022/3/25,6.3658,115.7953,2.48,
2022/3/28,6.3714,116.1953,2.46,
2022/3/29,6.3635,115.572,2.41,
2022/3/30,6.347,115.0857,2.35,
2022/3/31,6.3393,115.2254,2.32,
2022/4/1,6.3625,115.4835,2.39,288.582
2022/4/4,6.3619,115.4121,2.42,
2022/4/5,6.3619,115.7328,2.54,
2022/4/6,6.359,116.002,2.61,
2022/4/7,6.36,116.3541,2.66,
2022/4/8,6.3643,116.42,2.72,
2022/4/11,6.3692,116.5423,2.79,
2022/4/12,6.3651,116.387,2.72,
2022/4/13,6.3678,116.2793,2.7,
2022/4/14,6.3775,116.7552,2.83,
2022/4/15,6.3705,116.7011,,
2022/4/18,6.363,116.8427,2.85,
2022/4/19,6.393,117.1322,2.93,
2022/4/20,6.4188,116.7325,2.85,
2022/4/21,6.45,117.1454,2.9,
2022/4/22,6.501,118.0205,2.9,
2022/4/25,6.5585,118.6298,2.81,
2022/4/26,6.5552,118.9658,2.77,
2022/4/27,6.5595,119.472,2.82,
2022/4/28,6.6243,120.0703,2.85,
2022/4/29,6.608,119.4936,2.89,
2022/5/1,,,,291.299
2022/5/2,6.6079,119.8827,2.99,
2022/5/3,6.6079,119.7037,2.97,
2022/5/4,6.6079,119.5567,2.93,
2022/5/5,6.6535,120.0043,3.05,
2022/5/6,6.6651,119.8544,3.12,
2022/5/9,6.7295,120.4949,3.05,
2022/5/10,6.7343,120.7716,2.99,
2022/5/11,6.7186,120.3896,2.91,
2022/5/12,6.786,121.273,2.84,
2022/5/13,6.788,120.8379,2.93,
2022/5/16,6.7852,120.6812,2.88,
2022/5/17,6.7361,119.8816,2.98,
2022/5/18,6.754,120.022,2.89,
2022/5/19,6.7109,119.4244,2.84,
2022/5/20,6.6921,119.3617,2.78,
2022/5/23,6.649,118.712,2.86,
2022/5/24,6.653,118.6208,2.76,
2022/5/25,6.6916,118.9561,2.75,
2022/5/26,6.738,118.7671,2.75,
2022/5/27,6.698,118.2796,2.74,
2022/5/30,,,,
2022/5/31,6.6715,118.0689,2.85,
2022/6/1,6.6858,118.6936,2.94,295.072
2022/6/2,6.6596,118.0642,2.92,
2022/6/3,6.6595,118.2138,2.96,
2022/6/6,6.6534,118.3053,3.04,
2022/6/7,6.6675,118.4401,2.98,
2022/6/8,6.6825,118.3944,3.03,
2022/6/9,6.6915,118.9193,3.04,
2022/6/10,6.7081,119.9942,3.15,
2022/6/13,6.753,121.1517,3.43,
2022/6/14,6.7395,121.6668,3.49,
2022/6/15,6.7128,121.6382,3.33,
2022/6/16,6.703,120.6755,3.28,
2022/6/17,6.716,121.2389,3.25,
2022/6/20,,,,
2022/6/21,6.688,120.646,3.31,
2022/6/22,6.6983,120.5232,3.16,
2022/6/23,6.698,120.7646,3.09,
2022/6/24,6.6878,120.4897,3.13,
2022/6/27,6.6899,120.1789,3.2,
2022/6/28,6.707,120.6254,3.2,
2022/6/29,6.6997,120.9689,3.1,
2022/6/30,6.6981,120.9718,2.98,
2022/7/1,6.7,121.5123,2.88,294.94
2022/7/4,,,,
2022/7/5,6.7192,122.6276,2.82,
2022/7/6,6.707,123.0165,2.93,
2022/7/7,6.7005,122.7336,3.01,
2022/7/8,6.6945,122.4724,3.09,
2022/7/11,6.7175,123.3062,2.99,
2022/7/12,6.7234,123.4612,2.96,
2022/7/13,6.7175,123.293,2.91,
2022/7/14,6.7542,124.0717,2.96,
2022/7/15,6.7565,123.4842,2.93,
2022/7/18,6.742,122.78,2.96,
2022/7/19,6.743,122.4922,3.01,
2022/7/20,6.754,122.6096,3.04,
2022/7/21,6.7655,122.9169,2.91,
2022/7/22,6.75,122.4643,2.77,
2022/7/25,6.7499,122.4721,2.81,
2022/7/26,6.7616,122.7698,2.81,
2022/7/27,6.757,122.8281,2.78,
2022/7/28,6.7465,122.1267,2.68,
2022/7/29,6.7433,121.7793,2.67,
2022/8/1,6.7674,121.4218,2.6,295.162
2022/8/2,6.7499,121.9609,2.75,
2022/8/3,6.7565,122.4002,2.73,
2022/8/4,6.7485,121.8436,2.68,
2022/8/5,6.7607,122.33,2.83,
2022/8/8,6.7505,121.8887,2.77,
2022/8/9,6.7525,121.8719,2.8,
2022/8/10,6.723,120.7648,2.78,
2022/8/11,6.7445,120.7281,2.87,
2022/8/12,6.7425,121.0272,2.84,
2022/8/15,6.7715,121.4382,2.79,
2022/8/16,6.7875,121.6889,2.82,
2022/8/17,6.7805,122.0802,2.89,
2022/8/18,6.7855,122.3722,2.88,
2022/8/19,6.8164,123.0596,2.98,
2022/8/22,6.8476,123.6123,3.03,
2022/8/23,6.8476,123.0617,3.05,
2022/8/24,6.8581,123.1136,3.11,
2022/8/25,6.8477,123.0645,3.03,
2022/8/26,6.8715,123.0709,3.04,
2022/8/29,6.9067,123.4739,3.12,
2022/8/30,6.91,123.6893,3.11,
2022/8/31,6.889,123.5407,3.15,
2022/9/1,6.9066,124.4045,3.26,296.421
2022/9/2,6.8985,123.7771,3.2,
2022/9/5,,,,
2022/9/6,6.9532,124.7719,3.33,
2022/9/7,6.965,124.8457,3.27,
2022/9/8,6.9562,124.584,3.29,
2022/9/9,6.924,123.7954,3.33,
2022/9/12,6.9265,123.3441,3.37,
2022/9/13,6.9245,124.4342,3.42,
2022/9/14,6.9612,124.4593,3.41,
2022/9/15,6.9934,124.8944,3.45,
2022/9/16,6.9799,124.8879,3.45,
2022/9/19,7.005,125.0177,3.49,
2022/9/20,7.0176,125.1324,3.57,
2022/9/21,7.0479,125.7464,3.51,
2022/9/22,7.0772,126.1668,3.7,
2022/9/23,7.1266,127.2867,3.69,
2022/9/26,7.1384,128.4544,3.88,
2022/9/27,7.176,128.4399,3.97,
2022/9/28,7.199,128.0937,3.72,
2022/9/29,7.1196,127.5463,3.76,
2022/9/30,7.1135,127.5159,3.83,
2022/10/1,,,,297.979
2022/10/3,7.1103,127.0793,3.67,
2022/10/4,7.1103,126.184,3.62,
2022/10/5,7.1103,126.863,3.76,
2022/10/6,7.1103,127.2481,3.83,
2022/10/7,7.1103,127.3093,3.89,
2022/10/10,,,,
2022/10/11,7.1639,127.6614,3.93,
2022/10/12,7.172,128.1456,3.91,
2022/10/13,7.17,127.7276,3.97,
2022/10/14,7.1895,128.3303,4,
2022/10/17,7.1946,127.6478,4.02,
2022/10/18,7.2001,127.9184,4.01,
2022/10/19,7.228,128.3992,4.14,
2022/10/20,7.2129,128.0084,4.24,
2022/10/21,7.2399,127.6758,4.21,
2022/10/24,7.2629,128.0351,4.25,
2022/10/25,7.2688,127.384,4.1,
2022/10/26,7.171,126.481,4.04,
2022/10/27,7.2239,126.7102,3.96,
2022/10/28,7.2499,127.2196,4.02,
2022/10/31,7.3048,127.6272,4.1,
2022/11/1,7.273,127.4011,4.07,298.708
2022/11/2,7.289,127.3138,4.1,
2022/11/3,7.3,128.1712,4.14,
2022/11/4,7.2996,127.149,4.17,
2022/11/7,7.2266,126.3098,4.22,
2022/11/8,7.2485,125.64,4.14,
2022/11/9,7.2401,125.9926,4.12,
2022/11/10,7.184,124.7142,3.82,
2022/11/11,,,,
2022/11/14,7.071,123.4425,3.88,
2022/11/15,7.044,123.0534,3.8,
2022/11/16,7.0964,123.2964,3.67,
2022/11/17,7.1551,123.9929,3.77,
2022/11/18,7.1192,123.8678,3.82,
2022/11/21,7.164,124.7143,3.83,
2022/11/22,7.1388,124.251,3.76,
2022/11/23,7.158,123.7739,3.71,
2022/11/24,,,,
2022/11/25,7.1642,123.3547,3.68,
2022/11/28,7.2074,123.6181,3.69,
2022/11/29,7.1568,123.6703,3.75,
2022/11/30,7.0879,123.5276,3.68,
2022/12/1,7.0424,122.0147,3.53,298.808
2022/12/2,7.019,122.0218,3.51,
2022/12/5,6.961,122.6511,3.6,
2022/12/6,6.9935,123.0319,3.51,
2022/12/7,6.9702,122.7716,3.42,
2022/12/8,6.9649,122.4275,3.48,
2022/12/9,6.9559,122.4343,3.57,
2022/12/12,6.9773,122.7861,3.61,
2022/12/13,6.943,121.8644,3.51,
2022/12/14,6.9498,121.8391,3.49,
2022/12/15,6.9716,122.5684,3.44,
2022/12/16,6.9708,122.6647,3.48,
2022/12/19,6.9772,122.5438,3.57,
2022/12/20,6.96,122.1502,3.69,
2022/12/21,6.981,122.2965,3.68,
2022/12/22,6.9829,122.2525,3.67,
2022/12/23,6.988,121.9843,3.75,
2022/12/26,,,,
2022/12/27,6.96,121.767,3.84,
2022/12/28,6.9774,122.02,3.88,
2022/12/29,6.9625,121.6713,3.83,
2022/12/30,6.8972,121.4392,3.88,
2023/1/1,,,,300.456
2023/1/2,,,,
2023/1/3,6.9135,122.0844,3.79,
2023/1/4,6.8875,121.5108,3.69,
2023/1/5,6.88,122.0786,3.71,
2023/1/6,6.837,121.0814,3.55,
2023/1/9,6.77,120.1403,3.53,
2023/1/10,6.777,120.234,3.61,
2023/1/11,6.77,120.1445,3.54,
2023/1/12,6.7365,119.4108,3.43,
2023/1/13,6.701,119.1422,3.49,
2023/1/16,,,,
2023/1/17,6.7723,119.2186,3.53,
2023/1/18,6.7534,119.08,3.37,
2023/1/19,6.7738,119.6033,3.39,
2023/1/20,6.7825,119.3588,3.48,
2023/1/23,6.7899,119.1671,3.52,
2023/1/24,6.7899,119.1174,3.46,
2023/1/25,6.7899,118.995,3.46,
2023/1/26,6.7899,119.0472,3.49,
2023/1/27,6.7899,118.9521,3.52,
2023/1/30,6.7501,118.9079,3.55,
2023/1/31,6.754,118.991,3.52,
2023/2/1,6.7406,118.6396,3.39,301.476
2023/2/2,6.7266,118.349,3.4,
2023/2/3,6.7733,119.5014,3.53,
2023/2/6,6.7918,120.5116,3.63,
2023/2/7,6.791,120.3298,3.67,
2023/2/8,6.789,120.139,3.63,
2023/2/9,6.7782,119.9785,3.67,
2023/2/10,6.8106,120.1531,3.74,
2023/2/13,6.8198,120.0145,3.72,
2023/2/14,6.8255,119.9601,3.77,
2023/2/15,6.851,120.4926,3.81,
2023/2/16,6.859,120.5069,3.86,
2023/2/17,6.8661,120.6023,3.82,
2023/2/20,,,,
2023/2/21,6.87,120.678,3.95,
2023/2/22,6.8908,120.8969,3.93,
2023/2/23,6.9075,121.141,3.88,
2023/2/24,6.9545,121.6297,3.95,
2023/2/27,6.945,121.4656,3.92,
2023/2/28,6.9325,121.4062,3.92,
2023/3/1,6.8656,120.6971,4.01,301.643
2023/3/2,6.9122,121.1949,4.08,
2023/3/3,6.9048,120.8468,3.97,
2023/3/6,6.9295,120.5776,3.98,
2023/3/7,6.9605,121.531,3.97,
2023/3/8,6.9496,121.5222,3.98,
2023/3/9,6.963,121.5225,3.93,
2023/3/10,6.9025,121.2963,3.7,
2023/3/13,6.8455,120.9157,3.55,
2023/3/14,6.868,121.052,3.64,
2023/3/15,6.9005,122.1149,3.51,
2023/3/16,6.8965,121.751,3.56,
2023/3/17,6.887,121.5923,3.39,
2023/3/20,6.877,121.0637,3.47,
2023/3/21,6.883,120.9535,3.59,
2023/3/22,6.8802,120.6883,3.48,
2023/3/23,6.8188,119.8174,3.38,
2023/3/24,6.8675,120.5106,3.38,
2023/3/27,6.8834,120.3239,3.53,
2023/3/28,6.8725,119.7987,3.55,
2023/3/29,6.8862,119.8223,3.57,
2023/3/30,6.87,119.5103,3.55,
2023/3/31,6.8676,119.4611,3.48,
2023/4/1,,,,302.858
2023/4/3,6.8776,119.4342,3.43,
2023/4/4,6.878,119.2641,3.35,
2023/4/5,6.8781,119.4068,3.3,
2023/4/6,6.875,119.4229,3.3,
2023/4/7,6.875,119.4673,3.39,
2023/4/10,6.8807,119.8962,3.41,
2023/4/11,6.8866,119.6409,3.43,
2023/4/12,6.873,119.1341,3.41,
2023/4/13,6.8677,118.5376,3.45,
2023/4/14,6.869,118.983,3.52,
2023/4/17,6.8786,119.3981,3.6,
2023/4/18,6.8755,119.2345,3.58,
2023/4/19,6.8851,119.4377,3.6,
2023/4/20,6.8725,119.2525,3.54,
2023/4/21,6.892,119.4472,3.57,
2023/4/24,6.8958,119.3486,3.52,
2023/4/25,6.932,119.7551,3.4,
2023/4/26,6.9261,119.4758,3.43,
2023/4/27,6.922,119.5754,3.53,
2023/4/28,6.911,119.376,3.44,
2023/5/1,6.9164,119.5845,3.59,303.316
2023/5/2,6.9164,119.7514,3.44,
2023/5/3,6.9164,119.2773,3.38,
2023/5/4,6.9094,119.19,3.37,
2023/5/5,6.9101,118.7184,3.44,
2023/5/8,6.9125,118.7415,3.52,
2023/5/9,6.9201,118.984,3.53,
2023/5/10,6.9321,118.7561,3.43,
2023/5/11,6.948,119.1902,3.39,
2023/5/12,6.9575,119.5206,3.46,
2023/5/15,6.952,119.3288,3.5,
2023/5/16,6.9751,119.3567,3.54,
2023/5/17,6.9981,119.7849,3.57,
2023/5/18,7.0355,120.2642,3.65,
2023/5/19,7.006,119.9479,3.7,
2023/5/22,7.0351,120.2609,3.72,
2023/5/23,7.049,120.4913,3.7,
2023/5/24,7.0585,120.6481,3.73,
2023/5/25,7.0775,121.0126,3.83,
2023/5/26,7.063,120.8022,3.8,
2023/5/29,,,,
2023/5/30,7.0792,120.7387,3.69,
2023/5/31,7.11,121.1527,3.64,
2023/6/1,7.0934,120.2628,3.61,304.099
2023/6/2,7.0827,120.2102,3.69,
2023/6/5,7.105,120.2175,3.69,
2023/6/6,7.119,120.1906,3.7,
2023/6/7,7.1287,120.0893,3.79,
2023/6/8,7.1109,119.8069,3.73,
2023/6/9,7.1273,119.6781,3.75,
2023/6/12,7.1437,119.889,3.73,
2023/6/13,7.1585,119.4641,3.84,
2023/6/14,7.148,119.0646,3.83,
2023/6/15,7.13,118.8447,3.72,
2023/6/16,7.125,118.7168,3.77,
2023/6/19,,,,
2023/6/20,7.1811,119.2458,3.74,
2023/6/21,7.1779,119.0438,3.72,
2023/6/22,7.1777,119.074,3.8,
2023/6/23,7.1777,119.4584,3.74,
2023/6/26,7.2364,119.4123,3.72,
2023/6/27,7.2193,119.235,3.77,
2023/6/28,7.2436,119.6759,3.71,
2023/6/29,7.2515,119.8659,3.85,
2023/6/30,7.2513,119.7118,3.81,
2023/7/1,,,,304.615
2023/7/3,7.24,119.5618,3.86,
2023/7/4,,,,
2023/7/5,7.2465,119.6971,3.95,
2023/7/6,7.25,120.1579,4.05,
2023/7/7,7.2205,119.4293,4.06,
2023/7/10,7.2315,119.3179,4.01,
2023/7/11,7.209,119.0891,3.99,
2023/7/12,7.1656,118.0104,3.86,
2023/7/13,7.15,117.5569,3.76,
2023/7/14,7.1403,117.4209,3.83,
2023/7/17,7.1711,117.5139,3.81,
2023/7/18,7.1786,117.4145,3.8,
2023/7/19,7.226,117.745,3.75,
2023/7/20,7.1761,117.9615,3.85,
2023/7/21,7.1861,118.3072,3.84,
2023/7/24,7.1855,118.1812,3.86,
2023/7/25,7.134,118.1978,3.91,
2023/7/26,7.1503,118.1097,3.86,
2023/7/27,7.173,118.2497,4.01,
2023/7/28,7.1488,118.1429,3.96,
2023/7/31,7.1426,118.1738,3.97,
2023/8/1,7.1775,118.9156,4.05,306.138
2023/8/2,7.192,119.4622,4.08,
2023/8/3,7.1651,119.7123,4.2,
2023/8/4,7.1709,119.1684,4.05,
2023/8/7,7.1895,119.4297,4.09,
2023/8/8,7.216,119.987,4.02,
2023/8/9,7.2085,119.8273,4,
2023/8/10,7.2165,119.5248,4.09,
2023/8/11,7.2367,119.9929,4.16,
2023/8/14,7.2585,120.4451,4.19,
2023/8/15,7.2817,120.5927,4.21,
2023/8/16,7.2985,120.7308,4.28,
2023/8/17,7.291,120.8924,4.3,
2023/8/18,7.28,120.7937,4.26,
2023/8/21,7.2865,120.8271,4.34,
2023/8/22,7.293,120.7274,4.34,
2023/8/23,7.2771,120.4036,4.19,
2023/8/24,7.2786,120.5987,4.23,
2023/8/25,7.289,120.8752,4.25,
2023/8/28,7.29,120.687,4.2,
2023/8/29,7.2796,120.6383,4.12,
2023/8/30,7.2839,120.187,4.12,
2023/8/31,7.2582,120.5882,4.09,
2023/9/1,7.2606,121.1011,4.18,307.374
2023/9/4,,,,
2023/9/5,7.3018,121.7785,4.27,
2023/9/6,7.316,122.2029,4.3,
2023/9/7,7.3287,122.2903,4.27,
2023/9/8,7.343,122.2933,4.26,
2023/9/11,7.2882,121.6757,4.29,
2023/9/12,7.2911,121.6301,4.27,
2023/9/13,7.27,121.3981,4.25,
2023/9/14,7.277,121.5744,4.29,
2023/9/15,7.2744,121.5361,4.33,
2023/9/18,7.2915,121.5414,4.32,
2023/9/19,7.2964,121.5175,4.37,
2023/9/20,7.287,121.32,4.35,
2023/9/21,7.3066,121.8972,4.49,
2023/9/22,7.298,121.8735,4.44,
2023/9/25,7.311,122.4445,4.55,
2023/9/26,7.31,122.795,4.56,
2023/9/27,7.3105,123.2947,4.61,
2023/9/28,7.301,122.8562,4.59,
2023/9/29,7.296,122.6332,4.59,
2023/10/1,,,,307.653
2023/10/2,7.296,123.3573,4.69,
2023/10/3,7.296,124.0624,4.81,
2023/10/4,7.296,123.8848,4.73,
2023/10/5,7.296,124.1752,4.72,
2023/10/6,7.296,123.6561,4.78,
2023/10/9,,,,
2023/10/10,7.2948,123.2437,4.66,
2023/10/11,7.2992,123.092,4.58,
2023/10/12,7.3019,123.5087,4.7,
2023/10/13,7.3049,123.8788,4.63,
2023/10/16,7.3105,123.621,4.71,
2023/10/17,7.3105,123.4334,4.83,
2023/10/18,7.3161,124.1001,4.91,
2023/10/19,7.3126,124.0861,4.98,
2023/10/20,7.3155,123.9049,4.93,
2023/10/23,7.3158,123.5935,4.86,
2023/10/24,7.309,123.9249,4.83,
2023/10/25,7.3165,124.069,4.95,
2023/10/26,7.315,124.285,4.86,
2023/10/27,7.3171,123.9145,4.84,
2023/10/30,7.3133,123.7044,4.88,
2023/10/31,7.3166,124.1229,4.88,
2023/11/1,7.3175,124.0801,4.77,308.087
2023/11/2,7.316,123.1995,4.67,
2023/11/3,7.3005,122.1006,4.57,
2023/11/6,7.2695,121.9692,4.67,
2023/11/7,7.2788,122.3882,4.58,
2023/11/8,7.28,122.4055,4.49,
2023/11/9,7.2835,122.4434,4.62,
2023/11/10,,,4.61,
2023/11/13,7.289,122.7389,4.63,
2023/11/14,7.253,121.6865,4.44,
2023/11/15,7.2466,121.4035,4.53,
2023/11/16,7.2416,121.4953,4.45,
2023/11/17,7.212,121.1657,4.44,
2023/11/20,7.168,120.5653,4.42,
2023/11/21,7.1352,120.5182,4.41,
2023/11/22,7.155,120.9757,4.42,
2023/11/23,,,,
2023/11/24,7.1488,120.5285,4.47,
2023/11/27,7.1528,120.4893,4.39,
2023/11/28,7.138,119.9174,4.34,
2023/11/29,7.13,120.1246,4.27,
2023/11/30,7.136,120.5421,4.37,
2023/12/1,7.1386,120.2542,4.22,308.735
2023/12/4,7.1424,120.7669,4.28,
2023/12/5,7.1444,121.0731,4.18,
2023/12/6,7.158,120.8348,4.12,
2023/12/7,7.1515,120.8938,4.14,
2023/12/8,7.1645,121.0499,4.23,
2023/12/11,7.1765,121.2212,4.23,
2023/12/12,7.1755,120.9825,4.2,
2023/12/13,7.1725,121.4667,4.04,
2023/12/14,7.1088,119.8952,3.92,
2023/12/15,7.1179,120.062,3.91,
2023/12/18,7.1297,120.2386,3.95,
2023/12/19,7.1287,119.8116,3.93,
2023/12/20,7.1355,119.8872,3.86,
2023/12/21,7.1381,119.6721,3.89,
2023/12/22,7.1315,119.4214,3.9,
2023/12/25,,,,
2023/12/26,7.1432,119.2551,3.89,
2023/12/27,7.1405,118.8525,3.79,
2023/12/28,7.1065,118.762,3.84,
2023/12/29,7.0999,118.7686,3.88,
2024/1/1,,,,309.794
2024/1/2,7.1426,119.6165,3.95,
2024/1/3,7.1497,120.0407,3.91,
2024/1/4,7.1589,119.9775,3.99,
2024/1/5,7.145,119.7474,4.05,
2024/1/8,7.154,119.6237,4.01,
2024/1/9,7.1675,120.0296,4.02,
2024/1/10,7.1711,120.1258,4.04,
2024/1/11,7.167,120.2516,3.98,
2024/1/12,7.1665,119.9009,3.96,
2024/1/15,,,,
2024/1/16,7.1874,120.9213,4.07,
2024/1/17,7.196,121.3823,4.1,
2024/1/18,7.1961,121.2366,4.14,
2024/1/19,7.1931,120.9947,4.15,
2024/1/22,7.192,120.9687,4.11,
2024/1/23,7.172,121.4244,4.14,
2024/1/24,7.158,120.8336,4.18,
2024/1/25,7.169,121.167,4.14,
2024/1/26,7.1763,120.9665,4.15,
2024/1/29,7.1798,121.1888,4.08,
2024/1/30,7.1755,120.9442,4.06,
2024/1/31,7.1673,120.7727,3.99,
2024/2/1,7.1799,120.6832,3.87,311.022
2024/2/2,7.192,121.2438,4.03,
2024/2/5,7.1982,121.6831,4.17,
2024/2/6,7.1908,121.3021,4.09,
2024/2/7,7.1943,121.2518,4.09,
2024/2/8,7.1965,121.4226,4.15,
2024/2/9,7.1929,121.3851,4.17,
2024/2/12,7.1928,121.2839,4.17,
2024/2/13,7.1928,121.8558,4.31,
2024/2/14,7.1928,121.7411,4.27,
2024/2/15,7.1928,121.5567,4.24,
2024/2/16,7.1928,121.4984,4.3,
2024/2/19,,,,
2024/2/20,7.1905,121.3769,4.27,
2024/2/21,7.1891,121.3918,4.32,
2024/2/22,7.1944,121.4589,4.33,
2024/2/23,7.197,121.3991,4.26,
2024/2/26,7.1972,121.4197,4.28,
2024/2/27,7.1977,121.3297,4.31,
2024/2/28,7.1976,121.4886,4.27,
2024/2/29,7.1977,121.5385,4.25,
2024/3/1,7.196,121.3741,4.19,312.107
2024/3/4,7.1987,121.2454,4.22,
2024/3/5,7.1965,121.2575,4.13,
2024/3/6,7.1977,120.8481,4.11,
2024/3/7,7.1925,120.5744,4.09,
2024/3/8,7.1855,120.3612,4.09,
2024/3/11,7.182,120.4205,4.1,
2024/3/12,7.1804,120.5468,4.16,
2024/3/13,7.1875,120.3533,4.19,
2024/3/14,7.1932,120.6272,4.29,
2024/3/15,7.1953,120.7884,4.31,
2024/3/18,7.1981,120.9572,4.34,
2024/3/19,7.1991,121.3111,4.3,
2024/3/20,7.1992,121.3092,4.27,
2024/3/21,7.1993,121.1869,4.27,
2024/3/22,7.2289,121.5694,4.22,
2024/3/25,7.2102,121.4143,4.25,
2024/3/26,7.2176,121.4613,4.24,
2024/3/27,7.227,121.4048,4.2,
2024/3/28,7.2262,121.4498,4.2,
2024/3/29,7.2203,121.4062,,
2024/4/1,7.2308,121.8884,4.33,313.016
2024/4/2,7.232,121.6881,4.36,
2024/4/3,7.233,121.4129,4.36,
2024/4/4,7.2339,121.1646,4.31,
2024/4/5,7.2339,121.3671,4.39,
2024/4/8,7.2305,121.1487,4.42,
2024/4/9,7.2316,121.1215,4.36,
2024/4/10,7.2341,121.9628,4.55,
2024/4/11,7.2373,122.003,4.56,
2024/4/12,7.2374,122.6566,4.5,
2024/4/15,7.2382,122.7932,4.63,
2024/4/16,7.2383,123.4732,4.67,
2024/4/17,7.2389,123.375,4.59,
2024/4/18,7.2382,123.3481,4.64,
2024/4/19,7.2403,123.4459,4.62,
2024/4/22,7.2403,123.4011,4.62,
2024/4/23,7.2445,123.0779,4.61,
2024/4/24,7.246,123.2398,4.65,
2024/4/25,7.246,123.1916,4.7,
2024/4/26,7.2464,123.3004,4.67,
2024/4/29,7.2318,122.9074,4.63,
2024/4/30,7.2401,123.3446,4.69,
2024/5/1,7.2405,123.3776,4.63,313.14
2024/5/2,7.2405,122.8047,4.58,
2024/5/3,7.2405,122.5056,4.5,
2024/5/6,7.2071,122.2529,4.49,
2024/5/7,7.2185,122.4588,4.47,
2024/5/8,7.2185,122.5562,4.48,
2024/5/9,7.2198,122.5322,4.45,
2024/5/10,7.226,122.3898,4.5,
2024/5/13,7.2325,122.4068,4.48,
2024/5/14,7.2335,122.3094,4.45,
2024/5/15,7.219,121.7471,4.36,
2024/5/16,7.2181,121.6189,4.38,
2024/5/17,7.2233,121.638,4.42,
2024/5/20,7.2344,121.6377,4.44,
2024/5/21,7.2376,121.7864,4.41,
2024/5/22,7.2405,121.9514,4.43,
2024/5/23,7.2421,122.1493,4.47,
2024/5/24,7.2425,122.0215,4.46,
2024/5/27,,,,
2024/5/28,7.2451,121.8382,4.54,
2024/5/29,7.2494,122.5535,4.61,
2024/5/30,7.2493,122.356,4.55,
2024/5/31,7.241,122.4845,4.51,
2024/6/1,,,,313.131
2024/6/3,7.242,122.7156,4.41,
2024/6/4,7.2393,123.0715,4.33,
2024/6/5,7.2475,122.9014,4.29,
2024/6/6,7.2451,122.7416,4.28,
2024/6/7,7.2466,123.8707,4.43,
2024/6/10,7.2475,124.2232,4.47,
2024/6/11,7.2544,124.345,4.39,
2024/6/12,7.2544,124.1411,4.31,
2024/6/13,7.2519,124.3287,4.24,
2024/6/14,7.2557,124.4755,4.2,
2024/6/17,7.2561,124.5427,4.28,
2024/6/18,7.2543,124.2835,4.22,
2024/6/19,,,,
2024/6/20,7.2604,124.496,4.25,
2024/6/21,7.2609,124.4247,4.25,
2024/6/24,7.2586,124.0379,4.25,
2024/6/25,7.2629,124.26,4.23,
2024/6/26,7.2666,124.5696,4.32,
2024/6/27,7.2688,124.6406,4.29,
2024/6/28,7.2672,124.5172,4.36,
2024/7/1,7.2683,124.7723,4.48,313.566
2024/7/2,7.2712,124.608,4.43,
2024/7/3,7.2699,124.1096,4.36,
2024/7/4,,,,
2024/7/5,7.268,123.8192,4.28,
2024/7/8,7.2683,123.706,4.28,
2024/7/9,7.2725,123.7559,4.3,
2024/7/10,7.2758,123.5508,4.28,
2024/7/11,7.2573,123.1267,4.2,
2024/7/12,7.2495,122.8093,4.18,
2024/7/15,7.2592,123.0059,4.23,
2024/7/16,7.2685,123.1024,4.17,
2024/7/17,7.2607,122.892,4.16,
2024/7/18,7.26,123.1548,4.2,
2024/7/19,7.2695,123.5033,4.25,
2024/7/22,7.2736,123.5735,4.26,
2024/7/23,7.2748,123.7296,4.25,
2024/7/24,7.2622,123.8784,4.28,
2024/7/25,7.231,123.8341,4.27,
2024/7/26,7.2502,123.9862,4.2,
2024/7/29,7.2597,124.4412,4.17,
2024/7/30,7.2511,124.576,4.15,
2024/7/31,7.2193,123.9223,4.09,
2024/8/1,7.2441,124.1551,3.99,314.131
2024/8/2,7.16,123.7169,3.8,
2024/8/5,7.13,123.7919,3.78,
2024/8/6,7.1563,123.8794,3.9,
2024/8/7,7.176,123.8126,3.96,
2024/8/8,7.1747,123.6961,3.99,
2024/8/9,7.166,123.1964,3.94,
2024/8/12,7.1744,123.4942,3.9,
2024/8/13,7.1558,123.2819,3.85,
2024/8/14,7.1382,122.7057,3.83,
2024/8/15,7.1734,122.8791,3.92,
2024/8/16,7.1644,122.6944,3.89,
2024/8/19,7.1393,122.1762,3.86,
2024/8/20,7.132,122.0677,3.82,
2024/8/21,7.1344,122.1407,3.79,
2024/8/22,7.144,122.6371,3.86,
2024/8/23,7.1244,121.7525,3.81,
2024/8/26,7.1212,121.9678,3.82,
2024/8/27,7.1244,122.1318,3.83,
2024/8/28,7.1245,122.1586,3.84,
2024/8/29,7.0972,122.4706,3.87,
2024/8/30,7.09,122.5582,3.91,
2024/9/1,,,,314.851
2024/9/2,,,,
2024/9/3,7.1209,123.0052,3.84,
2024/9/4,7.1119,122.7434,3.77,
2024/9/5,7.0921,122.6747,3.73,
2024/9/6,7.0876,122.7145,3.72,
2024/9/9,7.1133,122.9408,3.7,
2024/9/10,7.1205,123.2266,3.65,
2024/9/11,7.1192,123.0007,3.65,
2024/9/12,7.1173,122.684,3.68,
2024/9/13,7.093,121.9128,3.66,
2024/9/16,7.0958,121.7684,3.63,
2024/9/17,7.0958,121.8724,3.65,
2024/9/18,7.0812,121.8295,3.7,
2024/9/19,7.0675,121.5773,3.73,
2024/9/20,7.0505,121.6673,3.73,
2024/9/23,7.0508,121.687,3.75,
2024/9/24,7.0318,121.3868,3.74,
2024/9/25,7.0315,121.6868,3.79,
2024/9/26,7.0106,121.3274,3.79,
2024/9/27,7.0111,121.356,3.75,
2024/9/30,7.0176,121.5298,3.81,
2024/10/1,7.0175,121.9152,3.74,315.564
2024/10/2,7.0175,121.8154,3.79,
2024/10/3,7.0175,122.3469,3.85,
2024/10/4,7.0175,122.4533,3.98,
2024/10/7,7.0175,122.6545,4.03,
2024/10/8,7.0595,122.9111,4.04,
2024/10/9,7.0818,123.1373,4.06,
2024/10/10,7.0794,123.3431,4.09,
2024/10/11,7.0667,123.2275,4.08,
2024/10/14,,,,
2024/10/15,7.1192,123.773,4.03,
2024/10/16,7.1192,124.1606,4.02,
2024/10/17,7.1216,124.3466,4.09,
2024/10/18,7.1015,124.1511,4.08,
2024/10/21,7.1189,124.7004,4.19,
2024/10/22,7.123,124.6396,4.2,
2024/10/23,7.1252,124.9181,4.24,
2024/10/24,7.119,124.743,4.21,
2024/10/25,7.1199,124.8418,4.25,
2024/10/28,7.1254,125.0385,4.28,
2024/10/29,7.1301,125.0952,4.28,
2024/10/30,7.1229,125.0444,4.29,
2024/10/31,7.1178,125.0247,4.28,
2024/11/1,7.1214,125.0403,4.37,316.449
2024/11/4,7.0995,124.8168,4.31,
2024/11/5,7.1047,124.7803,4.26,
2024/11/6,7.1782,125.9311,4.42,
2024/11/7,7.1412,125.016,4.31,
2024/11/8,7.1785,125.8066,4.3,
2024/11/11,,,,
2024/11/12,7.232,126.987,4.43,
2024/11/13,7.2245,127.1591,4.44,
2024/11/14,7.2272,127.2123,4.43,
2024/11/15,7.2288,127.1021,4.43,
2024/11/18,7.2364,126.8336,4.42,
2024/11/19,7.2392,126.6361,4.39,
2024/11/20,7.2459,127.1023,4.41,
2024/11/21,7.2368,127.3063,4.43,
2024/11/22,7.2455,127.6683,4.41,
2024/11/25,7.2395,127.211,4.27,
2024/11/26,7.252,127.6435,4.3,
2024/11/27,7.2458,127.0601,4.25,
2024/11/28,,,,
2024/11/29,7.2423,126.8114,4.18,
2024/12/1,,,,317.603
2024/12/2,7.2714,127.3499,4.19,
2024/12/3,7.2858,127.1983,4.23,
2024/12/4,7.2632,126.9956,4.19,
2024/12/5,7.2558,126.6638,4.17,
2024/12/6,7.27,126.9271,4.15,
2024/12/9,7.2604,126.8394,4.2,
2024/12/10,7.25,127.1884,4.22,
2024/12/11,7.2605,127.095,4.26,
2024/12/12,7.2685,127.2039,4.32,
2024/12/13,7.2756,127.5569,4.4,
2024/12/16,7.2836,127.5235,4.39,
2024/12/17,7.2846,127.7565,4.4,
2024/12/18,7.2864,127.8936,4.5,
2024/12/19,7.2965,128.8598,4.57,
2024/12/20,7.2953,128.1411,4.52,
2024/12/23,7.2977,128.5356,4.59,
2024/12/24,7.2946,128.5651,4.59,
2024/12/25,,,,
2024/12/26,7.2981,128.5679,4.58,
2024/12/27,7.298,128.6972,4.62,
2024/12/30,7.2993,129.0474,4.55,
2024/12/31,7.2993,129.488,4.58,
2025/1/1,,,,319.086
2025/1/2,7.2994,129.6666,4.57,
2025/1/3,7.3199,129.6721,4.6,
2025/1/6,7.3223,128.7878,4.62,
2025/1/7,7.3264,128.8574,4.67,
2025/1/8,7.3316,129.3038,4.67,
2025/1/9,7.3321,129.4927,4.68,
2025/1/10,7.3326,130.0513,4.77,
2025/1/13,7.3319,130.2142,4.79,
2025/1/14,7.3311,129.5812,4.78,
2025/1/15,7.3304,129.4107,4.66,
2025/1/16,7.3316,129.6284,4.61,
2025/1/17,7.3249,129.6771,4.61,
2025/1/20,,,,
2025/1/21,7.2712,128.61,4.57,
2025/1/22,7.2728,128.5428,4.6,
2025/1/23,7.288,128.4336,4.65,
2025/1/24,7.244,127.6833,4.63,
2025/1/27,7.2507,128.2856,4.53,
2025/1/28,7.2422,128.471,4.55,
2025/1/29,7.2422,128.5324,4.55,
2025/1/30,7.2422,128.2958,4.52,
2025/1/31,7.2422,128.6686,4.58,
2025/2/1,,,,319.775
2025/2/3,7.2422,129.2815,4.54,
2025/2/4,7.2422,128.2993,4.52,
2025/2/5,7.272,128.1725,4.43,
2025/2/6,7.2883,128.3958,4.45,
2025/2/7,7.2943,128.6144,4.49,
2025/2/10,7.3045,128.8215,4.51,
2025/2/11,7.3072,128.629,4.54,
2025/2/12,7.3088,128.5321,4.62,
2025/2/13,7.2888,128.0821,4.52,
2025/2/14,7.253,127.3505,4.47,
2025/2/17,,,,
2025/2/18,7.2786,127.501,4.55,
2025/2/19,7.2833,127.9207,4.53,
2025/2/20,7.2555,127.3057,4.5,
2025/2/21,7.2501,127.3285,4.42,
2025/2/24,7.2476,127.3749,4.4,
2025/2/25,7.2512,127.5544,4.3,
2025/2/26,7.2595,127.4762,4.25,
2025/2/27,7.2853,128.1589,4.29,
2025/2/28,7.2828,128.4646,4.24,
2025/3/1,,,,319.615
2025/3/3,7.2843,127.9558,4.16,
2025/3/4,7.2651,128.1864,4.22,
2025/3/5,7.2506,126.7441,4.28,
2025/3/6,7.2468,126.3526,4.29,
2025/3/7,7.234,126.2243,4.32,
2025/3/10,7.2591,126.5199,4.22,
2025/3/11,7.2278,126.2896,4.28,
2025/3/12,7.2372,126.1251,4.32,
2025/3/13,7.2439,126.2551,4.27,
2025/3/14,7.2377,125.9538,4.31,
2025/3/17,7.2327,125.6291,4.31,
2025/3/18,7.2273,125.7402,4.29,
2025/3/19,7.23,126.0515,4.25,
2025/3/20,7.2477,126.237,4.24,
2025/3/21,7.2486,126.509,4.25,
2025/3/24,7.2531,126.4403,4.34,
2025/3/25,7.2569,126.3075,4.31,
2025/3/26,7.2675,126.4839,4.35,
2025/3/27,7.2645,126.6098,4.38,
2025/3/28,7.2628,126.6599,4.27,
2025/3/31,7.2567,126.9402,4.23,
2025/4/1,7.2697,126.6783,4.17,320.321
2025/4/2,7.2675,126.6284,4.2,
2025/4/3,7.2813,125.0254,4.06,
2025/4/4,7.2803,126.0693,4.01,
2025/4/7,7.3081,127.0629,4.15,
2025/4/8,7.3388,127.1122,4.26,
2025/4/9,7.3499,126.8819,4.34,
2025/4/10,7.314,125.3694,4.4,
2025/4/11,7.2915,124.3156,4.48,
2025/4/14,7.3119,123.9908,4.38,
2025/4/15,7.315,124.1129,4.35,
2025/4/16,7.3053,123.6167,4.29,
2025/4/17,7.299,123.4733,4.34,
2025/4/18,7.2996,123.3365,,
2025/4/21,7.2914,122.677,4.42,
2025/4/22,7.3118,122.7879,4.41,
2025/4/23,7.286,123.375,4.4,
2025/4/24,7.2879,123.285,4.32,
2025/4/25,7.2864,123.2454,4.29,
2025/4/28,7.2942,123.0856,4.23,
2025/4/29,7.269,122.9514,4.19,
2025/4/30,7.2706,122.944,4.17,
2025/5/1,7.2706,123.4811,4.25,320.58
2025/5/2,7.2706,122.859,4.33,
2025/5/5,7.2706,122.6335,4.36,
2025/5/6,7.2164,122.3907,4.3,
2025/5/7,7.225,122.4652,4.26,
2025/5/8,7.234,123.1019,4.37,
2025/5/9,7.2364,122.879,4.37,
2025/5/12,7.2018,123.7948,4.45,
2025/5/13,7.2057,123.2905,4.49,
2025/5/14,7.208,123.0145,4.53,
2025/5/15,7.2067,123.1492,4.45,
2025/5/16,7.209,123.3969,4.43,
2025/5/19,7.2144,122.7649,4.46,
2025/5/20,7.2194,122.673,4.48,
2025/5/21,7.2019,122.1012,4.58,
2025/5/22,7.2037,122.3865,4.54,
2025/5/23,7.1798,121.7283,4.51,
2025/5/26,,,,
2025/5/27,7.195,121.9634,4.43,
2025/5/28,7.1941,122.3295,4.47,
2025/5/29,7.1855,121.9108,4.43,
2025/5/30,7.1991,122.1112,4.41,
2025/6/1,,,,321.5
2025/6/2,7.1975,121.549,4.46,
2025/6/3,7.1872,121.808,4.46,
2025/6/4,7.1844,121.4093,4.37,
2025/6/5,7.175,121.3178,4.4,
2025/6/6,7.1886,121.5217,4.51,
2025/6/9,7.1802,121.2757,4.49,
2025/6/10,7.187,121.4134,4.47,
2025/6/11,7.1928,120.9763,4.41,
2025/6/12,7.1726,120.565,4.36,
2025/6/13,7.181,120.7131,4.41,
2025/6/16,7.179,120.5449,4.46,
2025/6/17,7.1845,120.8862,4.39,
2025/6/18,7.1888,121.1093,4.38,
2025/6/19,,,,
2025/6/20,7.1785,121.411,4.38,
2025/6/23,7.179,121.5412,4.34,
2025/6/24,7.1713,120.7549,4.3,
2025/6/25,7.1764,120.7333,4.29,
2025/6/26,7.1675,120.0587,4.26,
2025/6/27,7.1721,120.0786,4.29,
2025/6/30,7.1636,119.8269,4.24,
2025/7/1,7.1647,119.7678,4.26,322.132
2025/7/2,7.1649,119.7289,4.3,
2025/7/3,7.1684,119.6678,4.35,
2025/7/4,,,,
2025/7/7,7.1744,120.0481,4.4,
2025/7/8,7.1738,120.2589,4.42,
2025/7/9,7.18,120.1608,4.34,
2025/7/10,7.1748,120.253,4.35,
2025/7/11,7.1681,120.3354,4.43,
2025/7/14,7.167,120.6252,4.43,
2025/7/15,7.1729,120.9095,4.5,
2025/7/16,7.1791,120.8232,4.46,
2025/7/17,7.1832,121.0417,4.47,
2025/7/18,7.1776,120.7674,4.44,
2025/7/21,7.176,120.4157,4.38,
2025/7/22,7.1748,120.1036,4.35,
2025/7/23,7.1599,119.9888,4.4,
2025/7/24,7.1541,119.9892,4.43,
2025/7/25,7.1679,120.4082,4.4,
2025/7/28,7.1778,121.0228,4.42,
2025/7/29,7.1769,121.3652,4.34,
2025/7/30,7.1934,121.7944,4.38,
2025/7/31,7.2002,122.1088,4.37,
2025/8/1,7.2116,121.6148,4.23,323.364
2025/8/4,7.178,121.3757,4.22,
2025/8/5,7.1835,121.3068,4.22,
2025/8/6,7.1822,120.9198,4.22,
2025/8/7,7.1806,120.9142,4.23,
2025/8/8,7.1839,120.7562,4.27,
2025/8/11,7.1884,121.1021,4.27,
2025/8/12,7.1785,120.6964,4.29,
2025/8/13,7.1744,120.5533,4.24,
2025/8/14,7.1795,121.0518,4.29,
2025/8/15,7.1817,120.7606,4.33,
2025/8/18,7.1847,120.9792,4.34,
2025/8/19,7.1819,121.137,4.3,
2025/8/20,7.1757,121.1828,4.29,
2025/8/21,7.1793,121.485,4.33,
2025/8/22,7.1651,120.6974,4.26,
2025/8/25,7.151,120.8298,4.28,
2025/8/26,7.152,120.9304,4.26,
2025/8/27,7.1536,121.1236,4.24,
2025/8/28,7.1306,120.6537,4.22,
2025/8/29,7.1304,120.6028,4.23,
2025/9/1,,,,324.368
2025/9/2,7.139,121.0716,4.28,
2025/9/3,7.1415,120.9032,4.22,
2025/9/4,7.1414,121.1565,4.17,
2025/9/5,7.1323,120.5394,4.1,
2025/9/8,7.1293,120.5152,4.05,
2025/9/9,7.1209,120.5746,4.08,
2025/9/10,7.1207,120.5447,4.04,
2025/9/11,7.1184,120.381,4.01,
2025/9/12,7.1242,120.4905,4.06,
2025/9/15,7.1186,120.0042,4.05,
2025/9/16,7.1142,119.586,4.04,
2025/9/17,7.1033,119.6063,4.06,
2025/9/18,7.1125,120.0986,4.11,
2025/9/19,7.1142,120.2166,4.14,
2025/9/22,7.114,120.2461,4.15,
2025/9/23,7.1116,120.0568,4.12,
2025/9/24,7.1315,120.6024,4.16,
2025/9/25,7.1338,120.9635,4.18,
2025/9/26,7.1328,120.8615,4.2,
2025/9/29,7.1194,120.5403,4.15,
2025/9/30,7.119,120.5624,4.16,
2025/10/1,7.12,120.5782,4.12,
2025/10/2,7.12,120.844,4.1,
2025/10/3,7.12,120.5163,4.13,
2025/10/6,7.12,120.7028,4.18,
2025/10/7,7.12,120.9097,4.14,
2025/10/8,7.12,121.1884,4.13,
2025/10/9,7.1275,121.4965,4.14,
2025/10/10,7.134,121.5217,4.05,
2025/10/13,,,,
2025/10/14,7.1384,121.5815,4.03,
2025/10/15,7.1262,121.2669,4.05,
2025/10/16,7.123,121.0834,3.99,
2025/10/17,7.1264,121.1218,4.02,
2025/10/20,7.1195,121.0394,4,
2025/10/21,7.1218,121.302,3.98,
2025/10/22,7.1257,121.3075,3.97,
2025/10/23,7.1221,121.3633,4.01,
2025/10/24,7.1211,121.342,4.02,
2025/10/27,7.1102,121.2002,4.01,
2025/10/28,7.0988,121.0349,3.99,
2025/10/29,7.098,120.929,4.08,
2025/10/30,7.1097,121.665,4.11,
2025/10/31,7.1169,121.7715,4.11,
2025/11/3,7.1222,121.8422,4.13,
2025/11/4,7.1295,122.2066,4.1,
2025/11/5,7.126,122.2295,4.17,
2025/11/6,7.1195,122.0788,4.11,
2025/11/7,7.1219,121.7835,4.11,
2025/11/10,7.1193,121.6932,4.13,
2025/11/11,,,,
2025/11/12,7.112,121.4459,4.08,
2025/11/13,7.095,121.1756,4.11,
2025/11/14,7.0992,121.363,4.14,
2025/11/17,7.1075,121.5131,4.13,
2025/11/18,7.1074,121.6042,4.12,
2025/11/19,7.1106,121.8845,4.13,
2025/11/20,7.1098,122.0735,4.1,
2025/11/21,7.1066,122.235,4.06,
2025/11/24,7.102,122.2833,4.04,
2025/11/25,7.0845,122.0044,4.01,
2025/11/26,7.0758,121.6225,4,
2025/11/27,,,,
2025/11/28,7.0751,121.4288,4.02,
2025/12/1,7.0717,121.3615,4.09,
2025/12/2,7.07,121.5149,4.09,
2025/12/3,7.0636,121.1131,4.06,
2025/12/4,7.0714,121.0614,4.11,
2025/12/5,7.0696,121.0615,4.14,
2025/12/8,,,4.17,
2025/12/9,,,4.18,
2025/12/10,,,4.13,
2025/12/11,,,4.14,
