date,CNY_USD,USD_INDEX,US_10Y,US_CPI,cn_cpi,cn_pmi
1947-01-01,,,,21.48,,
1947-02-01,,,,21.62,,
1947-03-01,,,,22.0,,
1947-04-01,,,,22.0,,
1947-05-01,,,,21.95,,
1947-06-01,,,,22.08,,
1947-07-01,,,,22.23,,
1947-08-01,,,,22.4,,
1947-09-01,,,,22.84,,
1947-10-01,,,,22.91,,
1947-11-01,,,,23.06,,
1947-12-01,,,,23.41,,
1948-01-01,,,,23.68,,
1948-02-01,,,,23.67,,
1948-03-01,,,,23.5,,
1948-04-01,,,,23.82,,
1948-05-01,,,,24.01,,
1948-06-01,,,,24.15,,
1948-07-01,,,,24.4,,
1948-08-01,,,,24.43,,
1948-09-01,,,,24.36,,
1948-10-01,,,,24.31,,
1948-11-01,,,,24.16,,
1948-12-01,,,,24.05,,
1949-01-01,,,,24.01,,
1949-02-01,,,,23.91,,
1949-03-01,,,,23.91,,
1949-04-01,,,,23.92,,
1949-05-01,,,,23.91,,
1949-06-01,,,,23.92,,
1949-07-01,,,,23.7,,
1949-08-01,,,,23.7,,
1949-09-01,,,,23.75,,
1949-10-01,,,,23.67,,
1949-11-01,,,,23.7,,
1949-12-01,,,,23.61,,
1950-01-01,,,,23.51,,
1950-02-01,,,,23.61,,
1950-03-01,,,,23.64,,
1950-04-01,,,,23.65,,
1950-05-01,,,,23.77,,
1950-06-01,,,,23.88,,
1950-07-01,,,,24.07,,
1950-08-01,,,,24.2,,
1950-09-01,,,,24.34,,
1950-10-01,,,,24.5,,
1950-11-01,,,,24.6,,
1950-12-01,,,,24.98,,
1951-01-01,,,,25.38,,
1951-02-01,,,,25.83,,
1951-03-01,,,,25.88,,
1951-04-01,,,,25.92,,
1951-05-01,,,,25.99,,
1951-06-01,,,,25.93,,
1951-07-01,,,,25.91,,
1951-08-01,,,,25.86,,
1951-09-01,,,,26.03,,
1951-10-01,,,,26.16,,
1951-11-01,,,,26.32,,
1951-12-01,,,,26.47,,
1952-01-01,,,,26.45,,
1952-02-01,,,,26.41,,
1952-03-01,,,,26.39,,
1952-04-01,,,,26.46,,
1952-05-01,,,,26.47,,
1952-06-01,,,,26.53,,
1952-07-01,,,,26.68,,
1952-08-01,,,,26.69,,
1952-09-01,,,,26.63,,
1952-10-01,,,,26.69,,
1952-11-01,,,,26.69,,
1952-12-01,,,,26.71,,
1953-01-01,,,,26.64,,
1953-02-01,,,,26.59,,
1953-03-01,,,,26.63,,
1953-04-01,,,,26.69,,
1953-05-01,,,,26.7,,
1953-06-01,,,,26.77,,
1953-07-01,,,,26.79,,
1953-08-01,,,,26.85,,
1953-09-01,,,,26.89,,
1953-10-01,,,,26.95,,
1953-11-01,,,,26.85,,
1953-12-01,,,,26.87,,
1954-01-01,,,,26.94,,
1954-02-01,,,,26.99,,
1954-03-01,,,,26.93,,
1954-04-01,,,,26.86,,
1954-05-01,,,,26.93,,
1954-06-01,,,,26.94,,
1954-07-01,,,,26.86,,
1954-08-01,,,,26.85,,
1954-09-01,,,,26.81,,
1954-10-01,,,,26.72,,
1954-11-01,,,,26.78,,
1954-12-01,,,,26.77,,
1955-01-01,,,,26.77,,
1955-02-01,,,,26.82,,
1955-03-01,,,,26.79,,
1955-04-01,,,,26.79,,
1955-05-01,,,,26.77,,
1955-06-01,,,,26.71,,
1955-07-01,,,,26.76,,
1955-08-01,,,,26.72,,
1955-09-01,,,,26.85,,
1955-10-01,,,,26.82,,
1955-11-01,,,,26.88,,
1955-12-01,,,,26.87,,
1956-01-01,,,,26.83,,
1956-02-01,,,,26.86,,
1956-03-01,,,,26.89,,
1956-04-01,,,,26.93,,
1956-05-01,,,,27.03,,
1956-06-01,,,,27.15,,
1956-07-01,,,,27.29,,
1956-08-01,,,,27.31,,
1956-09-01,,,,27.35,,
1956-10-01,,,,27.51,,
1956-11-01,,,,27.51,,
1956-12-01,,,,27.63,,
1957-01-01,,,,27.67,,
1957-02-01,,,,27.8,,
1957-03-01,,,,27.86,,
1957-04-01,,,,27.93,,
1957-05-01,,,,28.0,,
1957-06-01,,,,28.11,,
1957-07-01,,,,28.19,,
1957-08-01,,,,28.28,,
1957-09-01,,,,28.32,,
1957-10-01,,,,28.32,,
1957-11-01,,,,28.41,,
1957-12-01,,,,28.47,,
1958-01-01,,,,28.64,,
1958-02-01,,,,28.7,,
1958-03-01,,,,28.87,,
1958-04-01,,,,28.94,,
1958-05-01,,,,28.94,,
1958-06-01,,,,28.91,,
1958-07-01,,,,28.89,,
1958-08-01,,,,28.94,,
1958-09-01,,,,28.91,,
1958-10-01,,,,28.91,,
1958-11-01,,,,28.95,,
1958-12-01,,,,28.97,,
1959-01-01,,,,29.01,,
1959-02-01,,,,29.0,,
1959-03-01,,,,28.97,,
1959-04-01,,,,28.98,,
1959-05-01,,,,29.04,,
1959-06-01,,,,29.11,,
1959-07-01,,,,29.15,,
1959-08-01,,,,29.18,,
1959-09-01,,,,29.25,,
1959-10-01,,,,29.35,,
1959-11-01,,,,29.35,,
1959-12-01,,,,29.41,,
1960-01-01,,,,29.37,,
1960-02-01,,,,29.41,,
1960-03-01,,,,29.41,,
1960-04-01,,,,29.54,,
1960-05-01,,,,29.57,,
1960-06-01,,,,29.61,,
1960-07-01,,,,29.55,,
1960-08-01,,,,29.61,,
1960-09-01,,,,29.61,,
1960-10-01,,,,29.75,,
1960-11-01,,,,29.78,,
1960-12-01,,,,29.81,,
1961-01-01,,,,29.84,,
1961-02-01,,,,29.84,,
1961-03-01,,,,29.84,,
1961-04-01,,,,29.81,,
1961-05-01,,,,29.84,,
1961-06-01,,,,29.84,,
1961-07-01,,,,29.92,,
1961-08-01,,,,29.94,,
1961-09-01,,,,29.98,,
1961-10-01,,,,29.98,,
1961-11-01,,,,29.98,,
1961-12-01,,,,30.01,,
1962-01-01,,,,30.04,,
1962-01-02,,,4.06,,,
1962-01-03,,,4.03,,,
1962-01-04,,,3.99,,,
1962-01-05,,,4.02,,,
1962-01-08,,,4.03,,,
1962-01-09,,,4.05,,,
1962-01-10,,,4.07,,,
1962-01-11,,,4.08,,,
1962-01-12,,,4.08,,,
1962-01-15,,,4.1,,,
1962-01-16,,,4.13,,,
1962-01-17,,,4.12,,,
1962-01-18,,,4.11,,,
1962-01-19,,,4.11,,,
1962-01-22,,,4.09,,,
1962-01-23,,,4.11,,,
1962-01-24,,,4.1,,,
1962-01-25,,,4.11,,,
1962-01-26,,,4.11,,,
1962-01-29,,,4.12,,,
1962-01-30,,,4.11,,,
1962-01-31,,,4.1,,,
1962-02-01,,,4.09,30.11,,
1962-02-02,,,4.08,,,
1962-02-05,,,4.07,,,
1962-02-06,,,4.06,,,
1962-02-07,,,4.07,,,
1962-02-08,,,4.07,,,
1962-02-09,,,4.05,,,
1962-02-12,,,,,,
1962-02-13,,,4.03,,,
1962-02-14,,,4.03,,,
1962-02-15,,,4.02,,,
1962-02-16,,,4.02,,,
1962-02-19,,,4.01,,,
1962-02-20,,,4.05,,,
1962-02-21,,,4.03,,,
1962-02-22,,,,,,
1962-02-23,,,4.02,,,
1962-02-26,,,4.0,,,
1962-02-27,,,4.01,,,
1962-02-28,,,4.0,,,
1962-03-01,,,3.98,30.17,,
1962-03-02,,,3.98,,,
1962-03-05,,,4.0,,,
1962-03-06,,,4.01,,,
1962-03-07,,,4.0,,,
1962-03-08,,,3.98,,,
1962-03-09,,,3.96,,,
1962-03-12,,,3.94,,,
1962-03-13,,,3.92,,,
1962-03-14,,,3.93,,,
1962-03-15,,,3.96,,,
1962-03-16,,,3.96,,,
1962-03-19,,,3.93,,,
1962-03-20,,,3.91,,,
1962-03-21,,,3.86,,,
1962-03-22,,,3.83,,,
1962-03-23,,,3.87,,,
1962-03-26,,,3.89,,,
1962-03-27,,,3.9,,,
1962-03-28,,,3.9,,,
1962-03-29,,,3.9,,,
1962-03-30,,,3.86,,,
1962-04-01,,,,30.21,,
1962-04-02,,,3.86,,,
1962-04-03,,,3.83,,,
1962-04-04,,,3.78,,,
1962-04-05,,,3.84,,,
1962-04-06,,,3.81,,,
1962-04-09,,,3.83,,,
1962-04-10,,,3.83,,,
1962-04-11,,,3.87,,,
1962-04-12,,,3.86,,,
1962-04-13,,,3.85,,,
1962-04-16,,,3.83,,,
1962-04-17,,,3.82,,,
1962-04-18,,,3.81,,,
1962-04-19,,,3.82,,,
1962-04-20,,,,,,
1962-04-23,,,3.86,,,
1962-04-24,,,3.87,,,
1962-04-25,,,3.88,,,
1962-04-26,,,3.89,,,
1962-04-27,,,3.86,,,
1962-04-30,,,3.86,,,
1962-05-01,,,3.85,30.24,,
1962-05-02,,,3.86,,,
1962-05-03,,,3.86,,,
1962-05-04,,,3.87,,,
1962-05-07,,,3.86,,,
1962-05-08,,,3.85,,,
1962-05-09,,,3.82,,,
1962-05-10,,,3.83,,,
1962-05-11,,,3.82,,,
1962-05-14,,,3.85,,,
1962-05-15,,,3.87,,,
1962-05-16,,,3.86,,,
1962-05-17,,,3.87,,,
1962-05-18,,,3.93,,,
1962-05-21,,,3.94,,,
1962-05-22,,,3.93,,,
1962-05-23,,,3.91,,,
1962-05-24,,,3.9,,,
1962-05-25,,,3.88,,,
1962-05-28,,,3.87,,,
1962-05-29,,,3.89,,,
1962-05-30,,,,,,
1962-05-31,,,3.9,,,
1962-06-01,,,3.89,30.21,,
1962-06-04,,,3.88,,,
1962-06-05,,,3.89,,,
1962-06-06,,,3.89,,,
1962-06-07,,,3.87,,,
1962-06-08,,,3.86,,,
1962-06-11,,,3.87,,,
1962-06-12,,,3.86,,,
1962-06-13,,,3.87,,,
1962-06-14,,,3.9,,,
1962-06-15,,,3.89,,,
1962-06-18,,,3.91,,,
1962-06-19,,,3.93,,,
1962-06-20,,,3.92,,,
1962-06-21,,,3.9,,,
1962-06-22,,,3.9,,,
1962-06-25,,,3.95,,,
1962-06-26,,,3.97,,,
1962-06-27,,,3.96,,,
1962-06-28,,,3.98,,,
1962-06-29,,,4.0,,,
1962-07-01,,,,30.22,,
1962-07-02,,,4.0,,,
1962-07-03,,,4.0,,,
1962-07-04,,,,,,
1962-07-05,,,4.0,,,
1962-07-06,,,4.02,,,
1962-07-09,,,4.05,,,
1962-07-10,,,4.02,,,
1962-07-11,,,3.99,,,
1962-07-12,,,4.0,,,
1962-07-13,,,4.0,,,
1962-07-16,,,4.01,,,
1962-07-17,,,4.03,,,
1962-07-18,,,4.02,,,
1962-07-19,,,4.02,,,
1962-07-20,,,4.01,,,
1962-07-23,,,4.0,,,
1962-07-24,,,4.01,,,
1962-07-25,,,4.02,,,
1962-07-26,,,4.01,,,
1962-07-27,,,4.02,,,
1962-07-30,,,4.03,,,
1962-07-31,,,4.04,,,
1962-08-01,,,4.03,30.28,,
1962-08-02,,,4.0,,,
1962-08-03,,,4.01,,,
1962-08-06,,,4.01,,,
1962-08-07,,,4.02,,,
1962-08-08,,,4.01,,,
1962-08-09,,,3.99,,,
1962-08-10,,,3.99,,,
1962-08-13,,,3.99,,,
1962-08-14,,,3.98,,,
1962-08-15,,,3.98,,,
1962-08-16,,,3.96,,,
1962-08-17,,,3.96,,,
1962-08-20,,,3.94,,,
1962-08-21,,,3.94,,,
1962-08-22,,,3.95,,,
1962-08-23,,,3.95,,,
1962-08-24,,,3.95,,,
1962-08-27,,,3.95,,,
1962-08-28,,,3.96,,,
1962-08-29,,,3.96,,,
1962-08-30,,,3.95,,,
1962-08-31,,,3.96,,,
1962-09-01,,,,30.42,,
1962-09-03,,,,,,
1962-09-04,,,3.96,,,
1962-09-05,,,3.97,,,
1962-09-06,,,3.99,,,
1962-09-07,,,4.01,,,
1962-09-10,,,4.0,,,
1962-09-11,,,4.0,,,
1962-09-12,,,4.0,,,
1962-09-13,,,3.99,,,
1962-09-14,,,3.99,,,
1962-09-17,,,3.99,,,
1962-09-18,,,3.98,,,
1962-09-19,,,3.99,,,
1962-09-20,,,3.98,,,
1962-09-21,,,3.98,,,
1962-09-24,,,3.97,,,
1962-09-25,,,3.96,,,
1962-09-26,,,3.95,,,
1962-09-27,,,3.95,,,
1962-09-28,,,3.94,,,
1962-10-01,,,3.93,30.38,,
1962-10-02,,,3.92,,,
1962-10-03,,,3.9,,,
1962-10-04,,,3.9,,,
1962-10-05,,,3.92,,,
1962-10-08,,,3.93,,,
1962-10-09,,,3.95,,,
1962-10-10,,,3.93,,,
1962-10-11,,,3.94,,,
1962-10-12,,,,,,
1962-10-15,,,3.94,,,
1962-10-16,,,3.94,,,
1962-10-17,,,3.94,,,
1962-10-18,,,3.92,,,
1962-10-19,,,3.88,,,
1962-10-22,,,3.91,,,
1962-10-23,,,3.94,,,
1962-10-24,,,3.94,,,
1962-10-25,,,3.94,,,
1962-10-26,,,3.93,,,
1962-10-29,,,3.92,,,
1962-10-30,,,3.92,,,
1962-10-31,,,3.92,,,
1962-11-01,,,3.92,30.38,,
1962-11-02,,,3.91,,,
1962-11-05,,,3.91,,,
1962-11-06,,,,,,
1962-11-07,,,3.91,,,
1962-11-08,,,3.9,,,
1962-11-09,,,3.89,,,
1962-11-12,,,,,,
1962-11-13,,,3.9,,,
1962-11-14,,,3.91,,,
1962-11-15,,,3.91,,,
1962-11-16,,,3.93,,,
1962-11-19,,,3.93,,,
1962-11-20,,,3.93,,,
1962-11-21,,,3.92,,,
1962-11-22,,,,,,
1962-11-23,,,3.92,,,
1962-11-26,,,3.93,,,
1962-11-27,,,3.92,,,
1962-11-28,,,3.92,,,
1962-11-29,,,3.92,,,
1962-11-30,,,3.92,,,
1962-12-01,,,,30.38,,
1962-12-03,,,3.93,,,
1962-12-04,,,3.94,,,
1962-12-05,,,3.93,,,
1962-12-06,,,3.92,,,
1962-12-07,,,3.91,,,
1962-12-10,,,3.9,,,
1962-12-11,,,3.89,,,
1962-12-12,,,3.88,,,
1962-12-13,,,3.88,,,
1962-12-14,,,3.87,,,
1962-12-17,,,3.85,,,
1962-12-18,,,3.83,,,
1962-12-19,,,3.84,,,
1962-12-20,,,3.83,,,
1962-12-21,,,3.81,,,
1962-12-24,,,3.79,,,
1962-12-25,,,,,,
1962-12-26,,,3.79,,,
1962-12-27,,,3.81,,,
1962-12-28,,,3.84,,,
1962-12-31,,,3.85,,,
1963-01-01,,,,30.44,,
1963-01-02,,,3.82,,,
1963-01-03,,,3.81,,,
1963-01-04,,,3.84,,,
1963-01-07,,,3.83,,,
1963-01-08,,,3.81,,,
1963-01-09,,,3.82,,,
1963-01-10,,,3.81,,,
1963-01-11,,,3.8,,,
1963-01-14,,,3.81,,,
1963-01-15,,,3.8,,,
1963-01-16,,,3.8,,,
1963-01-17,,,3.82,,,
1963-01-18,,,3.84,,,
1963-01-21,,,3.85,,,
1963-01-22,,,3.86,,,
1963-01-23,,,3.86,,,
1963-01-24,,,3.86,,,
1963-01-25,,,3.85,,,
1963-01-28,,,3.86,,,
1963-01-29,,,3.86,,,
1963-01-30,,,3.86,,,
1963-01-31,,,3.87,,,
1963-02-01,,,3.88,30.48,,
1963-02-04,,,3.89,,,
1963-02-05,,,3.9,,,
1963-02-06,,,3.91,,,
1963-02-07,,,3.91,,,
1963-02-08,,,3.91,,,
1963-02-11,,,3.92,,,
1963-02-12,,,,,,
1963-02-13,,,3.92,,,
1963-02-14,,,3.91,,,
1963-02-15,,,3.91,,,
1963-02-18,,,3.91,,,
1963-02-19,,,3.93,,,
1963-02-20,,,3.94,,,
1963-02-21,,,3.95,,,
1963-02-22,,,,,,
1963-02-25,,,3.95,,,
1963-02-26,,,3.95,,,
1963-02-27,,,3.95,,,
1963-02-28,,,3.94,,,
1963-03-01,,,3.93,30.51,,
1963-03-04,,,3.92,,,
1963-03-05,,,3.92,,,
1963-03-06,,,3.91,,,
1963-03-07,,,3.92,,,
1963-03-08,,,3.92,,,
1963-03-11,,,3.92,,,
1963-03-12,,,3.92,,,
1963-03-13,,,3.92,,,
1963-03-14,,,3.92,,,
1963-03-15,,,3.92,,,
1963-03-18,,,3.92,,,
1963-03-19,,,3.92,,,
1963-03-20,,,3.92,,,
1963-03-21,,,3.92,,,
1963-03-22,,,3.93,,,
1963-03-25,,,3.94,,,
1963-03-26,,,3.96,,,
1963-03-27,,,3.96,,,
1963-03-28,,,3.96,,,
1963-03-29,,,3.95,,,
1963-04-01,,,3.95,30.48,,
1963-04-02,,,3.96,,,
1963-04-03,,,3.96,,,
1963-04-04,,,3.95,,,
1963-04-05,,,3.95,,,
1963-04-08,,,3.97,,,
1963-04-09,,,3.98,,,
1963-04-10,,,4.0,,,
1963-04-11,,,4.0,,,
1963-04-12,,,,,,
1963-04-15,,,4.01,,,
1963-04-16,,,4.0,,,
1963-04-17,,,4.0,,,
1963-04-18,,,3.99,,,
1963-04-19,,,3.97,,,
1963-04-22,,,3.97,,,
1963-04-23,,,3.97,,,
1963-04-24,,,3.96,,,
1963-04-25,,,3.95,,,
1963-04-26,,,3.95,,,
1963-04-29,,,3.95,,,
1963-04-30,,,3.95,,,
1963-05-01,,,3.94,30.51,,
1963-05-02,,,3.94,,,
1963-05-03,,,3.93,,,
1963-05-06,,,3.92,,,
1963-05-07,,,3.91,,,
1963-05-08,,,3.92,,,
1963-05-09,,,3.93,,,
1963-05-10,,,3.93,,,
1963-05-13,,,3.92,,,
1963-05-14,,,3.91,,,
1963-05-15,,,3.91,,,
1963-05-16,,,3.9,,,
1963-05-17,,,3.92,,,
1963-05-20,,,3.93,,,
1963-05-21,,,3.92,,,
1963-05-22,,,3.92,,,
1963-05-23,,,3.93,,,
1963-05-24,,,3.95,,,
1963-05-27,,,3.95,,,
1963-05-28,,,3.96,,,
1963-05-29,,,3.96,,,
1963-05-30,,,,,,
1963-05-31,,,3.96,,,
1963-06-01,,,,30.61,,
1963-06-03,,,3.98,,,
1963-06-04,,,3.98,,,
1963-06-05,,,3.98,,,
1963-06-06,,,3.99,,,
1963-06-07,,,3.99,,,
1963-06-10,,,3.99,,,
1963-06-11,,,3.98,,,
1963-06-12,,,3.99,,,
1963-06-13,,,3.99,,,
1963-06-14,,,3.99,,,
1963-06-17,,,4.0,,,
1963-06-18,,,4.0,,,
1963-06-19,,,4.0,,,
1963-06-20,,,4.0,,,
1963-06-21,,,4.0,,,
1963-06-24,,,4.0,,,
1963-06-25,,,4.0,,,
1963-06-26,,,4.0,,,
1963-06-27,,,4.0,,,
1963-06-28,,,4.0,,,
1963-07-01,,,4.01,30.69,,
1963-07-02,,,4.03,,,
1963-07-03,,,4.03,,,
1963-07-04,,,,,,
1963-07-05,,,4.04,,,
1963-07-08,,,4.05,,,
1963-07-09,,,4.04,,,
1963-07-10,,,4.03,,,
1963-07-11,,,4.04,,,
1963-07-12,,,4.03,,,
1963-07-15,,,4.02,,,
1963-07-16,,,4.02,,,
1963-07-17,,,4.03,,,
1963-07-18,,,4.02,,,
1963-07-19,,,4.02,,,
1963-07-22,,,4.02,,,
1963-07-23,,,4.02,,,
1963-07-24,,,4.01,,,
1963-07-25,,,4.01,,,
1963-07-26,,,3.99,,,
1963-07-29,,,3.99,,,
1963-07-30,,,4.0,,,
1963-07-31,,,4.0,,,
1963-08-01,,,3.99,30.75,,
1963-08-02,,,3.99,,,
1963-08-05,,,3.99,,,
1963-08-06,,,4.0,,,
1963-08-07,,,4.01,,,
1963-08-08,,,4.0,,,
1963-08-09,,,4.0,,,
1963-08-12,,,4.01,,,
1963-08-13,,,4.02,,,
1963-08-14,,,4.02,,,
1963-08-15,,,4.01,,,
1963-08-16,,,4.0,,,
1963-08-19,,,3.99,,,
1963-08-20,,,3.99,,,
1963-08-21,,,4.0,,,
1963-08-22,,,4.0,,,
1963-08-23,,,4.0,,,
1963-08-26,,,4.0,,,
1963-08-27,,,4.0,,,
1963-08-28,,,4.0,,,
1963-08-29,,,4.01,,,
1963-08-30,,,4.02,,,
1963-09-01,,,,30.72,,
1963-09-02,,,,,,
1963-09-03,,,4.03,,,
1963-09-04,,,4.04,,,
1963-09-05,,,4.08,,,
1963-09-06,,,4.09,,,
1963-09-09,,,4.09,,,
1963-09-10,,,4.09,,,
1963-09-11,,,4.09,,,
1963-09-12,,,4.09,,,
1963-09-13,,,4.09,,,
1963-09-16,,,4.09,,,
1963-09-17,,,4.09,,,
1963-09-18,,,4.08,,,
1963-09-19,,,4.08,,,
1963-09-20,,,4.07,,,
1963-09-23,,,4.07,,,
1963-09-24,,,4.08,,,
1963-09-25,,,4.08,,,
1963-09-26,,,4.08,,,
1963-09-27,,,4.07,,,
1963-09-30,,,4.07,,,
1963-10-01,,,4.07,30.75,,
1963-10-02,,,4.07,,,
1963-10-03,,,4.07,,,
1963-10-04,,,4.08,,,
1963-10-07,,,4.08,,,
1963-10-08,,,4.09,,,
1963-10-09,,,4.1,,,
1963-10-10,,,4.1,,,
1963-10-11,,,4.1,,,
1963-10-14,,,4.1,,,
1963-10-15,,,4.11,,,
1963-10-16,,,4.11,,,
1963-10-17,,,4.12,,,
1963-10-18,,,4.12,,,
1963-10-21,,,4.12,,,
1963-10-22,,,4.11,,,
1963-10-23,,,4.12,,,
1963-10-24,,,4.11,,,
1963-10-25,,,4.12,,,
1963-10-28,,,4.12,,,
1963-10-29,,,4.13,,,
1963-10-30,,,4.14,,,
1963-10-31,,,4.15,,,
1963-11-01,,,4.15,30.78,,
1963-11-04,,,4.15,,,
1963-11-05,,,,,,
1963-11-06,,,4.17,,,
1963-11-07,,,4.17,,,
1963-11-08,,,4.16,,,
1963-11-11,,,,,,
1963-11-12,,,4.16,,,
1963-11-13,,,4.15,,,
1963-11-14,,,4.12,,,
1963-11-15,,,4.11,,,
1963-11-18,,,4.11,,,
1963-11-19,,,4.1,,,
1963-11-20,,,4.09,,,
1963-11-21,,,4.1,,,
1963-11-22,,,4.09,,,
1963-11-25,,,,,,
1963-11-26,,,4.08,,,
1963-11-27,,,4.08,,,
1963-11-28,,,,,,
1963-11-29,,,4.08,,,
1963-12-01,,,,30.88,,
1963-12-02,,,4.09,,,
1963-12-03,,,4.1,,,
1963-12-04,,,4.1,,,
1963-12-05,,,4.11,,,
1963-12-06,,,4.11,,,
1963-12-09,,,4.1,,,
1963-12-10,,,4.1,,,
1963-12-11,,,4.12,,,
1963-12-12,,,4.12,,,
1963-12-13,,,4.13,,,
1963-12-16,,,4.15,,,
1963-12-17,,,4.15,,,
1963-12-18,,,4.15,,,
1963-12-19,,,4.14,,,
1963-12-20,,,4.15,,,
1963-12-23,,,4.15,,,
1963-12-24,,,4.15,,,
1963-12-25,,,,,,
1963-12-26,,,4.15,,,
1963-12-27,,,4.15,,,
1963-12-30,,,4.14,,,
1963-12-31,,,4.14,,,
1964-01-01,,,,30.94,,
1964-01-02,,,4.14,,,
1964-01-03,,,4.15,,,
1964-01-06,,,4.16,,,
1964-01-07,,,4.15,,,
1964-01-08,,,4.18,,,
1964-01-09,,,4.18,,,
1964-01-10,,,4.18,,,
1964-01-13,,,4.18,,,
1964-01-14,,,4.18,,,
1964-01-15,,,4.18,,,
1964-01-16,,,4.17,,,
1964-01-17,,,4.17,,,
1964-01-20,,,4.16,,,
1964-01-21,,,4.16,,,
1964-01-22,,,4.16,,,
1964-01-23,,,4.16,,,
1964-01-24,,,4.18,,,
1964-01-27,,,4.18,,,
1964-01-28,,,4.17,,,
1964-01-29,,,4.17,,,
1964-01-30,,,4.16,,,
1964-01-31,,,4.15,,,
1964-02-01,,,,30.91,,
1964-02-03,,,4.15,,,
1964-02-04,,,4.15,,,
1964-02-05,,,4.15,,,
1964-02-06,,,4.14,,,
1964-02-07,,,4.14,,,
1964-02-10,,,4.14,,,
1964-02-11,,,4.14,,,
1964-02-12,,,,,,
1964-02-13,,,4.13,,,
1964-02-14,,,4.13,,,
1964-02-17,,,4.13,,,
1964-02-18,,,4.14,,,
1964-02-19,,,4.14,,,
1964-02-20,,,4.14,,,
1964-02-21,,,,,,
1964-02-24,,,4.15,,,
1964-02-25,,,4.15,,,
1964-02-26,,,4.15,,,
1964-02-27,,,4.17,,,
1964-02-28,,,4.18,,,
1964-03-01,,,,30.94,,
1964-03-02,,,4.17,,,
1964-03-03,,,4.18,,,
1964-03-04,,,4.19,,,
1964-03-05,,,4.19,,,
1964-03-06,,,4.19,,,
1964-03-09,,,4.2,,,
1964-03-10,,,4.2,,,
1964-03-11,,,4.21,,,
1964-03-12,,,4.21,,,
1964-03-13,,,4.22,,,
1964-03-16,,,4.21,,,
1964-03-17,,,4.22,,,
1964-03-18,,,4.23,,,
1964-03-19,,,4.24,,,
1964-03-20,,,4.25,,,
1964-03-23,,,4.25,,,
1964-03-24,,,4.26,,,
1964-03-25,,,4.26,,,
1964-03-26,,,4.25,,,
1964-03-27,,,,,,
1964-03-30,,,4.25,,,
1964-03-31,,,4.23,,,
1964-04-01,,,4.23,30.95,,
1964-04-02,,,4.24,,,
1964-04-03,,,4.25,,,
1964-04-06,,,4.25,,,
1964-04-07,,,4.25,,,
1964-04-08,,,4.22,,,
1964-04-09,,,4.22,,,
1964-04-10,,,4.22,,,
1964-04-13,,,4.23,,,
1964-04-14,,,4.24,,,
1964-04-15,,,4.23,,,
1964-04-16,,,4.23,,,
1964-04-17,,,4.24,,,
1964-04-20,,,4.24,,,
1964-04-21,,,4.23,,,
1964-04-22,,,4.23,,,
1964-04-23,,,4.23,,,
1964-04-24,,,4.23,,,
1964-04-27,,,4.23,,,
1964-04-28,,,4.23,,,
1964-04-29,,,4.22,,,
1964-04-30,,,4.22,,,
1964-05-01,,,4.22,30.98,,
1964-05-04,,,4.22,,,
1964-05-05,,,4.22,,,
1964-05-06,,,4.22,,,
1964-05-07,,,4.22,,,
1964-05-08,,,4.2,,,
1964-05-11,,,4.19,,,
1964-05-12,,,4.19,,,
1964-05-13,,,4.19,,,
1964-05-14,,,4.19,,,
1964-05-15,,,4.19,,,
1964-05-18,,,4.19,,,
1964-05-19,,,4.19,,,
1964-05-20,,,4.2,,,
1964-05-21,,,4.2,,,
1964-05-22,,,4.2,,,
1964-05-25,,,4.19,,,
1964-05-26,,,4.19,,,
1964-05-27,,,4.2,,,
1964-05-28,,,4.19,,,
1964-05-29,,,,,,
1964-06-01,,,4.19,31.01,,
1964-06-02,,,4.19,,,
1964-06-03,,,4.19,,,
1964-06-04,,,4.19,,,
1964-06-05,,,4.18,,,
1964-06-08,,,4.18,,,
1964-06-09,,,4.17,,,
1964-06-10,,,4.17,,,
1964-06-11,,,4.18,,,
1964-06-12,,,4.18,,,
1964-06-15,,,4.18,,,
1964-06-16,,,4.18,,,
1964-06-17,,,4.18,,,
1964-06-18,,,4.17,,,
1964-06-19,,,4.16,,,
1964-06-22,,,4.15,,,
1964-06-23,,,4.15,,,
1964-06-24,,,4.15,,,
1964-06-25,,,4.15,,,
1964-06-26,,,4.15,,,
1964-06-29,,,4.15,,,
1964-06-30,,,4.15,,,
1964-07-01,,,4.15,31.02,,
1964-07-02,,,4.15,,,
1964-07-03,,,,,,
1964-07-06,,,4.16,,,
1964-07-07,,,4.15,,,
1964-07-08,,,4.15,,,
1964-07-09,,,4.18,,,
1964-07-10,,,4.19,,,
1964-07-13,,,4.19,,,
1964-07-14,,,4.19,,,
1964-07-15,,,4.19,,,
1964-07-16,,,4.19,,,
1964-07-17,,,4.2,,,
1964-07-20,,,4.21,,,
1964-07-21,,,4.2,,,
1964-07-22,,,4.21,,,
1964-07-23,,,4.2,,,
1964-07-24,,,4.2,,,
1964-07-27,,,4.2,,,
1964-07-28,,,4.2,,,
1964-07-29,,,4.2,,,
1964-07-30,,,4.19,,,
1964-07-31,,,4.19,,,
1964-08-01,,,,31.05,,
1964-08-03,,,4.19,,,
1964-08-04,,,4.19,,,
1964-08-05,,,4.19,,,
1964-08-06,,,4.18,,,
1964-08-07,,,4.19,,,
1964-08-10,,,4.19,,,
1964-08-11,,,4.2,,,
1964-08-12,,,4.2,,,
1964-08-13,,,4.19,,,
1964-08-14,,,4.19,,,
1964-08-17,,,4.19,,,
1964-08-18,,,4.19,,,
1964-08-19,,,4.19,,,
1964-08-20,,,4.19,,,
1964-08-21,,,4.19,,,
1964-08-24,,,4.19,,,
1964-08-25,,,4.2,,,
1964-08-26,,,4.2,,,
1964-08-27,,,4.2,,,
1964-08-28,,,4.21,,,
1964-08-31,,,4.21,,,
1964-09-01,,,4.21,31.08,,
1964-09-02,,,4.22,,,
1964-09-03,,,4.22,,,
1964-09-04,,,4.22,,,
1964-09-07,,,,,,
1964-09-08,,,4.22,,,
1964-09-09,,,4.22,,,
1964-09-10,,,4.22,,,
1964-09-11,,,4.22,,,
1964-09-14,,,4.22,,,
1964-09-15,,,4.22,,,
1964-09-16,,,4.21,,,
1964-09-17,,,4.2,,,
1964-09-18,,,4.2,,,
1964-09-21,,,4.19,,,
1964-09-22,,,4.19,,,
1964-09-23,,,4.19,,,
1964-09-24,,,4.19,,,
1964-09-25,,,4.19,,,
1964-09-28,,,4.17,,,
1964-09-29,,,4.18,,,
1964-09-30,,,4.18,,,
1964-10-01,,,4.18,31.12,,
1964-10-02,,,4.18,,,
1964-10-05,,,4.2,,,
1964-10-06,,,4.19,,,
1964-10-07,,,4.19,,,
1964-10-08,,,4.19,,,
1964-10-09,,,4.19,,,
1964-10-12,,,,,,
1964-10-13,,,4.19,,,
1964-10-14,,,4.19,,,
1964-10-15,,,4.2,,,
1964-10-16,,,4.21,,,
1964-10-19,,,4.21,,,
1964-10-20,,,4.2,,,
1964-10-21,,,4.19,,,
1964-10-22,,,4.19,,,
1964-10-23,,,4.19,,,
1964-10-26,,,4.19,,,
1964-10-27,,,4.18,,,
1964-10-28,,,4.17,,,
1964-10-29,,,4.16,,,
1964-10-30,,,4.16,,,
1964-11-01,,,,31.21,,
1964-11-02,,,4.15,,,
1964-11-03,,,,,,
1964-11-04,,,4.15,,,
1964-11-05,,,4.15,,,
1964-11-06,,,4.15,,,
1964-11-09,,,4.15,,,
1964-11-10,,,4.14,,,
1964-11-11,,,,,,
1964-11-12,,,4.12,,,
1964-11-13,,,4.13,,,
1964-11-16,,,4.13,,,
1964-11-17,,,4.14,,,
1964-11-18,,,4.14,,,
1964-11-19,,,4.13,,,
1964-11-20,,,4.13,,,
1964-11-23,,,4.18,,,
1964-11-24,,,4.18,,,
1964-11-25,,,4.19,,,
1964-11-26,,,,,,
1964-11-27,,,4.19,,,
1964-11-30,,,4.2,,,
1964-12-01,,,4.2,31.25,,
1964-12-02,,,4.19,,,
1964-12-03,,,4.18,,,
1964-12-04,,,4.18,,,
1964-12-07,,,4.17,,,
1964-12-08,,,4.16,,,
1964-12-09,,,4.16,,,
1964-12-10,,,4.15,,,
1964-12-11,,,4.15,,,
1964-12-14,,,4.16,,,
1964-12-15,,,4.17,,,
1964-12-16,,,4.18,,,
1964-12-17,,,4.18,,,
1964-12-18,,,4.19,,,
1964-12-21,,,4.18,,,
1964-12-22,,,4.18,,,
1964-12-23,,,4.19,,,
1964-12-24,,,4.19,,,
1964-12-25,,,,,,
1964-12-28,,,4.19,,,
1964-12-29,,,4.19,,,
1964-12-30,,,4.2,,,
1964-12-31,,,4.21,,,
1965-01-01,,,,31.28,,
1965-01-04,,,4.2,,,
1965-01-05,,,4.2,,,
1965-01-06,,,4.2,,,
1965-01-07,,,4.2,,,
1965-01-08,,,4.2,,,
1965-01-11,,,4.2,,,
1965-01-12,,,4.19,,,
1965-01-13,,,4.19,,,
1965-01-14,,,4.19,,,
1965-01-15,,,4.19,,,
1965-01-18,,,4.19,,,
1965-01-19,,,4.18,,,
1965-01-20,,,4.18,,,
1965-01-21,,,4.17,,,
1965-01-22,,,4.17,,,
1965-01-25,,,4.18,,,
1965-01-26,,,4.19,,,
1965-01-27,,,4.19,,,
1965-01-28,,,4.19,,,
1965-01-29,,,4.19,,,
1965-02-01,,,4.2,31.28,,
1965-02-02,,,4.2,,,
1965-02-03,,,4.2,,,
1965-02-04,,,4.21,,,
1965-02-05,,,4.22,,,
1965-02-08,,,4.21,,,
1965-02-09,,,4.21,,,
1965-02-10,,,4.21,,,
1965-02-11,,,4.21,,,
1965-02-12,,,,,,
1965-02-15,,,4.22,,,
1965-02-16,,,4.21,,,
1965-02-17,,,4.21,,,
1965-02-18,,,4.21,,,
1965-02-19,,,4.22,,,
1965-02-22,,,,,,
1965-02-23,,,4.21,,,
1965-02-24,,,4.22,,,
1965-02-25,,,4.21,,,
1965-02-26,,,4.22,,,
1965-03-01,,,4.22,31.31,,
1965-03-02,,,4.24,,,
1965-03-03,,,4.23,,,
1965-03-04,,,4.22,,,
1965-03-05,,,4.23,,,
1965-03-08,,,4.23,,,
1965-03-09,,,4.23,,,
1965-03-10,,,4.23,,,
1965-03-11,,,4.22,,,
1965-03-12,,,4.22,,,
1965-03-15,,,4.21,,,
1965-03-16,,,4.21,,,
1965-03-17,,,4.2,,,
1965-03-18,,,4.2,,,
1965-03-19,,,4.2,,,
1965-03-22,,,4.19,,,
1965-03-23,,,4.19,,,
1965-03-24,,,4.18,,,
1965-03-25,,,4.19,,,
1965-03-26,,,4.2,,,
1965-03-29,,,4.2,,,
1965-03-30,,,4.2,,,
1965-03-31,,,4.2,,,
1965-04-01,,,4.2,31.38,,
1965-04-02,,,4.2,,,
1965-04-05,,,4.2,,,
1965-04-06,,,4.2,,,
1965-04-07,,,4.2,,,
1965-04-08,,,4.19,,,
1965-04-09,,,4.2,,,
1965-04-12,,,4.2,,,
1965-04-13,,,4.2,,,
1965-04-14,,,4.19,,,
1965-04-15,,,4.2,,,
1965-04-16,,,,,,
1965-04-19,,,4.21,,,
1965-04-20,,,4.21,,,
1965-04-21,,,4.21,,,
1965-04-22,,,4.21,,,
1965-04-23,,,4.21,,,
1965-04-26,,,4.21,,,
1965-04-27,,,4.21,,,
1965-04-28,,,4.21,,,
1965-04-29,,,4.21,,,
1965-04-30,,,4.21,,,
1965-05-01,,,,31.48,,
1965-05-03,,,4.21,,,
1965-05-04,,,4.2,,,
1965-05-05,,,4.2,,,
1965-05-06,,,4.2,,,
1965-05-07,,,4.2,,,
1965-05-10,,,4.2,,,
1965-05-11,,,4.2,,,
1965-05-12,,,4.2,,,
1965-05-13,,,4.21,,,
1965-05-14,,,4.21,,,
1965-05-17,,,4.21,,,
1965-05-18,,,4.22,,,
1965-05-19,,,4.22,,,
1965-05-20,,,4.22,,,
1965-05-21,,,4.22,,,
1965-05-24,,,4.22,,,
1965-05-25,,,4.22,,,
1965-05-26,,,4.22,,,
1965-05-27,,,4.22,,,
1965-05-28,,,4.23,,,
1965-05-31,,,,,,
1965-06-01,,,4.23,31.61,,
1965-06-02,,,4.23,,,
1965-06-03,,,4.23,,,
1965-06-04,,,4.23,,,
1965-06-07,,,4.23,,,
1965-06-08,,,4.23,,,
1965-06-09,,,4.23,,,
1965-06-10,,,4.23,,,
1965-06-11,,,4.23,,,
1965-06-14,,,4.21,,,
1965-06-15,,,4.21,,,
1965-06-16,,,4.21,,,
1965-06-17,,,4.21,,,
1965-06-18,,,4.21,,,
1965-06-21,,,4.2,,,
1965-06-22,,,4.2,,,
1965-06-23,,,4.2,,,
1965-06-24,,,4.19,,,
1965-06-25,,,4.19,,,
1965-06-28,,,4.19,,,
1965-06-29,,,4.2,,,
1965-06-30,,,4.2,,,
1965-07-01,,,4.2,31.58,,
1965-07-02,,,4.21,,,
1965-07-05,,,,,,
1965-07-06,,,4.21,,,
1965-07-07,,,4.21,,,
1965-07-08,,,4.2,,,
1965-07-09,,,4.21,,,
1965-07-12,,,4.21,,,
1965-07-13,,,4.21,,,
1965-07-14,,,4.21,,,
1965-07-15,,,4.2,,,
1965-07-16,,,4.2,,,
1965-07-19,,,4.2,,,
1965-07-20,,,4.2,,,
1965-07-21,,,4.2,,,
1965-07-22,,,4.2,,,
1965-07-23,,,4.2,,,
1965-07-26,,,4.2,,,
1965-07-27,,,4.2,,,
1965-07-28,,,4.2,,,
1965-07-29,,,4.21,,,
1965-07-30,,,4.22,,,
1965-08-01,,,,31.55,,
1965-08-02,,,4.22,,,
1965-08-03,,,4.22,,,
1965-08-04,,,4.23,,,
1965-08-05,,,4.23,,,
1965-08-06,,,4.24,,,
1965-08-09,,,4.24,,,
1965-08-10,,,4.24,,,
1965-08-11,,,4.25,,,
1965-08-12,,,4.25,,,
1965-08-13,,,4.25,,,
1965-08-16,,,4.26,,,
1965-08-17,,,4.27,,,
1965-08-18,,,4.26,,,
1965-08-19,,,4.26,,,
1965-08-20,,,4.26,,,
1965-08-23,,,4.26,,,
1965-08-24,,,4.27,,,
1965-08-25,,,4.26,,,
1965-08-26,,,4.27,,,
1965-08-27,,,4.27,,,
1965-08-30,,,4.27,,,
1965-08-31,,,4.27,,,
1965-09-01,,,4.28,31.62,,
1965-09-02,,,4.28,,,
1965-09-03,,,4.27,,,
1965-09-06,,,,,,
1965-09-07,,,4.27,,,
1965-09-08,,,4.27,,,
1965-09-09,,,4.27,,,
1965-09-10,,,4.28,,,
1965-09-13,,,4.28,,,
1965-09-14,,,4.28,,,
1965-09-15,,,4.28,,,
1965-09-16,,,4.27,,,
1965-09-17,,,4.27,,,
1965-09-20,,,4.27,,,
1965-09-21,,,4.28,,,
1965-09-22,,,4.29,,,
1965-09-23,,,4.3,,,
1965-09-24,,,4.31,,,
1965-09-27,,,4.31,,,
1965-09-28,,,4.33,,,
1965-09-29,,,4.36,,,
1965-09-30,,,4.35,,,
1965-10-01,,,4.36,31.65,,
1965-10-04,,,4.35,,,
1965-10-05,,,4.33,,,
1965-10-06,,,4.32,,,
1965-10-07,,,4.31,,,
1965-10-08,,,4.32,,,
1965-10-11,,,4.31,,,
1965-10-12,,,,,,
1965-10-13,,,4.3,,,
1965-10-14,,,4.31,,,
1965-10-15,,,4.34,,,
1965-10-18,,,4.34,,,
1965-10-19,,,4.35,,,
1965-10-20,,,4.36,,,
1965-10-21,,,4.37,,,
1965-10-22,,,4.36,,,
1965-10-25,,,4.38,,,
1965-10-26,,,4.38,,,
1965-10-27,,,4.39,,,
1965-10-28,,,4.4,,,
1965-10-29,,,4.41,,,
1965-11-01,,,4.43,31.75,,
1965-11-02,,,,,,
1965-11-03,,,4.43,,,
1965-11-04,,,4.43,,,
1965-11-05,,,4.43,,,
1965-11-08,,,4.45,,,
1965-11-09,,,4.47,,,
1965-11-10,,,4.46,,,
1965-11-11,,,,,,
1965-11-12,,,4.44,,,
1965-11-15,,,4.45,,,
1965-11-16,,,4.44,,,
1965-11-17,,,4.45,,,
1965-11-18,,,4.45,,,
1965-11-19,,,4.46,,,
1965-11-22,,,4.45,,,
1965-11-23,,,4.45,,,
1965-11-24,,,4.45,,,
1965-11-25,,,,,,
1965-11-26,,,4.45,,,
1965-11-29,,,4.46,,,
1965-11-30,,,4.48,,,
1965-12-01,,,4.52,31.85,,
1965-12-02,,,4.52,,,
1965-12-03,,,4.52,,,
1965-12-06,,,4.61,,,
1965-12-07,,,4.59,,,
1965-12-08,,,4.6,,,
1965-12-09,,,4.6,,,
1965-12-10,,,4.6,,,
1965-12-13,,,4.65,,,
1965-12-14,,,4.67,,,
1965-12-15,,,4.67,,,
1965-12-16,,,4.66,,,
1965-12-17,,,4.65,,,
1965-12-20,,,4.61,,,
1965-12-21,,,4.64,,,
1965-12-22,,,4.65,,,
1965-12-23,,,4.65,,,
1965-12-24,,,,,,
1965-12-27,,,4.62,,,
1965-12-28,,,4.61,,,
1965-12-29,,,4.62,,,
1965-12-30,,,4.63,,,
1965-12-31,,,4.65,,,
1966-01-01,,,,31.88,,
1966-01-03,,,4.63,,,
1966-01-04,,,4.65,,,
1966-01-05,,,4.63,,,
1966-01-06,,,4.6,,,
1966-01-07,,,4.6,,,
1966-01-10,,,4.61,,,
1966-01-11,,,4.6,,,
1966-01-12,,,4.56,,,
1966-01-13,,,4.58,,,
1966-01-14,,,4.59,,,
1966-01-17,,,4.61,,,
1966-01-18,,,4.61,,,
1966-01-19,,,4.61,,,
1966-01-20,,,4.6,,,
1966-01-21,,,4.59,,,
1966-01-24,,,4.6,,,
1966-01-25,,,4.61,,,
1966-01-26,,,4.61,,,
1966-01-27,,,4.63,,,
1966-01-28,,,4.65,,,
1966-01-31,,,4.69,,,
1966-02-01,,,4.69,32.08,,
1966-02-02,,,4.7,,,
1966-02-03,,,4.7,,,
1966-02-04,,,4.71,,,
1966-02-07,,,4.73,,,
1966-02-08,,,4.72,,,
1966-02-09,,,4.74,,,
1966-02-10,,,4.78,,,
1966-02-11,,,4.86,,,
1966-02-14,,,4.87,,,
1966-02-15,,,4.88,,,
1966-02-16,,,4.89,,,
1966-02-17,,,4.88,,,
1966-02-18,,,4.9,,,
1966-02-21,,,4.92,,,
1966-02-22,,,,,,
1966-02-23,,,4.92,,,
1966-02-24,,,4.93,,,
1966-02-25,,,4.97,,,
1966-02-28,,,5.02,,,
1966-03-01,,,5.01,32.18,,
1966-03-02,,,5.0,,,
1966-03-03,,,5.0,,,
1966-03-04,,,4.98,,,
1966-03-07,,,4.96,,,
1966-03-08,,,4.93,,,
1966-03-09,,,4.93,,,
1966-03-10,,,4.95,,,
1966-03-11,,,4.96,,,
1966-03-14,,,4.94,,,
1966-03-15,,,4.91,,,
1966-03-16,,,4.9,,,
1966-03-17,,,4.86,,,
1966-03-18,,,4.84,,,
1966-03-21,,,4.81,,,
1966-03-22,,,4.78,,,
1966-03-23,,,4.73,,,
1966-03-24,,,4.76,,,
1966-03-25,,,4.82,,,
1966-03-28,,,4.81,,,
1966-03-29,,,4.8,,,
1966-03-30,,,4.7,,,
1966-03-31,,,4.71,,,
1966-04-01,,,4.7,32.28,,
1966-04-04,,,4.69,,,
1966-04-05,,,4.66,,,
1966-04-06,,,4.71,,,
1966-04-07,,,4.73,,,
1966-04-08,,,,,,
1966-04-11,,,4.73,,,
1966-04-12,,,4.73,,,
1966-04-13,,,4.74,,,
1966-04-14,,,4.76,,,
1966-04-15,,,4.77,,,
1966-04-18,,,4.76,,,
1966-04-19,,,4.76,,,
1966-04-20,,,4.8,,,
1966-04-21,,,4.77,,,
1966-04-22,,,4.77,,,
1966-04-25,,,4.78,,,
1966-04-26,,,4.79,,,
1966-04-27,,,4.78,,,
1966-04-28,,,4.78,,,
1966-04-29,,,4.79,,,
1966-05-01,,,,32.35,,
1966-05-02,,,4.8,,,
1966-05-03,,,4.81,,,
1966-05-04,,,4.81,,,
1966-05-05,,,4.81,,,
1966-05-06,,,4.79,,,
1966-05-09,,,4.75,,,
1966-05-10,,,4.75,,,
1966-05-11,,,4.77,,,
1966-05-12,,,4.77,,,
1966-05-13,,,4.77,,,
1966-05-16,,,4.77,,,
1966-05-17,,,4.75,,,
1966-05-18,,,4.75,,,
1966-05-19,,,4.75,,,
1966-05-20,,,4.75,,,
1966-05-23,,,4.77,,,
1966-05-24,,,4.79,,,
1966-05-25,,,4.78,,,
1966-05-26,,,4.8,,,
1966-05-27,,,4.81,,,
1966-05-30,,,,,,
1966-05-31,,,4.8,,,
1966-06-01,,,4.79,32.38,,
1966-06-02,,,4.77,,,
1966-06-03,,,4.78,,,
1966-06-06,,,4.79,,,
1966-06-07,,,4.81,,,
1966-06-08,,,4.83,,,
1966-06-09,,,4.83,,,
1966-06-10,,,4.83,,,
1966-06-13,,,4.83,,,
1966-06-14,,,4.83,,,
1966-06-15,,,4.79,,,
1966-06-16,,,4.81,,,
1966-06-17,,,4.8,,,
1966-06-20,,,4.76,,,
1966-06-21,,,4.75,,,
1966-06-22,,,4.76,,,
1966-06-23,,,4.77,,,
1966-06-24,,,4.8,,,
1966-06-27,,,4.83,,,
1966-06-28,,,4.89,,,
1966-06-29,,,4.9,,,
1966-06-30,,,4.97,,,
1966-07-01,,,4.99,32.45,,
1966-07-04,,,,,,
1966-07-05,,,4.96,,,
1966-07-06,,,4.95,,,
1966-07-07,,,4.95,,,
1966-07-08,,,4.97,,,
1966-07-11,,,5.03,,,
1966-07-12,,,5.05,,,
1966-07-13,,,5.07,,,
1966-07-14,,,5.1,,,
1966-07-15,,,5.09,,,
1966-07-18,,,5.04,,,
1966-07-19,,,5.03,,,
1966-07-20,,,5.02,,,
1966-07-21,,,5.04,,,
1966-07-22,,,5.02,,,
1966-07-25,,,4.99,,,
1966-07-26,,,4.99,,,
1966-07-27,,,4.99,,,
1966-07-28,,,5.03,,,
1966-07-29,,,5.05,,,
1966-08-01,,,5.05,32.65,,
1966-08-02,,,5.04,,,
1966-08-03,,,5.06,,,
1966-08-04,,,5.07,,,
1966-08-05,,,5.07,,,
1966-08-08,,,5.08,,,
1966-08-09,,,5.1,,,
1966-08-10,,,5.1,,,
1966-08-11,,,5.11,,,
1966-08-12,,,5.11,,,
1966-08-15,,,5.15,,,
1966-08-16,,,5.18,,,
1966-08-17,,,5.24,,,
1966-08-18,,,5.29,,,
1966-08-19,,,5.31,,,
1966-08-22,,,5.29,,,
1966-08-23,,,5.33,,,
1966-08-24,,,5.36,,,
1966-08-25,,,5.39,,,
1966-08-26,,,5.48,,,
1966-08-29,,,5.51,,,
1966-08-30,,,5.48,,,
1966-08-31,,,5.36,,,
1966-09-01,,,5.3,32.75,,
1966-09-02,,,5.23,,,
1966-09-05,,,,,,
1966-09-06,,,5.19,,,
1966-09-07,,,5.2,,,
1966-09-08,,,5.18,,,
1966-09-09,,,5.17,,,
1966-09-12,,,5.18,,,
1966-09-13,,,5.16,,,
1966-09-14,,,5.21,,,
1966-09-15,,,5.25,,,
1966-09-16,,,5.24,,,
1966-09-19,,,5.32,,,
1966-09-20,,,5.27,,,
1966-09-21,,,5.21,,,
1966-09-22,,,5.15,,,
1966-09-23,,,5.17,,,
1966-09-26,,,5.17,,,
1966-09-27,,,5.13,,,
1966-09-28,,,5.09,,,
1966-09-29,,,4.99,,,
1966-09-30,,,5.02,,,
1966-10-01,,,,32.85,,
1966-10-03,,,5.08,,,
1966-10-04,,,5.06,,,
1966-10-05,,,5.05,,,
1966-10-06,,,5.03,,,
1966-10-07,,,5.02,,,
1966-10-10,,,5.05,,,
1966-10-11,,,5.05,,,
1966-10-12,,,,,,
1966-10-13,,,5.07,,,
1966-10-14,,,5.06,,,
1966-10-17,,,5.04,,,
1966-10-18,,,4.99,,,
1966-10-19,,,5.0,,,
1966-10-20,,,5.02,,,
1966-10-21,,,4.94,,,
1966-10-24,,,4.94,,,
1966-10-25,,,4.94,,,
1966-10-26,,,4.96,,,
1966-10-27,,,4.99,,,
1966-10-28,,,4.97,,,
1966-10-31,,,4.97,,,
1966-11-01,,,4.99,32.88,,
1966-11-02,,,5.04,,,
1966-11-03,,,5.06,,,
1966-11-04,,,5.11,,,
1966-11-07,,,5.11,,,
1966-11-08,,,,,,
1966-11-09,,,5.12,,,
1966-11-10,,,5.17,,,
1966-11-11,,,,,,
1966-11-14,,,5.19,,,
1966-11-15,,,5.21,,,
1966-11-16,,,5.22,,,
1966-11-17,,,5.23,,,
1966-11-18,,,5.22,,,
1966-11-21,,,5.17,,,
1966-11-22,,,5.2,,,
1966-11-23,,,5.22,,,
1966-11-24,,,,,,
1966-11-25,,,5.23,,,
1966-11-28,,,5.19,,,
1966-11-29,,,5.15,,,
1966-11-30,,,5.12,,,
1966-12-01,,,5.09,32.92,,
1966-12-02,,,5.03,,,
1966-12-05,,,5.06,,,
1966-12-06,,,5.07,,,
1966-12-07,,,5.07,,,
1966-12-08,,,5.1,,,
1966-12-09,,,5.05,,,
1966-12-12,,,4.93,,,
1966-12-13,,,4.86,,,
1966-12-14,,,4.83,,,
1966-12-15,,,4.76,,,
1966-12-16,,,4.78,,,
1966-12-19,,,4.72,,,
1966-12-20,,,4.69,,,
1966-12-21,,,4.66,,,
1966-12-22,,,4.68,,,
1966-12-23,,,4.67,,,
1966-12-26,,,,,,
1966-12-27,,,4.71,,,
1966-12-28,,,4.64,,,
1966-12-29,,,4.66,,,
1966-12-30,,,4.64,,,
1967-01-01,,,,32.9,,
1967-01-02,,,,,,
1967-01-03,,,4.69,,,
1967-01-04,,,4.65,,,
1967-01-05,,,4.63,,,
1967-01-06,,,4.64,,,
1967-01-09,,,4.71,,,
1967-01-10,,,4.69,,,
1967-01-11,,,4.54,,,
1967-01-12,,,4.55,,,
1967-01-13,,,4.51,,,
1967-01-16,,,4.49,,,
1967-01-17,,,4.51,,,
1967-01-18,,,4.53,,,
1967-01-19,,,4.58,,,
1967-01-20,,,4.6,,,
1967-01-23,,,4.6,,,
1967-01-24,,,4.65,,,
1967-01-25,,,4.62,,,
1967-01-26,,,4.5,,,
1967-01-27,,,4.47,,,
1967-01-30,,,4.48,,,
1967-01-31,,,4.52,,,
1967-02-01,,,4.52,33.0,,
1967-02-02,,,4.51,,,
1967-02-03,,,4.52,,,
1967-02-06,,,4.53,,,
1967-02-07,,,4.54,,,
1967-02-08,,,4.54,,,
1967-02-09,,,4.53,,,
1967-02-10,,,4.59,,,
1967-02-13,,,,,,
1967-02-14,,,4.64,,,
1967-02-15,,,4.69,,,
1967-02-16,,,4.67,,,
1967-02-17,,,4.68,,,
1967-02-20,,,4.7,,,
1967-02-21,,,4.71,,,
1967-02-22,,,,,,
1967-02-23,,,4.74,,,
1967-02-24,,,4.73,,,
1967-02-27,,,4.72,,,
1967-02-28,,,4.72,,,
1967-03-01,,,4.66,33.0,,
1967-03-02,,,4.63,,,
1967-03-03,,,4.62,,,
1967-03-06,,,4.61,,,
1967-03-07,,,4.6,,,
1967-03-08,,,4.61,,,
1967-03-09,,,4.57,,,
1967-03-10,,,4.58,,,
1967-03-13,,,4.56,,,
1967-03-14,,,4.53,,,
1967-03-15,,,4.49,,,
1967-03-16,,,4.45,,,
1967-03-17,,,4.47,,,
1967-03-20,,,4.45,,,
1967-03-21,,,4.51,,,
1967-03-22,,,4.52,,,
1967-03-23,,,4.5,,,
1967-03-24,,,,,,
1967-03-27,,,4.52,,,
1967-03-28,,,4.52,,,
1967-03-29,,,4.52,,,
1967-03-30,,,4.5,,,
1967-03-31,,,4.5,,,
1967-04-01,,,,33.1,,
1967-04-03,,,4.5,,,
1967-04-04,,,4.49,,,
1967-04-05,,,4.5,,,
1967-04-06,,,4.49,,,
1967-04-07,,,4.48,,,
1967-04-10,,,4.5,,,
1967-04-11,,,4.51,,,
1967-04-12,,,4.51,,,
1967-04-13,,,4.54,,,
1967-04-14,,,4.56,,,
1967-04-17,,,4.61,,,
1967-04-18,,,4.63,,,
1967-04-19,,,4.63,,,
1967-04-20,,,4.63,,,
1967-04-21,,,4.66,,,
1967-04-24,,,4.68,,,
1967-04-25,,,4.71,,,
1967-04-26,,,4.73,,,
1967-04-27,,,4.73,,,
1967-04-28,,,4.78,,,
1967-05-01,,,4.77,33.1,,
1967-05-02,,,4.75,,,
1967-05-03,,,4.75,,,
1967-05-04,,,4.76,,,
1967-05-05,,,4.77,,,
1967-05-08,,,4.83,,,
1967-05-09,,,4.87,,,
1967-05-10,,,4.87,,,
1967-05-11,,,4.84,,,
1967-05-12,,,4.82,,,
1967-05-15,,,4.86,,,
1967-05-16,,,4.87,,,
1967-05-17,,,4.88,,,
1967-05-18,,,4.88,,,
1967-05-19,,,4.89,,,
1967-05-22,,,4.94,,,
1967-05-23,,,4.94,,,
1967-05-24,,,4.93,,,
1967-05-25,,,4.92,,,
1967-05-26,,,4.86,,,
1967-05-29,,,4.84,,,
1967-05-30,,,,,,
1967-05-31,,,4.81,,,
1967-06-01,,,4.81,33.3,,
1967-06-02,,,4.82,,,
1967-06-05,,,4.85,,,
1967-06-06,,,4.84,,,
1967-06-07,,,4.84,,,
1967-06-08,,,4.86,,,
1967-06-09,,,4.89,,,
1967-06-12,,,4.94,,,
1967-06-13,,,4.95,,,
1967-06-14,,,5.02,,,
1967-06-15,,,5.02,,,
1967-06-16,,,5.07,,,
1967-06-19,,,5.07,,,
1967-06-20,,,5.14,,,
1967-06-21,,,5.14,,,
1967-06-22,,,5.13,,,
1967-06-23,,,5.14,,,
1967-06-26,,,5.16,,,
1967-06-27,,,5.21,,,
1967-06-28,,,5.18,,,
1967-06-29,,,5.2,,,
1967-06-30,,,5.22,,,
1967-07-01,,,,33.4,,
1967-07-03,,,5.22,,,
1967-07-04,,,,,,
1967-07-05,,,5.17,,,
1967-07-06,,,5.11,,,
1967-07-07,,,5.15,,,
1967-07-10,,,5.16,,,
1967-07-11,,,5.09,,,
1967-07-12,,,5.06,,,
1967-07-13,,,5.08,,,
1967-07-14,,,5.08,,,
1967-07-17,,,5.09,,,
1967-07-18,,,5.16,,,
1967-07-19,,,5.18,,,
1967-07-20,,,5.2,,,
1967-07-21,,,5.2,,,
1967-07-24,,,5.23,,,
1967-07-25,,,5.23,,,
1967-07-26,,,5.23,,,
1967-07-27,,,5.2,,,
1967-07-28,,,5.18,,,
1967-07-31,,,5.16,,,
1967-08-01,,,5.18,33.5,,
1967-08-02,,,5.21,,,
1967-08-03,,,5.2,,,
1967-08-04,,,5.26,,,
1967-08-07,,,5.3,,,
1967-08-08,,,5.28,,,
1967-08-09,,,5.27,,,
1967-08-10,,,5.28,,,
1967-08-11,,,5.29,,,
1967-08-14,,,5.29,,,
1967-08-15,,,5.29,,,
1967-08-16,,,5.28,,,
1967-08-17,,,5.28,,,
1967-08-18,,,5.28,,,
1967-08-21,,,5.3,,,
1967-08-22,,,5.3,,,
1967-08-23,,,5.31,,,
1967-08-24,,,5.31,,,
1967-08-25,,,5.32,,,
1967-08-28,,,5.29,,,
1967-08-29,,,5.27,,,
1967-08-30,,,5.28,,,
1967-08-31,,,5.27,,,
1967-09-01,,,5.25,33.6,,
1967-09-04,,,,,,
1967-09-05,,,5.22,,,
1967-09-06,,,5.2,,,
1967-09-07,,,5.2,,,
1967-09-08,,,5.26,,,
1967-09-11,,,5.28,,,
1967-09-12,,,5.29,,,
1967-09-13,,,5.27,,,
1967-09-14,,,5.28,,,
1967-09-15,,,5.29,,,
1967-09-18,,,5.3,,,
1967-09-19,,,5.35,,,
1967-09-20,,,5.34,,,
1967-09-21,,,5.36,,,
1967-09-22,,,5.36,,,
1967-09-25,,,5.38,,,
1967-09-26,,,5.37,,,
1967-09-27,,,5.37,,,
1967-09-28,,,5.36,,,
1967-09-29,,,5.31,,,
1967-10-01,,,,33.7,,
1967-10-02,,,5.35,,,
1967-10-03,,,5.35,,,
1967-10-04,,,5.37,,,
1967-10-05,,,5.37,,,
1967-10-06,,,5.37,,,
1967-10-09,,,5.39,,,
1967-10-10,,,5.42,,,
1967-10-11,,,5.42,,,
1967-10-12,,,,,,
1967-10-13,,,5.45,,,
1967-10-16,,,5.47,,,
1967-10-17,,,5.49,,,
1967-10-18,,,5.52,,,
1967-10-19,,,5.53,,,
1967-10-20,,,5.52,,,
1967-10-23,,,5.56,,,
1967-10-24,,,5.56,,,
1967-10-25,,,5.57,,,
1967-10-26,,,5.58,,,
1967-10-27,,,5.57,,,
1967-10-30,,,5.6,,,
1967-10-31,,,5.64,,,
1967-11-01,,,5.7,33.9,,
1967-11-02,,,5.71,,,
1967-11-03,,,5.75,,,
1967-11-06,,,5.77,,,
1967-11-07,,,,,,
1967-11-08,,,5.74,,,
1967-11-09,,,5.78,,,
1967-11-10,,,5.83,,,
1967-11-13,,,5.87,,,
1967-11-14,,,5.81,,,
1967-11-15,,,5.78,,,
1967-11-16,,,5.72,,,
1967-11-17,,,5.75,,,
1967-11-20,,,5.85,,,
1967-11-21,,,5.71,,,
1967-11-22,,,5.7,,,
1967-11-23,,,,,,
1967-11-24,,,5.78,,,
1967-11-27,,,5.76,,,
1967-11-28,,,5.65,,,
1967-11-29,,,5.67,,,
1967-11-30,,,5.74,,,
1967-12-01,,,5.78,34.0,,
1967-12-04,,,5.76,,,
1967-12-05,,,5.74,,,
1967-12-06,,,5.69,,,
1967-12-07,,,5.71,,,
1967-12-08,,,5.72,,,
1967-12-11,,,5.74,,,
1967-12-12,,,5.75,,,
1967-12-13,,,5.71,,,
1967-12-14,,,5.7,,,
1967-12-15,,,5.71,,,
1967-12-18,,,5.68,,,
1967-12-19,,,5.66,,,
1967-12-20,,,5.62,,,
1967-12-21,,,5.64,,,
1967-12-22,,,5.69,,,
1967-12-25,,,,,,
1967-12-26,,,5.64,,,
1967-12-27,,,5.64,,,
1967-12-28,,,5.7,,,
1967-12-29,,,5.7,,,
1968-01-01,,,,34.1,,
1968-01-02,,,5.63,,,
1968-01-03,,,5.63,,,
1968-01-04,,,5.51,,,
1968-01-05,,,5.48,,,
1968-01-08,,,5.5,,,
1968-01-09,,,5.52,,,
1968-01-10,,,5.46,,,
1968-01-11,,,5.46,,,
1968-01-12,,,5.43,,,
1968-01-15,,,5.49,,,
1968-01-16,,,5.52,,,
1968-01-17,,,5.48,,,
1968-01-18,,,5.55,,,
1968-01-19,,,5.59,,,
1968-01-22,,,5.61,,,
1968-01-23,,,5.56,,,
1968-01-24,,,5.56,,,
1968-01-25,,,5.52,,,
1968-01-26,,,5.53,,,
1968-01-29,,,5.53,,,
1968-01-30,,,5.53,,,
1968-01-31,,,5.54,,,
1968-02-01,,,5.58,34.2,,
1968-02-02,,,5.58,,,
1968-02-05,,,5.6,,,
1968-02-06,,,5.61,,,
1968-02-07,,,5.59,,,
1968-02-08,,,5.6,,,
1968-02-09,,,5.59,,,
1968-02-12,,,,,,
1968-02-13,,,5.55,,,
1968-02-14,,,5.54,,,
1968-02-15,,,5.51,,,
1968-02-16,,,5.5,,,
1968-02-19,,,5.53,,,
1968-02-20,,,5.54,,,
1968-02-21,,,5.54,,,
1968-02-22,,,,,,
1968-02-23,,,5.56,,,
1968-02-26,,,5.58,,,
1968-02-27,,,5.58,,,
1968-02-28,,,5.57,,,
1968-02-29,,,5.56,,,
1968-03-01,,,5.56,34.3,,
1968-03-04,,,5.57,,,
1968-03-05,,,5.59,,,
1968-03-06,,,5.61,,,
1968-03-07,,,5.67,,,
1968-03-08,,,5.75,,,
1968-03-11,,,5.75,,,
1968-03-12,,,5.79,,,
1968-03-13,,,5.86,,,
1968-03-14,,,5.95,,,
1968-03-15,,,5.84,,,
1968-03-18,,,5.76,,,
1968-03-19,,,5.77,,,
1968-03-20,,,5.73,,,
1968-03-21,,,5.76,,,
1968-03-22,,,5.74,,,
1968-03-25,,,5.74,,,
1968-03-26,,,5.78,,,
1968-03-27,,,5.78,,,
1968-03-28,,,5.78,,,
1968-03-29,,,5.76,,,
1968-04-01,,,5.64,34.4,,
1968-04-02,,,5.62,,,
1968-04-03,,,5.49,,,
1968-04-04,,,5.52,,,
1968-04-05,,,5.52,,,
1968-04-08,,,5.54,,,
1968-04-09,,,,,,
1968-04-10,,,5.53,,,
1968-04-11,,,5.54,,,
1968-04-12,,,,,,
1968-04-15,,,5.6,,,
1968-04-16,,,5.62,,,
1968-04-17,,,5.62,,,
1968-04-18,,,5.64,,,
1968-04-19,,,5.76,,,
1968-04-22,,,5.78,,,
1968-04-23,,,5.73,,,
1968-04-24,,,5.72,,,
1968-04-25,,,5.72,,,
1968-04-26,,,5.71,,,
1968-04-29,,,5.73,,,
1968-04-30,,,5.74,,,
1968-05-01,,,5.73,34.5,,
1968-05-02,,,5.76,,,
1968-05-03,,,5.8,,,
1968-05-06,,,5.78,,,
1968-05-07,,,5.79,,,
1968-05-08,,,5.8,,,
1968-05-09,,,5.79,,,
1968-05-10,,,5.79,,,
1968-05-13,,,5.79,,,
1968-05-14,,,5.82,,,
1968-05-15,,,5.85,,,
1968-05-16,,,5.9,,,
1968-05-17,,,5.92,,,
1968-05-20,,,5.96,,,
1968-05-21,,,6.02,,,
1968-05-22,,,6.02,,,
1968-05-23,,,5.98,,,
1968-05-24,,,5.96,,,
1968-05-27,,,5.92,,,
1968-05-28,,,5.94,,,
1968-05-29,,,5.95,,,
1968-05-30,,,,,,
1968-05-31,,,5.86,,,
1968-06-01,,,,34.7,,
1968-06-03,,,5.79,,,
1968-06-04,,,5.78,,,
1968-06-05,,,5.81,,,
1968-06-06,,,5.83,,,
1968-06-07,,,5.82,,,
1968-06-10,,,5.8,,,
1968-06-11,,,5.79,,,
1968-06-12,,,5.77,,,
1968-06-13,,,5.76,,,
1968-06-14,,,5.72,,,
1968-06-17,,,5.71,,,
1968-06-18,,,5.71,,,
1968-06-19,,,5.67,,,
1968-06-20,,,5.62,,,
1968-06-21,,,5.6,,,
1968-06-24,,,5.61,,,
1968-06-25,,,5.64,,,
1968-06-26,,,5.64,,,
1968-06-27,,,5.65,,,
1968-06-28,,,5.64,,,
1968-07-01,,,5.62,34.9,,
1968-07-02,,,5.58,,,
1968-07-03,,,5.57,,,
1968-07-04,,,,,,
1968-07-05,,,5.56,,,
1968-07-08,,,5.53,,,
1968-07-09,,,5.51,,,
1968-07-10,,,5.52,,,
1968-07-11,,,5.52,,,
1968-07-12,,,5.53,,,
1968-07-15,,,5.56,,,
1968-07-16,,,5.57,,,
1968-07-17,,,5.55,,,
1968-07-18,,,5.56,,,
1968-07-19,,,5.53,,,
1968-07-22,,,5.45,,,
1968-07-23,,,5.38,,,
1968-07-24,,,5.39,,,
1968-07-25,,,5.37,,,
1968-07-26,,,5.39,,,
1968-07-29,,,5.41,,,
1968-07-30,,,5.41,,,
1968-07-31,,,5.39,,,
1968-08-01,,,5.38,35.0,,
1968-08-02,,,5.34,,,
1968-08-05,,,5.37,,,
1968-08-06,,,5.38,,,
1968-08-07,,,5.36,,,
1968-08-08,,,5.37,,,
1968-08-09,,,5.39,,,
1968-08-12,,,5.42,,,
1968-08-13,,,5.43,,,
1968-08-14,,,5.43,,,
1968-08-15,,,5.45,,,
1968-08-16,,,5.42,,,
1968-08-19,,,5.43,,,
1968-08-20,,,5.43,,,
1968-08-21,,,5.46,,,
1968-08-22,,,5.5,,,
1968-08-23,,,5.47,,,
1968-08-26,,,5.46,,,
1968-08-27,,,5.46,,,
1968-08-28,,,5.45,,,
1968-08-29,,,5.43,,,
1968-08-30,,,5.42,,,
1968-09-01,,,,35.1,,
1968-09-02,,,,,,
1968-09-03,,,5.41,,,
1968-09-04,,,5.43,,,
1968-09-05,,,5.46,,,
1968-09-06,,,5.48,,,
1968-09-09,,,5.49,,,
1968-09-10,,,5.51,,,
1968-09-11,,,5.5,,,
1968-09-12,,,5.49,,,
1968-09-13,,,5.48,,,
1968-09-16,,,5.46,,,
1968-09-17,,,5.46,,,
1968-09-18,,,5.42,,,
1968-09-19,,,5.43,,,
1968-09-20,,,5.45,,,
1968-09-23,,,5.45,,,
1968-09-24,,,5.44,,,
1968-09-25,,,5.44,,,
1968-09-26,,,5.45,,,
1968-09-27,,,5.46,,,
1968-09-30,,,5.49,,,
1968-10-01,,,5.49,35.3,,
1968-10-02,,,5.49,,,
1968-10-03,,,5.5,,,
1968-10-04,,,5.52,,,
1968-10-07,,,5.55,,,
1968-10-08,,,5.57,,,
1968-10-09,,,5.6,,,
1968-10-10,,,5.61,,,
1968-10-11,,,5.61,,,
1968-10-14,,,5.62,,,
1968-10-15,,,5.65,,,
1968-10-16,,,5.62,,,
1968-10-17,,,5.58,,,
1968-10-18,,,5.57,,,
1968-10-21,,,5.58,,,
1968-10-22,,,5.58,,,
1968-10-23,,,5.58,,,
1968-10-24,,,5.61,,,
1968-10-25,,,5.6,,,
1968-10-28,,,5.61,,,
1968-10-29,,,5.62,,,
1968-10-30,,,5.63,,,
1968-10-31,,,5.61,,,
1968-11-01,,,5.61,35.4,,
1968-11-04,,,5.63,,,
1968-11-05,,,,,,
1968-11-06,,,5.62,,,
1968-11-07,,,5.63,,,
1968-11-08,,,5.65,,,
1968-11-11,,,,,,
1968-11-12,,,5.68,,,
1968-11-13,,,5.66,,,
1968-11-14,,,5.66,,,
1968-11-15,,,5.68,,,
1968-11-18,,,5.71,,,
1968-11-19,,,5.74,,,
1968-11-20,,,5.74,,,
1968-11-21,,,5.73,,,
1968-11-22,,,5.74,,,
1968-11-25,,,5.75,,,
1968-11-26,,,5.76,,,
1968-11-27,,,5.76,,,
1968-11-28,,,,,,
1968-11-29,,,5.78,,,
1968-12-01,,,,35.6,,
1968-12-02,,,5.89,,,
1968-12-03,,,5.96,,,
1968-12-04,,,5.95,,,
1968-12-05,,,5.93,,,
1968-12-06,,,5.91,,,
1968-12-09,,,5.92,,,
1968-12-10,,,5.93,,,
1968-12-11,,,5.93,,,
1968-12-12,,,5.94,,,
1968-12-13,,,5.93,,,
1968-12-16,,,5.96,,,
1968-12-17,,,5.97,,,
1968-12-18,,,6.0,,,
1968-12-19,,,6.07,,,
1968-12-20,,,6.14,,,
1968-12-23,,,6.23,,,
1968-12-24,,,6.27,,,
1968-12-25,,,,,,
1968-12-26,,,6.17,,,
1968-12-27,,,6.2,,,
1968-12-30,,,6.21,,,
1968-12-31,,,6.16,,,
1969-01-01,,,,35.7,,
1969-01-02,,,6.04,,,
1969-01-03,,,6.01,,,
1969-01-06,,,6.04,,,
1969-01-07,,,6.14,,,
1969-01-08,,,6.09,,,
1969-01-09,,,6.04,,,
1969-01-10,,,6.03,,,
1969-01-13,,,6.04,,,
1969-01-14,,,6.04,,,
1969-01-15,,,6.02,,,
1969-01-16,,,5.98,,,
1969-01-17,,,5.97,,,
1969-01-20,,,5.95,,,
1969-01-21,,,5.97,,,
1969-01-22,,,6.03,,,
1969-01-23,,,6.02,,,
1969-01-24,,,6.01,,,
1969-01-27,,,6.03,,,
1969-01-28,,,6.05,,,
1969-01-29,,,6.09,,,
1969-01-30,,,6.14,,,
1969-01-31,,,6.19,,,
1969-02-01,,,,35.8,,
1969-02-03,,,6.22,,,
1969-02-04,,,6.2,,,
1969-02-05,,,6.19,,,
1969-02-06,,,6.2,,,
1969-02-07,,,6.14,,,
1969-02-10,,,6.14,,,
1969-02-11,,,6.1,,,
1969-02-12,,,,,,
1969-02-13,,,6.09,,,
1969-02-14,,,6.11,,,
1969-02-17,,,6.14,,,
1969-02-18,,,6.16,,,
1969-02-19,,,6.2,,,
1969-02-20,,,6.23,,,
1969-02-21,,,6.24,,,
1969-02-24,,,6.22,,,
1969-02-25,,,6.24,,,
1969-02-26,,,6.24,,,
1969-02-27,,,6.27,,,
1969-02-28,,,6.26,,,
1969-03-01,,,,36.1,,
1969-03-03,,,6.25,,,
1969-03-04,,,6.24,,,
1969-03-05,,,6.24,,,
1969-03-06,,,6.26,,,
1969-03-07,,,6.27,,,
1969-03-10,,,6.27,,,
1969-03-11,,,6.3,,,
1969-03-12,,,6.31,,,
1969-03-13,,,6.32,,,
1969-03-14,,,6.31,,,
1969-03-17,,,6.35,,,
1969-03-18,,,6.35,,,
1969-03-19,,,6.32,,,
1969-03-20,,,6.31,,,
1969-03-21,,,6.29,,,
1969-03-24,,,6.28,,,
1969-03-25,,,6.3,,,
1969-03-26,,,6.32,,,
1969-03-27,,,6.33,,,
1969-03-28,,,6.3,,,
1969-03-31,,,,,,
1969-04-01,,,6.25,36.3,,
1969-04-02,,,6.25,,,
1969-04-03,,,6.26,,,
1969-04-04,,,,,,
1969-04-07,,,6.28,,,
1969-04-08,,,6.25,,,
1969-04-09,,,6.19,,,
1969-04-10,,,6.18,,,
1969-04-11,,,6.15,,,
1969-04-14,,,6.06,,,
1969-04-15,,,6.11,,,
1969-04-16,,,6.1,,,
1969-04-17,,,6.13,,,
1969-04-18,,,6.16,,,
1969-04-21,,,6.14,,,
1969-04-22,,,6.12,,,
1969-04-23,,,6.12,,,
1969-04-24,,,6.14,,,
1969-04-25,,,6.15,,,
1969-04-28,,,6.19,,,
1969-04-29,,,6.21,,,
1969-04-30,,,6.2,,,
1969-05-01,,,6.25,36.4,,
1969-05-02,,,6.23,,,
1969-05-05,,,6.19,,,
1969-05-06,,,6.22,,,
1969-05-07,,,6.22,,,
1969-05-08,,,6.2,,,
1969-05-09,,,6.23,,,
1969-05-12,,,6.27,,,
1969-05-13,,,6.25,,,
1969-05-14,,,6.24,,,
1969-05-15,,,6.26,,,
1969-05-16,,,6.31,,,
1969-05-19,,,6.36,,,
1969-05-20,,,6.36,,,
1969-05-21,,,6.36,,,
1969-05-22,,,6.36,,,
1969-05-23,,,6.38,,,
1969-05-26,,,6.44,,,
1969-05-27,,,6.54,,,
1969-05-28,,,6.56,,,
1969-05-29,,,6.56,,,
1969-05-30,,,,,,
1969-06-01,,,,36.6,,
1969-06-02,,,6.56,,,
1969-06-03,,,6.55,,,
1969-06-04,,,6.56,,,
1969-06-05,,,6.54,,,
1969-06-06,,,6.52,,,
1969-06-09,,,6.59,,,
1969-06-10,,,6.56,,,
1969-06-11,,,6.56,,,
1969-06-12,,,6.54,,,
1969-06-13,,,6.51,,,
1969-06-16,,,6.49,,,
1969-06-17,,,6.52,,,
1969-06-18,,,6.53,,,
1969-06-19,,,6.57,,,
1969-06-20,,,6.59,,,
1969-06-23,,,6.6,,,
1969-06-24,,,6.63,,,
1969-06-25,,,6.63,,,
1969-06-26,,,6.62,,,
1969-06-27,,,6.66,,,
1969-06-30,,,6.73,,,
1969-07-01,,,6.75,36.8,,
1969-07-02,,,6.77,,,
1969-07-03,,,6.75,,,
1969-07-04,,,,,,
1969-07-07,,,6.76,,,
1969-07-08,,,6.79,,,
1969-07-09,,,6.82,,,
1969-07-10,,,6.78,,,
1969-07-11,,,6.64,,,
1969-07-14,,,6.69,,,
1969-07-15,,,6.72,,,
1969-07-16,,,6.67,,,
1969-07-17,,,6.69,,,
1969-07-18,,,6.7,,,
1969-07-21,,,,,,
1969-07-22,,,6.66,,,
1969-07-23,,,6.68,,,
1969-07-24,,,6.7,,,
1969-07-25,,,6.71,,,
1969-07-28,,,6.73,,,
1969-07-29,,,6.72,,,
1969-07-30,,,6.72,,,
1969-07-31,,,6.66,,,
1969-08-01,,,6.66,36.9,,
1969-08-04,,,6.63,,,
1969-08-05,,,6.6,,,
1969-08-06,,,6.62,,,
1969-08-07,,,6.63,,,
1969-08-08,,,6.64,,,
1969-08-11,,,6.69,,,
1969-08-12,,,6.7,,,
1969-08-13,,,6.7,,,
1969-08-14,,,6.68,,,
1969-08-15,,,6.68,,,
1969-08-18,,,6.66,,,
1969-08-19,,,6.65,,,
1969-08-20,,,6.66,,,
1969-08-21,,,6.68,,,
1969-08-22,,,6.71,,,
1969-08-25,,,6.72,,,
1969-08-26,,,6.76,,,
1969-08-27,,,6.79,,,
1969-08-28,,,6.83,,,
1969-08-29,,,6.83,,,
1969-09-01,,,,37.1,,
1969-09-02,,,6.87,,,
1969-09-03,,,6.94,,,
1969-09-04,,,6.96,,,
1969-09-05,,,6.99,,,
1969-09-08,,,7.03,,,
1969-09-09,,,7.04,,,
1969-09-10,,,7.02,,,
1969-09-11,,,7.05,,,
1969-09-12,,,7.08,,,
1969-09-15,,,7.09,,,
1969-09-16,,,7.14,,,
1969-09-17,,,7.14,,,
1969-09-18,,,7.27,,,
1969-09-19,,,7.28,,,
1969-09-22,,,7.26,,,
1969-09-23,,,7.26,,,
1969-09-24,,,7.27,,,
1969-09-25,,,7.3,,,
1969-09-26,,,7.4,,,
1969-09-29,,,7.45,,,
1969-09-30,,,7.51,,,
1969-10-01,,,7.52,37.3,,
1969-10-02,,,7.45,,,
1969-10-03,,,7.38,,,
1969-10-06,,,7.35,,,
1969-10-07,,,7.31,,,
1969-10-08,,,7.29,,,
1969-10-09,,,7.3,,,
1969-10-10,,,7.22,,,
1969-10-13,,,,,,
1969-10-14,,,7.1,,,
1969-10-15,,,7.12,,,
1969-10-16,,,7.04,,,
1969-10-17,,,6.99,,,
1969-10-20,,,6.83,,,
1969-10-21,,,6.77,,,
1969-10-22,,,6.8,,,
1969-10-23,,,6.9,,,
1969-10-24,,,6.9,,,
1969-10-27,,,6.93,,,
1969-10-28,,,7.0,,,
1969-10-29,,,7.0,,,
1969-10-30,,,6.96,,,
1969-10-31,,,6.94,,,
1969-11-01,,,,37.5,,
1969-11-03,,,6.9,,,
1969-11-04,,,,,,
1969-11-05,,,6.97,,,
1969-11-06,,,7.01,,,
1969-11-07,,,6.99,,,
1969-11-10,,,6.99,,,
1969-11-11,,,,,,
1969-11-12,,,7.06,,,
1969-11-13,,,7.12,,,
1969-11-14,,,7.08,,,
1969-11-17,,,7.13,,,
1969-11-18,,,7.22,,,
1969-11-19,,,7.25,,,
1969-11-20,,,7.31,,,
1969-11-21,,,7.28,,,
1969-11-24,,,7.27,,,
1969-11-25,,,7.28,,,
1969-11-26,,,7.3,,,
1969-11-27,,,,,,
1969-11-28,,,7.29,,,
1969-12-01,,,7.29,37.7,,
1969-12-02,,,7.35,,,
1969-12-03,,,7.39,,,
1969-12-04,,,7.35,,,
1969-12-05,,,7.35,,,
1969-12-08,,,7.4,,,
1969-12-09,,,7.5,,,
1969-12-10,,,7.59,,,
1969-12-11,,,7.62,,,
1969-12-12,,,7.6,,,
1969-12-15,,,7.63,,,
1969-12-16,,,7.72,,,
1969-12-17,,,7.76,,,
1969-12-18,,,7.81,,,
1969-12-19,,,7.79,,,
1969-12-22,,,7.76,,,
1969-12-23,,,7.82,,,
1969-12-24,,,7.89,,,
1969-12-25,,,,,,
1969-12-26,,,7.87,,,
1969-12-29,,,8.05,,,
1969-12-30,,,7.97,,,
1969-12-31,,,7.88,,,
1970-01-01,,,,37.9,,
1970-01-02,,,7.86,,,
1970-01-05,,,7.88,,,
1970-01-06,,,7.96,,,
1970-01-07,,,7.99,,,
1970-01-08,,,7.96,,,
1970-01-09,,,7.86,,,
1970-01-12,,,7.82,,,
1970-01-13,,,7.81,,,
1970-01-14,,,7.86,,,
1970-01-15,,,7.85,,,
1970-01-16,,,7.75,,,
1970-01-19,,,7.69,,,
1970-01-20,,,7.72,,,
1970-01-21,,,7.69,,,
1970-01-22,,,7.67,,,
1970-01-23,,,7.69,,,
1970-01-26,,,7.71,,,
1970-01-27,,,7.7,,,
1970-01-28,,,7.7,,,
1970-01-29,,,7.77,,,
1970-01-30,,,7.75,,,
1970-02-01,,,,38.1,,
1970-02-02,,,7.65,,,
1970-02-03,,,7.58,,,
1970-02-04,,,7.5,,,
1970-02-05,,,7.45,,,
1970-02-06,,,7.36,,,
1970-02-09,,,7.28,,,
1970-02-10,,,7.32,,,
1970-02-11,,,7.33,,,
1970-02-12,,,,,,
1970-02-13,,,7.15,,,
1970-02-16,,,7.17,,,
1970-02-17,,,7.15,,,
1970-02-18,,,7.12,,,
1970-02-19,,,7.09,,,
1970-02-20,,,7.12,,,
1970-02-23,,,,,,
1970-02-24,,,7.14,,,
1970-02-25,,,7.04,,,
1970-02-26,,,6.94,,,
1970-02-27,,,6.9,,,
1970-03-01,,,,38.3,,
1970-03-02,,,6.95,,,
1970-03-03,,,6.99,,,
1970-03-04,,,6.97,,,
1970-03-05,,,6.98,,,
1970-03-06,,,6.96,,,
1970-03-09,,,6.99,,,
1970-03-10,,,7.04,,,
1970-03-11,,,7.11,,,
1970-03-12,,,7.16,,,
1970-03-13,,,7.23,,,
1970-03-16,,,7.24,,,
1970-03-17,,,7.36,,,
1970-03-18,,,7.28,,,
1970-03-19,,,7.07,,,
1970-03-20,,,7.06,,,
1970-03-23,,,7.05,,,
1970-03-24,,,7.02,,,
1970-03-25,,,6.96,,,
1970-03-26,,,6.98,,,
1970-03-27,,,,,,
1970-03-30,,,7.05,,,
1970-03-31,,,7.08,,,
1970-04-01,,,7.04,38.5,,
1970-04-02,,,7.08,,,
1970-04-03,,,7.14,,,
1970-04-06,,,7.17,,,
1970-04-07,,,7.18,,,
1970-04-08,,,7.17,,,
1970-04-09,,,7.18,,,
1970-04-10,,,7.17,,,
1970-04-13,,,7.2,,,
1970-04-14,,,7.22,,,
1970-04-15,,,7.27,,,
1970-04-16,,,7.34,,,
1970-04-17,,,7.4,,,
1970-04-20,,,7.44,,,
1970-04-21,,,7.5,,,
1970-04-22,,,7.61,,,
1970-04-23,,,7.64,,,
1970-04-24,,,7.72,,,
1970-04-27,,,7.74,,,
1970-04-28,,,7.79,,,
1970-04-29,,,7.78,,,
1970-04-30,,,7.82,,,
1970-05-01,,,7.85,38.6,,
1970-05-04,,,7.94,,,
1970-05-05,,,7.92,,,
1970-05-06,,,7.86,,,
1970-05-07,,,7.82,,,
1970-05-08,,,7.78,,,
1970-05-11,,,7.82,,,
1970-05-12,,,7.84,,,
1970-05-13,,,7.85,,,
1970-05-14,,,7.86,,,
1970-05-15,,,7.83,,,
1970-05-18,,,7.8,,,
1970-05-19,,,7.8,,,
1970-05-20,,,7.85,,,
1970-05-21,,,7.9,,,
1970-05-22,,,7.99,,,
1970-05-25,,,8.15,,,
1970-05-26,,,8.22,,,
1970-05-27,,,8.02,,,
1970-05-28,,,7.98,,,
1970-05-29,,,7.95,,,
1970-06-01,,,7.84,38.8,,
1970-06-02,,,7.78,,,
1970-06-03,,,7.76,,,
1970-06-04,,,7.8,,,
1970-06-05,,,7.88,,,
1970-06-08,,,7.89,,,
1970-06-09,,,7.88,,,
1970-06-10,,,7.87,,,
1970-06-11,,,7.92,,,
1970-06-12,,,7.98,,,
1970-06-15,,,7.98,,,
1970-06-16,,,7.87,,,
1970-06-17,,,7.9,,,
1970-06-18,,,7.9,,,
1970-06-19,,,7.9,,,
1970-06-22,,,7.86,,,
1970-06-23,,,7.79,,,
1970-06-24,,,7.74,,,
1970-06-25,,,7.76,,,
1970-06-26,,,7.78,,,
1970-06-29,,,7.76,,,
1970-06-30,,,7.68,,,
1970-07-01,,,7.64,38.9,,
1970-07-02,,,7.55,,,
1970-07-03,,,,,,
1970-07-06,,,7.49,,,
1970-07-07,,,7.46,,,
1970-07-08,,,7.49,,,
1970-07-09,,,7.49,,,
1970-07-10,,,7.54,,,
1970-07-13,,,7.55,,,
1970-07-14,,,7.53,,,
1970-07-15,,,7.49,,,
1970-07-16,,,7.46,,,
1970-07-17,,,7.45,,,
1970-07-20,,,7.46,,,
1970-07-21,,,7.45,,,
1970-07-22,,,7.43,,,
1970-07-23,,,7.32,,,
1970-07-24,,,7.34,,,
1970-07-27,,,7.36,,,
1970-07-28,,,7.41,,,
1970-07-29,,,7.39,,,
1970-07-30,,,7.38,,,
1970-07-31,,,7.38,,,
1970-08-01,,,,39.0,,
1970-08-03,,,7.39,,,
1970-08-04,,,7.4,,,
1970-08-05,,,7.42,,,
1970-08-06,,,7.43,,,
1970-08-07,,,7.45,,,
1970-08-10,,,7.5,,,
1970-08-11,,,7.54,,,
1970-08-12,,,7.56,,,
1970-08-13,,,7.58,,,
1970-08-14,,,7.67,,,
1970-08-17,,,7.71,,,
1970-08-18,,,7.68,,,
1970-08-19,,,7.65,,,
1970-08-20,,,7.64,,,
1970-08-21,,,7.6,,,
1970-08-24,,,7.48,,,
1970-08-25,,,7.46,,,
1970-08-26,,,7.45,,,
1970-08-27,,,7.48,,,
1970-08-28,,,7.49,,,
1970-08-31,,,7.49,,,
1970-09-01,,,7.47,39.2,,
1970-09-02,,,7.48,,,
1970-09-03,,,7.48,,,
1970-09-04,,,7.47,,,
1970-09-07,,,,,,
1970-09-08,,,7.5,,,
1970-09-09,,,7.54,,,
1970-09-10,,,7.52,,,
1970-09-11,,,7.5,,,
1970-09-14,,,7.48,,,
1970-09-15,,,7.46,,,
1970-09-16,,,7.4,,,
1970-09-17,,,7.32,,,
1970-09-18,,,7.31,,,
1970-09-21,,,7.29,,,
1970-09-22,,,7.28,,,
1970-09-23,,,7.24,,,
1970-09-24,,,7.26,,,
1970-09-25,,,7.28,,,
1970-09-28,,,7.31,,,
1970-09-29,,,7.3,,,
1970-09-30,,,7.29,,,
1970-10-01,,,7.29,39.4,,
1970-10-02,,,7.26,,,
1970-10-05,,,7.26,,,
1970-10-06,,,7.24,,,
1970-10-07,,,7.23,,,
1970-10-08,,,7.25,,,
1970-10-09,,,7.25,,,
1970-10-12,,,,,,
1970-10-13,,,7.25,,,
1970-10-14,,,7.3,,,
1970-10-15,,,7.3,,,
1970-10-16,,,7.31,,,
1970-10-19,,,7.35,,,
1970-10-20,,,7.37,,,
1970-10-21,,,7.42,,,
1970-10-22,,,7.46,,,
1970-10-23,,,7.44,,,
1970-10-26,,,7.44,,,
1970-10-27,,,7.42,,,
1970-10-28,,,7.38,,,
1970-10-29,,,7.31,,,
1970-10-30,,,7.33,,,
1970-11-01,,,,39.6,,
1970-11-02,,,7.24,,,
1970-11-03,,,,,,
1970-11-04,,,7.23,,,
1970-11-05,,,7.2,,,
1970-11-06,,,7.15,,,
1970-11-09,,,7.06,,,
1970-11-10,,,7.06,,,
1970-11-11,,,,,,
1970-11-12,,,7.03,,,
1970-11-13,,,7.0,,,
1970-11-16,,,6.96,,,
1970-11-17,,,6.93,,,
1970-11-18,,,6.86,,,
1970-11-19,,,6.72,,,
1970-11-20,,,6.48,,,
1970-11-23,,,6.32,,,
1970-11-24,,,6.45,,,
1970-11-25,,,6.48,,,
1970-11-26,,,,,,
1970-11-27,,,6.48,,,
1970-11-30,,,6.49,,,
1970-12-01,,,6.48,39.8,,
1970-12-02,,,6.41,,,
1970-12-03,,,6.31,,,
1970-12-04,,,6.21,,,
1970-12-07,,,6.27,,,
1970-12-08,,,6.29,,,
1970-12-09,,,6.34,,,
1970-12-10,,,6.34,,,
1970-12-11,,,6.31,,,
1970-12-14,,,6.26,,,
1970-12-15,,,6.29,,,
1970-12-16,,,6.29,,,
1970-12-17,,,6.3,,,
1970-12-18,,,6.33,,,
1970-12-21,,,6.45,,,
1970-12-22,,,6.52,,,
1970-12-23,,,6.57,,,
1970-12-24,,,6.53,,,
1970-12-25,,,,,,
1970-12-28,,,6.54,,,
1970-12-29,,,6.56,,,
1970-12-30,,,6.51,,,
1970-12-31,,,6.5,,,
1971-01-01,,,,39.9,,
1971-01-04,,,6.46,,,
1971-01-05,,,6.47,,,
1971-01-06,,,6.47,,,
1971-01-07,,,6.45,,,
1971-01-08,,,6.44,,,
1971-01-11,,,6.39,,,
1971-01-12,,,6.35,,,
1971-01-13,,,6.29,,,
1971-01-14,,,6.22,,,
1971-01-15,,,6.22,,,
1971-01-18,,,6.16,,,
1971-01-19,,,6.17,,,
1971-01-20,,,6.15,,,
1971-01-21,,,6.09,,,
1971-01-22,,,6.06,,,
1971-01-25,,,6.05,,,
1971-01-26,,,6.07,,,
1971-01-27,,,6.09,,,
1971-01-28,,,6.08,,,
1971-01-29,,,6.09,,,
1971-02-01,,,6.09,39.9,,
1971-02-02,,,6.11,,,
1971-02-03,,,6.11,,,
1971-02-04,,,6.1,,,
1971-02-05,,,6.1,,,
1971-02-08,,,6.09,,,
1971-02-09,,,6.07,,,
1971-02-10,,,6.08,,,
1971-02-11,,,6.08,,,
1971-02-12,,,,,,
1971-02-15,,,,,,
1971-02-16,,,6.11,,,
1971-02-17,,,6.11,,,
1971-02-18,,,6.11,,,
1971-02-19,,,6.12,,,
1971-02-22,,,6.15,,,
1971-02-23,,,6.18,,,
1971-02-24,,,6.16,,,
1971-02-25,,,6.11,,,
1971-02-26,,,6.14,,,
1971-03-01,,,6.12,40.0,,
1971-03-02,,,6.09,,,
1971-03-03,,,6.05,,,
1971-03-04,,,6.05,,,
1971-03-05,,,6.03,,,
1971-03-08,,,5.99,,,
1971-03-09,,,5.9,,,
1971-03-10,,,5.8,,,
1971-03-11,,,5.69,,,
1971-03-12,,,5.72,,,
1971-03-15,,,5.7,,,
1971-03-16,,,5.68,,,
1971-03-17,,,5.61,,,
1971-03-18,,,5.55,,,
1971-03-19,,,5.51,,,
1971-03-22,,,5.42,,,
1971-03-23,,,5.38,,,
1971-03-24,,,5.41,,,
1971-03-25,,,5.43,,,
1971-03-26,,,5.48,,,
1971-03-29,,,5.54,,,
1971-03-30,,,5.5,,,
1971-03-31,,,5.53,,,
1971-04-01,,,5.58,40.1,,
1971-04-02,,,5.6,,,
1971-04-05,,,5.63,,,
1971-04-06,,,5.6,,,
1971-04-07,,,5.58,,,
1971-04-08,,,5.62,,,
1971-04-09,,,,,,
1971-04-12,,,5.73,,,
1971-04-13,,,5.72,,,
1971-04-14,,,5.77,,,
1971-04-15,,,5.8,,,
1971-04-16,,,5.82,,,
1971-04-19,,,5.88,,,
1971-04-20,,,5.97,,,
1971-04-21,,,6.04,,,
1971-04-22,,,6.02,,,
1971-04-23,,,6.01,,,
1971-04-26,,,6.0,,,
1971-04-27,,,6.0,,,
1971-04-28,,,5.99,,,
1971-04-29,,,6.07,,,
1971-04-30,,,6.08,,,
1971-05-01,,,,40.3,,
1971-05-03,,,6.15,,,
1971-05-04,,,6.25,,,
1971-05-05,,,6.26,,,
1971-05-06,,,6.28,,,
1971-05-07,,,6.25,,,
1971-05-10,,,6.22,,,
1971-05-11,,,6.26,,,
1971-05-12,,,6.35,,,
1971-05-13,,,6.47,,,
1971-05-14,,,6.49,,,
1971-05-17,,,6.57,,,
1971-05-18,,,6.65,,,
1971-05-19,,,6.6,,,
1971-05-20,,,6.49,,,
1971-05-21,,,6.53,,,
1971-05-24,,,6.49,,,
1971-05-25,,,6.44,,,
1971-05-26,,,6.37,,,
1971-05-27,,,6.35,,,
1971-05-28,,,6.38,,,
1971-05-31,,,,,,
1971-06-01,,,6.36,40.5,,
1971-06-02,,,6.24,,,
1971-06-03,,,6.19,,,
1971-06-04,,,6.26,,,
1971-06-07,,,6.34,,,
1971-06-08,,,6.38,,,
1971-06-09,,,6.44,,,
1971-06-10,,,6.48,,,
1971-06-11,,,6.5,,,
1971-06-14,,,6.63,,,
1971-06-15,,,6.73,,,
1971-06-16,,,6.68,,,
1971-06-17,,,6.68,,,
1971-06-18,,,6.58,,,
1971-06-21,,,6.53,,,
1971-06-22,,,6.62,,,
1971-06-23,,,6.61,,,
1971-06-24,,,6.61,,,
1971-06-25,,,6.62,,,
1971-06-28,,,6.64,,,
1971-06-29,,,6.67,,,
1971-06-30,,,6.7,,,
1971-07-01,,,6.69,40.6,,
1971-07-02,,,6.69,,,
1971-07-05,,,,,,
1971-07-06,,,6.68,,,
1971-07-07,,,6.66,,,
1971-07-08,,,6.67,,,
1971-07-09,,,6.68,,,
1971-07-12,,,6.6,,,
1971-07-13,,,6.61,,,
1971-07-14,,,6.6,,,
1971-07-15,,,6.59,,,
1971-07-16,,,6.66,,,
1971-07-19,,,6.71,,,
1971-07-20,,,6.7,,,
1971-07-21,,,6.7,,,
1971-07-22,,,6.79,,,
1971-07-23,,,6.84,,,
1971-07-26,,,6.86,,,
1971-07-27,,,6.91,,,
1971-07-28,,,6.95,,,
1971-07-29,,,6.88,,,
1971-07-30,,,6.85,,,
1971-08-01,,,,40.7,,
1971-08-02,,,6.86,,,
1971-08-03,,,6.91,,,
1971-08-04,,,6.89,,,
1971-08-05,,,6.86,,,
1971-08-06,,,6.86,,,
1971-08-09,,,6.88,,,
1971-08-10,,,6.89,,,
1971-08-11,,,6.86,,,
1971-08-12,,,6.8,,,
1971-08-13,,,6.68,,,
1971-08-16,,,6.41,,,
1971-08-17,,,6.3,,,
1971-08-18,,,6.35,,,
1971-08-19,,,6.34,,,
1971-08-20,,,6.37,,,
1971-08-23,,,6.48,,,
1971-08-24,,,6.38,,,
1971-08-25,,,6.4,,,
1971-08-26,,,6.37,,,
1971-08-27,,,6.33,,,
1971-08-30,,,6.32,,,
1971-08-31,,,6.28,,,
1971-09-01,,,6.22,40.8,,
1971-09-02,,,6.17,,,
1971-09-03,,,6.12,,,
1971-09-06,,,,,,
1971-09-07,,,6.07,,,
1971-09-08,,,6.08,,,
1971-09-09,,,6.13,,,
1971-09-10,,,6.12,,,
1971-09-13,,,6.2,,,
1971-09-14,,,6.18,,,
1971-09-15,,,6.17,,,
1971-09-16,,,6.14,,,
1971-09-17,,,6.13,,,
1971-09-20,,,6.15,,,
1971-09-21,,,6.17,,,
1971-09-22,,,6.19,,,
1971-09-23,,,6.2,,,
1971-09-24,,,6.16,,,
1971-09-27,,,6.13,,,
1971-09-28,,,6.12,,,
1971-09-29,,,6.08,,,
1971-09-30,,,6.0,,,
1971-10-01,,,6.0,40.9,,
1971-10-04,,,5.98,,,
1971-10-05,,,6.01,,,
1971-10-06,,,5.98,,,
1971-10-07,,,5.97,,,
1971-10-08,,,5.94,,,
1971-10-11,,,,,,
1971-10-12,,,5.88,,,
1971-10-13,,,5.86,,,
1971-10-14,,,5.88,,,
1971-10-15,,,5.9,,,
1971-10-18,,,5.95,,,
1971-10-19,,,5.96,,,
1971-10-20,,,5.92,,,
1971-10-21,,,5.88,,,
1971-10-22,,,5.9,,,
1971-10-25,,,,,,
1971-10-26,,,5.89,,,
1971-10-27,,,5.92,,,
1971-10-28,,,5.9,,,
1971-10-29,,,5.87,,,
1971-11-01,,,5.8,41.0,,
1971-11-02,,,,,,
1971-11-03,,,5.72,,,
1971-11-04,,,5.72,,,
1971-11-05,,,5.72,,,
1971-11-08,,,5.77,,,
1971-11-09,,,5.77,,,
1971-11-10,,,5.82,,,
1971-11-11,,,5.79,,,
1971-11-12,,,5.77,,,
1971-11-15,,,5.77,,,
1971-11-16,,,5.76,,,
1971-11-17,,,5.75,,,
1971-11-18,,,5.77,,,
1971-11-19,,,5.79,,,
1971-11-22,,,5.82,,,
1971-11-23,,,5.89,,,
1971-11-24,,,5.95,,,
1971-11-25,,,,,,
1971-11-26,,,5.94,,,
1971-11-29,,,5.95,,,
1971-11-30,,,5.93,,,
1971-12-01,,,5.92,41.1,,
1971-12-02,,,5.9,,,
1971-12-03,,,5.88,,,
1971-12-06,,,5.88,,,
1971-12-07,,,5.92,,,
1971-12-08,,,5.92,,,
1971-12-09,,,5.94,,,
1971-12-10,,,5.93,,,
1971-12-13,,,5.9,,,
1971-12-14,,,5.94,,,
1971-12-15,,,5.96,,,
1971-12-16,,,5.95,,,
1971-12-17,,,5.93,,,
1971-12-20,,,5.97,,,
1971-12-21,,,6.0,,,
1971-12-22,,,6.01,,,
1971-12-23,,,5.97,,,
1971-12-24,,,,,,
1971-12-27,,,5.91,,,
1971-12-28,,,5.86,,,
1971-12-29,,,5.9,,,
1971-12-30,,,5.9,,,
1971-12-31,,,5.89,,,
1972-01-01,,,,41.2,,
1972-01-03,,,5.94,,,
1972-01-04,,,5.93,,,
1972-01-05,,,5.91,,,
1972-01-06,,,5.9,,,
1972-01-07,,,5.88,,,
1972-01-10,,,5.86,,,
1972-01-11,,,5.88,,,
1972-01-12,,,5.88,,,
1972-01-13,,,5.86,,,
1972-01-14,,,5.85,,,
1972-01-17,,,5.89,,,
1972-01-18,,,5.92,,,
1972-01-19,,,5.96,,,
1972-01-20,,,5.98,,,
1972-01-21,,,5.99,,,
1972-01-24,,,6.02,,,
1972-01-25,,,6.02,,,
1972-01-26,,,6.01,,,
1972-01-27,,,6.05,,,
1972-01-28,,,6.08,,,
1972-01-31,,,6.09,,,
1972-02-01,,,6.09,41.4,,
1972-02-02,,,6.08,,,
1972-02-03,,,6.08,,,
1972-02-04,,,6.08,,,
1972-02-07,,,6.09,,,
1972-02-08,,,6.11,,,
1972-02-09,,,6.12,,,
1972-02-10,,,6.11,,,
1972-02-11,,,6.12,,,
1972-02-14,,,6.1,,,
1972-02-15,,,6.1,,,
1972-02-16,,,6.08,,,
1972-02-17,,,6.06,,,
1972-02-18,,,6.06,,,
1972-02-21,,,,,,
1972-02-22,,,6.06,,,
1972-02-23,,,6.07,,,
1972-02-24,,,6.07,,,
1972-02-25,,,6.06,,,
1972-02-28,,,6.04,,,
1972-02-29,,,6.04,,,
1972-03-01,,,6.04,41.4,,
1972-03-02,,,6.03,,,
1972-03-03,,,6.02,,,
1972-03-06,,,6.01,,,
1972-03-07,,,6.02,,,
1972-03-08,,,6.02,,,
1972-03-09,,,6.02,,,
1972-03-10,,,6.03,,,
1972-03-13,,,6.07,,,
1972-03-14,,,6.06,,,
1972-03-15,,,6.11,,,
1972-03-16,,,6.08,,,
1972-03-17,,,6.08,,,
1972-03-20,,,6.09,,,
1972-03-21,,,6.08,,,
1972-03-22,,,6.08,,,
1972-03-23,,,6.1,,,
1972-03-24,,,6.12,,,
1972-03-27,,,6.1,,,
1972-03-28,,,6.11,,,
1972-03-29,,,6.12,,,
1972-03-30,,,6.12,,,
1972-03-31,,,,,,
1972-04-01,,,,41.5,,
1972-04-03,,,6.14,,,
1972-04-04,,,6.18,,,
1972-04-05,,,6.18,,,
1972-04-06,,,6.18,,,
1972-04-07,,,6.18,,,
1972-04-10,,,6.17,,,
1972-04-11,,,6.18,,,
1972-04-12,,,6.21,,,
1972-04-13,,,6.25,,,
1972-04-14,,,6.25,,,
1972-04-17,,,6.24,,,
1972-04-18,,,6.24,,,
1972-04-19,,,6.22,,,
1972-04-20,,,6.21,,,
1972-04-21,,,6.2,,,
1972-04-24,,,6.21,,,
1972-04-25,,,6.21,,,
1972-04-26,,,6.19,,,
1972-04-27,,,6.11,,,
1972-04-28,,,6.14,,,
1972-05-01,,,6.14,41.6,,
1972-05-02,,,6.16,,,
1972-05-03,,,6.17,,,
1972-05-04,,,6.17,,,
1972-05-05,,,6.17,,,
1972-05-08,,,6.17,,,
1972-05-09,,,6.2,,,
1972-05-10,,,6.19,,,
1972-05-11,,,6.19,,,
1972-05-12,,,6.16,,,
1972-05-15,,,6.16,,,
1972-05-16,,,6.16,,,
1972-05-17,,,6.15,,,
1972-05-18,,,6.13,,,
1972-05-19,,,6.1,,,
1972-05-22,,,6.07,,,
1972-05-23,,,6.05,,,
1972-05-24,,,6.06,,,
1972-05-25,,,6.04,,,
1972-05-26,,,6.04,,,
1972-05-29,,,,,,
1972-05-30,,,6.05,,,
1972-05-31,,,6.05,,,
1972-06-01,,,6.07,41.7,,
1972-06-02,,,6.09,,,
1972-06-05,,,6.1,,,
1972-06-06,,,6.13,,,
1972-06-07,,,6.12,,,
1972-06-08,,,6.12,,,
1972-06-09,,,6.11,,,
1972-06-12,,,6.1,,,
1972-06-13,,,6.1,,,
1972-06-14,,,6.1,,,
1972-06-15,,,6.1,,,
1972-06-16,,,6.1,,,
1972-06-19,,,6.08,,,
1972-06-20,,,6.08,,,
1972-06-21,,,6.09,,,
1972-06-22,,,6.11,,,
1972-06-23,,,6.1,,,
1972-06-26,,,6.12,,,
1972-06-27,,,6.12,,,
1972-06-28,,,6.12,,,
1972-06-29,,,6.14,,,
1972-06-30,,,6.15,,,
1972-07-01,,,,41.8,,
1972-07-03,,,6.14,,,
1972-07-04,,,,,,
1972-07-05,,,6.13,,,
1972-07-06,,,6.13,,,
1972-07-07,,,6.13,,,
1972-07-10,,,6.13,,,
1972-07-11,,,6.13,,,
1972-07-12,,,6.12,,,
1972-07-13,,,6.11,,,
1972-07-14,,,6.1,,,
1972-07-17,,,6.11,,,
1972-07-18,,,6.11,,,
1972-07-19,,,6.09,,,
1972-07-20,,,6.09,,,
1972-07-21,,,6.1,,,
1972-07-24,,,6.1,,,
1972-07-25,,,6.09,,,
1972-07-26,,,6.08,,,
1972-07-27,,,6.13,,,
1972-07-28,,,6.12,,,
1972-07-31,,,6.12,,,
1972-08-01,,,6.14,41.9,,
1972-08-02,,,6.14,,,
1972-08-03,,,6.15,,,
1972-08-04,,,6.16,,,
1972-08-07,,,6.16,,,
1972-08-08,,,6.15,,,
1972-08-09,,,6.14,,,
1972-08-10,,,6.14,,,
1972-08-11,,,6.14,,,
1972-08-14,,,6.16,,,
1972-08-15,,,6.17,,,
1972-08-16,,,6.18,,,
1972-08-17,,,6.2,,,
1972-08-18,,,6.21,,,
1972-08-21,,,6.21,,,
1972-08-22,,,6.2,,,
1972-08-23,,,6.22,,,
1972-08-24,,,6.23,,,
1972-08-25,,,6.26,,,
1972-08-28,,,6.3,,,
1972-08-29,,,6.34,,,
1972-08-30,,,6.42,,,
1972-08-31,,,6.42,,,
1972-09-01,,,6.43,42.1,,
1972-09-04,,,,,,
1972-09-05,,,6.46,,,
1972-09-06,,,6.49,,,
1972-09-07,,,6.52,,,
1972-09-08,,,6.56,,,
1972-09-11,,,6.54,,,
1972-09-12,,,6.54,,,
1972-09-13,,,6.54,,,
1972-09-14,,,6.57,,,
1972-09-15,,,6.56,,,
1972-09-18,,,6.55,,,
1972-09-19,,,6.55,,,
1972-09-20,,,6.56,,,
1972-09-21,,,6.59,,,
1972-09-22,,,6.62,,,
1972-09-25,,,6.62,,,
1972-09-26,,,6.6,,,
1972-09-27,,,6.59,,,
1972-09-28,,,6.56,,,
1972-09-29,,,6.54,,,
1972-10-01,,,,42.2,,
1972-10-02,,,6.54,,,
1972-10-03,,,6.54,,,
1972-10-04,,,6.53,,,
1972-10-05,,,6.53,,,
1972-10-06,,,6.52,,,
1972-10-09,,,,,,
1972-10-10,,,6.48,,,
1972-10-11,,,6.47,,,
1972-10-12,,,6.5,,,
1972-10-13,,,6.5,,,
1972-10-16,,,6.49,,,
1972-10-17,,,6.49,,,
1972-10-18,,,6.49,,,
1972-10-19,,,6.48,,,
1972-10-20,,,6.47,,,
1972-10-23,,,,,,
1972-10-24,,,6.45,,,
1972-10-25,,,6.44,,,
1972-10-26,,,6.42,,,
1972-10-27,,,6.42,,,
1972-10-30,,,6.42,,,
1972-10-31,,,6.41,,,
1972-11-01,,,6.39,42.4,,
1972-11-02,,,6.34,,,
1972-11-03,,,6.3,,,
1972-11-06,,,6.27,,,
1972-11-07,,,,,,
1972-11-08,,,6.3,,,
1972-11-09,,,6.3,,,
1972-11-10,,,6.3,,,
1972-11-13,,,6.27,,,
1972-11-14,,,6.26,,,
1972-11-15,,,6.23,,,
1972-11-16,,,6.24,,,
1972-11-17,,,6.24,,,
1972-11-20,,,6.23,,,
1972-11-21,,,6.26,,,
1972-11-22,,,6.27,,,
1972-11-23,,,,,,
1972-11-24,,,6.27,,,
1972-11-27,,,6.3,,,
1972-11-28,,,6.29,,,
1972-11-29,,,6.27,,,
1972-11-30,,,6.28,,,
1972-12-01,,,6.29,42.5,,
1972-12-04,,,6.3,,,
1972-12-05,,,6.31,,,
1972-12-06,,,6.31,,,
1972-12-07,,,6.31,,,
1972-12-08,,,6.32,,,
1972-12-11,,,6.34,,,
1972-12-12,,,6.35,,,
1972-12-13,,,6.35,,,
1972-12-14,,,6.35,,,
1972-12-15,,,6.35,,,
1972-12-18,,,6.38,,,
1972-12-19,,,6.4,,,
1972-12-20,,,6.4,,,
1972-12-21,,,6.4,,,
1972-12-22,,,6.4,,,
1972-12-25,,,,,,
1972-12-26,,,6.39,,,
1972-12-27,,,6.4,,,
1972-12-28,,,6.41,,,
1972-12-29,,,6.41,,,
1973-01-01,,,,42.7,,
1973-01-02,,,6.43,,,
1973-01-03,,,6.42,,,
1973-01-04,,,6.4,,,
1973-01-05,,,6.42,,,
1973-01-08,,,6.43,,,
1973-01-09,,,6.42,,,
1973-01-10,,,6.43,,,
1973-01-11,,,6.43,,,
1973-01-12,,,6.44,,,
1973-01-15,,,6.44,,,
1973-01-16,,,6.44,,,
1973-01-17,,,6.45,,,
1973-01-18,,,6.46,,,
1973-01-19,,,6.49,,,
1973-01-22,,,6.5,,,
1973-01-23,,,6.48,,,
1973-01-24,,,6.49,,,
1973-01-25,,,6.51,,,
1973-01-26,,,6.53,,,
1973-01-29,,,6.55,,,
1973-01-30,,,6.52,,,
1973-01-31,,,6.54,,,
1973-02-01,,,6.6,43.0,,
1973-02-02,,,6.64,,,
1973-02-05,,,6.64,,,
1973-02-06,,,6.64,,,
1973-02-07,,,6.64,,,
1973-02-08,,,6.66,,,
1973-02-09,,,6.63,,,
1973-02-12,,,,,,
1973-02-13,,,6.61,,,
1973-02-14,,,6.62,,,
1973-02-15,,,6.62,,,
1973-02-16,,,6.63,,,
1973-02-19,,,,,,
1973-02-20,,,6.66,,,
1973-02-21,,,6.66,,,
1973-02-22,,,6.65,,,
1973-02-23,,,6.61,,,
1973-02-26,,,6.65,,,
1973-02-27,,,6.64,,,
1973-02-28,,,6.64,,,
1973-03-01,,,6.65,43.4,,
1973-03-02,,,6.67,,,
1973-03-05,,,6.68,,,
1973-03-06,,,6.68,,,
1973-03-07,,,6.66,,,
1973-03-08,,,6.67,,,
1973-03-09,,,6.68,,,
1973-03-12,,,6.68,,,
1973-03-13,,,6.7,,,
1973-03-14,,,6.71,,,
1973-03-15,,,6.73,,,
1973-03-16,,,6.77,,,
1973-03-19,,,6.75,,,
1973-03-20,,,6.76,,,
1973-03-21,,,6.76,,,
1973-03-22,,,6.76,,,
1973-03-23,,,6.76,,,
1973-03-26,,,6.73,,,
1973-03-27,,,6.72,,,
1973-03-28,,,6.67,,,
1973-03-29,,,6.68,,,
1973-03-30,,,6.73,,,
1973-04-01,,,,43.7,,
1973-04-02,,,6.74,,,
1973-04-03,,,6.73,,,
1973-04-04,,,6.7,,,
1973-04-05,,,6.68,,,
1973-04-06,,,6.64,,,
1973-04-09,,,6.62,,,
1973-04-10,,,6.64,,,
1973-04-11,,,6.65,,,
1973-04-12,,,6.66,,,
1973-04-13,,,6.63,,,
1973-04-16,,,6.62,,,
1973-04-17,,,6.64,,,
1973-04-18,,,6.64,,,
1973-04-19,,,6.66,,,
1973-04-20,,,,,,
1973-04-23,,,6.73,,,
1973-04-24,,,6.66,,,
1973-04-25,,,6.66,,,
1973-04-26,,,6.68,,,
1973-04-27,,,6.69,,,
1973-04-30,,,6.7,,,
1973-05-01,,,6.72,43.9,,
1973-05-02,,,6.76,,,
1973-05-03,,,6.77,,,
1973-05-04,,,6.79,,,
1973-05-07,,,6.81,,,
1973-05-08,,,6.8,,,
1973-05-09,,,6.8,,,
1973-05-10,,,6.81,,,
1973-05-11,,,6.82,,,
1973-05-14,,,6.83,,,
1973-05-15,,,6.86,,,
1973-05-16,,,6.84,,,
1973-05-17,,,6.85,,,
1973-05-18,,,6.86,,,
1973-05-21,,,6.89,,,
1973-05-22,,,6.9,,,
1973-05-23,,,6.92,,,
1973-05-24,,,6.91,,,
1973-05-25,,,6.91,,,
1973-05-28,,,,,,
1973-05-29,,,6.93,,,
1973-05-30,,,6.93,,,
1973-05-31,,,6.93,,,
1973-06-01,,,6.96,44.2,,
1973-06-04,,,6.98,,,
1973-06-05,,,6.95,,,
1973-06-06,,,6.89,,,
1973-06-07,,,6.89,,,
1973-06-08,,,6.87,,,
1973-06-11,,,6.87,,,
1973-06-12,,,6.86,,,
1973-06-13,,,6.85,,,
1973-06-14,,,6.85,,,
1973-06-15,,,6.86,,,
1973-06-18,,,6.87,,,
1973-06-19,,,6.87,,,
1973-06-20,,,6.89,,,
1973-06-21,,,6.89,,,
1973-06-22,,,6.91,,,
1973-06-25,,,6.93,,,
1973-06-26,,,6.93,,,
1973-06-27,,,6.92,,,
1973-06-28,,,6.92,,,
1973-06-29,,,6.94,,,
1973-07-01,,,,44.2,,
1973-07-02,,,7.01,,,
1973-07-03,,,7.01,,,
1973-07-04,,,,,,
1973-07-05,,,7.01,,,
1973-07-06,,,7.03,,,
1973-07-09,,,7.05,,,
1973-07-10,,,7.05,,,
1973-07-11,,,7.05,,,
1973-07-12,,,7.04,,,
1973-07-13,,,7.05,,,
1973-07-16,,,7.06,,,
1973-07-17,,,7.06,,,
1973-07-18,,,7.07,,,
1973-07-19,,,7.11,,,
1973-07-20,,,7.17,,,
1973-07-23,,,7.17,,,
1973-07-24,,,7.19,,,
1973-07-25,,,7.19,,,
1973-07-26,,,7.28,,,
1973-07-27,,,7.35,,,
1973-07-30,,,7.37,,,
1973-07-31,,,7.43,,,
1973-08-01,,,7.55,45.0,,
1973-08-02,,,7.52,,,
1973-08-03,,,7.53,,,
1973-08-06,,,7.54,,,
1973-08-07,,,7.58,,,
1973-08-08,,,7.52,,,
1973-08-09,,,7.54,,,
1973-08-10,,,7.52,,,
1973-08-13,,,7.47,,,
1973-08-14,,,7.46,,,
1973-08-15,,,7.45,,,
1973-08-16,,,7.37,,,
1973-08-17,,,7.28,,,
1973-08-20,,,7.38,,,
1973-08-21,,,7.36,,,
1973-08-22,,,7.39,,,
1973-08-23,,,7.31,,,
1973-08-24,,,7.23,,,
1973-08-27,,,7.26,,,
1973-08-28,,,7.29,,,
1973-08-29,,,7.26,,,
1973-08-30,,,7.25,,,
1973-08-31,,,7.25,,,
1973-09-01,,,,45.2,,
1973-09-03,,,,,,
1973-09-04,,,7.21,,,
1973-09-05,,,7.11,,,
1973-09-06,,,7.1,,,
1973-09-07,,,7.11,,,
1973-09-10,,,7.16,,,
1973-09-11,,,7.19,,,
1973-09-12,,,7.2,,,
1973-09-13,,,7.21,,,
1973-09-14,,,7.21,,,
1973-09-17,,,7.16,,,
1973-09-18,,,7.08,,,
1973-09-19,,,7.1,,,
1973-09-20,,,7.09,,,
1973-09-21,,,7.02,,,
1973-09-24,,,7.0,,,
1973-09-25,,,6.96,,,
1973-09-26,,,6.97,,,
1973-09-27,,,6.94,,,
1973-09-28,,,6.9,,,
1973-10-01,,,6.91,45.6,,
1973-10-02,,,6.89,,,
1973-10-03,,,6.9,,,
1973-10-04,,,6.88,,,
1973-10-05,,,6.86,,,
1973-10-08,,,,,,
1973-10-09,,,6.78,,,
1973-10-10,,,6.77,,,
1973-10-11,,,6.78,,,
1973-10-12,,,6.75,,,
1973-10-15,,,6.77,,,
1973-10-16,,,6.81,,,
1973-10-17,,,6.82,,,
1973-10-18,,,6.81,,,
1973-10-19,,,6.8,,,
1973-10-22,,,,,,
1973-10-23,,,6.8,,,
1973-10-24,,,6.75,,,
1973-10-25,,,6.73,,,
1973-10-26,,,6.72,,,
1973-10-29,,,6.72,,,
1973-10-30,,,6.72,,,
1973-10-31,,,6.71,,,
1973-11-01,,,6.71,45.9,,
1973-11-02,,,6.72,,,
1973-11-05,,,6.74,,,
1973-11-06,,,,,,
1973-11-07,,,6.76,,,
1973-11-08,,,6.77,,,
1973-11-09,,,6.76,,,
1973-11-12,,,6.76,,,
1973-11-13,,,6.76,,,
1973-11-14,,,6.79,,,
1973-11-15,,,6.76,,,
1973-11-16,,,6.72,,,
1973-11-19,,,6.71,,,
1973-11-20,,,6.72,,,
1973-11-21,,,6.71,,,
1973-11-22,,,,,,
1973-11-23,,,6.7,,,
1973-11-26,,,6.69,,,
1973-11-27,,,6.7,,,
1973-11-28,,,6.7,,,
1973-11-29,,,6.7,,,
1973-11-30,,,6.69,,,
1973-12-01,,,,46.3,,
1973-12-03,,,6.69,,,
1973-12-04,,,6.69,,,
1973-12-05,,,6.72,,,
1973-12-06,,,6.75,,,
1973-12-07,,,6.74,,,
1973-12-10,,,6.71,,,
1973-12-11,,,6.69,,,
1973-12-12,,,6.69,,,
1973-12-13,,,6.68,,,
1973-12-14,,,6.68,,,
1973-12-17,,,6.67,,,
1973-12-18,,,6.68,,,
1973-12-19,,,6.71,,,
1973-12-20,,,6.73,,,
1973-12-21,,,6.78,,,
1973-12-24,,,,,,
1973-12-25,,,,,,
1973-12-26,,,6.83,,,
1973-12-27,,,6.88,,,
1973-12-28,,,6.91,,,
1973-12-31,,,6.9,,,
1974-01-01,,,,46.8,,
1974-01-02,,,6.94,,,
1974-01-03,,,6.96,,,
1974-01-04,,,6.94,,,
1974-01-07,,,6.96,,,
1974-01-08,,,6.96,,,
1974-01-09,,,6.96,,,
1974-01-10,,,7.0,,,
1974-01-11,,,7.01,,,
1974-01-14,,,7.01,,,
1974-01-15,,,6.99,,,
1974-01-16,,,6.99,,,
1974-01-17,,,6.97,,,
1974-01-18,,,6.98,,,
1974-01-21,,,6.99,,,
1974-01-22,,,7.0,,,
1974-01-23,,,7.01,,,
1974-01-24,,,7.02,,,
1974-01-25,,,7.02,,,
1974-01-28,,,7.01,,,
1974-01-29,,,7.02,,,
1974-01-30,,,7.01,,,
1974-01-31,,,7.0,,,
1974-02-01,,,7.0,47.3,,
1974-02-04,,,6.98,,,
1974-02-05,,,6.95,,,
1974-02-06,,,6.93,,,
1974-02-07,,,6.93,,,
1974-02-08,,,6.93,,,
1974-02-11,,,6.93,,,
1974-02-12,,,,,,
1974-02-13,,,6.93,,,
1974-02-14,,,6.93,,,
1974-02-15,,,6.93,,,
1974-02-18,,,,,,
1974-02-19,,,6.93,,,
1974-02-20,,,6.96,,,
1974-02-21,,,6.98,,,
1974-02-22,,,6.97,,,
1974-02-25,,,6.96,,,
1974-02-26,,,6.98,,,
1974-02-27,,,7.0,,,
1974-02-28,,,7.01,,,
1974-03-01,,,7.08,47.8,,
1974-03-04,,,7.09,,,
1974-03-05,,,7.1,,,
1974-03-06,,,7.09,,,
1974-03-07,,,7.06,,,
1974-03-08,,,7.06,,,
1974-03-11,,,7.08,,,
1974-03-12,,,7.09,,,
1974-03-13,,,7.13,,,
1974-03-14,,,7.13,,,
1974-03-15,,,7.18,,,
1974-03-18,,,7.23,,,
1974-03-19,,,7.24,,,
1974-03-20,,,7.27,,,
1974-03-21,,,7.3,,,
1974-03-22,,,7.35,,,
1974-03-25,,,7.39,,,
1974-03-26,,,7.38,,,
1974-03-27,,,7.35,,,
1974-03-28,,,7.38,,,
1974-03-29,,,7.41,,,
1974-04-01,,,7.42,48.1,,
1974-04-02,,,7.43,,,
1974-04-03,,,7.43,,,
1974-04-04,,,7.51,,,
1974-04-05,,,7.54,,,
1974-04-08,,,7.5,,,
1974-04-09,,,7.49,,,
1974-04-10,,,7.46,,,
1974-04-11,,,7.45,,,
1974-04-12,,,,,,
1974-04-15,,,7.42,,,
1974-04-16,,,7.43,,,
1974-04-17,,,7.45,,,
1974-04-18,,,7.5,,,
1974-04-19,,,7.51,,,
1974-04-22,,,7.52,,,
1974-04-23,,,7.54,,,
1974-04-24,,,7.58,,,
1974-04-25,,,7.63,,,
1974-04-26,,,7.64,,,
1974-04-29,,,7.65,,,
1974-04-30,,,7.66,,,
1974-05-01,,,7.62,48.6,,
1974-05-02,,,7.58,,,
1974-05-03,,,7.65,,,
1974-05-06,,,7.65,,,
1974-05-07,,,7.65,,,
1974-05-08,,,7.65,,,
1974-05-09,,,7.7,,,
1974-05-10,,,7.63,,,
1974-05-13,,,7.54,,,
1974-05-14,,,7.57,,,
1974-05-15,,,7.55,,,
1974-05-16,,,7.54,,,
1974-05-17,,,7.57,,,
1974-05-20,,,7.58,,,
1974-05-21,,,7.57,,,
1974-05-22,,,7.56,,,
1974-05-23,,,7.52,,,
1974-05-24,,,7.49,,,
1974-05-27,,,,,,
1974-05-28,,,7.5,,,
1974-05-29,,,7.52,,,
1974-05-30,,,7.51,,,
1974-05-31,,,7.52,,,
1974-06-01,,,,49.0,,
1974-06-03,,,7.53,,,
1974-06-04,,,7.52,,,
1974-06-05,,,7.52,,,
1974-06-06,,,7.5,,,
1974-06-07,,,7.46,,,
1974-06-10,,,7.47,,,
1974-06-11,,,7.48,,,
1974-06-12,,,7.5,,,
1974-06-13,,,7.5,,,
1974-06-14,,,7.5,,,
1974-06-17,,,7.49,,,
1974-06-18,,,7.52,,,
1974-06-19,,,7.52,,,
1974-06-20,,,7.55,,,
1974-06-21,,,7.55,,,
1974-06-24,,,7.58,,,
1974-06-25,,,7.62,,,
1974-06-26,,,7.62,,,
1974-06-27,,,7.64,,,
1974-06-28,,,7.64,,,
1974-07-01,,,7.65,49.3,,
1974-07-02,,,7.65,,,
1974-07-03,,,7.7,,,
1974-07-04,,,,,,
1974-07-05,,,7.71,,,
1974-07-08,,,7.77,,,
1974-07-09,,,7.81,,,
1974-07-10,,,7.82,,,
1974-07-11,,,7.84,,,
1974-07-12,,,7.85,,,
1974-07-15,,,7.86,,,
1974-07-16,,,7.88,,,
1974-07-17,,,7.91,,,
1974-07-18,,,7.9,,,
1974-07-19,,,7.87,,,
1974-07-22,,,7.77,,,
1974-07-23,,,7.79,,,
1974-07-24,,,7.76,,,
1974-07-25,,,7.75,,,
1974-07-26,,,7.79,,,
1974-07-29,,,7.85,,,
1974-07-30,,,7.89,,,
1974-07-31,,,7.89,,,
1974-08-01,,,7.92,49.9,,
1974-08-02,,,7.96,,,
1974-08-05,,,7.99,,,
1974-08-06,,,7.97,,,
1974-08-07,,,7.97,,,
1974-08-08,,,7.97,,,
1974-08-09,,,8.03,,,
1974-08-12,,,8.05,,,
1974-08-13,,,8.06,,,
1974-08-14,,,8.05,,,
1974-08-15,,,8.02,,,
1974-08-16,,,8.0,,,
1974-08-19,,,7.98,,,
1974-08-20,,,7.99,,,
1974-08-21,,,8.05,,,
1974-08-22,,,8.09,,,
1974-08-23,,,8.15,,,
1974-08-26,,,8.16,,,
1974-08-27,,,8.15,,,
1974-08-28,,,8.15,,,
1974-08-29,,,8.15,,,
1974-08-30,,,8.11,,,
1974-09-01,,,,50.6,,
1974-09-02,,,,,,
1974-09-03,,,8.11,,,
1974-09-04,,,8.12,,,
1974-09-05,,,8.1,,,
1974-09-06,,,8.09,,,
1974-09-09,,,8.02,,,
1974-09-10,,,8.04,,,
1974-09-11,,,8.05,,,
1974-09-12,,,8.13,,,
1974-09-13,,,8.13,,,
1974-09-16,,,8.1,,,
1974-09-17,,,8.09,,,
1974-09-18,,,8.08,,,
1974-09-19,,,8.04,,,
1974-09-20,,,8.02,,,
1974-09-23,,,7.91,,,
1974-09-24,,,7.94,,,
1974-09-25,,,7.94,,,
1974-09-26,,,7.96,,,
1974-09-27,,,7.94,,,
1974-09-30,,,7.94,,,
1974-10-01,,,7.97,51.0,,
1974-10-02,,,7.98,,,
1974-10-03,,,8.04,,,
1974-10-04,,,8.02,,,
1974-10-07,,,8.01,,,
1974-10-08,,,7.95,,,
1974-10-09,,,7.95,,,
1974-10-10,,,7.93,,,
1974-10-11,,,7.88,,,
1974-10-14,,,,,,
1974-10-15,,,7.87,,,
1974-10-16,,,7.87,,,
1974-10-17,,,7.88,,,
1974-10-18,,,7.86,,,
1974-10-21,,,7.81,,,
1974-10-22,,,7.81,,,
1974-10-23,,,7.85,,,
1974-10-24,,,7.87,,,
1974-10-25,,,7.86,,,
1974-10-28,,,7.88,,,
1974-10-29,,,7.84,,,
1974-10-30,,,7.81,,,
1974-10-31,,,7.79,,,
1974-11-01,,,7.8,51.5,,
1974-11-04,,,7.8,,,
1974-11-05,,,,,,
1974-11-06,,,7.76,,,
1974-11-07,,,7.74,,,
1974-11-08,,,7.72,,,
1974-11-11,,,,,,
1974-11-12,,,7.78,,,
1974-11-13,,,7.75,,,
1974-11-14,,,7.72,,,
1974-11-15,,,7.61,,,
1974-11-18,,,7.63,,,
1974-11-19,,,7.63,,,
1974-11-20,,,7.59,,,
1974-11-21,,,7.6,,,
1974-11-22,,,7.6,,,
1974-11-25,,,7.62,,,
1974-11-26,,,7.63,,,
1974-11-27,,,7.64,,,
1974-11-28,,,,,,
1974-11-29,,,7.64,,,
1974-12-01,,,,51.9,,
1974-12-02,,,7.71,,,
1974-12-03,,,7.74,,,
1974-12-04,,,7.68,,,
1974-12-05,,,7.64,,,
1974-12-06,,,7.59,,,
1974-12-09,,,7.4,,,
1974-12-10,,,7.42,,,
1974-12-11,,,7.38,,,
1974-12-12,,,7.39,,,
1974-12-13,,,7.38,,,
1974-12-16,,,7.34,,,
1974-12-17,,,7.28,,,
1974-12-18,,,7.25,,,
1974-12-19,,,7.25,,,
1974-12-20,,,7.27,,,
1974-12-23,,,7.41,,,
1974-12-24,,,7.43,,,
1974-12-25,,,,,,
1974-12-26,,,7.37,,,
1974-12-27,,,7.39,,,
1974-12-30,,,7.39,,,
1974-12-31,,,7.4,,,
1975-01-01,,,,52.3,,
1975-01-02,,,7.42,,,
1975-01-03,,,7.43,,,
1975-01-06,,,7.39,,,
1975-01-07,,,7.38,,,
1975-01-08,,,7.39,,,
1975-01-09,,,7.35,,,
1975-01-10,,,7.37,,,
1975-01-13,,,7.46,,,
1975-01-14,,,7.49,,,
1975-01-15,,,7.54,,,
1975-01-16,,,7.54,,,
1975-01-17,,,7.53,,,
1975-01-20,,,7.59,,,
1975-01-21,,,7.55,,,
1975-01-22,,,7.51,,,
1975-01-23,,,7.57,,,
1975-01-24,,,7.64,,,
1975-01-27,,,7.61,,,
1975-01-28,,,7.61,,,
1975-01-29,,,7.59,,,
1975-01-30,,,7.54,,,
1975-01-31,,,7.53,,,
1975-02-01,,,,52.6,,
1975-02-03,,,7.49,,,
1975-02-04,,,7.47,,,
1975-02-05,,,7.35,,,
1975-02-06,,,7.43,,,
1975-02-07,,,7.38,,,
1975-02-10,,,7.45,,,
1975-02-11,,,7.42,,,
1975-02-12,,,,,,
1975-02-13,,,7.44,,,
1975-02-14,,,7.35,,,
1975-02-17,,,,,,
1975-02-18,,,7.28,,,
1975-02-19,,,7.26,,,
1975-02-20,,,7.3,,,
1975-02-21,,,7.22,,,
1975-02-24,,,7.36,,,
1975-02-25,,,7.43,,,
1975-02-26,,,7.5,,,
1975-02-27,,,7.47,,,
1975-02-28,,,7.46,,,
1975-03-01,,,,52.8,,
1975-03-03,,,7.5,,,
1975-03-04,,,7.53,,,
1975-03-05,,,7.48,,,
1975-03-06,,,7.49,,,
1975-03-07,,,7.52,,,
1975-03-10,,,7.56,,,
1975-03-11,,,7.58,,,
1975-03-12,,,7.58,,,
1975-03-13,,,7.56,,,
1975-03-14,,,7.58,,,
1975-03-17,,,7.7,,,
1975-03-18,,,7.7,,,
1975-03-19,,,7.8,,,
1975-03-20,,,7.95,,,
1975-03-21,,,7.84,,,
1975-03-24,,,8.05,,,
1975-03-25,,,8.03,,,
1975-03-26,,,8.02,,,
1975-03-27,,,8.08,,,
1975-03-28,,,,,,
1975-03-31,,,8.01,,,
1975-04-01,,,8.08,53.0,,
1975-04-02,,,8.22,,,
1975-04-03,,,8.13,,,
1975-04-04,,,8.15,,,
1975-04-07,,,8.26,,,
1975-04-08,,,8.21,,,
1975-04-09,,,8.17,,,
1975-04-10,,,8.19,,,
1975-04-11,,,8.22,,,
1975-04-14,,,8.16,,,
1975-04-15,,,8.16,,,
1975-04-16,,,8.15,,,
1975-04-17,,,8.21,,,
1975-04-18,,,8.27,,,
1975-04-21,,,8.32,,,
1975-04-22,,,8.32,,,
1975-04-23,,,8.27,,,
1975-04-24,,,8.25,,,
1975-04-25,,,8.25,,,
1975-04-28,,,8.35,,,
1975-04-29,,,8.34,,,
1975-04-30,,,8.31,,,
1975-05-01,,,8.31,53.1,,
1975-05-02,,,8.11,,,
1975-05-05,,,8.08,,,
1975-05-06,,,8.11,,,
1975-05-07,,,8.07,,,
1975-05-08,,,8.09,,,
1975-05-09,,,8.08,,,
1975-05-12,,,8.07,,,
1975-05-13,,,8.06,,,
1975-05-14,,,8.02,,,
1975-05-15,,,8.02,,,
1975-05-16,,,8.01,,,
1975-05-19,,,8.0,,,
1975-05-20,,,7.98,,,
1975-05-21,,,7.98,,,
1975-05-22,,,8.02,,,
1975-05-23,,,8.02,,,
1975-05-26,,,,,,
1975-05-27,,,7.98,,,
1975-05-28,,,8.02,,,
1975-05-29,,,8.18,,,
1975-05-30,,,8.04,,,
1975-06-01,,,,53.5,,
1975-06-02,,,8.02,,,
1975-06-03,,,8.0,,,
1975-06-04,,,7.99,,,
1975-06-05,,,7.97,,,
1975-06-06,,,7.88,,,
1975-06-09,,,7.78,,,
1975-06-10,,,7.77,,,
1975-06-11,,,7.65,,,
1975-06-12,,,7.67,,,
1975-06-13,,,7.69,,,
1975-06-16,,,7.66,,,
1975-06-17,,,7.72,,,
1975-06-18,,,7.83,,,
1975-06-19,,,7.8,,,
1975-06-20,,,7.94,,,
1975-06-23,,,7.9,,,
1975-06-24,,,7.9,,,
1975-06-25,,,8.02,,,
1975-06-26,,,7.98,,,
1975-06-27,,,7.95,,,
1975-06-30,,,7.96,,,
1975-07-01,,,7.97,54.0,,
1975-07-02,,,8.05,,,
1975-07-03,,,8.05,,,
1975-07-04,,,,,,
1975-07-07,,,8.06,,,
1975-07-08,,,8.01,,,
1975-07-09,,,8.02,,,
1975-07-10,,,8.02,,,
1975-07-11,,,7.99,,,
1975-07-14,,,7.99,,,
1975-07-15,,,7.98,,,
1975-07-16,,,8.03,,,
1975-07-17,,,8.04,,,
1975-07-18,,,8.06,,,
1975-07-21,,,8.07,,,
1975-07-22,,,8.1,,,
1975-07-23,,,8.09,,,
1975-07-24,,,8.09,,,
1975-07-25,,,8.12,,,
1975-07-28,,,8.12,,,
1975-07-29,,,8.13,,,
1975-07-30,,,8.16,,,
1975-07-31,,,8.2,,,
1975-08-01,,,8.26,54.2,,
1975-08-04,,,8.37,,,
1975-08-05,,,8.37,,,
1975-08-06,,,8.4,,,
1975-08-07,,,8.48,,,
1975-08-08,,,8.4,,,
1975-08-11,,,8.38,,,
1975-08-12,,,8.4,,,
1975-08-13,,,8.39,,,
1975-08-14,,,8.45,,,
1975-08-15,,,8.48,,,
1975-08-18,,,8.46,,,
1975-08-19,,,8.42,,,
1975-08-20,,,8.42,,,
1975-08-21,,,8.48,,,
1975-08-22,,,8.46,,,
1975-08-25,,,8.46,,,
1975-08-26,,,8.4,,,
1975-08-27,,,8.37,,,
1975-08-28,,,8.28,,,
1975-08-29,,,8.22,,,
1975-09-01,,,,54.6,,
1975-09-02,,,8.26,,,
1975-09-03,,,8.29,,,
1975-09-04,,,8.29,,,
1975-09-05,,,8.35,,,
1975-09-08,,,8.36,,,
1975-09-09,,,8.4,,,
1975-09-10,,,8.46,,,
1975-09-11,,,8.55,,,
1975-09-12,,,8.57,,,
1975-09-15,,,8.58,,,
1975-09-16,,,8.59,,,
1975-09-17,,,8.53,,,
1975-09-18,,,8.5,,,
1975-09-19,,,8.42,,,
1975-09-22,,,8.38,,,
1975-09-23,,,8.35,,,
1975-09-24,,,8.31,,,
1975-09-25,,,8.38,,,
1975-09-26,,,8.45,,,
1975-09-29,,,8.46,,,
1975-09-30,,,8.48,,,
1975-10-01,,,8.47,54.9,,
1975-10-02,,,8.44,,,
1975-10-03,,,8.33,,,
1975-10-06,,,8.3,,,
1975-10-07,,,8.33,,,
1975-10-08,,,8.3,,,
1975-10-09,,,8.23,,,
1975-10-10,,,8.15,,,
1975-10-13,,,,,,
1975-10-14,,,8.19,,,
1975-10-15,,,8.19,,,
1975-10-16,,,8.07,,,
1975-10-17,,,8.07,,,
1975-10-20,,,8.07,,,
1975-10-21,,,8.05,,,
1975-10-22,,,8.05,,,
1975-10-23,,,7.99,,,
1975-10-24,,,8.0,,,
1975-10-27,,,8.0,,,
1975-10-28,,,7.99,,,
1975-10-29,,,7.98,,,
1975-10-30,,,7.92,,,
1975-10-31,,,7.91,,,
1975-11-01,,,,55.3,,
1975-11-03,,,7.97,,,
1975-11-04,,,,,,
1975-11-05,,,7.91,,,
1975-11-06,,,7.94,,,
1975-11-07,,,7.91,,,
1975-11-10,,,7.9,,,
1975-11-11,,,,,,
1975-11-12,,,7.95,,,
1975-11-13,,,7.97,,,
1975-11-14,,,8.06,,,
1975-11-17,,,8.08,,,
1975-11-18,,,8.13,,,
1975-11-19,,,8.14,,,
1975-11-20,,,8.12,,,
1975-11-21,,,8.21,,,
1975-11-24,,,8.16,,,
1975-11-25,,,8.16,,,
1975-11-26,,,8.15,,,
1975-11-27,,,,,,
1975-11-28,,,8.14,,,
1975-12-01,,,8.12,55.6,,
1975-12-02,,,8.1,,,
1975-12-03,,,8.1,,,
1975-12-04,,,8.15,,,
1975-12-05,,,8.13,,,
1975-12-08,,,8.19,,,
1975-12-09,,,8.23,,,
1975-12-10,,,8.23,,,
1975-12-11,,,8.16,,,
1975-12-12,,,8.12,,,
1975-12-15,,,8.06,,,
1975-12-16,,,8.0,,,
1975-12-17,,,7.95,,,
1975-12-18,,,7.96,,,
1975-12-19,,,7.88,,,
1975-12-22,,,7.87,,,
1975-12-23,,,7.87,,,
1975-12-24,,,7.82,,,
1975-12-25,,,,,,
1975-12-26,,,7.75,,,
1975-12-29,,,7.75,,,
1975-12-30,,,7.73,,,
1975-12-31,,,7.76,,,
1976-01-01,,,,55.8,,
1976-01-02,,,7.77,,,
1976-01-05,,,7.74,,,
1976-01-06,,,7.64,,,
1976-01-07,,,7.69,,,
1976-01-08,,,7.74,,,
1976-01-09,,,7.64,,,
1976-01-12,,,7.63,,,
1976-01-13,,,7.64,,,
1976-01-14,,,7.71,,,
1976-01-15,,,7.73,,,
1976-01-16,,,7.79,,,
1976-01-19,,,7.76,,,
1976-01-20,,,7.71,,,
1976-01-21,,,7.78,,,
1976-01-22,,,7.8,,,
1976-01-23,,,7.78,,,
1976-01-26,,,7.79,,,
1976-01-27,,,7.8,,,
1976-01-28,,,7.83,,,
1976-01-29,,,7.82,,,
1976-01-30,,,7.8,,,
1976-02-01,,,,55.9,,
1976-02-02,,,7.8,,,
1976-02-03,,,7.82,,,
1976-02-04,,,7.85,,,
1976-02-05,,,7.83,,,
1976-02-06,,,7.88,,,
1976-02-09,,,7.86,,,
1976-02-10,,,7.88,,,
1976-02-11,,,7.85,,,
1976-02-12,,,,,,
1976-02-13,,,7.82,,,
1976-02-16,,,,,,
1976-02-17,,,7.78,,,
1976-02-18,,,7.79,,,
1976-02-19,,,7.8,,,
1976-02-20,,,7.77,,,
1976-02-23,,,7.72,,,
1976-02-24,,,7.69,,,
1976-02-25,,,7.68,,,
1976-02-26,,,7.68,,,
1976-02-27,,,7.77,,,
1976-03-01,,,7.86,56.0,,
1976-03-02,,,7.82,,,
1976-03-03,,,7.82,,,
1976-03-04,,,7.85,,,
1976-03-05,,,7.8,,,
1976-03-08,,,7.76,,,
1976-03-09,,,7.78,,,
1976-03-10,,,7.76,,,
1976-03-11,,,7.77,,,
1976-03-12,,,7.71,,,
1976-03-15,,,7.74,,,
1976-03-16,,,7.76,,,
1976-03-17,,,7.76,,,
1976-03-18,,,7.73,,,
1976-03-19,,,7.74,,,
1976-03-22,,,7.68,,,
1976-03-23,,,7.67,,,
1976-03-24,,,7.65,,,
1976-03-25,,,7.64,,,
1976-03-26,,,7.64,,,
1976-03-29,,,7.64,,,
1976-03-30,,,7.65,,,
1976-03-31,,,7.66,,,
1976-04-01,,,7.68,56.1,,
1976-04-02,,,7.67,,,
1976-04-05,,,7.62,,,
1976-04-06,,,7.59,,,
1976-04-07,,,7.56,,,
1976-04-08,,,7.55,,,
1976-04-09,,,7.52,,,
1976-04-12,,,7.52,,,
1976-04-13,,,7.5,,,
1976-04-14,,,7.47,,,
1976-04-15,,,7.47,,,
1976-04-16,,,,,,
1976-04-19,,,7.51,,,
1976-04-20,,,7.5,,,
1976-04-21,,,7.47,,,
1976-04-22,,,7.52,,,
1976-04-23,,,7.59,,,
1976-04-26,,,7.61,,,
1976-04-27,,,7.62,,,
1976-04-28,,,7.6,,,
1976-04-29,,,7.61,,,
1976-04-30,,,7.67,,,
1976-05-01,,,,56.4,,
1976-05-03,,,7.69,,,
1976-05-04,,,7.66,,,
1976-05-05,,,7.68,,,
1976-05-06,,,7.78,,,
1976-05-07,,,7.87,,,
1976-05-10,,,7.92,,,
1976-05-11,,,7.92,,,
1976-05-12,,,7.94,,,
1976-05-13,,,7.92,,,
1976-05-14,,,7.93,,,
1976-05-17,,,7.94,,,
1976-05-18,,,7.94,,,
1976-05-19,,,7.94,,,
1976-05-20,,,7.95,,,
1976-05-21,,,8.0,,,
1976-05-24,,,7.98,,,
1976-05-25,,,7.94,,,
1976-05-26,,,7.95,,,
1976-05-27,,,7.99,,,
1976-05-28,,,7.96,,,
1976-05-31,,,,,,
1976-06-01,,,7.94,56.7,,
1976-06-02,,,7.94,,,
1976-06-03,,,7.92,,,
1976-06-04,,,7.89,,,
1976-06-07,,,7.88,,,
1976-06-08,,,7.9,,,
1976-06-09,,,7.9,,,
1976-06-10,,,7.86,,,
1976-06-11,,,7.86,,,
1976-06-14,,,7.84,,,
1976-06-15,,,7.85,,,
1976-06-16,,,7.87,,,
1976-06-17,,,7.85,,,
1976-06-18,,,7.81,,,
1976-06-21,,,7.8,,,
1976-06-22,,,7.81,,,
1976-06-23,,,7.81,,,
1976-06-24,,,7.81,,,
1976-06-25,,,7.83,,,
1976-06-28,,,7.86,,,
1976-06-29,,,7.86,,,
1976-06-30,,,7.86,,,
1976-07-01,,,7.88,57.0,,
1976-07-02,,,7.84,,,
1976-07-05,,,,,,
1976-07-06,,,7.82,,,
1976-07-07,,,7.84,,,
1976-07-08,,,7.82,,,
1976-07-09,,,7.78,,,
1976-07-12,,,7.76,,,
1976-07-13,,,7.77,,,
1976-07-14,,,7.79,,,
1976-07-15,,,7.77,,,
1976-07-16,,,7.83,,,
1976-07-19,,,7.86,,,
1976-07-20,,,7.87,,,
1976-07-21,,,7.86,,,
1976-07-22,,,7.86,,,
1976-07-23,,,7.84,,,
1976-07-26,,,7.87,,,
1976-07-27,,,7.85,,,
1976-07-28,,,7.85,,,
1976-07-29,,,7.85,,,
1976-07-30,,,7.86,,,
1976-08-01,,,,57.3,,
1976-08-02,,,7.85,,,
1976-08-03,,,7.82,,,
1976-08-04,,,7.81,,,
1976-08-05,,,7.82,,,
1976-08-06,,,7.84,,,
1976-08-09,,,7.84,,,
1976-08-10,,,7.84,,,
1976-08-11,,,7.82,,,
1976-08-12,,,7.81,,,
1976-08-13,,,7.78,,,
1976-08-16,,,7.74,,,
1976-08-17,,,7.75,,,
1976-08-18,,,7.76,,,
1976-08-19,,,7.76,,,
1976-08-20,,,7.76,,,
1976-08-23,,,7.73,,,
1976-08-24,,,7.72,,,
1976-08-25,,,7.69,,,
1976-08-26,,,7.68,,,
1976-08-27,,,7.72,,,
1976-08-30,,,7.71,,,
1976-08-31,,,7.66,,,
1976-09-01,,,7.64,57.6,,
1976-09-02,,,7.67,,,
1976-09-03,,,7.65,,,
1976-09-06,,,,,,
1976-09-07,,,7.64,,,
1976-09-08,,,7.64,,,
1976-09-09,,,7.66,,,
1976-09-10,,,7.64,,,
1976-09-13,,,7.64,,,
1976-09-14,,,7.64,,,
1976-09-15,,,7.62,,,
1976-09-16,,,7.6,,,
1976-09-17,,,7.49,,,
1976-09-20,,,7.52,,,
1976-09-21,,,7.51,,,
1976-09-22,,,7.53,,,
1976-09-23,,,7.54,,,
1976-09-24,,,7.58,,,
1976-09-27,,,7.6,,,
1976-09-28,,,7.56,,,
1976-09-29,,,7.56,,,
1976-09-30,,,7.55,,,
1976-10-01,,,7.49,57.9,,
1976-10-04,,,7.46,,,
1976-10-05,,,7.47,,,
1976-10-06,,,7.44,,,
1976-10-07,,,7.43,,,
1976-10-08,,,7.38,,,
1976-10-11,,,,,,
1976-10-12,,,7.35,,,
1976-10-13,,,7.35,,,
1976-10-14,,,7.34,,,
1976-10-15,,,7.31,,,
1976-10-18,,,7.31,,,
1976-10-19,,,7.35,,,
1976-10-20,,,7.38,,,
1976-10-21,,,7.39,,,
1976-10-22,,,7.48,,,
1976-10-25,,,7.53,,,
1976-10-26,,,7.48,,,
1976-10-27,,,7.45,,,
1976-10-28,,,7.41,,,
1976-10-29,,,7.42,,,
1976-11-01,,,7.38,58.1,,
1976-11-02,,,,,,
1976-11-03,,,7.44,,,
1976-11-04,,,7.38,,,
1976-11-05,,,7.41,,,
1976-11-08,,,7.46,,,
1976-11-09,,,7.46,,,
1976-11-10,,,7.45,,,
1976-11-11,,,,,,
1976-11-12,,,7.43,,,
1976-11-15,,,7.41,,,
1976-11-16,,,7.33,,,
1976-11-17,,,7.32,,,
1976-11-18,,,7.33,,,
1976-11-19,,,7.24,,,
1976-11-22,,,7.17,,,
1976-11-23,,,7.16,,,
1976-11-24,,,7.14,,,
1976-11-25,,,,,,
1976-11-26,,,6.99,,,
1976-11-29,,,7.02,,,
1976-11-30,,,7.01,,,
1976-12-01,,,6.97,58.4,,
1976-12-02,,,6.92,,,
1976-12-03,,,6.86,,,
1976-12-06,,,6.87,,,
1976-12-07,,,6.88,,,
1976-12-08,,,6.91,,,
1976-12-09,,,6.92,,,
1976-12-10,,,6.82,,,
1976-12-13,,,6.9,,,
1976-12-14,,,6.89,,,
1976-12-15,,,6.88,,,
1976-12-16,,,6.88,,,
1976-12-17,,,6.88,,,
1976-12-20,,,6.84,,,
1976-12-21,,,6.85,,,
1976-12-22,,,6.86,,,
1976-12-23,,,6.84,,,
1976-12-24,,,,,,
1976-12-27,,,6.84,,,
1976-12-28,,,6.86,,,
1976-12-29,,,6.84,,,
1976-12-30,,,6.8,,,
1976-12-31,,,6.81,,,
1977-01-01,,,,58.7,,
1977-01-03,,,6.84,,,
1977-01-04,,,6.9,,,
1977-01-05,,,6.88,,,
1977-01-06,,,6.93,,,
1977-01-07,,,7.07,,,
1977-01-10,,,7.2,,,
1977-01-11,,,7.28,,,
1977-01-12,,,7.26,,,
1977-01-13,,,7.18,,,
1977-01-14,,,7.28,,,
1977-01-17,,,7.28,,,
1977-01-18,,,7.34,,,
1977-01-19,,,7.28,,,
1977-01-20,,,7.26,,,
1977-01-21,,,7.28,,,
1977-01-24,,,7.34,,,
1977-01-25,,,7.32,,,
1977-01-26,,,7.33,,,
1977-01-27,,,7.43,,,
1977-01-28,,,7.4,,,
1977-01-31,,,7.4,,,
1977-02-01,,,7.41,59.3,,
1977-02-02,,,7.47,,,
1977-02-03,,,7.46,,,
1977-02-04,,,7.28,,,
1977-02-07,,,7.34,,,
1977-02-08,,,7.35,,,
1977-02-09,,,7.34,,,
1977-02-10,,,7.34,,,
1977-02-11,,,7.36,,,
1977-02-14,,,7.38,,,
1977-02-15,,,7.36,,,
1977-02-16,,,7.34,,,
1977-02-17,,,7.26,,,
1977-02-18,,,7.41,,,
1977-02-21,,,,,,
1977-02-22,,,7.42,,,
1977-02-23,,,7.48,,,
1977-02-24,,,7.5,,,
1977-02-25,,,7.48,,,
1977-02-28,,,7.45,,,
1977-03-01,,,7.49,59.6,,
1977-03-02,,,7.45,,,
1977-03-03,,,7.43,,,
1977-03-04,,,7.48,,,
1977-03-07,,,7.5,,,
1977-03-08,,,7.52,,,
1977-03-09,,,7.5,,,
1977-03-10,,,7.49,,,
1977-03-11,,,7.44,,,
1977-03-14,,,7.45,,,
1977-03-15,,,7.44,,,
1977-03-16,,,7.44,,,
1977-03-17,,,7.47,,,
1977-03-18,,,7.44,,,
1977-03-21,,,7.43,,,
1977-03-22,,,7.43,,,
1977-03-23,,,7.44,,,
1977-03-24,,,7.46,,,
1977-03-25,,,7.48,,,
1977-03-28,,,7.47,,,
1977-03-29,,,7.47,,,
1977-03-30,,,7.44,,,
1977-03-31,,,7.42,,,
1977-04-01,,,7.43,60.0,,
1977-04-04,,,7.44,,,
1977-04-05,,,7.47,,,
1977-04-06,,,7.46,,,
1977-04-07,,,7.43,,,
1977-04-08,,,,,,
1977-04-11,,,7.39,,,
1977-04-12,,,7.39,,,
1977-04-13,,,7.36,,,
1977-04-14,,,7.22,,,
1977-04-15,,,7.25,,,
1977-04-18,,,7.25,,,
1977-04-19,,,7.3,,,
1977-04-20,,,7.32,,,
1977-04-21,,,7.33,,,
1977-04-22,,,7.36,,,
1977-04-25,,,7.4,,,
1977-04-26,,,7.38,,,
1977-04-27,,,7.38,,,
1977-04-28,,,7.4,,,
1977-04-29,,,7.45,,,
1977-05-01,,,,60.2,,
1977-05-02,,,7.45,,,
1977-05-03,,,7.44,,,
1977-05-04,,,7.45,,,
1977-05-05,,,7.47,,,
1977-05-06,,,7.5,,,
1977-05-09,,,7.5,,,
1977-05-10,,,7.52,,,
1977-05-11,,,7.52,,,
1977-05-12,,,7.5,,,
1977-05-13,,,7.48,,,
1977-05-16,,,7.46,,,
1977-05-17,,,7.45,,,
1977-05-18,,,7.43,,,
1977-05-19,,,7.49,,,
1977-05-20,,,7.49,,,
1977-05-23,,,7.46,,,
1977-05-24,,,7.41,,,
1977-05-25,,,7.39,,,
1977-05-26,,,7.42,,,
1977-05-27,,,7.38,,,
1977-05-30,,,,,,
1977-05-31,,,7.38,,,
1977-06-01,,,7.38,60.5,,
1977-06-02,,,7.39,,,
1977-06-03,,,7.36,,,
1977-06-06,,,7.37,,,
1977-06-07,,,7.36,,,
1977-06-08,,,7.36,,,
1977-06-09,,,7.35,,,
1977-06-10,,,7.3,,,
1977-06-13,,,7.27,,,
1977-06-14,,,7.22,,,
1977-06-15,,,7.23,,,
1977-06-16,,,7.24,,,
1977-06-17,,,7.24,,,
1977-06-20,,,7.27,,,
1977-06-21,,,7.26,,,
1977-06-22,,,7.25,,,
1977-06-23,,,7.26,,,
1977-06-24,,,7.2,,,
1977-06-27,,,7.2,,,
1977-06-28,,,7.16,,,
1977-06-29,,,7.19,,,
1977-06-30,,,7.2,,,
1977-07-01,,,7.34,60.8,,
1977-07-04,,,,,,
1977-07-05,,,7.35,,,
1977-07-06,,,7.37,,,
1977-07-07,,,7.29,,,
1977-07-08,,,7.31,,,
1977-07-11,,,7.33,,,
1977-07-12,,,7.32,,,
1977-07-13,,,7.28,,,
1977-07-14,,,,,,
1977-07-15,,,7.31,,,
1977-07-18,,,7.34,,,
1977-07-19,,,7.33,,,
1977-07-20,,,7.32,,,
1977-07-21,,,7.32,,,
1977-07-22,,,7.31,,,
1977-07-25,,,7.28,,,
1977-07-26,,,7.28,,,
1977-07-27,,,7.36,,,
1977-07-28,,,7.41,,,
1977-07-29,,,7.42,,,
1977-08-01,,,7.43,61.1,,
1977-08-02,,,7.44,,,
1977-08-03,,,7.42,,,
1977-08-04,,,7.43,,,
1977-08-05,,,7.42,,,
1977-08-08,,,7.41,,,
1977-08-09,,,7.45,,,
1977-08-10,,,7.46,,,
1977-08-11,,,7.47,,,
1977-08-12,,,7.48,,,
1977-08-15,,,7.48,,,
1977-08-16,,,7.48,,,
1977-08-17,,,7.44,,,
1977-08-18,,,7.42,,,
1977-08-19,,,7.4,,,
1977-08-22,,,7.39,,,
1977-08-23,,,7.36,,,
1977-08-24,,,7.35,,,
1977-08-25,,,7.32,,,
1977-08-26,,,7.27,,,
1977-08-29,,,7.25,,,
1977-08-30,,,7.27,,,
1977-08-31,,,7.28,,,
1977-09-01,,,7.3,61.3,,
1977-09-02,,,7.24,,,
1977-09-05,,,,,,
1977-09-06,,,7.24,,,
1977-09-07,,,7.26,,,
1977-09-08,,,7.28,,,
1977-09-09,,,7.36,,,
1977-09-12,,,7.38,,,
1977-09-13,,,7.37,,,
1977-09-14,,,7.34,,,
1977-09-15,,,7.33,,,
1977-09-16,,,7.32,,,
1977-09-19,,,7.32,,,
1977-09-20,,,7.36,,,
1977-09-21,,,7.36,,,
1977-09-22,,,7.39,,,
1977-09-23,,,7.39,,,
1977-09-26,,,7.42,,,
1977-09-27,,,7.38,,,
1977-09-28,,,7.38,,,
1977-09-29,,,7.39,,,
1977-09-30,,,7.41,,,
1977-10-01,,,,61.6,,
1977-10-03,,,7.41,,,
1977-10-04,,,7.4,,,
1977-10-05,,,7.4,,,
1977-10-06,,,7.44,,,
1977-10-07,,,7.48,,,
1977-10-10,,,,,,
1977-10-11,,,7.54,,,
1977-10-12,,,7.54,,,
1977-10-13,,,7.54,,,
1977-10-14,,,7.54,,,
1977-10-17,,,7.55,,,
1977-10-18,,,7.55,,,
1977-10-19,,,7.54,,,
1977-10-20,,,7.54,,,
1977-10-21,,,7.55,,,
1977-10-24,,,7.56,,,
1977-10-25,,,7.58,,,
1977-10-26,,,7.57,,,
1977-10-27,,,7.56,,,
1977-10-28,,,7.56,,,
1977-10-31,,,7.62,,,
1977-11-01,,,7.63,62.0,,
1977-11-02,,,7.69,,,
1977-11-03,,,7.68,,,
1977-11-04,,,7.64,,,
1977-11-07,,,7.62,,,
1977-11-08,,,,,,
1977-11-09,,,7.6,,,
1977-11-10,,,7.59,,,
1977-11-11,,,,,,
1977-11-14,,,7.56,,,
1977-11-15,,,7.56,,,
1977-11-16,,,7.55,,,
1977-11-17,,,7.54,,,
1977-11-18,,,7.54,,,
1977-11-21,,,7.56,,,
1977-11-22,,,7.54,,,
1977-11-23,,,7.52,,,
1977-11-24,,,,,,
1977-11-25,,,7.52,,,
1977-11-28,,,7.53,,,
1977-11-29,,,7.55,,,
1977-11-30,,,7.55,,,
1977-12-01,,,7.58,62.3,,
1977-12-02,,,7.59,,,
1977-12-05,,,7.6,,,
1977-12-06,,,7.63,,,
1977-12-07,,,7.63,,,
1977-12-08,,,7.64,,,
1977-12-09,,,7.63,,,
1977-12-12,,,7.64,,,
1977-12-13,,,7.65,,,
1977-12-14,,,7.66,,,
1977-12-15,,,7.67,,,
1977-12-16,,,7.67,,,
1977-12-19,,,7.69,,,
1977-12-20,,,7.74,,,
1977-12-21,,,7.72,,,
1977-12-22,,,7.75,,,
1977-12-23,,,7.75,,,
1977-12-26,,,,,,
1977-12-27,,,7.77,,,
1977-12-28,,,7.78,,,
1977-12-29,,,7.82,,,
1977-12-30,,,7.78,,,
1978-01-01,,,,62.7,,
1978-01-02,,,,,,
1978-01-03,,,7.83,,,
1978-01-04,,,7.82,,,
1978-01-05,,,7.83,,,
1978-01-06,,,7.85,,,
1978-01-09,,,8.01,,,
1978-01-10,,,8.02,,,
1978-01-11,,,8.03,,,
1978-01-12,,,8.02,,,
1978-01-13,,,7.98,,,
1978-01-16,,,7.98,,,
1978-01-17,,,7.98,,,
1978-01-18,,,7.98,,,
1978-01-19,,,7.97,,,
1978-01-20,,,7.97,,,
1978-01-23,,,7.97,,,
1978-01-24,,,7.99,,,
1978-01-25,,,8.0,,,
1978-01-26,,,7.98,,,
1978-01-27,,,7.97,,,
1978-01-30,,,7.96,,,
1978-01-31,,,7.94,,,
1978-02-01,,,7.96,63.0,,
1978-02-02,,,7.96,,,
1978-02-03,,,7.97,,,
1978-02-06,,,7.99,,,
1978-02-07,,,7.99,,,
1978-02-08,,,8.0,,,
1978-02-09,,,8.01,,,
1978-02-10,,,8.02,,,
1978-02-13,,,,,,
1978-02-14,,,8.05,,,
1978-02-15,,,8.08,,,
1978-02-16,,,8.1,,,
1978-02-17,,,8.09,,,
1978-02-20,,,,,,
1978-02-21,,,8.1,,,
1978-02-22,,,8.1,,,
1978-02-23,,,8.08,,,
1978-02-24,,,8.04,,,
1978-02-27,,,8.02,,,
1978-02-28,,,8.04,,,
1978-03-01,,,8.05,63.4,,
1978-03-02,,,8.04,,,
1978-03-03,,,8.04,,,
1978-03-06,,,8.05,,,
1978-03-07,,,8.03,,,
1978-03-08,,,8.03,,,
1978-03-09,,,8.02,,,
1978-03-10,,,8.0,,,
1978-03-13,,,7.99,,,
1978-03-14,,,7.99,,,
1978-03-15,,,8.0,,,
1978-03-16,,,8.0,,,
1978-03-17,,,8.0,,,
1978-03-20,,,7.97,,,
1978-03-21,,,7.97,,,
1978-03-22,,,7.98,,,
1978-03-23,,,8.01,,,
1978-03-24,,,,,,
1978-03-27,,,8.12,,,
1978-03-28,,,8.12,,,
1978-03-29,,,8.11,,,
1978-03-30,,,8.12,,,
1978-03-31,,,8.15,,,
1978-04-01,,,,63.9,,
1978-04-03,,,8.13,,,
1978-04-04,,,8.12,,,
1978-04-05,,,8.14,,,
1978-04-06,,,8.16,,,
1978-04-07,,,8.14,,,
1978-04-10,,,8.15,,,
1978-04-11,,,8.16,,,
1978-04-12,,,8.16,,,
1978-04-13,,,8.15,,,
1978-04-14,,,8.12,,,
1978-04-17,,,8.08,,,
1978-04-18,,,8.08,,,
1978-04-19,,,8.13,,,
1978-04-20,,,8.14,,,
1978-04-21,,,8.16,,,
1978-04-24,,,8.18,,,
1978-04-25,,,8.18,,,
1978-04-26,,,8.22,,,
1978-04-27,,,8.24,,,
1978-04-28,,,8.24,,,
1978-05-01,,,8.24,64.5,,
1978-05-02,,,8.25,,,
1978-05-03,,,8.28,,,
1978-05-04,,,8.27,,,
1978-05-05,,,8.34,,,
1978-05-08,,,8.35,,,
1978-05-09,,,8.34,,,
1978-05-10,,,8.34,,,
1978-05-11,,,8.34,,,
1978-05-12,,,8.36,,,
1978-05-15,,,8.35,,,
1978-05-16,,,8.34,,,
1978-05-17,,,8.33,,,
1978-05-18,,,8.37,,,
1978-05-19,,,8.38,,,
1978-05-22,,,8.38,,,
1978-05-23,,,8.37,,,
1978-05-24,,,8.39,,,
1978-05-25,,,8.4,,,
1978-05-26,,,8.42,,,
1978-05-29,,,,,,
1978-05-30,,,,,,
1978-05-31,,,8.42,,,
1978-06-01,,,8.41,65.0,,
1978-06-02,,,8.39,,,
1978-06-05,,,8.38,,,
1978-06-06,,,8.37,,,
1978-06-07,,,8.37,,,
1978-06-08,,,8.38,,,
1978-06-09,,,8.41,,,
1978-06-12,,,8.4,,,
1978-06-13,,,8.41,,,
1978-06-14,,,8.41,,,
1978-06-15,,,8.41,,,
1978-06-16,,,8.43,,,
1978-06-19,,,8.45,,,
1978-06-20,,,8.47,,,
1978-06-21,,,8.5,,,
1978-06-22,,,8.5,,,
1978-06-23,,,8.55,,,
1978-06-26,,,8.59,,,
1978-06-27,,,8.58,,,
1978-06-28,,,8.57,,,
1978-06-29,,,8.57,,,
1978-06-30,,,8.62,,,
1978-07-01,,,,65.5,,
1978-07-03,,,8.59,,,
1978-07-04,,,,,,
1978-07-05,,,8.62,,,
1978-07-06,,,8.62,,,
1978-07-07,,,8.66,,,
1978-07-10,,,8.68,,,
1978-07-11,,,8.68,,,
1978-07-12,,,8.67,,,
1978-07-13,,,8.68,,,
1978-07-14,,,8.68,,,
1978-07-17,,,8.65,,,
1978-07-18,,,8.63,,,
1978-07-19,,,8.62,,,
1978-07-20,,,8.66,,,
1978-07-21,,,8.67,,,
1978-07-24,,,8.67,,,
1978-07-25,,,8.67,,,
1978-07-26,,,8.66,,,
1978-07-27,,,8.58,,,
1978-07-28,,,8.55,,,
1978-07-31,,,8.56,,,
1978-08-01,,,8.54,65.9,,
1978-08-02,,,8.44,,,
1978-08-03,,,8.39,,,
1978-08-04,,,8.38,,,
1978-08-07,,,8.36,,,
1978-08-08,,,8.35,,,
1978-08-09,,,8.34,,,
1978-08-10,,,8.45,,,
1978-08-11,,,8.44,,,
1978-08-14,,,8.45,,,
1978-08-15,,,8.46,,,
1978-08-16,,,8.55,,,
1978-08-17,,,8.48,,,
1978-08-18,,,8.46,,,
1978-08-21,,,8.41,,,
1978-08-22,,,8.41,,,
1978-08-23,,,8.32,,,
1978-08-24,,,8.35,,,
1978-08-25,,,8.34,,,
1978-08-28,,,8.35,,,
1978-08-29,,,8.37,,,
1978-08-30,,,8.42,,,
1978-08-31,,,8.39,,,
1978-09-01,,,8.38,66.5,,
1978-09-04,,,,,,
1978-09-05,,,8.34,,,
1978-09-06,,,8.35,,,
1978-09-07,,,8.34,,,
1978-09-08,,,8.34,,,
1978-09-11,,,8.31,,,
1978-09-12,,,8.29,,,
1978-09-13,,,8.3,,,
1978-09-14,,,8.32,,,
1978-09-15,,,8.35,,,
1978-09-18,,,8.37,,,
1978-09-19,,,8.38,,,
1978-09-20,,,8.46,,,
1978-09-21,,,8.51,,,
1978-09-22,,,8.56,,,
1978-09-25,,,8.56,,,
1978-09-26,,,8.53,,,
1978-09-27,,,8.54,,,
1978-09-28,,,8.54,,,
1978-09-29,,,8.56,,,
1978-10-01,,,,67.1,,
1978-10-02,,,8.58,,,
1978-10-03,,,8.57,,,
1978-10-04,,,8.59,,,
1978-10-05,,,8.6,,,
1978-10-06,,,8.58,,,
1978-10-09,,,,,,
1978-10-10,,,8.58,,,
1978-10-11,,,8.56,,,
1978-10-12,,,8.51,,,
1978-10-13,,,8.52,,,
1978-10-16,,,8.59,,,
1978-10-17,,,8.6,,,
1978-10-18,,,8.62,,,
1978-10-19,,,8.64,,,
1978-10-20,,,8.66,,,
1978-10-23,,,8.66,,,
1978-10-24,,,8.64,,,
1978-10-25,,,8.65,,,
1978-10-26,,,8.72,,,
1978-10-27,,,8.78,,,
1978-10-30,,,8.88,,,
1978-10-31,,,8.96,,,
1978-11-01,,,8.66,67.5,,
1978-11-02,,,8.73,,,
1978-11-03,,,8.86,,,
1978-11-06,,,8.85,,,
1978-11-07,,,,,,
1978-11-08,,,8.86,,,
1978-11-09,,,8.87,,,
1978-11-10,,,8.86,,,
1978-11-13,,,8.83,,,
1978-11-14,,,8.82,,,
1978-11-15,,,8.76,,,
1978-11-16,,,8.72,,,
1978-11-17,,,8.72,,,
1978-11-20,,,8.72,,,
1978-11-21,,,8.77,,,
1978-11-22,,,8.77,,,
1978-11-23,,,,,,
1978-11-24,,,8.86,,,
1978-11-27,,,8.86,,,
1978-11-28,,,8.86,,,
1978-11-29,,,8.86,,,
1978-11-30,,,8.86,,,
1978-12-01,,,8.8,67.9,,
1978-12-04,,,8.82,,,
1978-12-05,,,8.85,,,
1978-12-06,,,8.85,,,
1978-12-07,,,8.89,,,
1978-12-08,,,8.9,,,
1978-12-11,,,8.9,,,
1978-12-12,,,8.92,,,
1978-12-13,,,8.98,,,
1978-12-14,,,8.96,,,
1978-12-15,,,9.0,,,
1978-12-18,,,9.13,,,
1978-12-19,,,9.14,,,
1978-12-20,,,9.16,,,
1978-12-21,,,9.16,,,
1978-12-22,,,9.11,,,
1978-12-25,,,,,,
1978-12-26,,,9.13,,,
1978-12-27,,,9.12,,,
1978-12-28,,,9.16,,,
1978-12-29,,,9.15,,,
1979-01-01,,,,68.5,,
1979-01-02,,,9.18,,,
1979-01-03,,,9.16,,,
1979-01-04,,,9.11,,,
1979-01-05,,,9.1,,,
1979-01-08,,,9.14,,,
1979-01-09,,,9.16,,,
1979-01-10,,,9.16,,,
1979-01-11,,,9.15,,,
1979-01-12,,,9.14,,,
1979-01-15,,,9.15,,,
1979-01-16,,,9.16,,,
1979-01-17,,,9.18,,,
1979-01-18,,,9.18,,,
1979-01-19,,,9.15,,,
1979-01-22,,,9.12,,,
1979-01-23,,,9.1,,,
1979-01-24,,,9.08,,,
1979-01-25,,,8.98,,,
1979-01-26,,,8.93,,,
1979-01-29,,,8.96,,,
1979-01-30,,,8.95,,,
1979-01-31,,,8.95,,,
1979-02-01,,,8.94,69.2,,
1979-02-02,,,8.89,,,
1979-02-05,,,8.95,,,
1979-02-06,,,9.0,,,
1979-02-07,,,9.09,,,
1979-02-08,,,9.09,,,
1979-02-09,,,9.11,,,
1979-02-12,,,,,,
1979-02-13,,,9.11,,,
1979-02-14,,,9.12,,,
1979-02-15,,,9.12,,,
1979-02-16,,,9.11,,,
1979-02-19,,,,,,
1979-02-20,,,9.12,,,
1979-02-21,,,9.15,,,
1979-02-22,,,9.2,,,
1979-02-23,,,9.21,,,
1979-02-26,,,9.2,,,
1979-02-27,,,9.19,,,
1979-02-28,,,9.17,,,
1979-03-01,,,9.17,69.9,,
1979-03-02,,,9.16,,,
1979-03-05,,,9.11,,,
1979-03-06,,,9.14,,,
1979-03-07,,,9.1,,,
1979-03-08,,,9.1,,,
1979-03-09,,,9.11,,,
1979-03-12,,,9.11,,,
1979-03-13,,,9.11,,,
1979-03-14,,,9.12,,,
1979-03-15,,,9.14,,,
1979-03-16,,,9.12,,,
1979-03-19,,,9.12,,,
1979-03-20,,,9.13,,,
1979-03-21,,,9.13,,,
1979-03-22,,,9.12,,,
1979-03-23,,,9.12,,,
1979-03-26,,,9.12,,,
1979-03-27,,,9.11,,,
1979-03-28,,,9.07,,,
1979-03-29,,,9.06,,,
1979-03-30,,,9.11,,,
1979-04-01,,,,70.6,,
1979-04-02,,,9.11,,,
1979-04-03,,,9.1,,,
1979-04-04,,,9.09,,,
1979-04-05,,,9.07,,,
1979-04-06,,,9.1,,,
1979-04-09,,,9.14,,,
1979-04-10,,,9.17,,,
1979-04-11,,,9.2,,,
1979-04-12,,,9.2,,,
1979-04-13,,,,,,
1979-04-16,,,9.19,,,
1979-04-17,,,9.16,,,
1979-04-18,,,9.15,,,
1979-04-19,,,9.15,,,
1979-04-20,,,9.19,,,
1979-04-23,,,9.21,,,
1979-04-24,,,9.24,,,
1979-04-25,,,9.23,,,
1979-04-26,,,9.27,,,
1979-04-27,,,9.32,,,
1979-04-30,,,9.35,,,
1979-05-01,,,9.36,71.4,,
1979-05-02,,,9.34,,,
1979-05-03,,,9.38,,,
1979-05-04,,,9.39,,,
1979-05-07,,,9.39,,,
1979-05-08,,,9.38,,,
1979-05-09,,,9.36,,,
1979-05-10,,,9.36,,,
1979-05-11,,,9.34,,,
1979-05-14,,,9.3,,,
1979-05-15,,,9.32,,,
1979-05-16,,,9.31,,,
1979-05-17,,,9.24,,,
1979-05-18,,,9.23,,,
1979-05-21,,,9.24,,,
1979-05-22,,,9.15,,,
1979-05-23,,,9.07,,,
1979-05-24,,,9.06,,,
1979-05-25,,,9.01,,,
1979-05-28,,,,,,
1979-05-29,,,9.01,,,
1979-05-30,,,,,,
1979-05-31,,,9.06,,,
1979-06-01,,,9.05,72.2,,
1979-06-04,,,9.06,,,
1979-06-05,,,9.02,,,
1979-06-06,,,8.97,,,
1979-06-07,,,8.89,,,
1979-06-08,,,8.9,,,
1979-06-11,,,8.94,,,
1979-06-12,,,8.79,,,
1979-06-13,,,8.83,,,
1979-06-14,,,8.87,,,
1979-06-15,,,8.96,,,
1979-06-18,,,8.95,,,
1979-06-19,,,8.95,,,
1979-06-20,,,8.94,,,
1979-06-21,,,8.93,,,
1979-06-22,,,8.98,,,
1979-06-25,,,8.93,,,
1979-06-26,,,8.82,,,
1979-06-27,,,8.8,,,
1979-06-28,,,8.8,,,
1979-06-29,,,8.81,,,
1979-07-01,,,,73.0,,
1979-07-02,,,8.76,,,
1979-07-03,,,8.77,,,
1979-07-04,,,,,,
1979-07-05,,,8.8,,,
1979-07-06,,,8.82,,,
1979-07-09,,,8.86,,,
1979-07-10,,,8.92,,,
1979-07-11,,,8.97,,,
1979-07-12,,,8.95,,,
1979-07-13,,,8.94,,,
1979-07-16,,,8.99,,,
1979-07-17,,,9.01,,,
1979-07-18,,,9.03,,,
1979-07-19,,,9.04,,,
1979-07-20,,,8.98,,,
1979-07-23,,,9.03,,,
1979-07-24,,,9.06,,,
1979-07-25,,,8.99,,,
1979-07-26,,,8.97,,,
1979-07-27,,,9.02,,,
1979-07-30,,,9.03,,,
1979-07-31,,,9.01,,,
1979-08-01,,,8.99,73.7,,
1979-08-02,,,8.91,,,
1979-08-03,,,8.92,,,
1979-08-06,,,8.91,,,
1979-08-07,,,8.91,,,
1979-08-08,,,8.93,,,
1979-08-09,,,8.97,,,
1979-08-10,,,9.0,,,
1979-08-13,,,9.0,,,
1979-08-14,,,8.98,,,
1979-08-15,,,9.0,,,
1979-08-16,,,9.0,,,
1979-08-17,,,9.01,,,
1979-08-20,,,9.02,,,
1979-08-21,,,9.04,,,
1979-08-22,,,9.04,,,
1979-08-23,,,9.05,,,
1979-08-24,,,9.14,,,
1979-08-27,,,9.12,,,
1979-08-28,,,9.15,,,
1979-08-29,,,9.14,,,
1979-08-30,,,9.21,,,
1979-08-31,,,9.24,,,
1979-09-01,,,,74.4,,
1979-09-03,,,,,,
1979-09-04,,,9.32,,,
1979-09-05,,,9.32,,,
1979-09-06,,,9.35,,,
1979-09-07,,,9.34,,,
1979-09-10,,,9.36,,,
1979-09-11,,,9.25,,,
1979-09-12,,,9.3,,,
1979-09-13,,,9.34,,,
1979-09-14,,,9.29,,,
1979-09-17,,,9.37,,,
1979-09-18,,,9.36,,,
1979-09-19,,,9.31,,,
1979-09-20,,,9.29,,,
1979-09-21,,,9.26,,,
1979-09-24,,,9.34,,,
1979-09-25,,,9.32,,,
1979-09-26,,,9.36,,,
1979-09-27,,,9.44,,,
1979-09-28,,,9.44,,,
1979-10-01,,,9.51,75.2,,
1979-10-02,,,9.47,,,
1979-10-03,,,9.5,,,
1979-10-04,,,9.58,,,
1979-10-05,,,9.6,,,
1979-10-08,,,,,,
1979-10-09,,,9.93,,,
1979-10-10,,,10.09,,,
1979-10-11,,,10.17,,,
1979-10-12,,,10.15,,,
1979-10-15,,,10.31,,,
1979-10-16,,,10.27,,,
1979-10-17,,,10.2,,,
1979-10-18,,,10.41,,,
1979-10-19,,,10.68,,,
1979-10-22,,,10.96,,,
1979-10-23,,,11.02,,,
1979-10-24,,,10.83,,,
1979-10-25,,,10.98,,,
1979-10-26,,,10.67,,,
1979-10-29,,,10.78,,,
1979-10-30,,,10.75,,,
1979-10-31,,,10.72,,,
1979-11-01,,,10.79,76.0,,
1979-11-02,,,10.84,,,
1979-11-05,,,10.85,,,
1979-11-06,,,,,,
1979-11-07,,,11.0,,,
1979-11-08,,,10.96,,,
1979-11-09,,,10.68,,,
1979-11-12,,,,,,
1979-11-13,,,10.63,,,
1979-11-14,,,10.75,,,
1979-11-15,,,10.62,,,
1979-11-16,,,10.77,,,
1979-11-19,,,10.8,,,
1979-11-20,,,10.78,,,
1979-11-21,,,10.73,,,
1979-11-22,,,,,,
1979-11-23,,,10.51,,,
1979-11-26,,,10.37,,,
1979-11-27,,,10.24,,,
1979-11-28,,,10.37,,,
1979-11-29,,,10.34,,,
1979-11-30,,,10.38,,,
1979-12-01,,,,76.9,,
1979-12-03,,,10.44,,,
1979-12-04,,,10.32,,,
1979-12-05,,,10.27,,,
1979-12-06,,,10.13,,,
1979-12-07,,,10.3,,,
1979-12-10,,,10.27,,,
1979-12-11,,,10.46,,,
1979-12-12,,,10.58,,,
1979-12-13,,,10.51,,,
1979-12-14,,,10.45,,,
1979-12-17,,,10.42,,,
1979-12-18,,,10.34,,,
1979-12-19,,,10.33,,,
1979-12-20,,,10.38,,,
1979-12-21,,,10.39,,,
1979-12-24,,,10.45,,,
1979-12-25,,,,,,
1979-12-26,,,10.48,,,
1979-12-27,,,10.46,,,
1979-12-28,,,10.41,,,
1979-12-31,,,10.33,,,
1980-01-01,,,,78.0,,
1980-01-02,,,10.5,,,
1980-01-03,,,10.6,,,
1980-01-04,,,10.66,,,
1980-01-07,,,10.63,,,
1980-01-08,,,10.57,,,
1980-01-09,,,10.58,,,
1980-01-10,,,10.51,,,
1980-01-11,,,10.68,,,
1980-01-14,,,10.7,,,
1980-01-15,,,10.65,,,
1980-01-16,,,10.65,,,
1980-01-17,,,10.71,,,
1980-01-18,,,10.82,,,
1980-01-21,,,10.96,,,
1980-01-22,,,10.85,,,
1980-01-23,,,10.82,,,
1980-01-24,,,11.01,,,
1980-01-25,,,11.1,,,
1980-01-28,,,11.15,,,
1980-01-29,,,11.21,,,
1980-01-30,,,11.16,,,
1980-01-31,,,11.13,,,
1980-02-01,,,11.29,79.0,,
1980-02-04,,,11.4,,,
1980-02-05,,,11.73,,,
1980-02-06,,,11.92,,,
1980-02-07,,,11.71,,,
1980-02-08,,,11.8,,,
1980-02-11,,,12.01,,,
1980-02-12,,,,,,
1980-02-13,,,11.86,,,
1980-02-14,,,11.97,,,
1980-02-15,,,12.2,,,
1980-02-18,,,,,,
1980-02-19,,,12.85,,,
1980-02-20,,,12.84,,,
1980-02-21,,,13.22,,,
1980-02-22,,,13.06,,,
1980-02-25,,,13.27,,,
1980-02-26,,,13.65,,,
1980-02-27,,,13.46,,,
1980-02-28,,,12.92,,,
1980-02-29,,,12.72,,,
1980-03-01,,,,80.1,,
1980-03-03,,,12.79,,,
1980-03-04,,,12.91,,,
1980-03-05,,,13.03,,,
1980-03-06,,,13.13,,,
1980-03-07,,,12.86,,,
1980-03-10,,,12.63,,,
1980-03-11,,,12.41,,,
1980-03-12,,,12.62,,,
1980-03-13,,,12.5,,,
1980-03-14,,,12.52,,,
1980-03-17,,,12.58,,,
1980-03-18,,,12.4,,,
1980-03-19,,,12.35,,,
1980-03-20,,,12.62,,,
1980-03-21,,,12.75,,,
1980-03-24,,,13.17,,,
1980-03-25,,,13.1,,,
1980-03-26,,,13.03,,,
1980-03-27,,,12.97,,,
1980-03-28,,,12.72,,,
1980-03-31,,,12.64,,,
1980-04-01,,,12.69,80.9,,
1980-04-02,,,12.63,,,
1980-04-03,,,12.52,,,
1980-04-04,,,,,,
1980-04-07,,,12.13,,,
1980-04-08,,,12.21,,,
1980-04-09,,,12.06,,,
1980-04-10,,,12.06,,,
1980-04-11,,,11.79,,,
1980-04-14,,,11.62,,,
1980-04-15,,,11.57,,,
1980-04-16,,,10.9,,,
1980-04-17,,,11.13,,,
1980-04-18,,,11.05,,,
1980-04-21,,,10.9,,,
1980-04-22,,,10.82,,,
1980-04-23,,,10.89,,,
1980-04-24,,,10.96,,,
1980-04-25,,,10.95,,,
1980-04-28,,,10.63,,,
1980-04-29,,,10.67,,,
1980-04-30,,,10.76,,,
1980-05-01,,,10.57,81.7,,
1980-05-02,,,10.24,,,
1980-05-05,,,10.18,,,
1980-05-06,,,9.8,,,
1980-05-07,,,9.96,,,
1980-05-08,,,10.18,,,
1980-05-09,,,10.3,,,
1980-05-12,,,10.3,,,
1980-05-13,,,10.13,,,
1980-05-14,,,10.14,,,
1980-05-15,,,10.31,,,
1980-05-16,,,10.37,,,
1980-05-19,,,10.53,,,
1980-05-20,,,10.22,,,
1980-05-21,,,10.08,,,
1980-05-22,,,10.1,,,
1980-05-23,,,9.85,,,
1980-05-26,,,,,,
1980-05-27,,,9.96,,,
1980-05-28,,,10.1,,,
1980-05-29,,,10.24,,,
1980-05-30,,,10.25,,,
1980-06-01,,,,82.5,,
1980-06-02,,,10.31,,,
1980-06-03,,,10.16,,,
1980-06-04,,,10.07,,,
1980-06-05,,,10.02,,,
1980-06-06,,,9.81,,,
1980-06-09,,,9.73,,,
1980-06-10,,,9.83,,,
1980-06-11,,,9.7,,,
1980-06-12,,,9.53,,,
1980-06-13,,,9.51,,,
1980-06-16,,,9.47,,,
1980-06-17,,,9.49,,,
1980-06-18,,,9.56,,,
1980-06-19,,,9.56,,,
1980-06-20,,,9.49,,,
1980-06-23,,,9.63,,,
1980-06-24,,,9.68,,,
1980-06-25,,,9.79,,,
1980-06-26,,,9.87,,,
1980-06-27,,,10.04,,,
1980-06-30,,,10.09,,,
1980-07-01,,,10.13,82.6,,
1980-07-02,,,10.19,,,
1980-07-03,,,10.01,,,
1980-07-04,,,,,,
1980-07-07,,,10.2,,,
1980-07-08,,,10.09,,,
1980-07-09,,,10.14,,,
1980-07-10,,,10.21,,,
1980-07-11,,,10.28,,,
1980-07-14,,,10.33,,,
1980-07-15,,,10.17,,,
1980-07-16,,,10.07,,,
1980-07-17,,,10.21,,,
1980-07-18,,,10.2,,,
1980-07-21,,,10.13,,,
1980-07-22,,,10.18,,,
1980-07-23,,,10.12,,,
1980-07-24,,,10.24,,,
1980-07-25,,,10.35,,,
1980-07-28,,,10.46,,,
1980-07-29,,,10.45,,,
1980-07-30,,,10.53,,,
1980-07-31,,,10.76,,,
1980-08-01,,,10.76,83.2,,
1980-08-04,,,10.69,,,
1980-08-05,,,10.7,,,
1980-08-06,,,10.8,,,
1980-08-07,,,10.71,,,
1980-08-08,,,10.87,,,
1980-08-11,,,11.03,,,
1980-08-12,,,10.98,,,
1980-08-13,,,10.89,,,
1980-08-14,,,10.9,,,
1980-08-15,,,10.86,,,
1980-08-18,,,11.13,,,
1980-08-19,,,11.24,,,
1980-08-20,,,11.22,,,
1980-08-21,,,11.3,,,
1980-08-22,,,11.13,,,
1980-08-25,,,11.4,,,
1980-08-26,,,11.42,,,
1980-08-27,,,11.67,,,
1980-08-28,,,11.89,,,
1980-08-29,,,11.55,,,
1980-09-01,,,,83.9,,
1980-09-02,,,11.32,,,
1980-09-03,,,11.08,,,
1980-09-04,,,11.16,,,
1980-09-05,,,11.21,,,
1980-09-08,,,11.29,,,
1980-09-09,,,11.19,,,
1980-09-10,,,11.14,,,
1980-09-11,,,11.32,,,
1980-09-12,,,11.37,,,
1980-09-15,,,11.62,,,
1980-09-16,,,11.52,,,
1980-09-17,,,11.57,,,
1980-09-18,,,11.53,,,
1980-09-19,,,11.33,,,
1980-09-22,,,11.69,,,
1980-09-23,,,11.76,,,
1980-09-24,,,11.75,,,
1980-09-25,,,11.91,,,
1980-09-26,,,11.99,,,
1980-09-29,,,12.07,,,
1980-09-30,,,11.86,,,
1980-10-01,,,11.78,84.7,,
1980-10-02,,,11.83,,,
1980-10-03,,,11.4,,,
1980-10-06,,,11.35,,,
1980-10-07,,,11.43,,,
1980-10-08,,,11.51,,,
1980-10-09,,,11.39,,,
1980-10-10,,,11.44,,,
1980-10-13,,,,,,
1980-10-14,,,11.37,,,
1980-10-15,,,11.29,,,
1980-10-16,,,11.47,,,
1980-10-17,,,11.62,,,
1980-10-20,,,11.64,,,
1980-10-21,,,11.7,,,
1980-10-22,,,11.88,,,
1980-10-23,,,11.82,,,
1980-10-24,,,11.74,,,
1980-10-27,,,12.13,,,
1980-10-28,,,12.32,,,
1980-10-29,,,12.48,,,
1980-10-30,,,12.48,,,
1980-10-31,,,12.46,,,
1980-11-01,,,,85.6,,
1980-11-03,,,12.46,,,
1980-11-04,,,,,,
1980-11-05,,,12.61,,,
1980-11-06,,,13.04,,,
1980-11-07,,,12.66,,,
1980-11-10,,,12.78,,,
1980-11-11,,,,,,
1980-11-12,,,12.47,,,
1980-11-13,,,12.49,,,
1980-11-14,,,12.79,,,
1980-11-17,,,12.95,,,
1980-11-18,,,12.62,,,
1980-11-19,,,12.51,,,
1980-11-20,,,12.59,,,
1980-11-21,,,12.8,,,
1980-11-24,,,12.76,,,
1980-11-25,,,12.74,,,
1980-11-26,,,12.65,,,
1980-11-27,,,,,,
1980-11-28,,,12.72,,,
1980-12-01,,,12.92,86.4,,
1980-12-02,,,12.95,,,
1980-12-03,,,12.92,,,
1980-12-04,,,12.91,,,
1980-12-05,,,12.85,,,
1980-12-08,,,12.91,,,
1980-12-09,,,13.1,,,
1980-12-10,,,13.15,,,
1980-12-11,,,13.57,,,
1980-12-12,,,13.21,,,
1980-12-15,,,13.25,,,
1980-12-16,,,13.51,,,
1980-12-17,,,13.28,,,
1980-12-18,,,13.22,,,
1980-12-19,,,12.64,,,
1980-12-22,,,12.14,,,
1980-12-23,,,12.35,,,
1980-12-24,,,12.42,,,
1980-12-25,,,,,,
1980-12-26,,,12.25,,,
1980-12-29,,,12.2,,,
1980-12-30,,,12.39,,,
1980-12-31,,,12.43,,,
1981-01-01,,,,87.2,,
1981-01-02,1.5341,,12.42,,,
1981-01-05,1.5418,,12.15,,,
1981-01-06,1.5264,,12.11,,,
1981-01-07,1.5264,,12.38,,,
1981-01-08,1.5264,,12.35,,,
1981-01-09,1.5371,,12.57,,,
1981-01-12,1.5371,,12.45,,,
1981-01-13,1.5449,,12.53,,,
1981-01-14,1.5449,,12.53,,,
1981-01-15,1.5449,,12.62,,,
1981-01-16,1.5557,,12.53,,,
1981-01-19,1.5557,,12.64,,,
1981-01-20,1.5557,,12.5,,,
1981-01-21,1.5557,,12.77,,,
1981-01-22,1.551,,12.87,,,
1981-01-23,1.551,,12.84,,,
1981-01-26,1.5634,,12.7,,,
1981-01-27,1.5759,,12.73,,,
1981-01-28,1.5822,,12.77,,,
1981-01-29,1.5886,,12.8,,,
1981-01-30,1.5886,,12.68,,,
1981-02-01,,,,88.0,,
1981-02-02,1.6108,,12.86,,,
1981-02-03,1.6108,,12.98,,,
1981-02-04,1.6028,,12.86,,,
1981-02-05,1.6028,,12.95,,,
1981-02-06,1.6028,,13.09,,,
1981-02-09,1.6059,,13.21,,,
1981-02-10,1.6059,,13.27,,,
1981-02-11,1.6059,,13.42,,,
1981-02-12,,,,,,
1981-02-13,1.6285,,13.65,,,
1981-02-16,,,,,,
1981-02-17,1.6579,,13.33,,,
1981-02-18,1.6298,,13.3,,,
1981-02-19,1.6298,,13.09,,,
1981-02-20,1.6021,,12.9,,,
1981-02-23,1.5909,,13.19,,,
1981-02-24,1.6099,,13.21,,,
1981-02-25,1.6035,,13.29,,,
1981-02-26,1.6179,,13.47,,,
1981-02-27,1.6179,,13.43,,,
1981-03-01,,,,88.6,,
1981-03-02,1.6293,,13.62,,,
1981-03-03,1.6456,,13.43,,,
1981-03-04,1.6374,,13.45,,,
1981-03-05,1.6456,,13.43,,,
1981-03-06,1.6456,,13.2,,,
1981-03-09,1.6456,,13.09,,,
1981-03-10,1.6407,,13.08,,,
1981-03-11,1.6407,,13.12,,,
1981-03-12,1.6407,,13.03,,,
1981-03-13,1.6407,,12.86,,,
1981-03-16,1.6402,,12.85,,,
1981-03-17,1.6309,,12.68,,,
1981-03-18,1.6227,,12.58,,,
1981-03-19,1.6049,,12.67,,,
1981-03-20,1.6129,,12.77,,,
1981-03-23,1.6129,,13.13,,,
1981-03-24,1.6209,,13.3,,,
1981-03-25,1.6209,,13.21,,,
1981-03-26,1.6209,,13.34,,,
1981-03-27,1.6372,,13.36,,,
1981-03-30,1.6372,,13.22,,,
1981-03-31,1.6165,,13.13,,,
1981-04-01,1.6337,,13.14,89.1,,
1981-04-02,1.6337,,13.25,,,
1981-04-03,1.6418,,13.4,,,
1981-04-06,1.65,,13.74,,,
1981-04-07,1.6599,,13.41,,,
1981-04-08,1.6483,,13.61,,,
1981-04-09,1.6483,,13.45,,,
1981-04-10,1.6565,,13.59,,,
1981-04-13,1.6565,,13.68,,,
1981-04-14,1.6682,,13.58,,,
1981-04-15,1.6682,,13.74,,,
1981-04-16,1.6798,,13.79,,,
1981-04-17,1.6798,,,,,
1981-04-20,1.6798,,13.69,,,
1981-04-21,1.6798,,13.73,,,
1981-04-22,1.6798,,13.78,,,
1981-04-23,1.6798,,13.8,,,
1981-04-24,1.6798,,13.88,,,
1981-04-27,1.6798,,13.92,,,
1981-04-28,1.6798,,13.93,,,
1981-04-29,1.6798,,14.05,,,
1981-04-30,1.6882,,14.11,,,
1981-05-01,1.6882,,14.05,89.7,,
1981-05-04,1.6882,,14.47,,,
1981-05-05,1.7085,,14.69,,,
1981-05-06,1.717,,14.56,,,
1981-05-07,1.717,,14.33,,,
1981-05-08,1.717,,14.23,,,
1981-05-11,1.717,,14.34,,,
1981-05-12,1.7273,,14.46,,,
1981-05-13,1.7273,,14.49,,,
1981-05-14,1.7359,,14.24,,,
1981-05-15,1.7359,,14.07,,,
1981-05-18,1.7359,,13.8,,,
1981-05-19,1.7359,,13.95,,,
1981-05-20,1.7359,,14.0,,,
1981-05-21,1.7272,,14.05,,,
1981-05-22,1.7429,,13.82,,,
1981-05-25,,,,,,
1981-05-26,1.7392,,13.67,,,
1981-05-27,1.748,,13.71,,,
1981-05-28,1.748,,13.56,,,
1981-05-29,1.748,,13.5,,,
1981-06-01,1.748,,13.46,90.5,,
1981-06-02,1.7567,,13.58,,,
1981-06-03,1.7567,,13.55,,,
1981-06-04,1.7672,,13.51,,,
1981-06-05,1.7813,,13.56,,,
1981-06-08,1.7813,,13.36,,,
1981-06-09,1.7813,,13.37,,,
1981-06-10,1.7742,,13.31,,,
1981-06-11,1.7813,,13.32,,,
1981-06-12,1.7724,,13.35,,,
1981-06-15,1.7512,,13.09,,,
1981-06-16,1.7512,,13.08,,,
1981-06-17,1.7512,,13.23,,,
1981-06-18,1.7599,,13.57,,,
1981-06-19,1.7599,,13.46,,,
1981-06-22,1.7511,,13.44,,,
1981-06-23,1.7511,,13.56,,,
1981-06-24,1.7511,,13.66,,,
1981-06-25,1.7511,,13.7,,,
1981-06-26,1.7511,,13.69,,,
1981-06-29,1.7511,,13.68,,,
1981-06-30,1.7511,,13.86,,,
1981-07-01,1.7511,,14.04,91.5,,
1981-07-02,1.7616,,13.95,,,
1981-07-03,1.7616,,,,,
1981-07-06,1.7616,,13.81,,,
1981-07-07,1.7686,,14.04,,,
1981-07-08,1.7686,,14.11,,,
1981-07-09,1.7686,,14.12,,,
1981-07-10,1.7686,,13.94,,,
1981-07-13,1.7598,,13.99,,,
1981-07-14,1.751,,14.15,,,
1981-07-15,1.7598,,14.07,,,
1981-07-16,1.751,,14.11,,,
1981-07-17,1.751,,14.09,,,
1981-07-20,1.7597,,14.59,,,
1981-07-21,1.7667,,14.61,,,
1981-07-22,1.7667,,14.63,,,
1981-07-23,1.7667,,14.57,,,
1981-07-24,1.7667,,14.41,,,
1981-07-27,1.7667,,14.43,,,
1981-07-28,1.7755,,14.53,,,
1981-07-29,1.7755,,14.61,,,
1981-07-30,1.7755,,14.71,,,
1981-07-31,1.7845,,14.67,,,
1981-08-01,,,,92.2,,
1981-08-03,1.7934,,14.95,,,
1981-08-04,1.8113,,14.95,,,
1981-08-05,1.8113,,14.91,,,
1981-08-06,1.8041,,14.86,,,
1981-08-07,1.8149,,14.83,,,
1981-08-10,1.8367,,14.65,,,
1981-08-11,1.8367,,14.4,,,
1981-08-12,1.8092,,14.61,,,
1981-08-13,1.8092,,14.65,,,
1981-08-14,1.8218,,14.74,,,
1981-08-17,1.8,,14.71,,,
1981-08-18,1.8,,14.79,,,
1981-08-19,1.791,,14.77,,,
1981-08-20,1.791,,14.89,,,
1981-08-21,1.773,,14.97,,,
1981-08-24,1.7872,,15.32,,,
1981-08-25,1.7997,,15.35,,,
1981-08-26,1.7853,,15.31,,,
1981-08-27,1.7853,,15.36,,,
1981-08-28,1.7727,,15.25,,,
1981-08-31,1.7727,,15.41,,,
1981-09-01,1.7815,,15.41,93.1,,
1981-09-02,1.7815,,15.4,,,
1981-09-03,1.7673,,15.48,,,
1981-09-04,1.7673,,15.51,,,
1981-09-07,,,,,,
1981-09-08,1.7673,,15.59,,,
1981-09-09,1.7796,,15.53,,,
1981-09-10,1.7686,,15.3,,,
1981-09-11,1.7689,,15.05,,,
1981-09-14,1.7565,,15.2,,,
1981-09-15,1.7319,,15.08,,,
1981-09-16,1.7319,,15.11,,,
1981-09-17,1.7233,,14.95,,,
1981-09-18,1.7233,,14.91,,,
1981-09-21,1.7233,,14.78,,,
1981-09-22,1.7181,,15.03,,,
1981-09-23,1.7404,,15.23,,,
1981-09-24,1.7492,,15.31,,,
1981-09-25,1.7579,,15.68,,,
1981-09-28,1.7667,,15.65,,,
1981-09-29,1.7614,,15.76,,,
1981-09-30,1.7719,,15.84,,,
1981-10-01,1.7719,,15.75,93.4,,
1981-10-02,1.7719,,15.41,,,
1981-10-05,1.7525,,15.19,,,
1981-10-06,1.7525,,15.14,,,
1981-10-07,1.7507,,15.04,,,
1981-10-08,1.7366,,15.0,,,
1981-10-09,1.7297,,14.73,,,
1981-10-12,,,,,,
1981-10-13,1.7297,,14.83,,,
1981-10-14,1.7383,,14.87,,,
1981-10-15,1.7383,,14.88,,,
1981-10-16,1.7506,,14.94,,,
1981-10-19,1.7505,,14.95,,,
1981-10-20,1.7505,,15.09,,,
1981-10-21,1.7575,,15.34,,,
1981-10-22,1.768,,15.38,,,
1981-10-23,1.768,,15.3,,,
1981-10-26,1.768,,15.6,,,
1981-10-27,1.7857,,15.54,,,
1981-10-28,1.7857,,15.44,,,
1981-10-29,1.7857,,15.06,,,
1981-10-30,1.7678,,14.63,,,
1981-11-01,,,,93.8,,
1981-11-02,1.7502,,14.57,,,
1981-11-03,,,,,,
1981-11-04,1.7502,,14.18,,,
1981-11-05,1.7502,,14.19,,,
1981-11-06,1.7502,,13.94,,,
1981-11-09,1.7414,,13.39,,,
1981-11-10,1.7414,,13.4,,,
1981-11-11,,,,,,
1981-11-12,1.7484,,13.19,,,
1981-11-13,1.7343,,13.18,,,
1981-11-16,1.7343,,13.07,,,
1981-11-17,1.743,,13.18,,,
1981-11-18,1.743,,13.0,,,
1981-11-19,1.7326,,13.04,,,
1981-11-20,1.743,,13.14,,,
1981-11-23,1.743,,13.44,,,
1981-11-24,1.743,,13.13,,,
1981-11-25,1.743,,12.98,,,
1981-11-26,,,,,,
1981-11-27,1.7274,,12.92,,,
1981-11-30,1.7171,,13.13,,,
1981-12-01,1.7171,,13.37,94.1,,
1981-12-02,1.724,,13.49,,,
1981-12-03,1.724,,13.45,,,
1981-12-04,1.724,,13.15,,,
1981-12-07,1.724,,13.5,,,
1981-12-08,1.724,,13.5,,,
1981-12-09,1.736,,13.64,,,
1981-12-10,1.736,,13.8,,,
1981-12-11,1.736,,13.84,,,
1981-12-14,1.7517,,13.62,,,
1981-12-15,1.7517,,13.55,,,
1981-12-16,1.7429,,13.53,,,
1981-12-17,1.7429,,13.71,,,
1981-12-18,1.7429,,13.51,,,
1981-12-21,1.7569,,13.83,,,
1981-12-22,1.7569,,14.02,,,
1981-12-23,1.7499,,14.14,,,
1981-12-24,1.7499,,14.01,,,
1981-12-25,,,,,,
1981-12-28,1.7499,,14.01,,,
1981-12-29,1.7499,,14.12,,,
1981-12-30,1.7499,,14.17,,,
1981-12-31,1.7499,,13.98,,,
1982-01-01,,,,94.4,,
1982-01-04,1.7499,,14.19,,,
1982-01-05,1.7393,,14.44,,,
1982-01-06,1.7481,,14.59,,,
1982-01-07,1.7481,,14.63,,,
1982-01-08,1.7481,,14.48,,,
1982-01-11,1.7481,,14.81,,,
1982-01-12,1.7655,,14.62,,,
1982-01-13,1.7655,,14.83,,,
1982-01-14,1.7655,,14.7,,,
1982-01-15,1.7761,,14.82,,,
1982-01-18,1.7868,,14.75,,,
1982-01-19,1.7796,,14.8,,,
1982-01-20,1.7796,,14.81,,,
1982-01-21,1.7796,,14.62,,,
1982-01-22,1.7796,,14.69,,,
1982-01-25,1.7904,,14.62,,,
1982-01-26,1.7904,,14.54,,,
1982-01-27,1.7904,,14.51,,,
1982-01-28,1.7975,,14.29,,,
1982-01-29,1.7975,,14.14,,,
1982-02-01,1.7895,,14.58,94.7,,
1982-02-02,1.8083,,14.47,,,
1982-02-03,1.8155,,14.69,,,
1982-02-04,1.8155,,14.76,,,
1982-02-05,1.8155,,14.65,,,
1982-02-08,1.8155,,14.88,,,
1982-02-09,1.8247,,14.95,,,
1982-02-10,1.8247,,14.81,,,
1982-02-11,1.825,,14.71,,,
1982-02-12,,,,,,
1982-02-15,,,,,,
1982-02-16,1.8247,,14.53,,,
1982-02-17,1.8247,,14.5,,,
1982-02-18,1.8338,,14.28,,,
1982-02-19,1.8227,,14.24,,,
1982-02-22,1.8136,,13.87,,,
1982-02-23,1.8136,,13.93,,,
1982-02-24,1.8282,,13.87,,,
1982-02-25,1.8282,,13.91,,,
1982-02-26,1.8355,,14.03,,,
1982-03-01,1.8447,,13.85,94.7,,
1982-03-02,1.8447,,13.74,,,
1982-03-03,1.8355,,13.69,,,
1982-03-04,1.8335,,13.61,,,
1982-03-05,1.8263,,13.59,,,
1982-03-08,1.8171,,13.67,,,
1982-03-09,1.8171,,13.69,,,
1982-03-10,1.8299,,13.73,,,
1982-03-11,1.8229,,13.95,,,
1982-03-12,1.8335,,13.97,,,
1982-03-15,1.8335,,13.96,,,
1982-03-16,1.8335,,13.91,,,
1982-03-17,1.8426,,13.88,,,
1982-03-18,1.8426,,13.87,,,
1982-03-19,1.8426,,13.89,,,
1982-03-22,1.8518,,13.74,,,
1982-03-23,1.861,,13.72,,,
1982-03-24,1.8517,,13.91,,,
1982-03-25,1.8517,,13.9,,,
1982-03-26,1.8628,,14.01,,,
1982-03-29,1.8628,,14.16,,,
1982-03-30,1.8722,,14.19,,,
1982-03-31,1.8722,,14.18,,,
1982-04-01,1.8722,,14.1,95.0,,
1982-04-02,1.8528,,14.1,,,
1982-04-05,1.8628,,14.16,,,
1982-04-06,1.8628,,14.18,,,
1982-04-07,1.8628,,14.18,,,
1982-04-08,1.8628,,13.98,,,
1982-04-09,1.8628,,,,,
1982-04-12,1.8628,,13.83,,,
1982-04-13,1.8628,,13.83,,,
1982-04-14,1.8628,,13.95,,,
1982-04-15,1.8628,,13.91,,,
1982-04-16,1.8722,,13.71,,,
1982-04-19,1.8628,,13.66,,,
1982-04-20,1.8628,,13.72,,,
1982-04-21,1.8628,,13.69,,,
1982-04-22,1.8517,,13.71,,,
1982-04-23,1.8517,,13.69,,,
1982-04-26,1.8443,,13.7,,,
1982-04-27,1.8443,,13.7,,,
1982-04-28,1.8333,,13.77,,,
1982-04-29,1.8333,,13.87,,,
1982-04-30,1.8333,,13.87,,,
1982-05-01,,,,95.9,,
1982-05-03,1.8222,,13.95,,,
1982-05-04,1.8222,,13.87,,,
1982-05-05,1.8222,,13.8,,,
1982-05-06,1.8131,,13.54,,,
1982-05-07,1.7986,,13.48,,,
1982-05-10,1.7986,,13.49,,,
1982-05-11,1.7986,,13.46,,,
1982-05-12,1.7986,,13.59,,,
1982-05-13,1.7986,,13.62,,,
1982-05-14,1.813,,13.48,,,
1982-05-17,1.813,,13.57,,,
1982-05-18,1.813,,13.6,,,
1982-05-19,1.813,,13.64,,,
1982-05-20,1.813,,13.53,,,
1982-05-21,1.813,,13.52,,,
1982-05-24,1.813,,13.58,,,
1982-05-25,1.813,,13.62,,,
1982-05-26,1.813,,13.68,,,
1982-05-27,1.8239,,13.72,,,
1982-05-28,1.8331,,13.71,,,
1982-05-31,,,,,,
1982-06-01,1.8331,,13.93,97.0,,
1982-06-02,1.8514,,13.86,,,
1982-06-03,1.8514,,13.9,,,
1982-06-04,1.8514,,13.98,,,
1982-06-07,1.8514,,13.94,,,
1982-06-08,1.8625,,13.98,,,
1982-06-09,1.8756,,13.99,,,
1982-06-10,1.8756,,14.02,,,
1982-06-11,1.8868,,13.93,,,
1982-06-14,1.8755,,14.21,,,
1982-06-15,1.9074,,14.21,,,
1982-06-16,1.9074,,14.26,,,
1982-06-17,1.9226,,14.48,,,
1982-06-18,1.9322,,14.62,,,
1982-06-21,1.9322,,14.63,,,
1982-06-22,1.9477,,14.66,,,
1982-06-23,1.9477,,14.74,,,
1982-06-24,1.9398,,14.71,,,
1982-06-25,1.9398,,14.76,,,
1982-06-28,1.9515,,14.73,,,
1982-06-29,1.9515,,14.61,,,
1982-06-30,1.9358,,14.44,,,
1982-07-01,1.9358,,14.4,97.5,,
1982-07-02,1.9358,,14.5,,,
1982-07-05,,,,,,
1982-07-06,1.9358,,14.48,,,
1982-07-07,1.9552,,14.49,,,
1982-07-08,1.9552,,14.19,,,
1982-07-09,1.9552,,14.03,,,
1982-07-12,1.9395,,13.87,,,
1982-07-13,1.9395,,14.02,,,
1982-07-14,1.9395,,14.1,,,
1982-07-15,1.9395,,13.96,,,
1982-07-16,1.9395,,13.7,,,
1982-07-19,1.9298,,13.68,,,
1982-07-20,1.9298,,13.53,,,
1982-07-21,1.9298,,13.6,,,
1982-07-22,1.9086,,13.51,,,
1982-07-23,1.9086,,13.56,,,
1982-07-26,1.8857,,13.91,,,
1982-07-27,1.9026,,13.86,,,
1982-07-28,1.9026,,13.97,,,
1982-07-29,1.9312,,13.83,,,
1982-07-30,1.9312,,13.68,,,
1982-08-01,,,,97.7,,
1982-08-02,1.9312,,13.41,,,
1982-08-03,1.9196,,13.51,,,
1982-08-04,1.9292,,13.68,,,
1982-08-05,1.9446,,13.7,,,
1982-08-06,1.9525,,13.85,,,
1982-08-09,1.9661,,13.7,,,
1982-08-10,1.9661,,13.69,,,
1982-08-11,1.9661,,13.71,,,
1982-08-12,1.9661,,13.55,,,
1982-08-13,1.9661,,13.2,,,
1982-08-16,1.9661,,13.09,,,
1982-08-17,1.9661,,12.65,,,
1982-08-18,1.9661,,12.57,,,
1982-08-19,1.9484,,12.47,,,
1982-08-20,1.9328,,12.24,,,
1982-08-23,1.9193,,12.47,,,
1982-08-24,1.9193,,12.35,,,
1982-08-25,1.9078,,12.43,,,
1982-08-26,1.9173,,12.55,,,
1982-08-27,1.9173,,12.77,,,
1982-08-30,1.9326,,12.81,,,
1982-08-31,1.9501,,12.81,,,
1982-09-01,1.9501,,12.76,97.7,,
1982-09-02,1.9501,,12.6,,,
1982-09-03,1.9305,,12.47,,,
1982-09-06,,,,,,
1982-09-07,1.944,,12.53,,,
1982-09-08,1.944,,12.51,,,
1982-09-09,1.944,,12.53,,,
1982-09-10,1.944,,12.73,,,
1982-09-13,1.9577,,12.63,,,
1982-09-14,1.9577,,12.56,,,
1982-09-15,1.9577,,12.6,,,
1982-09-16,1.9577,,12.6,,,
1982-09-17,1.9577,,12.51,,,
1982-09-20,1.9577,,12.47,,,
1982-09-21,1.9577,,12.18,,,
1982-09-22,1.9479,,12.04,,,
1982-09-23,1.9577,,11.94,,,
1982-09-24,1.9675,,12.09,,,
1982-09-27,1.9675,,11.99,,,
1982-09-28,1.9832,,11.85,,,
1982-09-29,1.9832,,11.8,,,
1982-09-30,1.9733,,11.73,,,
1982-10-01,1.9733,,11.51,98.1,,
1982-10-04,1.9753,,11.72,,,
1982-10-05,1.9931,,11.69,,,
1982-10-06,1.9931,,11.5,,,
1982-10-07,1.9931,,10.91,,,
1982-10-08,1.9632,,10.83,,,
1982-10-11,,,,,,
1982-10-12,1.9612,,10.53,,,
1982-10-13,1.9612,,10.39,,,
1982-10-14,1.9729,,10.61,,,
1982-10-15,1.9827,,10.75,,,
1982-10-18,1.9827,,10.58,,,
1982-10-19,1.9947,,10.56,,,
1982-10-20,1.9947,,10.69,,,
1982-10-21,2.0046,,10.69,,,
1982-10-22,2.0046,,10.81,,,
1982-10-25,2.0046,,11.11,,,
1982-10-26,2.0046,,10.87,,,
1982-10-27,2.0046,,10.9,,,
1982-10-28,2.0046,,10.77,,,
1982-10-29,2.0046,,10.71,,,
1982-11-01,2.0046,,10.56,98.0,,
1982-11-02,,,,,,
1982-11-03,2.0046,,10.46,,,
1982-11-04,2.0046,,10.42,,,
1982-11-05,2.0046,,10.48,,,
1982-11-08,2.0046,,10.55,,,
1982-11-09,2.0046,,10.51,,,
1982-11-10,2.0046,,10.48,,,
1982-11-11,,,,,,
1982-11-12,2.0046,,10.58,,,
1982-11-15,2.0046,,10.65,,,
1982-11-16,2.0046,,10.67,,,
1982-11-17,2.0046,,10.59,,,
1982-11-18,2.0046,,10.46,,,
1982-11-19,2.0046,,10.42,,,
1982-11-22,1.9906,,10.43,,,
1982-11-23,1.9906,,10.53,,,
1982-11-24,1.9906,,10.59,,,
1982-11-25,,,,,,
1982-11-26,1.9906,,10.51,,,
1982-11-29,1.9906,,10.78,,,
1982-11-30,1.9906,,10.79,,,
1982-12-01,1.9687,,10.74,97.7,,
1982-12-02,1.9687,,10.68,,,
1982-12-03,1.9569,,10.47,,,
1982-12-06,1.9569,,10.46,,,
1982-12-07,1.9412,,10.48,,,
1982-12-08,1.9412,,10.62,,,
1982-12-09,1.9412,,10.58,,,
1982-12-10,1.951,,10.66,,,
1982-12-13,1.951,,10.61,,,
1982-12-14,1.9646,,10.46,,,
1982-12-15,1.9509,,10.5,,,
1982-12-16,1.9509,,10.59,,,
1982-12-17,1.9372,,10.64,,,
1982-12-20,1.9372,,10.7,,,
1982-12-21,1.9372,,10.54,,,
1982-12-22,1.9372,,10.53,,,
1982-12-23,1.9372,,10.47,,,
1982-12-24,1.9372,,,,,
1982-12-27,1.9372,,10.44,,,
1982-12-28,1.9372,,10.44,,,
1982-12-29,1.9275,,10.47,,,
1982-12-30,1.9275,,10.44,,,
1982-12-31,1.9275,,10.36,,,
1983-01-01,,,,97.9,,
1983-01-03,1.9275,,10.32,,,
1983-01-04,1.914,,10.37,,,
1983-01-05,1.914,,10.35,,,
1983-01-06,1.9044,,10.39,,,
1983-01-07,1.9044,,10.36,,,
1983-01-10,1.9044,,10.38,,,
1983-01-11,1.8949,,10.34,,,
1983-01-12,1.9082,,10.32,,,
1983-01-13,1.9082,,10.27,,,
1983-01-14,1.9082,,10.28,,,
1983-01-17,1.9082,,10.28,,,
1983-01-18,1.9082,,10.3,,,
1983-01-19,1.9234,,10.41,,,
1983-01-20,1.9368,,10.43,,,
1983-01-21,1.9368,,10.61,,,
1983-01-24,1.9504,,10.7,,,
1983-01-25,1.9621,,10.62,,,
1983-01-26,1.9464,,10.69,,,
1983-01-27,1.9464,,10.67,,,
1983-01-28,1.9464,,10.71,,,
1983-01-31,1.9464,,10.8,,,
1983-02-01,1.9639,,10.78,98.0,,
1983-02-02,1.9717,,10.88,,,
1983-02-03,1.9717,,10.93,,,
1983-02-04,1.9796,,10.99,,,
1983-02-07,1.9796,,10.96,,,
1983-02-08,1.9658,,10.99,,,
1983-02-09,1.9658,,11.0,,,
1983-02-10,1.956,,10.83,,,
1983-02-11,1.956,,10.8,,,
1983-02-14,1.956,,10.8,,,
1983-02-15,1.956,,10.84,,,
1983-02-16,1.956,,10.81,,,
1983-02-17,1.956,,10.71,,,
1983-02-18,1.956,,10.6,,,
1983-02-21,,,,,,
1983-02-22,1.956,,10.46,,,
1983-02-23,1.9735,,10.44,,,
1983-02-24,1.9736,,10.42,,,
1983-02-25,1.9736,,10.26,,,
1983-02-28,1.9736,,10.27,,,
1983-03-01,1.9914,,10.22,98.1,,
1983-03-02,1.9914,,10.26,,,
1983-03-03,1.9814,,10.23,,,
1983-03-04,1.9814,,10.27,,,
1983-03-07,1.9676,,10.43,,,
1983-03-08,1.9676,,10.52,,,
1983-03-09,1.9774,,10.48,,,
1983-03-10,1.9774,,10.55,,,
1983-03-11,1.9675,,10.59,,,
1983-03-14,1.9812,,10.48,,,
1983-03-15,1.9674,,10.46,,,
1983-03-16,1.9674,,10.53,,,
1983-03-17,1.9674,,10.56,,,
1983-03-18,1.9792,,10.58,,,
1983-03-21,1.9792,,10.6,,,
1983-03-22,1.9892,,10.62,,,
1983-03-23,1.9892,,10.58,,,
1983-03-24,1.9991,,10.58,,,
1983-03-25,1.9991,,10.64,,,
1983-03-28,1.9991,,10.66,,,
1983-03-29,1.9991,,10.6,,,
1983-03-30,1.9991,,10.59,,,
1983-03-31,1.9991,,10.62,,,
1983-04-01,1.9991,,,98.8,,
1983-04-04,1.9991,,10.6,,,
1983-04-05,1.9991,,10.49,,,
1983-04-06,1.9991,,10.49,,,
1983-04-07,1.9991,,10.51,,,
1983-04-08,1.997,,10.51,,,
1983-04-11,1.997,,10.41,,,
1983-04-12,1.997,,10.42,,,
1983-04-13,1.997,,10.39,,,
1983-04-14,1.997,,10.29,,,
1983-04-15,1.997,,10.33,,,
1983-04-18,1.989,,10.29,,,
1983-04-19,1.9969,,10.39,,,
1983-04-20,1.9909,,10.39,,,
1983-04-21,1.9909,,10.43,,,
1983-04-22,1.9909,,10.42,,,
1983-04-25,1.9809,,10.4,,,
1983-04-26,1.9809,,10.37,,,
1983-04-27,1.9909,,10.29,,,
1983-04-28,1.9909,,10.31,,,
1983-04-29,1.9909,,10.27,,,
1983-05-01,,,,99.2,,
1983-05-02,1.9909,,10.26,,,
1983-05-03,1.9909,,10.26,,,
1983-05-04,1.9909,,10.12,,,
1983-05-05,1.9829,,10.16,,,
1983-05-06,1.9829,,10.13,,,
1983-05-09,1.9829,,10.25,,,
1983-05-10,1.9829,,10.16,,,
1983-05-11,1.9731,,10.18,,,
1983-05-12,1.9829,,10.23,,,
1983-05-13,1.9829,,10.22,,,
1983-05-16,1.9829,,10.37,,,
1983-05-17,1.9929,,10.41,,,
1983-05-18,1.9929,,10.43,,,
1983-05-19,1.9929,,10.49,,,
1983-05-20,1.9929,,10.54,,,
1983-05-23,1.9929,,10.57,,,
1983-05-24,1.9929,,10.56,,,
1983-05-25,1.9989,,10.58,,,
1983-05-26,1.9989,,10.63,,,
1983-05-27,1.9989,,10.62,,,
1983-05-30,,,,,,
1983-05-31,1.9989,,10.81,,,
1983-06-01,1.9989,,10.77,99.4,,
1983-06-02,1.9989,,10.78,,,
1983-06-03,1.9989,,10.79,,,
1983-06-06,1.9989,,10.79,,,
1983-06-07,1.9989,,10.85,,,
1983-06-08,1.9989,,10.92,,,
1983-06-09,1.9989,,10.88,,,
1983-06-10,1.9989,,10.89,,,
1983-06-13,1.9989,,10.75,,,
1983-06-14,1.9989,,10.77,,,
1983-06-15,1.9989,,10.72,,,
1983-06-16,1.9989,,10.64,,,
1983-06-17,1.9989,,10.68,,,
1983-06-20,1.9989,,10.8,,,
1983-06-21,1.9989,,10.79,,,
1983-06-22,1.9869,,10.83,,,
1983-06-23,1.9869,,10.9,,,
1983-06-24,1.9869,,11.02,,,
1983-06-27,1.9769,,11.11,,,
1983-06-28,1.9888,,11.04,,,
1983-06-29,1.9888,,10.99,,,
1983-06-30,1.9888,,10.96,,,
1983-07-01,1.9888,,10.93,99.8,,
1983-07-04,,,,,,
1983-07-05,1.9888,,11.21,,,
1983-07-06,1.9987,,11.16,,,
1983-07-07,1.9987,,11.29,,,
1983-07-08,1.9987,,11.33,,,
1983-07-11,1.9887,,11.28,,,
1983-07-12,1.9986,,11.42,,,
1983-07-13,1.9986,,11.4,,,
1983-07-14,1.9986,,11.38,,,
1983-07-15,1.9986,,11.51,,,
1983-07-18,1.9986,,11.41,,,
1983-07-19,1.9986,,11.36,,,
1983-07-20,1.9986,,11.28,,,
1983-07-21,1.9986,,11.32,,,
1983-07-22,1.9986,,11.43,,,
1983-07-25,1.9886,,11.41,,,
1983-07-26,1.9985,,11.49,,,
1983-07-27,1.9985,,11.51,,,
1983-07-28,1.9985,,11.66,,,
1983-07-29,1.9985,,11.76,,,
1983-08-01,1.9985,,11.8,100.1,,
1983-08-02,1.9985,,11.82,,,
1983-08-03,1.9985,,11.92,,,
1983-08-04,1.9985,,12.12,,,
1983-08-05,1.9985,,12.1,,,
1983-08-08,1.9985,,12.2,,,
1983-08-09,1.9985,,12.13,,,
1983-08-10,1.9985,,12.17,,,
1983-08-11,1.9985,,12.04,,,
1983-08-12,1.9985,,11.96,,,
1983-08-15,1.9985,,11.76,,,
1983-08-16,1.9805,,11.71,,,
1983-08-17,1.9805,,11.65,,,
1983-08-18,1.9509,,11.7,,,
1983-08-19,1.9606,,11.72,,,
1983-08-22,1.9606,,11.54,,,
1983-08-23,1.9606,,11.57,,,
1983-08-24,1.9606,,11.54,,,
1983-08-25,1.9606,,11.62,,,
1983-08-26,1.9704,,11.65,,,
1983-08-29,1.9902,,11.86,,,
1983-08-30,1.9902,,11.9,,,
1983-08-31,1.9902,,11.98,,,
1983-09-01,1.9902,,11.97,100.4,,
1983-09-02,1.9902,,12.01,,,
1983-09-05,,,,,,
1983-09-06,1.9902,,11.85,,,
1983-09-07,1.9902,,11.7,,,
1983-09-08,1.9902,,11.77,,,
1983-09-09,1.9902,,11.73,,,
1983-09-12,1.9802,,11.56,,,
1983-09-13,1.9802,,11.63,,,
1983-09-14,1.9902,,11.76,,,
1983-09-15,1.9902,,11.82,,,
1983-09-16,1.9902,,11.68,,,
1983-09-19,1.9902,,11.66,,,
1983-09-20,1.9802,,11.57,,,
1983-09-21,1.9922,,11.64,,,
1983-09-22,1.9922,,11.6,,,
1983-09-23,1.9922,,11.49,,,
1983-09-26,1.9802,,11.41,,,
1983-09-27,1.9802,,11.45,,,
1983-09-28,1.9802,,11.49,,,
1983-09-29,1.9802,,11.5,,,
1983-09-30,1.9802,,11.44,,,
1983-10-01,,,,100.8,,
1983-10-03,1.9703,,11.47,,,
1983-10-04,1.9703,,11.46,,,
1983-10-05,1.9703,,11.35,,,
1983-10-06,1.9605,,11.31,,,
1983-10-07,1.9605,,11.33,,,
1983-10-10,,,,,,
1983-10-11,1.9527,,11.57,,,
1983-10-12,1.9527,,11.59,,,
1983-10-13,1.9624,,11.65,,,
1983-10-14,1.9624,,11.58,,,
1983-10-17,1.9624,,11.47,,,
1983-10-18,1.9624,,11.49,,,
1983-10-19,1.9624,,11.49,,,
1983-10-20,1.9624,,11.47,,,
1983-10-21,1.9722,,11.43,,,
1983-10-24,1.9722,,11.66,,,
1983-10-25,1.9722,,11.7,,,
1983-10-26,1.9722,,11.72,,,
1983-10-27,1.9722,,11.66,,,
1983-10-28,1.9722,,11.68,,,
1983-10-31,1.984,,11.74,,,
1983-11-01,1.994,,11.69,101.1,,
1983-11-02,1.994,,11.7,,,
1983-11-03,1.994,,11.75,,,
1983-11-04,1.994,,11.85,,,
1983-11-07,1.994,,11.85,,,
1983-11-08,,,,,,
1983-11-09,1.994,,11.84,,,
1983-11-10,1.994,,11.71,,,
1983-11-11,,,,,,
1983-11-14,1.994,,11.68,,,
1983-11-15,1.994,,11.7,,,
1983-11-16,1.994,,11.7,,,
1983-11-17,1.994,,11.72,,,
1983-11-18,1.994,,11.72,,,
1983-11-21,1.994,,11.65,,,
1983-11-22,1.994,,11.57,,,
1983-11-23,1.994,,11.59,,,
1983-11-24,,,,,,
1983-11-25,1.994,,11.55,,,
1983-11-28,1.994,,11.63,,,
1983-11-29,1.994,,11.58,,,
1983-11-30,1.994,,11.63,,,
1983-12-01,1.986,,11.63,101.4,,
1983-12-02,1.986,,11.75,,,
1983-12-05,1.986,,11.78,,,
1983-12-06,1.9939,,11.76,,,
1983-12-07,1.9939,,11.79,,,
1983-12-08,1.9939,,11.89,,,
1983-12-09,1.9939,,11.9,,,
1983-12-12,1.9939,,11.87,,,
1983-12-13,1.9939,,11.95,,,
1983-12-14,1.9939,,11.97,,,
1983-12-15,1.9939,,11.96,,,
1983-12-16,1.9939,,11.88,,,
1983-12-19,1.9939,,11.87,,,
1983-12-20,1.9939,,11.86,,,
1983-12-21,1.9939,,11.83,,,
1983-12-22,1.9939,,11.77,,,
1983-12-23,1.9939,,11.79,,,
1983-12-26,,,,,,
1983-12-27,1.9939,,11.75,,,
1983-12-28,1.9939,,11.81,,,
1983-12-29,1.9859,,11.79,,,
1983-12-30,1.9859,,11.82,,,
1984-01-01,,,,102.1,,
1984-01-02,,,,,,
1984-01-03,1.9859,,11.86,,,
1984-01-04,2.0057,,11.78,,,
1984-01-05,2.0157,,11.77,,,
1984-01-06,2.0259,,11.73,,,
1984-01-09,2.0259,,11.75,,,
1984-01-10,2.0461,,11.71,,,
1984-01-11,2.0461,,11.76,,,
1984-01-12,2.0461,,11.76,,,
1984-01-13,2.0461,,11.59,,,
1984-01-16,2.0461,,11.54,,,
1984-01-17,2.0461,,11.57,,,
1984-01-18,2.0563,,11.61,,,
1984-01-19,2.0563,,11.6,,,
1984-01-20,2.0563,,11.64,,,
1984-01-23,2.0667,,11.63,,,
1984-01-24,2.077,,11.63,,,
1984-01-25,2.077,,11.64,,,
1984-01-26,2.0666,,11.63,,,
1984-01-27,2.079,,11.63,,,
1984-01-30,2.079,,11.66,,,
1984-01-31,2.079,,11.67,,,
1984-02-01,2.079,,11.64,102.6,,
1984-02-02,2.079,,11.6,,,
1984-02-03,2.0623,,11.6,,,
1984-02-06,2.0623,,11.7,,,
1984-02-07,2.0768,,11.71,,,
1984-02-08,2.0768,,11.72,,,
1984-02-09,2.0768,,11.73,,,
1984-02-10,2.0768,,11.83,,,
1984-02-13,,,,,,
1984-02-14,2.0768,,11.85,,,
1984-02-15,2.0601,,11.81,,,
1984-02-16,2.0519,,11.83,,,
1984-02-17,2.0519,,11.92,,,
1984-02-20,,,,,,
1984-02-21,2.0519,,11.91,,,
1984-02-22,2.0519,,11.93,,,
1984-02-23,2.0519,,12.05,,,
1984-02-24,2.0519,,11.99,,,
1984-02-27,2.0519,,12.05,,,
1984-02-28,2.0519,,12.09,,,
1984-02-29,2.0519,,12.04,,,
1984-03-01,2.0519,,12.07,102.9,,
1984-03-02,2.0519,,11.99,,,
1984-03-05,2.0519,,12.07,,,
1984-03-06,2.0417,,12.09,,,
1984-03-07,2.0417,,12.22,,,
1984-03-08,2.0498,,12.24,,,
1984-03-09,2.0498,,12.28,,,
1984-03-12,2.0683,,12.24,,,
1984-03-13,2.0683,,12.27,,,
1984-03-14,2.0579,,12.31,,,
1984-03-15,2.0579,,12.31,,,
1984-03-16,2.0662,,12.34,,,
1984-03-19,2.0744,,12.45,,,
1984-03-20,2.0744,,12.44,,,
1984-03-21,2.0847,,12.45,,,
1984-03-22,2.0847,,12.49,,,
1984-03-23,2.0847,,12.48,,,
1984-03-26,2.0847,,12.46,,,
1984-03-27,2.0743,,12.46,,,
1984-03-28,2.0743,,12.42,,,
1984-03-29,2.0639,,12.41,,,
1984-03-30,2.0639,,12.53,,,
1984-04-01,,,,103.3,,
1984-04-02,2.0639,,12.56,,,
1984-04-03,2.0743,,12.65,,,
1984-04-04,2.0743,,12.67,,,
1984-04-05,2.0743,,12.65,,,
1984-04-06,2.0846,,12.51,,,
1984-04-09,2.0846,,12.47,,,
1984-04-10,2.0846,,12.52,,,
1984-04-11,2.0846,,12.5,,,
1984-04-12,2.0846,,12.4,,,
1984-04-13,2.0846,,12.57,,,
1984-04-16,2.0846,,12.61,,,
1984-04-17,2.0846,,12.57,,,
1984-04-18,2.0846,,12.7,,,
1984-04-19,2.0846,,12.77,,,
1984-04-20,2.1055,,,,,
1984-04-23,2.1055,,12.8,,,
1984-04-24,2.1055,,12.75,,,
1984-04-25,2.1181,,12.69,,,
1984-04-26,2.1181,,12.67,,,
1984-04-27,2.1329,,12.79,,,
1984-04-30,2.1329,,12.82,,,
1984-05-01,2.1329,,12.82,103.5,,
1984-05-02,2.1458,,12.86,,,
1984-05-03,2.1458,,12.89,,,
1984-05-04,2.1414,,13.07,,,
1984-05-07,2.1629,,13.13,,,
1984-05-08,2.1845,,13.09,,,
1984-05-09,2.1845,,13.21,,,
1984-05-10,2.1845,,13.25,,,
1984-05-11,2.1845,,13.46,,,
1984-05-14,2.1845,,13.58,,,
1984-05-15,2.1845,,13.48,,,
1984-05-16,2.1845,,13.41,,,
1984-05-17,2.1845,,13.54,,,
1984-05-18,2.2042,,13.45,,,
1984-05-21,2.2042,,13.43,,,
1984-05-22,2.2042,,13.52,,,
1984-05-23,2.2042,,13.54,,,
1984-05-24,2.2218,,13.72,,,
1984-05-25,2.2063,,13.75,,,
1984-05-28,,,,,,
1984-05-29,2.2218,,13.89,,,
1984-05-30,2.2173,,13.99,,,
1984-05-31,2.2173,,13.91,,,
1984-06-01,2.2173,,13.63,103.7,,
1984-06-04,2.193,,13.42,,,
1984-06-05,2.193,,13.37,,,
1984-06-06,2.193,,13.54,,,
1984-06-07,2.193,,13.54,,,
1984-06-08,2.193,,13.46,,,
1984-06-11,2.193,,13.58,,,
1984-06-12,2.2018,,13.54,,,
1984-06-13,2.2018,,13.44,,,
1984-06-14,2.2018,,13.39,,,
1984-06-15,2.2085,,13.21,,,
1984-06-18,2.2194,,13.27,,,
1984-06-19,2.2084,,13.38,,,
1984-06-20,2.2306,,13.65,,,
1984-06-21,2.2306,,13.72,,,
1984-06-22,2.2417,,13.74,,,
1984-06-25,2.2417,,13.75,,,
1984-06-26,2.2529,,13.79,,,
1984-06-27,2.2529,,13.76,,,
1984-06-28,2.2529,,13.8,,,
1984-06-29,2.2529,,13.84,,,
1984-07-01,,,,104.1,,
1984-07-02,2.2529,,13.87,,,
1984-07-03,2.2529,,13.8,,,
1984-07-04,,,,,,
1984-07-05,2.271,,13.77,,,
1984-07-06,2.2869,,13.75,,,
1984-07-09,2.2869,,13.48,,,
1984-07-10,2.2869,,13.53,,,
1984-07-11,2.2869,,13.55,,,
1984-07-12,2.2869,,13.42,,,
1984-07-13,2.2983,,13.3,,,
1984-07-16,2.2983,,13.32,,,
1984-07-17,2.2914,,13.37,,,
1984-07-18,2.3028,,13.32,,,
1984-07-19,2.3028,,13.25,,,
1984-07-20,2.3028,,13.36,,,
1984-07-23,2.3144,,13.35,,,
1984-07-24,2.3259,,13.31,,,
1984-07-25,2.3259,,13.06,,,
1984-07-26,2.3166,,12.89,,,
1984-07-27,2.3258,,12.95,,,
1984-07-30,2.3374,,13.05,,,
1984-07-31,2.3374,,12.91,,,
1984-08-01,2.3444,,12.81,104.4,,
1984-08-02,2.3327,,12.74,,,
1984-08-03,2.3327,,12.61,,,
1984-08-06,2.3211,,12.73,,,
1984-08-07,2.3211,,12.69,,,
1984-08-08,2.3559,,12.66,,,
1984-08-09,2.3441,,12.61,,,
1984-08-10,2.3306,,12.68,,,
1984-08-13,2.3767,,12.74,,,
1984-08-14,2.3625,,12.67,,,
1984-08-15,2.3625,,12.74,,,
1984-08-16,2.3625,,12.7,,,
1984-08-17,2.3625,,12.7,,,
1984-08-20,2.3625,,12.69,,,
1984-08-21,2.3837,,12.62,,,
1984-08-22,2.4088,,12.65,,,
1984-08-23,2.4028,,12.69,,,
1984-08-24,2.4028,,12.66,,,
1984-08-27,2.4028,,12.81,,,
1984-08-28,2.4196,,12.81,,,
1984-08-29,2.4196,,12.83,,,
1984-08-30,2.4196,,12.84,,,
1984-08-31,2.4196,,12.79,,,
1984-09-01,,,,104.7,,
1984-09-03,,,,,,
1984-09-04,2.4414,,12.88,,,
1984-09-05,2.4732,,12.92,,,
1984-09-06,2.488,,12.81,,,
1984-09-07,2.488,,12.7,,,
1984-09-10,2.5216,,12.62,,,
1984-09-11,2.5342,,12.54,,,
1984-09-12,2.519,,12.55,,,
1984-09-13,2.5341,,12.44,,,
1984-09-14,2.5494,,12.42,,,
1984-09-17,2.5621,,12.4,,,
1984-09-18,2.6018,,12.35,,,
1984-09-19,2.6018,,12.25,,,
1984-09-20,2.6109,,12.28,,,
1984-09-21,2.6331,,12.45,,,
1984-09-24,2.5699,,12.52,,,
1984-09-25,2.539,,12.56,,,
1984-09-26,2.5746,,12.46,,,
1984-09-27,2.5746,,12.31,,,
1984-09-28,2.5746,,12.47,,,
1984-10-01,2.6055,,12.54,105.1,,
1984-10-02,2.6055,,12.54,,,
1984-10-03,2.582,,12.54,,,
1984-10-04,2.6079,,12.52,,,
1984-10-05,2.6079,,12.39,,,
1984-10-08,,,,,,
1984-10-09,2.6141,,12.36,,,
1984-10-10,2.6507,,12.36,,,
1984-10-11,2.6507,,12.31,,,
1984-10-12,2.672,,12.28,,,
1984-10-15,2.672,,12.34,,,
1984-10-16,2.7147,,12.32,,,
1984-10-17,2.7147,,12.28,,,
1984-10-18,2.7147,,12.09,,,
1984-10-19,2.6984,,11.93,,,
1984-10-22,2.6742,,11.9,,,
1984-10-23,2.6742,,11.78,,,
1984-10-24,2.6314,,11.74,,,
1984-10-25,2.6129,,11.83,,,
1984-10-26,2.6129,,11.99,,,
1984-10-29,2.6365,,11.95,,,
1984-10-30,2.6734,,11.75,,,
1984-10-31,2.6466,,11.79,,,
1984-11-01,2.6334,,11.66,105.3,,
1984-11-02,2.5939,,11.66,,,
1984-11-05,2.5653,,11.6,,,
1984-11-06,,,,,,
1984-11-07,2.5819,,11.72,,,
1984-11-08,2.5742,,11.81,,,
1984-11-09,2.6051,,11.71,,,
1984-11-12,,,,,,
1984-11-13,2.6233,,11.78,,,
1984-11-14,2.647,,11.81,,,
1984-11-15,2.647,,11.73,,,
1984-11-16,2.6682,,11.69,,,
1984-11-19,2.6682,,11.61,,,
1984-11-20,2.7001,,11.53,,,
1984-11-21,2.7217,,11.39,,,
1984-11-22,,,,,,
1984-11-23,2.7217,,11.24,,,
1984-11-26,2.7625,,11.28,,,
1984-11-27,2.7943,,11.28,,,
1984-11-28,2.7943,,11.38,,,
1984-11-29,2.7943,,11.42,,,
1984-11-30,2.7953,,11.58,,,
1984-12-01,,,,105.5,,
1984-12-03,2.7943,,11.56,,,
1984-12-04,2.7943,,11.52,,,
1984-12-05,2.7831,,11.52,,,
1984-12-06,2.7831,,11.61,,,
1984-12-07,2.7831,,11.7,,,
1984-12-10,2.7971,,11.66,,,
1984-12-11,2.7971,,11.57,,,
1984-12-12,2.7971,,11.54,,,
1984-12-13,2.7971,,11.7,,,
1984-12-14,2.7971,,11.56,,,
1984-12-17,2.7971,,11.49,,,
1984-12-18,2.7971,,11.29,,,
1984-12-19,2.7971,,11.34,,,
1984-12-20,2.7971,,11.37,,,
1984-12-21,2.7971,,11.34,,,
1984-12-24,2.7971,,11.31,,,
1984-12-25,,,,,,
1984-12-26,2.7971,,11.45,,,
1984-12-27,2.7971,,11.45,,,
1984-12-28,2.8027,,11.46,,,
1984-12-31,2.8027,,11.55,,,
1985-01-01,,,,105.7,,
1985-01-02,2.8027,,11.7,,,
1985-01-03,2.8167,,11.62,,,
1985-01-04,2.8167,,11.67,,,
1985-01-07,2.8167,,11.5,,,
1985-01-08,2.8167,,11.45,,,
1985-01-09,2.8167,,11.47,,,
1985-01-10,2.8167,,11.48,,,
1985-01-11,2.8167,,11.59,,,
1985-01-14,2.8167,,11.6,,,
1985-01-15,2.8167,,11.49,,,
1985-01-16,2.8167,,11.51,,,
1985-01-17,2.8167,,11.48,,,
1985-01-18,2.8167,,11.39,,,
1985-01-21,,,,,,
1985-01-22,2.8167,,11.27,,,
1985-01-23,2.8167,,11.21,,,
1985-01-24,2.8167,,11.06,,,
1985-01-25,2.8167,,11.11,,,
1985-01-28,2.8167,,11.11,,,
1985-01-29,2.8167,,11.11,,,
1985-01-30,2.8167,,11.08,,,
1985-01-31,2.8167,,11.17,,,
1985-02-01,2.8167,,11.29,106.3,,
1985-02-04,2.8167,,11.35,,,
1985-02-05,2.8167,,11.3,,,
1985-02-06,2.8167,,11.4,,,
1985-02-07,2.8167,,11.41,,,
1985-02-08,2.8167,,11.37,,,
1985-02-11,2.8167,,11.42,,,
1985-02-12,,,,,,
1985-02-13,2.8589,,11.39,,,
1985-02-14,2.8589,,11.29,,,
1985-02-15,2.8475,,11.38,,,
1985-02-18,,,,,,
1985-02-19,2.8305,,11.37,,,
1985-02-20,2.8305,,11.52,,,
1985-02-21,2.8305,,11.64,,,
1985-02-22,2.8418,,11.76,,,
1985-02-25,2.8503,,11.75,,,
1985-02-26,2.8588,,11.72,,,
1985-02-27,2.8588,,11.89,,,
1985-02-28,2.8417,,11.91,,,
1985-03-01,2.8559,,11.86,106.8,,
1985-03-04,2.8559,,11.93,,,
1985-03-05,2.8644,,11.86,,,
1985-03-06,2.8816,,11.92,,,
1985-03-07,2.8671,,11.94,,,
1985-03-08,2.8758,,11.71,,,
1985-03-11,2.8758,,11.72,,,
1985-03-12,2.8556,,11.78,,,
1985-03-13,2.8641,,11.9,,,
1985-03-14,2.8641,,11.92,,,
1985-03-15,2.8641,,11.93,,,
1985-03-18,2.8641,,12.02,,,
1985-03-19,2.847,,11.99,,,
1985-03-20,2.8356,,11.91,,,
1985-03-21,2.8469,,11.82,,,
1985-03-22,2.8385,,11.88,,,
1985-03-25,2.8384,,11.86,,,
1985-03-26,2.8384,,11.77,,,
1985-03-27,2.8327,,11.84,,,
1985-03-28,2.8269,,11.75,,,
1985-03-29,2.8269,,11.65,,,
1985-04-01,2.8269,,11.66,107.0,,
1985-04-02,2.8439,,11.7,,,
1985-04-03,2.8439,,11.73,,,
1985-04-04,2.8552,,11.75,,,
1985-04-05,2.858,,,,,
1985-04-08,2.858,,11.77,,,
1985-04-09,2.858,,11.66,,,
1985-04-10,2.8523,,11.58,,,
1985-04-11,2.8523,,11.42,,,
1985-04-12,2.8381,,11.43,,,
1985-04-15,2.8381,,11.37,,,
1985-04-16,2.8339,,11.25,,,
1985-04-17,2.8339,,11.29,,,
1985-04-18,2.8452,,11.13,,,
1985-04-19,2.831,,11.16,,,
1985-04-22,2.831,,11.13,,,
1985-04-23,2.8451,,11.25,,,
1985-04-24,2.8565,,11.25,,,
1985-04-25,2.8593,,11.37,,,
1985-04-26,2.868,,11.35,,,
1985-04-29,2.868,,11.47,,,
1985-04-30,2.8593,,11.41,,,
1985-05-01,2.8593,,11.27,107.2,,
1985-05-02,2.8593,,11.29,,,
1985-05-03,2.8593,,11.21,,,
1985-05-06,2.8737,,11.19,,,
1985-05-07,2.8737,,11.17,,,
1985-05-08,2.8593,,11.26,,,
1985-05-09,2.8593,,11.2,,,
1985-05-10,2.8593,,11.04,,,
1985-05-13,2.8536,,11.04,,,
1985-05-14,2.8451,,10.87,,,
1985-05-15,2.8451,,10.89,,,
1985-05-16,2.868,,10.81,,,
1985-05-17,2.8451,,10.84,,,
1985-05-20,2.8451,,10.56,,,
1985-05-21,2.8451,,10.6,,,
1985-05-22,2.8451,,10.62,,,
1985-05-23,2.868,,10.64,,,
1985-05-24,2.8451,,10.57,,,
1985-05-27,,,,,,
1985-05-28,2.8565,,10.43,,,
1985-05-29,2.8565,,10.46,,,
1985-05-30,2.8508,,10.39,,,
1985-05-31,2.8508,,10.28,,,
1985-06-01,,,,107.5,,
1985-06-03,2.8508,,10.05,,,
1985-06-04,2.8508,,10.05,,,
1985-06-05,2.865,,9.83,,,
1985-06-06,2.865,,9.89,,,
1985-06-07,2.865,,10.19,,,
1985-06-10,2.865,,10.16,,,
1985-06-11,2.865,,10.08,,,
1985-06-12,2.865,,10.16,,,
1985-06-13,2.865,,10.21,,,
1985-06-14,2.865,,9.98,,,
1985-06-17,2.865,,9.97,,,
1985-06-18,2.865,,9.9,,,
1985-06-19,2.8536,,10.04,,,
1985-06-20,2.8708,,10.14,,,
1985-06-21,2.8851,,10.34,,,
1985-06-24,2.8851,,10.45,,,
1985-06-25,2.8851,,10.5,,,
1985-06-26,2.8851,,10.54,,,
1985-06-27,2.8851,,10.39,,,
1985-06-28,2.8851,,10.25,,,
1985-07-01,2.8851,,10.19,107.7,,
1985-07-02,2.8851,,10.2,,,
1985-07-03,2.8851,,10.23,,,
1985-07-04,,,,,,
1985-07-05,2.8851,,9.93,,,
1985-07-08,2.8793,,10.05,,,
1985-07-09,2.8793,,10.05,,,
1985-07-10,2.8793,,10.07,,,
1985-07-11,2.8793,,10.22,,,
1985-07-12,2.8793,,10.23,,,
1985-07-15,2.8736,,10.22,,,
1985-07-16,2.8736,,10.15,,,
1985-07-17,2.8736,,10.12,,,
1985-07-18,2.8649,,10.3,,,
1985-07-19,2.8764,,10.34,,,
1985-07-22,2.885,,10.46,,,
1985-07-23,2.885,,10.47,,,
1985-07-24,2.885,,10.51,,,
1985-07-25,2.885,,10.52,,,
1985-07-26,2.885,,10.59,,,
1985-07-29,2.885,,10.67,,,
1985-07-30,2.885,,10.66,,,
1985-07-31,2.885,,10.57,,,
1985-08-01,2.885,,10.51,107.9,,
1985-08-02,2.9051,,10.66,,,
1985-08-05,2.8993,,10.64,,,
1985-08-06,2.8993,,10.65,,,
1985-08-07,2.9081,,10.55,,,
1985-08-08,2.9081,,10.43,,,
1985-08-09,2.9081,,10.37,,,
1985-08-12,2.9081,,10.38,,,
1985-08-13,2.9081,,10.46,,,
1985-08-14,2.9081,,10.38,,,
1985-08-15,2.9081,,10.36,,,
1985-08-16,2.9081,,10.26,,,
1985-08-19,2.9081,,10.23,,,
1985-08-20,2.9081,,10.2,,,
1985-08-21,2.9168,,10.12,,,
1985-08-22,2.9168,,10.1,,,
1985-08-23,2.9168,,10.14,,,
1985-08-26,2.9168,,10.18,,,
1985-08-27,2.9168,,10.12,,,
1985-08-28,2.9168,,10.16,,,
1985-08-29,2.9168,,10.12,,,
1985-08-30,2.9168,,10.28,,,
1985-09-01,,,,108.1,,
1985-09-02,,,,,,
1985-09-03,2.9372,,10.24,,,
1985-09-04,2.949,,10.16,,,
1985-09-05,2.949,,10.27,,,
1985-09-06,2.9608,,10.5,,,
1985-09-09,2.9697,,10.49,,,
1985-09-10,2.9786,,10.48,,,
1985-09-11,2.9786,,10.51,,,
1985-09-12,2.9786,,10.52,,,
1985-09-13,2.9786,,10.4,,,
1985-09-16,2.9697,,10.37,,,
1985-09-17,2.9697,,10.41,,,
1985-09-18,2.9815,,10.43,,,
1985-09-19,2.9905,,10.43,,,
1985-09-20,2.9905,,10.36,,,
1985-09-23,2.9844,,10.39,,,
1985-09-24,2.9755,,10.33,,,
1985-09-25,2.9755,,10.27,,,
1985-09-26,2.9755,,10.22,,,
1985-09-27,2.9755,,,,,
1985-09-30,2.9755,,10.31,,,
1985-10-01,2.9874,,10.29,108.5,,
1985-10-02,2.9874,,10.3,,,
1985-10-03,3.0083,,10.32,,,
1985-10-04,3.0023,,10.36,,,
1985-10-07,3.0023,,10.42,,,
1985-10-08,3.0294,,10.36,,,
1985-10-09,3.0415,,10.37,,,
1985-10-10,3.0536,,10.35,,,
1985-10-11,3.0536,,10.34,,,
1985-10-14,,,,,,
1985-10-15,3.0536,,10.3,,,
1985-10-16,3.0658,,10.25,,,
1985-10-17,3.0658,,10.21,,,
1985-10-18,3.0627,,10.17,,,
1985-10-21,3.0627,,10.18,,,
1985-10-22,3.0842,,10.12,,,
1985-10-23,3.1057,,10.14,,,
1985-10-24,3.1275,,10.15,,,
1985-10-25,3.1588,,10.21,,,
1985-10-28,3.1588,,10.28,,,
1985-10-29,3.1904,,10.11,,,
1985-10-30,3.2095,,9.97,,,
1985-10-31,3.2095,,10.01,,,
1985-11-01,3.2095,,9.98,109.0,,
1985-11-04,3.2095,,9.98,,,
1985-11-05,3.2095,,9.93,,,
1985-11-06,3.2095,,9.93,,,
1985-11-07,3.2095,,9.91,,,
1985-11-08,3.2095,,9.84,,,
1985-11-11,,,,,,
1985-11-12,3.2095,,9.74,,,
1985-11-13,3.2095,,9.78,,,
1985-11-14,3.2095,,9.84,,,
1985-11-15,3.2095,,9.92,,,
1985-11-18,3.192,,9.72,,,
1985-11-19,3.2095,,9.73,,,
1985-11-20,3.2095,,9.72,,,
1985-11-21,3.2095,,9.58,,,
1985-11-22,3.2095,,9.66,,,
1985-11-25,3.2095,,9.68,,,
1985-11-26,3.2095,,9.68,,,
1985-11-27,3.2095,,9.64,,,
1985-11-28,,,,,,
1985-11-29,3.2095,,9.59,,,
1985-12-01,,,,109.5,,
1985-12-02,3.2095,,9.69,,,
1985-12-03,3.2095,,9.68,,,
1985-12-04,3.2095,,9.63,,,
1985-12-05,3.2095,,9.62,,,
1985-12-06,3.2095,,9.65,,,
1985-12-09,3.2095,,9.49,,,
1985-12-10,3.2095,,9.36,,,
1985-12-11,3.2095,,9.2,,,
1985-12-12,3.2095,,9.27,,,
1985-12-13,3.2095,,9.21,,,
1985-12-16,3.2095,,9.16,,,
1985-12-17,3.2095,,9.04,,,
1985-12-18,3.2095,,9.11,,,
1985-12-19,3.2095,,9.1,,,
1985-12-20,3.2095,,9.04,,,
1985-12-23,3.2095,,9.08,,,
1985-12-24,3.2095,,9.07,,,
1985-12-25,,,,,,
1985-12-26,3.2095,,9.04,,,
1985-12-27,3.2095,,8.99,,,
1985-12-30,3.2095,,9.01,,,
1985-12-31,3.2095,,9.0,,,
1986-01-01,,,,109.9,,
1986-01-02,3.2095,,9.04,,,
1986-01-03,3.2095,,9.05,,,
1986-01-06,3.2095,,9.07,,,
1986-01-07,3.2095,,8.94,,,
1986-01-08,3.2095,,9.13,,,
1986-01-09,3.2095,,9.27,,,
1986-01-10,3.2095,,9.39,,,
1986-01-13,3.2095,,9.49,,,
1986-01-14,3.2095,,9.43,,,
1986-01-15,3.2095,,9.31,,,
1986-01-16,3.2095,,9.3,,,
1986-01-17,3.2095,,9.24,,,
1986-01-20,,,,,,
1986-01-21,3.2095,,9.22,,,
1986-01-22,3.2095,,9.28,,,
1986-01-23,3.2095,,9.23,,,
1986-01-24,3.2095,,9.23,,,
1986-01-27,3.2095,,9.13,,,
1986-01-28,3.2095,,9.05,,,
1986-01-29,3.2095,,9.09,,,
1986-01-30,3.2095,,9.1,,,
1986-01-31,3.2095,,9.08,,,
1986-02-01,,,,109.7,,
1986-02-03,3.2095,,9.02,,,
1986-02-04,3.2095,,8.96,,,
1986-02-05,3.2159,,8.97,,,
1986-02-06,3.2159,,9.03,,,
1986-02-07,3.2159,,9.11,,,
1986-02-10,3.2159,,9.0,,,
1986-02-11,3.2159,,8.93,,,
1986-02-12,3.2159,,8.91,,,
1986-02-13,3.2159,,8.85,,,
1986-02-14,3.2159,,8.68,,,
1986-02-17,,,,,,
1986-02-18,3.2159,,8.64,,,
1986-02-19,3.2159,,8.7,,,
1986-02-20,3.2159,,8.67,,,
1986-02-21,3.2159,,8.48,,,
1986-02-24,3.2159,,8.39,,,
1986-02-25,3.2159,,8.4,,,
1986-02-26,3.2159,,8.36,,,
1986-02-27,3.2159,,8.15,,,
1986-02-28,3.2159,,8.13,,,
1986-03-01,,,,109.1,,
1986-03-03,3.2159,,7.99,,,
1986-03-04,3.2159,,7.93,,,
1986-03-05,3.2159,,8.12,,,
1986-03-06,3.2159,,8.04,,,
1986-03-07,3.2159,,7.96,,,
1986-03-10,3.2159,,7.76,,,
1986-03-11,3.2159,,7.7,,,
1986-03-12,3.2159,,7.68,,,
1986-03-13,3.2191,,7.75,,,
1986-03-14,3.2191,,7.72,,,
1986-03-17,3.2191,,7.77,,,
1986-03-18,3.2191,,7.83,,,
1986-03-19,3.2191,,7.82,,,
1986-03-20,3.2191,,7.78,,,
1986-03-21,3.2191,,7.8,,,
1986-03-24,3.2191,,7.7,,,
1986-03-25,3.2288,,7.7,,,
1986-03-26,3.2288,,7.64,,,
1986-03-27,3.2288,,7.49,,,
1986-03-28,3.23,,,,,
1986-03-31,3.2288,,7.39,,,
1986-04-01,3.2288,,7.37,108.7,,
1986-04-02,3.2288,,7.33,,,
1986-04-03,3.2288,,7.41,,,
1986-04-04,3.2288,,7.45,,,
1986-04-07,3.2288,,7.43,,,
1986-04-08,3.2288,,7.31,,,
1986-04-09,3.2223,,7.27,,,
1986-04-10,3.2223,,7.23,,,
1986-04-11,3.2159,,7.29,,,
1986-04-14,3.2159,,7.19,,,
1986-04-15,3.2159,,7.22,,,
1986-04-16,3.2159,,6.98,,,
1986-04-17,3.2095,,7.03,,,
1986-04-18,3.2095,,7.09,,,
1986-04-21,3.2095,,7.04,,,
1986-04-22,3.2031,,7.25,,,
1986-04-23,3.2031,,7.36,,,
1986-04-24,3.1999,,7.51,,,
1986-04-25,3.1999,,7.58,,,
1986-04-28,3.1999,,7.48,,,
1986-04-29,3.1999,,7.38,,,
1986-04-30,3.1999,,7.38,,,
1986-05-01,3.1999,,7.45,109.0,,
1986-05-02,3.2031,,7.51,,,
1986-05-05,3.2031,,7.45,,,
1986-05-06,3.1967,,7.46,,,
1986-05-07,3.1967,,7.43,,,
1986-05-08,3.1967,,7.4,,,
1986-05-09,3.1967,,7.48,,,
1986-05-12,3.1935,,7.67,,,
1986-05-13,3.1935,,7.63,,,
1986-05-14,3.1935,,7.66,,,
1986-05-15,3.1935,,7.79,,,
1986-05-16,3.1935,,7.99,,,
1986-05-19,3.1999,,7.98,,,
1986-05-20,3.1999,,7.88,,,
1986-05-21,3.2063,,7.9,,,
1986-05-22,3.2063,,7.88,,,
1986-05-23,3.2095,,7.84,,,
1986-05-26,,,,,,
1986-05-27,3.2095,,7.73,,,
1986-05-28,3.2095,,7.73,,,
1986-05-29,3.2095,,7.99,,,
1986-05-30,3.2191,,8.05,,,
1986-06-01,,,,109.4,,
1986-06-02,3.2223,,8.32,,,
1986-06-03,3.2233,,8.19,,,
1986-06-04,3.2159,,8.39,,,
1986-06-05,3.2159,,8.31,,,
1986-06-06,3.2095,,7.95,,,
1986-06-09,3.2095,,8.13,,,
1986-06-10,3.2095,,8.07,,,
1986-06-11,3.2095,,8.01,,,
1986-06-12,3.2025,,7.98,,,
1986-06-13,3.2095,,7.73,,,
1986-06-16,3.2095,,7.63,,,
1986-06-17,3.2095,,7.63,,,
1986-06-18,3.2127,,7.57,,,
1986-06-19,3.2127,,7.69,,,
1986-06-20,3.2127,,7.6,,,
1986-06-23,3.2127,,7.55,,,
1986-06-24,3.2095,,7.47,,,
1986-06-25,3.2095,,7.42,,,
1986-06-26,3.2095,,7.42,,,
1986-06-27,3.2095,,7.38,,,
1986-06-30,3.2063,,7.35,,,
1986-07-01,3.2031,,7.37,109.5,,
1986-07-02,3.2031,,7.37,,,
1986-07-03,3.2063,,7.31,,,
1986-07-04,,,,,,
1986-07-07,3.7129,,7.31,,,
1986-07-08,3.7129,,7.44,,,
1986-07-09,3.7129,,7.31,,,
1986-07-10,3.7129,,7.31,,,
1986-07-11,3.7129,,7.3,,,
1986-07-14,3.7129,,7.25,,,
1986-07-15,3.7129,,7.16,,,
1986-07-16,3.7129,,7.2,,,
1986-07-17,3.7129,,7.18,,,
1986-07-18,3.7129,,7.16,,,
1986-07-21,3.7129,,7.14,,,
1986-07-22,3.7129,,7.2,,,
1986-07-23,3.7129,,7.29,,,
1986-07-24,3.7129,,7.35,,,
1986-07-25,3.7129,,7.33,,,
1986-07-28,3.7129,,7.53,,,
1986-07-29,3.7129,,7.41,,,
1986-07-30,3.7129,,7.41,,,
1986-07-31,3.7129,,7.34,,,
1986-08-01,3.7129,,7.34,109.6,,
1986-08-04,3.7129,,7.33,,,
1986-08-05,3.7129,,7.39,,,
1986-08-06,3.7129,,7.47,,,
1986-08-07,3.7129,,7.45,,,
1986-08-08,3.7129,,7.3,,,
1986-08-11,3.7129,,7.25,,,
1986-08-12,3.7129,,7.23,,,
1986-08-13,3.7129,,7.15,,,
1986-08-14,3.7129,,7.16,,,
1986-08-15,3.7129,,7.14,,,
1986-08-18,3.7129,,7.14,,,
1986-08-19,3.7129,,7.02,,,
1986-08-20,3.7129,,7.0,,,
1986-08-21,3.7129,,6.96,,,
1986-08-22,3.7129,,7.07,,,
1986-08-25,3.7129,,7.06,,,
1986-08-26,3.7129,,6.97,,,
1986-08-27,3.7129,,7.06,,,
1986-08-28,3.7129,,7.04,,,
1986-08-29,3.7129,,6.95,,,
1986-09-01,,,,110.0,,
1986-09-02,3.7129,,7.03,,,
1986-09-03,3.7129,,7.2,,,
1986-09-04,3.7129,,7.15,,,
1986-09-05,3.7129,,7.32,,,
1986-09-08,3.7129,,7.38,,,
1986-09-09,3.7129,,7.35,,,
1986-09-10,3.7129,,7.35,,,
1986-09-11,3.7129,,7.57,,,
1986-09-12,3.7129,,7.63,,,
1986-09-15,3.7129,,7.53,,,
1986-09-16,3.7129,,7.53,,,
1986-09-17,3.7129,,7.46,,,
1986-09-18,3.7129,,7.62,,,
1986-09-19,3.7129,,7.67,,,
1986-09-22,3.7129,,7.62,,,
1986-09-23,3.7129,,7.58,,,
1986-09-24,3.7129,,7.48,,,
1986-09-25,3.724,,7.47,,,
1986-09-26,3.724,,7.47,,,
1986-09-29,3.724,,7.54,,,
1986-09-30,3.724,,7.45,,,
1986-10-01,3.724,,7.41,110.2,,
1986-10-02,3.724,,7.45,,,
1986-10-03,3.724,,7.31,,,
1986-10-06,3.724,,7.28,,,
1986-10-07,3.724,,7.28,,,
1986-10-08,3.724,,7.31,,,
1986-10-09,3.724,,7.33,,,
1986-10-10,3.724,,7.36,,,
1986-10-13,,,,,,
1986-10-14,3.724,,7.49,,,
1986-10-15,3.724,,7.51,,,
1986-10-16,3.724,,7.53,,,
1986-10-17,3.724,,7.57,,,
1986-10-20,3.724,,7.66,,,
1986-10-21,3.724,,7.57,,,
1986-10-22,3.724,,7.49,,,
1986-10-23,3.724,,7.43,,,
1986-10-24,3.724,,7.47,,,
1986-10-27,3.7314,,7.42,,,
1986-10-28,3.7314,,7.45,,,
1986-10-29,3.7314,,7.41,,,
1986-10-30,3.7314,,7.31,,,
1986-10-31,3.7314,,7.34,,,
1986-11-01,,,,110.4,,
1986-11-03,3.7314,,7.29,,,
1986-11-04,3.7314,,7.31,,,
1986-11-05,3.7314,,7.24,,,
1986-11-06,3.7314,,7.32,,,
1986-11-07,3.7314,,7.4,,,
1986-11-10,3.7314,,7.38,,,
1986-11-11,,,,,,
1986-11-12,3.7314,,7.35,,,
1986-11-13,3.7314,,7.33,,,
1986-11-14,3.7314,,7.29,,,
1986-11-17,3.7314,,7.22,,,
1986-11-18,3.7314,,7.27,,,
1986-11-19,3.7314,,7.19,,,
1986-11-20,3.7314,,7.19,,,
1986-11-21,3.7314,,7.17,,,
1986-11-24,3.7314,,7.11,,,
1986-11-25,3.7314,,7.15,,,
1986-11-26,3.7314,,7.15,,,
1986-11-27,,,,,,
1986-11-28,3.7314,,7.15,,,
1986-12-01,3.7314,,7.18,110.8,,
1986-12-02,3.7314,,7.08,,,
1986-12-03,3.7314,,7.06,,,
1986-12-04,3.7314,,7.01,,,
1986-12-05,3.7314,,7.12,,,
1986-12-08,3.7314,,7.1,,,
1986-12-09,3.7314,,7.07,,,
1986-12-10,3.7314,,7.05,,,
1986-12-11,3.7314,,7.12,,,
1986-12-12,3.7314,,7.13,,,
1986-12-15,3.7314,,7.15,,,
1986-12-16,3.7314,,7.12,,,
1986-12-17,3.7314,,7.12,,,
1986-12-18,3.7314,,7.11,,,
1986-12-19,3.7314,,7.1,,,
1986-12-22,3.7314,,7.1,,,
1986-12-23,3.7314,,7.08,,,
1986-12-24,3.7314,,7.07,,,
1986-12-25,,,,,,
1986-12-26,3.7314,,7.08,,,
1986-12-29,3.7314,,7.17,,,
1986-12-30,3.7314,,7.23,,,
1986-12-31,3.7314,,7.23,,,
1987-01-01,,,,111.4,,
1987-01-02,3.7314,,7.18,,,
1987-01-05,3.7314,,7.08,,,
1987-01-06,3.7314,,7.08,,,
1987-01-07,3.7314,,7.05,,,
1987-01-08,3.7314,,7.04,,,
1987-01-09,3.7314,,7.01,,,
1987-01-12,3.7314,,7.05,,,
1987-01-13,3.7314,,7.1,,,
1987-01-14,3.7314,,7.11,,,
1987-01-15,3.7314,,7.08,,,
1987-01-16,3.7314,,7.03,,,
1987-01-19,,,,,,
1987-01-20,3.7314,,7.01,,,
1987-01-21,3.7314,,7.01,,,
1987-01-22,3.7314,,7.03,,,
1987-01-23,3.7314,,7.06,,,
1987-01-26,3.7314,,7.17,,,
1987-01-27,3.7314,,7.16,,,
1987-01-28,3.7314,,7.13,,,
1987-01-29,3.7314,,7.13,,,
1987-01-30,3.7314,,7.18,,,
1987-02-01,,,,111.8,,
1987-02-02,3.7314,,7.23,,,
1987-02-03,3.7314,,7.25,,,
1987-02-04,3.7314,,7.23,,,
1987-02-05,3.7314,,7.2,,,
1987-02-06,3.7314,,7.19,,,
1987-02-09,3.7314,,7.25,,,
1987-02-10,3.7314,,7.33,,,
1987-02-11,3.7314,,7.37,,,
1987-02-12,3.7314,,7.31,,,
1987-02-13,3.7314,,7.28,,,
1987-02-16,,,,,,
1987-02-17,3.7314,,7.33,,,
1987-02-18,3.7314,,7.3,,,
1987-02-19,3.7314,,7.23,,,
1987-02-20,3.7314,,7.24,,,
1987-02-23,3.7314,,7.23,,,
1987-02-24,3.7314,,7.18,,,
1987-02-25,3.7314,,7.21,,,
1987-02-26,3.7314,,7.21,,,
1987-02-27,3.7314,,7.19,,,
1987-03-01,,,,112.2,,
1987-03-02,3.7314,,7.17,,,
1987-03-03,3.7314,,7.21,,,
1987-03-04,3.7314,,7.14,,,
1987-03-05,3.7314,,7.16,,,
1987-03-06,3.7314,,7.23,,,
1987-03-09,3.7314,,7.23,,,
1987-03-10,3.7314,,7.23,,,
1987-03-11,3.7314,,7.23,,,
1987-03-12,3.7314,,7.22,,,
1987-03-13,3.7314,,7.19,,,
1987-03-16,3.7314,,7.22,,,
1987-03-17,3.7314,,7.2,,,
1987-03-18,3.7314,,7.21,,,
1987-03-19,3.7314,,7.21,,,
1987-03-20,3.7314,,7.22,,,
1987-03-23,3.7314,,7.25,,,
1987-03-24,3.7314,,7.27,,,
1987-03-25,3.7314,,7.26,,,
1987-03-26,3.7314,,7.24,,,
1987-03-27,3.7314,,7.33,,,
1987-03-30,3.7314,,7.54,,,
1987-03-31,3.7314,,7.51,,,
1987-04-01,3.7314,,7.59,112.7,,
1987-04-02,3.7314,,7.59,,,
1987-04-03,3.7314,,7.59,,,
1987-04-06,3.7314,,7.54,,,
1987-04-07,3.7314,,7.62,,,
1987-04-08,3.7314,,7.61,,,
1987-04-09,3.7314,,7.78,,,
1987-04-10,3.7314,,7.98,,,
1987-04-13,3.7314,,8.07,,,
1987-04-14,3.7314,,8.28,,,
1987-04-15,3.7314,,8.1,,,
1987-04-16,3.7314,,8.03,,,
1987-04-17,3.7314,,,,,
1987-04-20,3.7314,,8.2,,,
1987-04-21,3.7314,,8.19,,,
1987-04-22,3.7314,,8.24,,,
1987-04-23,3.7314,,8.39,,,
1987-04-24,3.7314,,8.47,,,
1987-04-27,3.7314,,8.37,,,
1987-04-28,3.7314,,8.28,,,
1987-04-29,3.7314,,8.35,,,
1987-04-30,3.7314,,8.21,,,
1987-05-01,3.7314,,8.39,113.0,,
1987-05-04,3.7314,,8.52,,,
1987-05-05,3.7314,,8.45,,,
1987-05-06,3.7314,,8.54,,,
1987-05-07,3.7314,,8.5,,,
1987-05-08,3.7314,,8.43,,,
1987-05-11,3.7314,,8.57,,,
1987-05-12,3.7314,,8.55,,,
1987-05-13,3.7314,,8.55,,,
1987-05-14,3.7314,,8.57,,,
1987-05-15,3.7314,,8.8,,,
1987-05-18,3.7314,,8.73,,,
1987-05-19,3.7314,,8.89,,,
1987-05-20,3.7314,,8.92,,,
1987-05-21,3.7314,,8.87,,,
1987-05-22,3.7314,,8.78,,,
1987-05-25,,,,,,
1987-05-26,3.7314,,8.55,,,
1987-05-27,3.7314,,8.6,,,
1987-05-28,3.7314,,8.56,,,
1987-05-29,3.7314,,8.49,,,
1987-06-01,3.7314,,8.45,113.5,,
1987-06-02,3.7314,,8.72,,,
1987-06-03,3.7314,,8.64,,,
1987-06-04,3.7314,,8.58,,,
1987-06-05,3.7314,,8.5,,,
1987-06-08,3.7314,,8.53,,,
1987-06-09,3.7314,,8.56,,,
1987-06-10,3.7314,,8.56,,,
1987-06-11,3.7314,,8.52,,,
1987-06-12,3.7314,,8.32,,,
1987-06-15,3.7314,,8.28,,,
1987-06-16,3.7314,,8.28,,,
1987-06-17,3.7314,,8.23,,,
1987-06-18,3.7314,,8.27,,,
1987-06-19,3.7314,,8.3,,,
1987-06-22,3.7314,,8.23,,,
1987-06-23,3.7314,,8.23,,,
1987-06-24,3.7314,,8.31,,,
1987-06-25,3.7314,,8.25,,,
1987-06-26,3.7314,,8.37,,,
1987-06-29,3.7314,,8.34,,,
1987-06-30,3.7314,,8.38,,,
1987-07-01,3.7314,,8.36,113.8,,
1987-07-02,3.7314,,8.3,,,
1987-07-03,3.7314,,,,,
1987-07-06,3.7314,,8.29,,,
1987-07-07,3.7314,,8.28,,,
1987-07-08,3.7314,,8.32,,,
1987-07-09,3.7314,,8.37,,,
1987-07-10,3.7314,,8.32,,,
1987-07-13,3.7314,,8.38,,,
1987-07-14,3.7314,,8.33,,,
1987-07-15,3.7314,,8.43,,,
1987-07-16,3.7314,,8.41,,,
1987-07-17,3.7314,,8.36,,,
1987-07-20,3.7314,,8.41,,,
1987-07-21,3.7314,,8.49,,,
1987-07-22,3.7314,,8.54,,,
1987-07-23,3.7314,,8.56,,,
1987-07-24,3.7314,,8.58,,,
1987-07-27,3.7314,,8.6,,,
1987-07-28,3.7314,,8.62,,,
1987-07-29,3.7314,,8.61,,,
1987-07-30,3.7314,,8.61,,,
1987-07-31,3.7314,,8.66,,,
1987-08-01,,,,114.3,,
1987-08-03,3.7314,,8.81,,,
1987-08-04,3.7314,,8.81,,,
1987-08-05,3.7314,,8.71,,,
1987-08-06,3.7314,,8.73,,,
1987-08-07,3.7314,,8.7,,,
1987-08-10,3.7314,,8.74,,,
1987-08-11,3.7314,,8.73,,,
1987-08-12,3.7314,,8.72,,,
1987-08-13,3.7314,,8.63,,,
1987-08-14,3.7314,,8.58,,,
1987-08-17,3.7314,,8.56,,,
1987-08-18,3.7314,,8.73,,,
1987-08-19,3.7314,,8.77,,,
1987-08-20,3.7314,,8.74,,,
1987-08-21,3.7314,,8.77,,,
1987-08-24,3.7314,,8.78,,,
1987-08-25,3.7314,,8.73,,,
1987-08-26,3.7314,,8.79,,,
1987-08-27,3.7314,,8.92,,,
1987-08-28,3.7314,,9.02,,,
1987-08-31,3.7314,,9.0,,,
1987-09-01,3.7314,,9.05,114.7,,
1987-09-02,3.7314,,9.28,,,
1987-09-03,3.7314,,9.29,,,
1987-09-04,3.7314,,9.3,,,
1987-09-07,,,,,,
1987-09-08,3.7314,,9.5,,,
1987-09-09,3.7314,,9.48,,,
1987-09-10,3.7314,,9.42,,,
1987-09-11,3.7314,,9.33,,,
1987-09-14,3.7314,,9.34,,,
1987-09-15,3.7314,,9.44,,,
1987-09-16,3.7314,,9.52,,,
1987-09-17,3.7314,,9.48,,,
1987-09-18,3.7314,,9.38,,,
1987-09-21,3.7314,,9.45,,,
1987-09-22,3.7314,,9.37,,,
1987-09-23,3.7314,,9.4,,,
1987-09-24,3.7314,,9.51,,,
1987-09-25,3.7314,,9.53,,,
1987-09-28,3.7314,,9.52,,,
1987-09-29,3.7314,,9.64,,,
1987-09-30,3.7314,,9.63,,,
1987-10-01,3.7314,,9.66,115.0,,
1987-10-02,3.7314,,9.6,,,
1987-10-05,3.7314,,9.69,,,
1987-10-06,3.7314,,9.72,,,
1987-10-07,3.7314,,9.71,,,
1987-10-08,3.7314,,9.86,,,
1987-10-09,3.7314,,9.94,,,
1987-10-12,,,,,,
1987-10-13,3.7314,,9.9,,,
1987-10-14,3.7314,,10.13,,,
1987-10-15,3.7314,,10.18,,,
1987-10-16,3.7314,,10.23,,,
1987-10-19,3.7314,,10.15,,,
1987-10-20,3.7314,,9.4,,,
1987-10-21,3.7314,,9.3,,,
1987-10-22,3.7314,,8.97,,,
1987-10-23,3.7314,,8.98,,,
1987-10-26,3.7314,,8.8,,,
1987-10-27,3.7314,,8.92,,,
1987-10-28,3.7314,,9.01,,,
1987-10-29,3.7314,,8.89,,,
1987-10-30,3.7314,,8.88,,,
1987-11-01,,,,115.4,,
1987-11-02,3.7314,,8.98,,,
1987-11-03,3.7314,,8.91,,,
1987-11-04,3.7314,,8.85,,,
1987-11-05,3.7314,,8.72,,,
1987-11-06,3.7314,,8.76,,,
1987-11-09,3.7314,,8.78,,,
1987-11-10,3.7314,,8.79,,,
1987-11-11,,,,,,
1987-11-12,3.7314,,8.8,,,
1987-11-13,3.7314,,8.84,,,
1987-11-16,3.7314,,8.82,,,
1987-11-17,3.7314,,8.86,,,
1987-11-18,3.7314,,8.85,,,
1987-11-19,3.7314,,8.83,,,
1987-11-20,3.7314,,8.79,,,
1987-11-23,3.7314,,8.8,,,
1987-11-24,3.7314,,8.89,,,
1987-11-25,3.7314,,8.98,,,
1987-11-26,,,,,,
1987-11-27,3.7314,,9.11,,,
1987-11-30,3.7314,,8.99,,,
1987-12-01,3.7314,,9.01,115.6,,
1987-12-02,3.7314,,9.01,,,
1987-12-03,3.7314,,8.94,,,
1987-12-04,3.7314,,8.94,,,
1987-12-07,3.7314,,9.07,,,
1987-12-08,3.7314,,9.09,,,
1987-12-09,3.7314,,9.05,,,
1987-12-10,3.7314,,9.23,,,
1987-12-11,3.7314,,9.28,,,
1987-12-14,3.7314,,9.23,,,
1987-12-15,3.7314,,9.09,,,
1987-12-16,3.7314,,9.0,,,
1987-12-17,3.7314,,9.03,,,
1987-12-18,3.7314,,8.89,,,
1987-12-21,3.7314,,8.88,,,
1987-12-22,3.7314,,8.95,,,
1987-12-23,3.7314,,8.83,,,
1987-12-24,3.7314,,8.82,,,
1987-12-25,,,,,,
1987-12-28,3.7314,,8.93,,,
1987-12-29,3.7314,,8.85,,,
1987-12-30,3.7314,,8.78,,,
1987-12-31,3.7314,,8.83,,,
1988-01-01,,,,116.0,,
1988-01-04,3.7314,,8.83,,,
1988-01-05,3.7314,,8.76,,,
1988-01-06,3.7314,,8.82,,,
1988-01-07,3.7314,,8.83,,,
1988-01-08,3.7314,,8.97,,,
1988-01-11,3.7314,,8.94,,,
1988-01-12,3.7314,,8.93,,,
1988-01-13,3.7314,,8.87,,,
1988-01-14,3.7314,,8.86,,,
1988-01-15,3.7314,,8.6,,,
1988-01-18,,,,,,
1988-01-19,3.7314,,8.65,,,
1988-01-20,3.7314,,8.61,,,
1988-01-21,3.7314,,8.53,,,
1988-01-22,3.7314,,8.49,,,
1988-01-25,3.7314,,8.45,,,
1988-01-26,3.7314,,8.54,,,
1988-01-27,3.7314,,8.38,,,
1988-01-28,3.7314,,8.33,,,
1988-01-29,3.7314,,8.26,,,
1988-02-01,3.7314,,8.26,116.2,,
1988-02-02,3.7314,,8.18,,,
1988-02-03,3.7314,,8.21,,,
1988-02-04,3.7314,,8.24,,,
1988-02-05,3.7314,,8.12,,,
1988-02-08,3.7314,,8.19,,,
1988-02-09,3.7314,,8.16,,,
1988-02-10,3.7314,,8.11,,,
1988-02-11,3.7314,,8.16,,,
1988-02-12,3.7314,,8.28,,,
1988-02-15,,,,,,
1988-02-16,3.7314,,8.31,,,
1988-02-17,3.7314,,8.32,,,
1988-02-18,3.7314,,8.28,,,
1988-02-19,3.7314,,8.26,,,
1988-02-22,3.7314,,8.24,,,
1988-02-23,3.7314,,8.17,,,
1988-02-24,3.7314,,8.18,,,
1988-02-25,3.7314,,8.23,,,
1988-02-26,3.7314,,8.18,,,
1988-02-29,3.7314,,8.16,,,
1988-03-01,3.7314,,8.15,116.5,,
1988-03-02,3.7314,,8.13,,,
1988-03-03,3.7314,,8.12,,,
1988-03-04,3.7314,,8.28,,,
1988-03-07,3.7314,,8.3,,,
1988-03-08,3.7314,,8.33,,,
1988-03-09,3.7314,,8.32,,,
1988-03-10,3.7314,,8.35,,,
1988-03-11,3.7314,,8.29,,,
1988-03-14,3.7314,,8.29,,,
1988-03-15,3.7314,,8.3,,,
1988-03-16,3.7314,,8.36,,,
1988-03-17,3.7314,,8.3,,,
1988-03-18,3.7314,,8.41,,,
1988-03-21,3.7314,,8.47,,,
1988-03-22,3.7314,,8.46,,,
1988-03-23,3.7314,,8.47,,,
1988-03-24,3.7314,,8.51,,,
1988-03-25,3.7314,,8.47,,,
1988-03-28,3.7314,,8.58,,,
1988-03-29,3.7314,,8.56,,,
1988-03-30,3.7314,,8.57,,,
1988-03-31,3.7314,,8.57,,,
1988-04-01,3.7314,,,117.2,,
1988-04-04,3.7314,,8.68,,,
1988-04-05,3.7314,,8.67,,,
1988-04-06,3.7314,,8.61,,,
1988-04-07,3.7314,,8.6,,,
1988-04-08,3.7314,,8.52,,,
1988-04-11,3.7314,,8.59,,,
1988-04-12,3.7314,,8.57,,,
1988-04-13,3.7314,,8.56,,,
1988-04-14,3.7314,,8.67,,,
1988-04-15,3.7314,,8.74,,,
1988-04-18,3.7314,,8.81,,,
1988-04-19,3.7314,,8.81,,,
1988-04-20,3.7314,,8.83,,,
1988-04-21,3.7314,,8.82,,,
1988-04-22,3.7314,,8.78,,,
1988-04-25,3.7314,,8.78,,,
1988-04-26,3.7314,,8.8,,,
1988-04-27,3.7314,,8.8,,,
1988-04-28,3.7314,,8.86,,,
1988-04-29,3.7314,,8.87,,,
1988-05-01,,,,117.5,,
1988-05-02,3.7314,,8.94,,,
1988-05-03,3.7314,,8.89,,,
1988-05-04,3.7314,,8.9,,,
1988-05-05,3.7314,,8.92,,,
1988-05-06,3.7314,,9.01,,,
1988-05-09,3.7314,,9.03,,,
1988-05-10,3.7314,,9.07,,,
1988-05-11,3.7314,,9.05,,,
1988-05-12,3.7314,,9.04,,,
1988-05-13,3.7314,,9.0,,,
1988-05-16,3.7314,,9.01,,,
1988-05-17,3.7314,,9.12,,,
1988-05-18,3.7314,,9.19,,,
1988-05-19,3.7314,,9.18,,,
1988-05-20,3.7314,,9.22,,,
1988-05-23,3.7314,,9.23,,,
1988-05-24,3.7314,,9.22,,,
1988-05-25,3.7314,,9.2,,,
1988-05-26,3.7314,,9.21,,,
1988-05-27,3.7314,,9.24,,,
1988-05-30,,,,,,
1988-05-31,3.7314,,9.2,,,
1988-06-01,3.7314,,9.03,118.0,,
1988-06-02,3.7314,,9.07,,,
1988-06-03,3.7314,,8.97,,,
1988-06-06,3.7314,,8.97,,,
1988-06-07,3.7314,,9.02,,,
1988-06-08,3.7314,,8.92,,,
1988-06-09,3.7314,,8.96,,,
1988-06-10,3.7314,,8.92,,,
1988-06-13,3.7314,,8.91,,,
1988-06-14,3.7314,,8.69,,,
1988-06-15,3.7314,,8.71,,,
1988-06-16,3.7314,,8.89,,,
1988-06-17,3.7314,,9.02,,,
1988-06-20,3.7314,,9.02,,,
1988-06-21,3.7314,,9.03,,,
1988-06-22,3.7314,,8.9,,,
1988-06-23,3.7314,,8.88,,,
1988-06-24,3.7314,,8.85,,,
1988-06-27,3.7314,,8.94,,,
1988-06-28,3.7314,,8.87,,,
1988-06-29,3.7314,,8.88,,,
1988-06-30,3.7314,,8.82,,,
1988-07-01,3.7314,,8.77,118.5,,
1988-07-04,,,,,,
1988-07-05,3.7314,,8.82,,,
1988-07-06,3.7314,,8.91,,,
1988-07-07,3.7314,,8.95,,,
1988-07-08,3.7314,,9.04,,,
1988-07-11,3.7314,,9.02,,,
1988-07-12,3.7314,,9.08,,,
1988-07-13,3.7314,,9.12,,,
1988-07-14,3.7314,,9.12,,,
1988-07-15,3.7314,,9.08,,,
1988-07-18,3.7314,,9.15,,,
1988-07-19,3.7314,,9.1,,,
1988-07-20,3.7314,,9.11,,,
1988-07-21,3.7314,,9.16,,,
1988-07-22,3.7314,,9.11,,,
1988-07-25,3.7314,,9.07,,,
1988-07-26,3.7314,,9.09,,,
1988-07-27,3.7314,,9.14,,,
1988-07-28,3.7314,,9.16,,,
1988-07-29,3.7314,,9.12,,,
1988-08-01,3.7314,,9.07,119.0,,
1988-08-02,3.7314,,9.0,,,
1988-08-03,3.7314,,9.04,,,
1988-08-04,3.7314,,8.99,,,
1988-08-05,3.7314,,9.12,,,
1988-08-08,3.7314,,9.12,,,
1988-08-09,3.7314,,9.2,,,
1988-08-10,3.7314,,9.3,,,
1988-08-11,3.7314,,9.35,,,
1988-08-12,3.7314,,9.36,,,
1988-08-15,3.7314,,9.37,,,
1988-08-16,3.7314,,9.35,,,
1988-08-17,3.7314,,9.38,,,
1988-08-18,3.7314,,9.35,,,
1988-08-19,3.7314,,9.35,,,
1988-08-22,3.7314,,9.37,,,
1988-08-23,3.7314,,9.32,,,
1988-08-24,3.7314,,9.34,,,
1988-08-25,3.7314,,9.41,,,
1988-08-26,3.7314,,9.38,,,
1988-08-29,3.7314,,9.3,,,
1988-08-30,3.7314,,9.27,,,
1988-08-31,3.7314,,9.25,,,
1988-09-01,3.7314,,9.25,119.5,,
1988-09-02,3.7314,,9.0,,,
1988-09-05,,,,,,
1988-09-06,3.7314,,8.99,,,
1988-09-07,3.7314,,8.99,,,
1988-09-08,3.7314,,8.99,,,
1988-09-09,3.7314,,8.93,,,
1988-09-12,3.7314,,8.97,,,
1988-09-13,3.7314,,8.94,,,
1988-09-14,3.7314,,8.88,,,
1988-09-15,3.7314,,8.91,,,
1988-09-16,3.7314,,8.93,,,
1988-09-19,3.7314,,8.97,,,
1988-09-20,3.7314,,8.97,,,
1988-09-21,3.7314,,8.93,,,
1988-09-22,3.7314,,8.95,,,
1988-09-23,3.7314,,8.97,,,
1988-09-26,3.7314,,9.0,,,
1988-09-27,3.7314,,9.04,,,
1988-09-28,3.7314,,9.06,,,
1988-09-29,3.7314,,8.98,,,
1988-09-30,3.7314,,8.87,,,
1988-10-01,,,,119.9,,
1988-10-03,3.7314,,8.84,,,
1988-10-04,3.7314,,8.87,,,
1988-10-05,3.7314,,8.87,,,
1988-10-06,3.7314,,8.87,,,
1988-10-07,3.7314,,8.7,,,
1988-10-10,,,,,,
1988-10-11,3.7314,,8.75,,,
1988-10-12,3.7314,,8.84,,,
1988-10-13,3.7314,,8.84,,,
1988-10-14,3.7314,,8.81,,,
1988-10-17,3.7314,,8.79,,,
1988-10-18,3.7314,,8.78,,,
1988-10-19,3.7314,,8.82,,,
1988-10-20,3.7314,,8.79,,,
1988-10-21,3.7314,,8.83,,,
1988-10-24,3.7314,,8.83,,,
1988-10-25,3.7314,,8.83,,,
1988-10-26,3.7314,,8.79,,,
1988-10-27,3.7314,,8.72,,,
1988-10-28,3.7314,,8.69,,,
1988-10-31,3.7314,,8.65,,,
1988-11-01,3.7314,,8.68,120.3,,
1988-11-02,3.7314,,8.73,,,
1988-11-03,3.7314,,8.69,,,
1988-11-04,3.7314,,8.85,,,
1988-11-07,3.7314,,8.91,,,
1988-11-08,3.7314,,8.91,,,
1988-11-09,3.7314,,8.91,,,
1988-11-10,3.7314,,8.9,,,
1988-11-11,,,,,,
1988-11-14,3.7314,,8.91,,,
1988-11-15,3.7314,,8.92,,,
1988-11-16,3.7314,,9.0,,,
1988-11-17,3.7314,,9.06,,,
1988-11-18,3.7314,,9.05,,,
1988-11-21,3.7314,,9.04,,,
1988-11-22,3.7314,,9.09,,,
1988-11-23,3.7314,,9.08,,,
1988-11-24,,,,,,
1988-11-25,3.7314,,9.17,,,
1988-11-28,3.7314,,9.16,,,
1988-11-29,3.7314,,9.13,,,
1988-11-30,3.7314,,9.06,,,
1988-12-01,3.7314,,9.01,120.7,,
1988-12-02,3.7314,,9.18,,,
1988-12-05,3.7314,,9.13,,,
1988-12-06,3.7314,,8.95,,,
1988-12-07,3.7314,,9.0,,,
1988-12-08,3.7314,,9.02,,,
1988-12-09,3.7314,,9.07,,,
1988-12-12,3.7314,,9.08,,,
1988-12-13,3.7314,,9.15,,,
1988-12-14,3.7314,,9.19,,,
1988-12-15,3.7314,,9.19,,,
1988-12-16,3.7314,,9.17,,,
1988-12-19,3.7314,,9.15,,,
1988-12-20,3.7314,,9.08,,,
1988-12-21,3.7314,,9.07,,,
1988-12-22,3.7314,,9.07,,,
1988-12-23,3.7314,,9.05,,,
1988-12-26,,,,,,
1988-12-27,3.7314,,9.13,,,
1988-12-28,3.7314,,9.21,,,
1988-12-29,3.7314,,9.18,,,
1988-12-30,3.7314,,9.14,,,
1989-01-01,,,,121.2,,
1989-01-02,,,,,,
1989-01-03,3.7314,,9.23,,,
1989-01-04,3.7314,,9.22,,,
1989-01-05,3.7314,,9.27,,,
1989-01-06,3.7314,,9.25,,,
1989-01-09,3.7314,,9.23,,,
1989-01-10,3.7314,,9.24,,,
1989-01-11,3.7314,,9.24,,,
1989-01-12,3.7314,,9.14,,,
1989-01-13,3.7314,,9.06,,,
1989-01-16,,,,,,
1989-01-17,3.7314,,9.06,,,
1989-01-18,3.7314,,8.99,,,
1989-01-19,3.7314,,9.0,,,
1989-01-20,3.7314,,9.03,,,
1989-01-23,3.7314,,9.0,,,
1989-01-24,3.7314,,8.93,,,
1989-01-25,3.7314,,8.99,,,
1989-01-26,3.7314,,8.99,,,
1989-01-27,3.7314,,8.95,,,
1989-01-30,3.7314,,9.0,,,
1989-01-31,3.7314,,9.01,,,
1989-02-01,3.7314,,8.99,121.6,,
1989-02-02,3.7314,,8.98,,,
1989-02-03,3.7314,,9.01,,,
1989-02-06,3.7314,,9.01,,,
1989-02-07,3.7314,,8.96,,,
1989-02-08,3.7314,,8.95,,,
1989-02-09,3.7314,,9.13,,,
1989-02-10,3.7314,,9.19,,,
1989-02-13,3.7314,,9.2,,,
1989-02-14,3.7314,,9.23,,,
1989-02-15,3.7314,,9.22,,,
1989-02-16,3.7314,,9.21,,,
1989-02-17,3.7314,,9.2,,,
1989-02-20,,,,,,
1989-02-21,3.7314,,9.22,,,
1989-02-22,3.7314,,9.29,,,
1989-02-23,3.7314,,9.36,,,
1989-02-24,3.7314,,9.38,,,
1989-02-27,3.7314,,9.36,,,
1989-02-28,3.7314,,9.32,,,
1989-03-01,3.7314,,9.36,122.2,,
1989-03-02,3.7314,,9.31,,,
1989-03-03,3.7314,,9.31,,,
1989-03-06,3.7314,,9.26,,,
1989-03-07,3.7314,,9.26,,,
1989-03-08,3.7314,,9.23,,,
1989-03-09,3.7314,,9.24,,,
1989-03-10,3.7314,,9.34,,,
1989-03-13,3.7314,,9.35,,,
1989-03-14,3.7314,,9.32,,,
1989-03-15,3.7314,,9.31,,,
1989-03-16,3.7314,,9.3,,,
1989-03-17,3.7314,,9.49,,,
1989-03-20,3.7314,,9.53,,,
1989-03-21,3.7314,,9.53,,,
1989-03-22,3.7314,,9.45,,,
1989-03-23,3.7314,,9.43,,,
1989-03-24,3.7314,,,,,
1989-03-27,3.7314,,9.44,,,
1989-03-28,3.7314,,9.41,,,
1989-03-29,3.7314,,9.36,,,
1989-03-30,3.7314,,9.34,,,
1989-03-31,3.7314,,9.3,,,
1989-04-01,,,,123.1,,
1989-04-03,3.7314,,9.21,,,
1989-04-04,3.7314,,9.17,,,
1989-04-05,3.7314,,9.17,,,
1989-04-06,3.7314,,9.2,,,
1989-04-07,3.7314,,9.27,,,
1989-04-10,3.7314,,9.27,,,
1989-04-11,3.7314,,9.27,,,
1989-04-12,3.7314,,9.29,,,
1989-04-13,3.7314,,9.34,,,
1989-04-14,3.7314,,9.18,,,
1989-04-17,3.7314,,9.2,,,
1989-04-18,3.7314,,9.06,,,
1989-04-19,3.7314,,9.08,,,
1989-04-20,3.7314,,9.2,,,
1989-04-21,3.7314,,9.15,,,
1989-04-24,3.7314,,9.15,,,
1989-04-25,3.7314,,9.12,,,
1989-04-26,3.7314,,9.11,,,
1989-04-27,3.7314,,9.05,,,
1989-04-28,3.7314,,9.02,,,
1989-05-01,3.7314,,9.14,123.7,,
1989-05-02,3.7314,,9.08,,,
1989-05-03,3.7314,,9.06,,,
1989-05-04,3.7314,,9.06,,,
1989-05-05,3.7314,,8.99,,,
1989-05-08,3.7314,,9.04,,,
1989-05-09,3.7314,,9.15,,,
1989-05-10,3.7314,,9.16,,,
1989-05-11,3.7314,,9.1,,,
1989-05-12,3.7314,,8.81,,,
1989-05-15,3.7314,,8.82,,,
1989-05-16,3.7314,,8.82,,,
1989-05-17,3.7314,,8.8,,,
1989-05-18,3.7314,,8.78,,,
1989-05-19,3.7314,,8.71,,,
1989-05-22,3.7314,,8.58,,,
1989-05-23,3.7314,,8.6,,,
1989-05-24,3.7314,,8.63,,,
1989-05-25,3.7314,,8.67,,,
1989-05-26,3.7314,,8.66,,,
1989-05-29,,,,,,
1989-05-30,3.7314,,8.64,,,
1989-05-31,3.7314,,8.6,,,
1989-06-01,3.7314,,8.61,124.1,,
1989-06-02,3.7314,,8.43,,,
1989-06-05,3.7314,,8.36,,,
1989-06-06,3.7314,,8.36,,,
1989-06-07,3.7314,,8.27,,,
1989-06-08,3.7314,,8.27,,,
1989-06-09,3.7314,,8.15,,,
1989-06-12,3.7314,,8.16,,,
1989-06-13,3.7314,,8.25,,,
1989-06-14,3.7314,,8.2,,,
1989-06-15,3.7314,,8.33,,,
1989-06-16,3.7314,,8.35,,,
1989-06-19,3.7314,,8.37,,,
1989-06-20,3.7314,,8.31,,,
1989-06-21,3.7314,,8.37,,,
1989-06-22,3.7314,,8.38,,,
1989-06-23,3.7318,,8.25,,,
1989-06-26,3.7314,,8.18,,,
1989-06-27,3.7314,,8.11,,,
1989-06-28,3.7314,,8.17,,,
1989-06-29,3.7314,,8.12,,,
1989-06-30,3.7314,,8.1,,,
1989-07-01,,,,124.5,,
1989-07-03,3.7314,,8.09,,,
1989-07-04,,,,,,
1989-07-05,3.7314,,8.11,,,
1989-07-06,3.7314,,8.08,,,
1989-07-07,3.7314,,8.02,,,
1989-07-10,3.7314,,7.99,,,
1989-07-11,3.7314,,8.0,,,
1989-07-12,3.7314,,8.0,,,
1989-07-13,3.7314,,8.0,,,
1989-07-14,3.7314,,8.04,,,
1989-07-17,3.7314,,8.05,,,
1989-07-18,3.7314,,8.13,,,
1989-07-19,3.7314,,8.09,,,
1989-07-20,3.7314,,8.01,,,
1989-07-21,3.7314,,8.07,,,
1989-07-24,3.7314,,8.05,,,
1989-07-25,3.7314,,8.01,,,
1989-07-26,3.7314,,8.02,,,
1989-07-27,3.7314,,7.92,,,
1989-07-28,3.7314,,7.87,,,
1989-07-31,3.7314,,7.82,,,
1989-08-01,3.7314,,7.74,124.5,,
1989-08-02,3.7314,,7.76,,,
1989-08-03,3.7314,,7.8,,,
1989-08-04,3.7314,,8.0,,,
1989-08-07,3.7314,,8.03,,,
1989-08-08,3.7314,,8.0,,,
1989-08-09,3.7314,,8.05,,,
1989-08-10,3.7314,,8.02,,,
1989-08-11,3.7314,,8.09,,,
1989-08-14,3.7314,,8.24,,,
1989-08-15,3.7314,,8.21,,,
1989-08-16,3.7314,,8.12,,,
1989-08-17,3.7314,,8.18,,,
1989-08-18,3.7314,,8.15,,,
1989-08-21,3.7314,,8.2,,,
1989-08-22,3.7314,,8.29,,,
1989-08-23,3.7314,,8.25,,,
1989-08-24,3.7314,,8.2,,,
1989-08-25,3.7314,,8.21,,,
1989-08-28,3.7314,,8.27,,,
1989-08-29,3.7314,,8.27,,,
1989-08-30,3.7314,,8.25,,,
1989-08-31,3.7314,,8.26,,,
1989-09-01,3.7314,,8.19,124.8,,
1989-09-04,,,,,,
1989-09-05,3.7314,,8.19,,,
1989-09-06,3.7314,,8.17,,,
1989-09-07,3.7314,,8.17,,,
1989-09-08,3.7314,,8.14,,,
1989-09-11,3.7314,,8.13,,,
1989-09-12,3.7314,,8.13,,,
1989-09-13,3.7314,,8.18,,,
1989-09-14,3.7314,,8.13,,,
1989-09-15,3.7314,,8.09,,,
1989-09-18,3.7314,,8.1,,,
1989-09-19,3.7314,,8.09,,,
1989-09-20,3.7314,,8.15,,,
1989-09-21,3.7314,,8.2,,,
1989-09-22,3.7314,,8.22,,,
1989-09-25,3.7314,,8.32,,,
1989-09-26,3.7314,,8.3,,,
1989-09-27,3.7314,,8.3,,,
1989-09-28,3.7314,,8.3,,,
1989-09-29,3.7314,,8.31,,,
1989-10-01,,,,125.4,,
1989-10-02,3.7314,,8.28,,,
1989-10-03,3.7314,,8.23,,,
1989-10-04,3.7314,,8.22,,,
1989-10-05,3.7314,,8.15,,,
1989-10-06,3.7314,,8.03,,,
1989-10-09,,,,,,
1989-10-10,3.7314,,8.03,,,
1989-10-11,3.7314,,8.07,,,
1989-10-12,3.7314,,8.04,,,
1989-10-13,3.7314,,7.87,,,
1989-10-16,3.7314,,7.98,,,
1989-10-17,3.7314,,8.0,,,
1989-10-18,3.7314,,8.01,,,
1989-10-19,3.7314,,7.96,,,
1989-10-20,3.7314,,7.98,,,
1989-10-23,3.7314,,7.92,,,
1989-10-24,3.7314,,7.87,,,
1989-10-25,3.7314,,7.86,,,
1989-10-26,3.7314,,7.88,,,
1989-10-27,3.7314,,7.94,,,
1989-10-30,3.7314,,7.92,,,
1989-10-31,3.7314,,7.92,,,
1989-11-01,3.7314,,7.91,125.9,,
1989-11-02,3.7314,,7.87,,,
1989-11-03,3.7314,,7.96,,,
1989-11-06,3.7314,,8.0,,,
1989-11-07,3.7314,,7.9,,,
1989-11-08,3.7314,,7.87,,,
1989-11-09,3.7314,,7.9,,,
1989-11-10,3.7314,,7.92,,,
1989-11-13,3.7314,,7.89,,,
1989-11-14,3.7314,,7.87,,,
1989-11-15,3.7314,,7.82,,,
1989-11-16,3.7314,,7.82,,,
1989-11-17,3.7314,,7.88,,,
1989-11-20,3.7314,,7.86,,,
1989-11-21,3.7314,,7.85,,,
1989-11-22,3.7314,,7.81,,,
1989-11-23,,,,,,
1989-11-24,3.7314,,7.8,,,
1989-11-27,3.7314,,7.85,,,
1989-11-28,3.7314,,7.86,,,
1989-11-29,3.7314,,7.88,,,
1989-11-30,3.7314,,7.84,,,
1989-12-01,3.7314,,7.81,126.3,,
1989-12-04,3.7314,,7.82,,,
1989-12-05,3.7314,,7.82,,,
1989-12-06,3.7314,,7.85,,,
1989-12-07,3.7314,,7.88,,,
1989-12-08,3.7314,,7.82,,,
1989-12-11,3.7314,,7.83,,,
1989-12-12,3.7314,,7.84,,,
1989-12-13,3.7314,,7.82,,,
1989-12-14,3.7314,,7.79,,,
1989-12-15,3.7314,,7.8,,,
1989-12-18,4.7339,,7.77,,,
1989-12-19,4.7339,,7.78,,,
1989-12-20,4.7339,,7.77,,,
1989-12-21,4.7339,,7.77,,,
1989-12-22,4.7339,,7.82,,,
1989-12-25,,,,,,
1989-12-26,4.7339,,7.95,,,
1989-12-27,4.7339,,7.94,,,
1989-12-28,4.7339,,7.91,,,
1989-12-29,4.7339,,7.93,,,
1990-01-01,,,,127.5,,
1990-01-02,4.7339,,7.94,,,
1990-01-03,4.7339,,7.99,,,
1990-01-04,4.7339,,7.98,,,
1990-01-05,4.7339,,7.99,,,
1990-01-08,4.7339,,8.02,,,
1990-01-09,4.7339,,8.02,,,
1990-01-10,4.7339,,8.03,,,
1990-01-11,4.7339,,8.04,,,
1990-01-12,4.7339,,8.1,,,
1990-01-15,,,,,,
1990-01-16,4.7339,,8.2,,,
1990-01-17,4.7339,,8.19,,,
1990-01-18,4.7339,,8.32,,,
1990-01-19,4.7339,,8.26,,,
1990-01-22,4.7339,,8.27,,,
1990-01-23,4.7339,,8.26,,,
1990-01-24,4.7339,,8.38,,,
1990-01-25,4.7339,,8.42,,,
1990-01-26,4.7339,,8.49,,,
1990-01-29,4.7339,,8.5,,,
1990-01-30,4.7339,,8.51,,,
1990-01-31,4.7339,,8.43,,,
1990-02-01,4.7339,,8.42,128.0,,
1990-02-02,4.7339,,8.5,,,
1990-02-05,4.7339,,8.53,,,
1990-02-06,4.7339,,8.57,,,
1990-02-07,4.7339,,8.52,,,
1990-02-08,4.7339,,8.49,,,
1990-02-09,4.7339,,8.31,,,
1990-02-12,4.7339,,8.4,,,
1990-02-13,4.7339,,8.35,,,
1990-02-14,4.7339,,8.36,,,
1990-02-15,4.7339,,8.43,,,
1990-02-16,4.7339,,8.42,,,
1990-02-19,,,,,,
1990-02-20,4.7339,,8.62,,,
1990-02-21,4.7339,,8.62,,,
1990-02-22,4.7339,,8.54,,,
1990-02-23,4.7339,,8.53,,,
1990-02-26,4.7339,,8.46,,,
1990-02-27,4.7339,,8.41,,,
1990-02-28,4.7339,,8.51,,,
1990-03-01,4.7339,,8.59,128.6,,
1990-03-02,4.7339,,8.54,,,
1990-03-05,4.7339,,8.65,,,
1990-03-06,4.7339,,8.59,,,
1990-03-07,4.7339,,8.58,,,
1990-03-08,4.7339,,8.57,,,
1990-03-09,4.7339,,8.65,,,
1990-03-12,4.7339,,8.63,,,
1990-03-13,4.7339,,8.73,,,
1990-03-14,4.7339,,8.65,,,
1990-03-15,4.7339,,8.66,,,
1990-03-16,4.7339,,8.59,,,
1990-03-19,4.7339,,8.59,,,
1990-03-20,4.7339,,8.54,,,
1990-03-21,4.7339,,8.55,,,
1990-03-22,4.7339,,8.53,,,
1990-03-23,4.7339,,8.52,,,
1990-03-26,4.7339,,8.51,,,
1990-03-27,4.7339,,8.52,,,
1990-03-28,4.7339,,8.51,,,
1990-03-29,4.7339,,8.6,,,
1990-03-30,4.7339,,8.65,,,
1990-04-01,,,,128.9,,
1990-04-02,4.7334,,8.65,,,
1990-04-03,4.7334,,8.63,,,
1990-04-04,4.7339,,8.55,,,
1990-04-05,4.7339,,8.57,,,
1990-04-06,4.7339,,8.56,,,
1990-04-09,4.7339,,8.59,,,
1990-04-10,4.7339,,8.6,,,
1990-04-11,4.7339,,8.63,,,
1990-04-12,4.7339,,8.64,,,
1990-04-13,4.7339,,,,,
1990-04-16,4.7339,,8.68,,,
1990-04-17,4.7339,,8.77,,,
1990-04-18,4.7339,,8.86,,,
1990-04-19,4.7339,,8.87,,,
1990-04-20,4.7339,,8.95,,,
1990-04-23,4.7339,,8.98,,,
1990-04-24,4.7339,,9.0,,,
1990-04-25,4.7339,,9.01,,,
1990-04-26,4.7339,,9.07,,,
1990-04-27,4.7339,,9.06,,,
1990-04-30,4.7339,,9.04,,,
1990-05-01,4.7339,,9.08,129.1,,
1990-05-02,4.7339,,9.09,,,
1990-05-03,4.7339,,9.04,,,
1990-05-04,4.7339,,8.84,,,
1990-05-07,4.7339,,8.87,,,
1990-05-08,4.7339,,8.84,,,
1990-05-09,4.7339,,8.88,,,
1990-05-10,4.7339,,8.82,,,
1990-05-11,4.7339,,8.64,,,
1990-05-14,4.7339,,8.61,,,
1990-05-15,4.7339,,8.65,,,
1990-05-16,4.7339,,8.68,,,
1990-05-17,4.7339,,8.69,,,
1990-05-18,4.7339,,8.75,,,
1990-05-21,4.7339,,8.74,,,
1990-05-22,4.7339,,8.65,,,
1990-05-23,4.7339,,8.61,,,
1990-05-24,4.7339,,8.63,,,
1990-05-25,4.7339,,8.69,,,
1990-05-28,,,,,,
1990-05-29,4.7339,,8.66,,,
1990-05-30,4.7339,,8.62,,,
1990-05-31,4.7339,,8.6,,,
1990-06-01,4.7339,,8.44,129.9,,
1990-06-04,4.7339,,8.44,,,
1990-06-05,4.7339,,8.47,,,
1990-06-06,4.7339,,8.46,,,
1990-06-07,4.7339,,8.46,,,
1990-06-08,4.7339,,8.46,,,
1990-06-11,4.7339,,8.48,,,
1990-06-12,4.7339,,8.48,,,
1990-06-13,4.7339,,8.4,,,
1990-06-14,4.7339,,8.38,,,
1990-06-15,4.7339,,8.46,,,
1990-06-18,4.7339,,8.5,,,
1990-06-19,4.7334,,8.51,,,
1990-06-20,4.7339,,8.55,,,
1990-06-21,4.7339,,8.52,,,
1990-06-22,4.7339,,8.51,,,
1990-06-25,4.7339,,8.58,,,
1990-06-26,4.7339,,8.56,,,
1990-06-27,4.7339,,8.52,,,
1990-06-28,4.7339,,8.47,,,
1990-06-29,4.7339,,8.43,,,
1990-07-01,,,,130.5,,
1990-07-02,4.7339,,8.43,,,
1990-07-03,4.7339,,8.4,,,
1990-07-04,,,,,,
1990-07-05,4.7339,,8.42,,,
1990-07-06,4.7339,,8.51,,,
1990-07-09,4.7339,,8.57,,,
1990-07-10,4.7339,,8.57,,,
1990-07-11,4.7339,,8.57,,,
1990-07-12,4.7339,,8.5,,,
1990-07-13,4.7339,,8.45,,,
1990-07-16,4.7339,,8.44,,,
1990-07-17,4.7339,,8.44,,,
1990-07-18,4.7339,,8.5,,,
1990-07-19,4.7339,,8.51,,,
1990-07-20,4.7339,,8.48,,,
1990-07-23,4.7339,,8.48,,,
1990-07-24,4.7339,,8.53,,,
1990-07-25,4.7339,,8.49,,,
1990-07-26,4.7339,,8.49,,,
1990-07-27,4.7339,,8.42,,,
1990-07-30,4.7339,,8.34,,,
1990-07-31,4.7339,,8.36,,,
1990-08-01,4.7339,,8.29,131.6,,
1990-08-02,4.7339,,8.41,,,
1990-08-03,4.7339,,8.43,,,
1990-08-06,4.7339,,8.71,,,
1990-08-07,4.7339,,8.78,,,
1990-08-08,4.7339,,8.77,,,
1990-08-09,4.7339,,8.66,,,
1990-08-10,4.7339,,8.68,,,
1990-08-13,4.7339,,8.71,,,
1990-08-14,4.7339,,8.66,,,
1990-08-15,4.7339,,8.64,,,
1990-08-16,4.7339,,8.76,,,
1990-08-17,4.7339,,8.8,,,
1990-08-20,4.7339,,8.81,,,
1990-08-21,4.7339,,8.84,,,
1990-08-22,4.7339,,8.91,,,
1990-08-23,4.7339,,9.0,,,
1990-08-24,4.7339,,9.05,,,
1990-08-27,4.7339,,8.9,,,
1990-08-28,4.7339,,8.94,,,
1990-08-29,4.7339,,8.84,,,
1990-08-30,4.7339,,8.86,,,
1990-08-31,4.7339,,8.86,,,
1990-09-01,,,,132.5,,
1990-09-03,,,,,,
1990-09-04,4.7339,,8.9,,,
1990-09-05,4.7339,,8.86,,,
1990-09-06,4.7339,,8.84,,,
1990-09-07,4.7339,,8.81,,,
1990-09-10,4.7339,,8.85,,,
1990-09-11,4.7339,,8.83,,,
1990-09-12,4.7339,,8.82,,,
1990-09-13,4.7339,,8.82,,,
1990-09-14,4.7339,,8.87,,,
1990-09-17,4.7339,,8.9,,,
1990-09-18,4.7399,,8.9,,,
1990-09-19,4.7339,,8.88,,,
1990-09-20,4.7339,,8.91,,,
1990-09-21,4.7339,,8.99,,,
1990-09-24,4.7339,,9.04,,,
1990-09-25,4.7339,,9.02,,,
1990-09-26,4.7339,,9.0,,,
1990-09-27,4.7339,,8.91,,,
1990-09-28,4.7339,,8.82,,,
1990-10-01,4.7339,,8.71,133.4,,
1990-10-02,4.7339,,8.69,,,
1990-10-03,4.7339,,8.71,,,
1990-10-04,4.7339,,8.67,,,
1990-10-05,4.7339,,8.65,,,
1990-10-08,,,,,,
1990-10-09,4.7339,,8.83,,,
1990-10-10,4.7339,,8.89,,,
1990-10-11,4.7339,,8.92,,,
1990-10-12,4.7339,,8.84,,,
1990-10-15,4.7339,,8.8,,,
1990-10-16,4.7339,,8.79,,,
1990-10-17,4.7339,,8.76,,,
1990-10-18,4.7339,,8.71,,,
1990-10-19,4.7339,,8.62,,,
1990-10-22,4.7339,,8.63,,,
1990-10-23,4.7339,,8.65,,,
1990-10-24,4.7339,,8.66,,,
1990-10-25,4.7339,,8.62,,,
1990-10-26,4.7339,,8.63,,,
1990-10-29,4.7339,,8.7,,,
1990-10-30,4.7339,,8.7,,,
1990-10-31,4.7339,,8.65,,,
1990-11-01,4.7339,,8.57,133.7,,
1990-11-02,4.7339,,8.57,,,
1990-11-05,4.7339,,8.5,,,
1990-11-06,4.7339,,8.52,,,
1990-11-07,4.7339,,8.57,,,
1990-11-08,4.7339,,8.58,,,
1990-11-09,4.7339,,8.49,,,
1990-11-12,,,,,,
1990-11-13,4.7339,,8.37,,,
1990-11-14,4.7339,,8.36,,,
1990-11-15,4.7339,,8.37,,,
1990-11-16,,,8.3,,,
1990-11-19,5.2352,,8.35,,,
1990-11-20,5.2352,,8.31,,,
1990-11-21,5.2352,,8.27,,,
1990-11-22,,,,,,
1990-11-23,5.2352,,8.28,,,
1990-11-26,5.2352,,8.27,,,
1990-11-27,5.2352,,8.28,,,
1990-11-28,5.2352,,8.3,,,
1990-11-29,5.2352,,8.32,,,
1990-11-30,5.2352,,8.26,,,
1990-12-01,,,,134.2,,
1990-12-03,5.2352,,8.22,,,
1990-12-04,5.2352,,8.2,,,
1990-12-05,5.2352,,8.16,,,
1990-12-06,5.2352,,8.18,,,
1990-12-07,5.2352,,8.03,,,
1990-12-10,5.2352,,7.98,,,
1990-12-11,5.2352,,7.94,,,
1990-12-12,5.2352,,7.91,,,
1990-12-13,5.2352,,7.98,,,
1990-12-14,5.2352,,8.05,,,
1990-12-17,5.2352,,8.02,,,
1990-12-18,5.2352,,7.99,,,
1990-12-19,5.2352,,8.0,,,
1990-12-20,5.2352,,8.05,,,
1990-12-21,5.2352,,8.11,,,
1990-12-24,5.2352,,8.2,,,
1990-12-25,,,,,,
1990-12-26,5.2352,,8.15,,,
1990-12-27,5.2352,,8.11,,,
1990-12-28,5.2352,,8.14,,,
1990-12-31,5.2352,,8.08,,,
1991-01-01,,,,134.7,,
1991-01-02,5.2352,,7.97,,,
1991-01-03,5.2352,,7.93,,,
1991-01-04,5.2352,,8.02,,,
1991-01-07,5.2352,,8.13,,,
1991-01-08,5.2352,,8.16,,,
1991-01-09,5.2352,,8.25,,,
1991-01-10,5.2352,,8.16,,,
1991-01-11,5.2352,,8.2,,,
1991-01-14,5.2352,,8.23,,,
1991-01-15,5.2352,,8.22,,,
1991-01-16,5.2352,,8.24,,,
1991-01-17,5.2352,,8.05,,,
1991-01-18,5.2352,,8.03,,,
1991-01-21,,,,,,
1991-01-22,5.2352,,8.07,,,
1991-01-23,5.2352,,8.04,,,
1991-01-24,5.2352,,8.0,,,
1991-01-25,5.2352,,8.06,,,
1991-01-28,5.2352,,8.06,,,
1991-01-29,5.2352,,8.03,,,
1991-01-30,5.2352,,8.05,,,
1991-01-31,5.2352,,8.03,,,
1991-02-01,5.2352,,7.91,134.8,,
1991-02-04,5.2352,,7.88,,,
1991-02-05,5.2352,,7.85,,,
1991-02-06,5.2352,,7.79,,,
1991-02-07,5.2352,,7.82,,,
1991-02-08,5.2352,,7.77,,,
1991-02-11,5.2352,,7.78,,,
1991-02-12,5.2352,,7.78,,,
1991-02-13,5.2352,,7.78,,,
1991-02-14,5.2352,,7.8,,,
1991-02-15,5.2352,,7.78,,,
1991-02-18,,,,,,
1991-02-19,5.2352,,7.8,,,
1991-02-20,5.2352,,7.84,,,
1991-02-21,5.2352,,7.88,,,
1991-02-22,5.2352,,7.91,,,
1991-02-25,5.2352,,7.91,,,
1991-02-26,5.2352,,7.96,,,
1991-02-27,5.2352,,7.98,,,
1991-02-28,5.2352,,8.02,,,
1991-03-01,5.2352,,8.12,134.8,,
1991-03-04,5.2352,,8.12,,,
1991-03-05,5.2352,,8.08,,,
1991-03-06,,,8.11,,,
1991-03-07,,,8.07,,,
1991-03-08,,,8.13,,,
1991-03-11,5.2352,,8.06,,,
1991-03-12,5.2352,,8.09,,,
1991-03-13,5.2352,,8.02,,,
1991-03-14,5.2352,,8.02,,,
1991-03-15,5.2352,,8.1,,,
1991-03-18,5.2352,,8.15,,,
1991-03-19,5.2352,,8.25,,,
1991-03-20,5.2352,,8.2,,,
1991-03-21,5.2352,,8.16,,,
1991-03-22,5.2352,,8.13,,,
1991-03-25,5.2352,,8.13,,,
1991-03-26,5.2352,,8.13,,,
1991-03-27,5.2352,,8.08,,,
1991-03-28,5.2352,,8.05,,,
1991-03-29,5.2352,,,,,
1991-04-01,5.2352,,8.07,135.1,,
1991-04-02,5.2352,,8.03,,,
1991-04-03,5.2352,,8.05,,,
1991-04-04,5.2352,,8.0,,,
1991-04-05,5.2352,,7.99,,,
1991-04-08,5.2352,,7.98,,,
1991-04-09,5.2853,,8.03,,,
1991-04-10,5.2853,,8.1,,,
1991-04-11,5.2853,,8.09,,,
1991-04-12,5.2827,,7.98,,,
1991-04-15,5.2827,,7.95,,,
1991-04-16,5.2827,,7.97,,,
1991-04-17,5.2827,,7.95,,,
1991-04-18,5.289,,8.02,,,
1991-04-19,5.2979,,8.1,,,
1991-04-22,5.3083,,8.15,,,
1991-04-23,5.3036,,8.12,,,
1991-04-24,5.3036,,8.06,,,
1991-04-25,5.3036,,8.07,,,
1991-04-26,5.3036,,8.06,,,
1991-04-29,5.3036,,8.07,,,
1991-04-30,,,8.02,,,
1991-05-01,5.3007,,8.01,135.6,,
1991-05-02,5.3007,,7.97,,,
1991-05-03,5.3007,,8.04,,,
1991-05-06,5.3201,,8.05,,,
1991-05-07,5.3201,,8.06,,,
1991-05-08,5.3201,,8.04,,,
1991-05-09,5.3264,,8.02,,,
1991-05-10,5.3264,,8.12,,,
1991-05-13,5.3264,,8.07,,,
1991-05-14,5.3264,,8.14,,,
1991-05-15,5.3201,,8.13,,,
1991-05-16,5.3201,,8.12,,,
1991-05-17,5.3201,,8.08,,,
1991-05-20,5.3332,,8.1,,,
1991-05-21,5.3332,,8.06,,,
1991-05-22,5.3296,,8.06,,,
1991-05-23,5.3359,,8.1,,,
1991-05-24,5.3359,,8.1,,,
1991-05-27,,,,,,
1991-05-28,5.3359,,8.07,,,
1991-05-29,5.3359,,8.07,,,
1991-05-30,5.349,,8.02,,,
1991-05-31,5.349,,8.06,,,
1991-06-01,,,,136.0,,
1991-06-03,5.3537,,8.14,,,
1991-06-04,5.3585,,8.14,,,
1991-06-05,5.3585,,8.19,,,
1991-06-06,5.3585,,8.23,,,
1991-06-07,5.3585,,8.29,,,
1991-06-10,5.3674,,8.29,,,
1991-06-11,5.3674,,8.29,,,
1991-06-12,5.3674,,8.36,,,
1991-06-13,5.3737,,8.34,,,
1991-06-14,,,8.29,,,
1991-06-17,5.3737,,8.3,,,
1991-06-18,5.3737,,8.32,,,
1991-06-19,5.3737,,8.33,,,
1991-06-20,5.369,,8.3,,,
1991-06-21,5.369,,8.32,,,
1991-06-24,5.369,,8.33,,,
1991-06-25,5.369,,8.33,,,
1991-06-26,5.369,,8.33,,,
1991-06-27,5.369,,8.32,,,
1991-06-28,5.369,,8.24,,,
1991-07-01,5.369,,8.26,136.2,,
1991-07-02,5.3784,,8.27,,,
1991-07-03,5.3847,,8.26,,,
1991-07-04,,,,,,
1991-07-05,5.3847,,8.34,,,
1991-07-08,5.3789,,8.34,,,
1991-07-09,5.3742,,8.36,,,
1991-07-10,5.3742,,8.35,,,
1991-07-11,5.3742,,8.3,,,
1991-07-12,5.3742,,8.26,,,
1991-07-15,5.3679,,8.26,,,
1991-07-16,5.3679,,8.27,,,
1991-07-17,5.3679,,8.3,,,
1991-07-18,5.3679,,8.31,,,
1991-07-19,5.3679,,8.28,,,
1991-07-22,5.3605,,8.28,,,
1991-07-23,5.3605,,8.31,,,
1991-07-24,5.3605,,8.24,,,
1991-07-25,,,8.2,,,
1991-07-26,5.3605,,8.2,,,
1991-07-29,5.3605,,8.2,,,
1991-07-30,5.3605,,8.21,,,
1991-07-31,5.3605,,8.2,,,
1991-08-01,5.3605,,8.2,136.6,,
1991-08-02,5.3605,,8.06,,,
1991-08-05,5.3605,,8.04,,,
1991-08-06,5.3568,,7.97,,,
1991-08-07,5.3568,,7.93,,,
1991-08-08,5.3568,,7.98,,,
1991-08-09,5.3618,,7.98,,,
1991-08-12,5.3618,,7.95,,,
1991-08-13,5.3618,,7.91,,,
1991-08-14,5.3618,,7.82,,,
1991-08-15,5.3618,,7.84,,,
1991-08-16,5.3696,,7.84,,,
1991-08-19,5.3785,,7.83,,,
1991-08-20,5.3936,,7.81,,,
1991-08-21,5.3888,,7.8,,,
1991-08-22,5.3862,,7.78,,,
1991-08-23,5.3862,,7.88,,,
1991-08-26,5.3862,,7.91,,,
1991-08-27,5.3862,,7.89,,,
1991-08-28,5.3862,,7.82,,,
1991-08-29,5.3862,,7.74,,,
1991-08-30,5.3862,,7.82,,,
1991-09-01,,,,137.0,,
1991-09-02,,,,,,
1991-09-03,5.3862,,7.81,,,
1991-09-04,5.3862,,7.81,,,
1991-09-05,5.3862,,7.83,,,
1991-09-06,5.3862,,7.76,,,
1991-09-09,5.3862,,7.73,,,
1991-09-10,5.3835,,7.73,,,
1991-09-11,5.3835,,7.74,,,
1991-09-12,5.3835,,7.67,,,
1991-09-13,5.3835,,7.66,,,
1991-09-16,,,7.63,,,
1991-09-17,5.3835,,7.62,,,
1991-09-18,,,7.62,,,
1991-09-19,5.3899,,7.61,,,
1991-09-20,5.3899,,7.57,,,
1991-09-23,5.3899,,7.55,,,
1991-09-24,5.3899,,7.56,,,
1991-09-25,5.3899,,7.58,,,
1991-09-26,5.3899,,7.56,,,
1991-09-27,5.3899,,7.49,,,
1991-09-30,,,7.47,,,
1991-10-01,5.3899,,7.45,137.2,,
1991-10-02,5.3899,,7.47,,,
1991-10-03,5.3899,,7.47,,,
1991-10-04,5.3854,,7.39,,,
1991-10-07,5.3854,,7.4,,,
1991-10-08,5.3854,,7.43,,,
1991-10-09,5.3944,,7.51,,,
1991-10-10,5.3944,,7.58,,,
1991-10-11,5.3944,,7.49,,,
1991-10-14,,,,,,
1991-10-15,5.3944,,7.46,,,
1991-10-16,5.3944,,7.45,,,
1991-10-17,,,7.55,,,
1991-10-18,5.3944,,7.53,,,
1991-10-21,5.3944,,7.62,,,
1991-10-22,5.3944,,7.67,,,
1991-10-23,5.3944,,7.69,,,
1991-10-24,5.3944,,7.65,,,
1991-10-25,5.3944,,7.68,,,
1991-10-28,,,7.65,,,
1991-10-29,5.3807,,7.51,,,
1991-10-30,5.3944,,7.48,,,
1991-10-31,5.3944,,7.47,,,
1991-11-01,,,7.48,137.8,,
1991-11-04,5.3944,,7.5,,,
1991-11-05,5.3944,,7.56,,,
1991-11-06,,,7.51,,,
1991-11-07,,,7.43,,,
1991-11-08,5.3975,,7.41,,,
1991-11-11,,,,,,
1991-11-12,,,7.37,,,
1991-11-13,,,7.41,,,
1991-11-14,5.4002,,7.35,,,
1991-11-15,5.3976,,7.33,,,
1991-11-18,5.3976,,7.33,,,
1991-11-19,5.3976,,7.37,,,
1991-11-20,5.3976,,7.38,,,
1991-11-21,5.3955,,7.39,,,
1991-11-22,5.402,,7.44,,,
1991-11-25,5.402,,7.45,,,
1991-11-26,5.402,,7.42,,,
1991-11-27,5.402,,7.42,,,
1991-11-28,,,,,,
1991-11-29,5.4115,,7.38,,,
1991-12-01,,,,138.2,,
1991-12-02,5.4115,,7.32,,,
1991-12-03,5.4115,,7.28,,,
1991-12-04,5.4115,,7.17,,,
1991-12-05,5.4115,,7.21,,,
1991-12-06,5.4115,,7.26,,,
1991-12-09,5.4115,,7.22,,,
1991-12-10,5.4115,,7.21,,,
1991-12-11,5.4207,,7.22,,,
1991-12-12,5.4207,,7.19,,,
1991-12-13,5.4207,,7.22,,,
1991-12-16,5.4299,,7.21,,,
1991-12-17,5.4261,,7.18,,,
1991-12-18,5.4261,,7.19,,,
1991-12-19,5.4261,,7.11,,,
1991-12-20,5.4261,,6.97,,,
1991-12-23,5.4261,,6.88,,,
1991-12-24,5.4292,,6.88,,,
1991-12-25,,,,,,
1991-12-26,5.4292,,6.85,,,
1991-12-27,5.4292,,6.82,,,
1991-12-30,5.4478,,6.76,,,
1991-12-31,5.4478,,6.71,,,
1992-01-01,,,,138.3,,
1992-01-02,5.4478,,6.78,,,
1992-01-03,5.4559,,6.85,,,
1992-01-06,5.4559,,6.82,,,
1992-01-07,5.4494,,6.76,,,
1992-01-08,5.4494,,6.77,,,
1992-01-09,5.4494,,6.79,,,
1992-01-10,5.4591,,6.85,,,
1992-01-13,5.4646,,6.92,,,
1992-01-14,5.4646,,7.03,,,
1992-01-15,5.4646,,7.05,,,
1992-01-16,5.4686,,7.13,,,
1992-01-17,5.4686,,7.09,,,
1992-01-20,,,,,,
1992-01-21,5.4641,,7.03,,,
1992-01-22,5.4641,,7.09,,,
1992-01-23,5.4641,,7.2,,,
1992-01-24,5.4668,,7.25,,,
1992-01-27,5.4668,,7.24,,,
1992-01-28,5.4686,,7.16,,,
1992-01-29,5.4686,,7.25,,,
1992-01-30,5.4686,,7.31,,,
1992-01-31,5.4686,,7.31,,,
1992-02-01,,,,138.6,,
1992-02-03,5.4686,,7.36,,,
1992-02-04,5.4686,,7.29,,,
1992-02-05,5.4686,,7.21,,,
1992-02-06,5.4686,,7.2,,,
1992-02-07,5.4686,,7.2,,,
1992-02-10,5.4616,,7.21,,,
1992-02-11,5.4709,,7.23,,,
1992-02-12,5.4802,,7.3,,,
1992-02-13,5.4837,,7.4,,,
1992-02-14,5.4837,,7.41,,,
1992-02-17,,,,,,
1992-02-18,5.4837,,7.47,,,
1992-02-19,5.4837,,7.42,,,
1992-02-20,5.4837,,7.41,,,
1992-02-21,5.4837,,7.45,,,
1992-02-24,5.4837,,7.47,,,
1992-02-25,5.4837,,7.44,,,
1992-02-26,5.4837,,7.33,,,
1992-02-27,5.483,,7.35,,,
1992-02-28,5.483,,7.27,,,
1992-03-01,,,,139.1,,
1992-03-02,5.483,,7.38,,,
1992-03-03,5.483,,7.43,,,
1992-03-04,5.4887,,7.43,,,
1992-03-05,5.4887,,7.51,,,
1992-03-06,5.4887,,7.48,,,
1992-03-09,5.4887,,7.42,,,
1992-03-10,5.4887,,7.43,,,
1992-03-11,5.4887,,7.51,,,
1992-03-12,5.4864,,7.62,,,
1992-03-13,5.4892,,7.71,,,
1992-03-16,5.4892,,7.69,,,
1992-03-17,5.4892,,7.62,,,
1992-03-18,5.4837,,7.62,,,
1992-03-19,5.4837,,7.57,,,
1992-03-20,5.4929,,7.64,,,
1992-03-23,5.4929,,7.62,,,
1992-03-24,5.4929,,7.53,,,
1992-03-25,5.4887,,7.53,,,
1992-03-26,5.4837,,7.57,,,
1992-03-27,5.4837,,7.54,,,
1992-03-30,5.4812,,7.54,,,
1992-03-31,5.4812,,7.54,,,
1992-04-01,5.4812,,7.46,139.4,,
1992-04-02,5.4812,,7.47,,,
1992-04-03,5.4812,,7.42,,,
1992-04-06,5.4812,,7.41,,,
1992-04-07,5.4812,,7.41,,,
1992-04-08,5.4812,,7.44,,,
1992-04-09,5.4792,,7.35,,,
1992-04-10,5.4792,,7.37,,,
1992-04-13,5.5077,,7.33,,,
1992-04-14,5.5077,,7.35,,,
1992-04-15,5.5328,,7.37,,,
1992-04-16,5.5328,,7.45,,,
1992-04-17,5.5328,,,,,
1992-04-20,5.5328,,7.59,,,
1992-04-21,5.5328,,7.58,,,
1992-04-22,5.5328,,7.57,,,
1992-04-23,5.5328,,7.59,,,
1992-04-24,5.5254,,7.55,,,
1992-04-27,5.5254,,7.6,,,
1992-04-28,5.5254,,7.57,,,
1992-04-29,5.5239,,7.6,,,
1992-04-30,5.5239,,7.61,,,
1992-05-01,,,7.56,139.7,,
1992-05-04,5.5239,,7.58,,,
1992-05-05,5.5239,,7.56,,,
1992-05-06,5.5388,,7.46,,,
1992-05-07,5.5338,,7.49,,,
1992-05-08,5.5338,,7.41,,,
1992-05-11,5.5288,,7.4,,,
1992-05-12,5.5288,,7.36,,,
1992-05-13,5.5138,,7.34,,,
1992-05-14,5.5138,,7.34,,,
1992-05-15,5.5138,,7.28,,,
1992-05-18,5.5138,,7.28,,,
1992-05-19,5.5138,,7.2,,,
1992-05-20,5.5138,,7.25,,,
1992-05-21,5.5138,,7.39,,,
1992-05-22,5.5138,,7.35,,,
1992-05-25,,,,,,
1992-05-26,5.5087,,7.46,,,
1992-05-27,5.5048,,7.44,,,
1992-05-28,5.5048,,7.36,,,
1992-05-29,5.5048,,7.33,,,
1992-06-01,5.5003,,7.39,140.1,,
1992-06-02,5.4937,,7.35,,,
1992-06-03,5.4937,,7.34,,,
1992-06-04,5.4987,,7.34,,,
1992-06-05,5.4987,,7.31,,,
1992-06-08,5.4937,,7.31,,,
1992-06-09,5.4937,,7.33,,,
1992-06-10,5.4937,,7.35,,,
1992-06-11,5.4937,,7.33,,,
1992-06-12,5.4937,,7.29,,,
1992-06-15,5.4937,,7.28,,,
1992-06-16,5.4884,,7.24,,,
1992-06-17,5.4884,,7.23,,,
1992-06-18,5.4884,,7.19,,,
1992-06-19,5.4884,,7.24,,,
1992-06-22,5.4884,,7.24,,,
1992-06-23,5.4884,,7.25,,,
1992-06-24,5.4837,,7.2,,,
1992-06-25,5.4758,,7.14,,,
1992-06-26,5.4758,,7.15,,,
1992-06-29,5.4758,,7.12,,,
1992-06-30,5.4758,,7.14,,,
1992-07-01,5.4758,,7.1,140.5,,
1992-07-02,5.4758,,6.93,,,
1992-07-03,5.4758,,,,,
1992-07-06,5.4758,,6.9,,,
1992-07-07,5.4758,,6.87,,,
1992-07-08,5.4758,,6.91,,,
1992-07-09,5.4636,,6.91,,,
1992-07-10,5.472,,6.93,,,
1992-07-13,5.4721,,6.97,,,
1992-07-14,5.4721,,6.97,,,
1992-07-15,5.4721,,6.9,,,
1992-07-16,5.4721,,6.87,,,
1992-07-17,5.4421,,6.9,,,
1992-07-20,5.4471,,6.9,,,
1992-07-21,5.4471,,6.89,,,
1992-07-22,5.4421,,6.85,,,
1992-07-23,5.4383,,6.72,,,
1992-07-24,5.4335,,6.73,,,
1992-07-27,5.4335,,6.69,,,
1992-07-28,5.4335,,6.63,,,
1992-07-29,5.4335,,6.6,,,
1992-07-30,5.4335,,6.69,,,
1992-07-31,5.4335,,6.72,,,
1992-08-01,,,,140.8,,
1992-08-03,5.4335,,6.72,,,
1992-08-04,5.4483,,6.66,,,
1992-08-05,5.4483,,6.64,,,
1992-08-06,5.4622,,6.65,,,
1992-08-07,,,6.57,,,
1992-08-10,,,6.52,,,
1992-08-11,5.4587,,6.5,,,
1992-08-12,5.4587,,6.48,,,
1992-08-13,5.4587,,6.55,,,
1992-08-14,5.4548,,6.53,,,
1992-08-17,,,6.56,,,
1992-08-18,5.4548,,6.48,,,
1992-08-19,5.4548,,6.47,,,
1992-08-20,5.4548,,6.46,,,
1992-08-21,5.4436,,6.53,,,
1992-08-24,5.4199,,6.68,,,
1992-08-25,5.4199,,6.73,,,
1992-08-26,5.4199,,6.68,,,
1992-08-27,5.4199,,6.64,,,
1992-08-28,5.4199,,6.63,,,
1992-08-31,5.4199,,6.62,,,
1992-09-01,5.4199,,6.56,141.1,,
1992-09-02,5.4124,,6.54,,,
1992-09-03,5.4437,,6.54,,,
1992-09-04,5.4788,,6.4,,,
1992-09-07,,,,,,
1992-09-08,5.4788,,6.29,,,
1992-09-09,5.4788,,6.31,,,
1992-09-10,5.5125,,6.31,,,
1992-09-11,5.5166,,6.37,,,
1992-09-14,5.5236,,6.32,,,
1992-09-15,5.5236,,6.4,,,
1992-09-16,5.5338,,6.41,,,
1992-09-17,5.5391,,6.4,,,
1992-09-18,5.5288,,6.41,,,
1992-09-21,,,6.42,,,
1992-09-22,5.5348,,6.5,,,
1992-09-23,5.5348,,6.54,,,
1992-09-24,5.5328,,6.48,,,
1992-09-25,5.5328,,6.41,,,
1992-09-28,5.5328,,6.37,,,
1992-09-29,5.5227,,6.37,,,
1992-09-30,5.514,,6.37,,,
1992-10-01,5.514,,6.23,141.7,,
1992-10-02,5.514,,6.26,,,
1992-10-05,5.514,,6.24,,,
1992-10-06,,,6.3,,,
1992-10-07,5.5416,,6.46,,,
1992-10-08,5.5456,,6.41,,,
1992-10-09,5.5539,,6.52,,,
1992-10-12,,,,,,
1992-10-13,5.5539,,6.51,,,
1992-10-14,5.5539,,6.51,,,
1992-10-15,5.5539,,6.53,,,
1992-10-16,5.5539,,6.6,,,
1992-10-19,5.5539,,6.69,,,
1992-10-20,5.5634,,6.86,,,
1992-10-21,5.5654,,6.8,,,
1992-10-22,5.5654,,6.74,,,
1992-10-23,5.5654,,6.83,,,
1992-10-26,5.5654,,6.83,,,
1992-10-27,,,6.78,,,
1992-10-28,,,6.76,,,
1992-10-29,,,6.71,,,
1992-10-30,,,6.8,,,
1992-11-01,,,,142.1,,
1992-11-02,5.5684,,6.88,,,
1992-11-03,5.5789,,6.87,,,
1992-11-04,5.5789,,6.89,,,
1992-11-05,5.5789,,6.87,,,
1992-11-06,,,6.97,,,
1992-11-09,,,7.0,,,
1992-11-10,5.5942,,6.91,,,
1992-11-11,,,,,,
1992-11-12,5.5942,,6.79,,,
1992-11-13,5.5881,,6.82,,,
1992-11-16,5.5881,,6.9,,,
1992-11-17,5.5881,,6.86,,,
1992-11-18,5.5881,,6.78,,,
1992-11-19,5.624,,6.81,,,
1992-11-20,5.6741,,6.84,,,
1992-11-23,,,6.86,,,
1992-11-24,,,6.82,,,
1992-11-25,,,6.84,,,
1992-11-26,,,,,,
1992-11-27,5.7097,,6.93,,,
1992-11-30,5.7341,,6.95,,,
1992-12-01,5.7531,,6.94,142.3,,
1992-12-02,5.7531,,6.93,,,
1992-12-03,5.7531,,6.91,,,
1992-12-04,5.8019,,6.84,,,
1992-12-07,5.8019,,6.78,,,
1992-12-08,5.8396,,6.73,,,
1992-12-09,5.8396,,6.76,,,
1992-12-10,,,6.77,,,
1992-12-11,5.8596,,6.8,,,
1992-12-14,5.8596,,6.83,,,
1992-12-15,5.9007,,6.83,,,
1992-12-16,,,6.77,,,
1992-12-17,5.9007,,6.77,,,
1992-12-18,5.8646,,6.76,,,
1992-12-21,,,6.71,,,
1992-12-22,5.7995,,6.65,,,
1992-12-23,5.7995,,6.68,,,
1992-12-24,,,6.69,,,
1992-12-25,,,,,,
1992-12-28,5.7662,,6.72,,,
1992-12-29,5.7662,,6.69,,,
1992-12-30,5.7662,,6.68,,,
1992-12-31,5.7662,,6.7,,,
1993-01-01,,,,142.8,,
1993-01-04,5.7662,,6.6,,,
1993-01-05,5.7662,,6.61,,,
1993-01-06,5.7744,,6.63,,,
1993-01-07,5.7744,,6.76,,,
1993-01-08,5.7744,,6.75,,,
1993-01-11,5.7744,,6.71,,,
1993-01-12,5.7744,,6.72,,,
1993-01-13,,,6.71,,,
1993-01-14,5.7744,,6.65,,,
1993-01-15,,,6.6,,,
1993-01-18,,,,,,
1993-01-19,5.7744,,6.59,,,
1993-01-20,5.7744,,6.61,,,
1993-01-21,5.7894,,6.6,,,
1993-01-22,5.7894,,6.57,,,
1993-01-25,5.7894,,6.48,,,
1993-01-26,5.7894,,6.5,,,
1993-01-27,5.7894,,6.48,,,
1993-01-28,5.7894,,6.44,,,
1993-01-29,5.7894,,6.39,,,
1993-02-01,5.7894,,6.38,143.1,,
1993-02-02,5.7894,,6.46,,,
1993-02-03,,,6.45,,,
1993-02-04,,,6.39,,,
1993-02-05,5.8,,6.32,,,
1993-02-08,5.8,,6.37,,,
1993-02-09,5.8,,6.41,,,
1993-02-10,5.8,,6.4,,,
1993-02-11,5.8,,6.37,,,
1993-02-12,5.8,,6.35,,,
1993-02-15,,,,,,
1993-02-16,5.8,,6.34,,,
1993-02-17,5.8,,6.28,,,
1993-02-18,5.7995,,6.17,,,
1993-02-19,5.7694,,6.15,,,
1993-02-22,,,6.09,,,
1993-02-23,,,5.92,,,
1993-02-24,5.7546,,6.01,,,
1993-02-25,5.7546,,6.03,,,
1993-02-26,5.7546,,6.03,,,
1993-03-01,5.7546,,5.94,143.3,,
1993-03-02,5.7546,,5.95,,,
1993-03-03,5.7443,,5.88,,,
1993-03-04,5.7443,,5.83,,,
1993-03-05,5.7443,,5.9,,,
1993-03-08,5.7443,,5.85,,,
1993-03-09,5.7443,,5.91,,,
1993-03-10,5.7443,,5.97,,,
1993-03-11,5.7443,,5.96,,,
1993-03-12,5.7443,,6.11,,,
1993-03-15,5.7624,,6.17,,,
1993-03-16,5.7624,,6.06,,,
1993-03-17,5.7624,,6.02,,,
1993-03-18,5.7624,,5.93,,,
1993-03-19,5.7442,,5.95,,,
1993-03-22,5.7442,,5.96,,,
1993-03-23,5.7442,,5.91,,,
1993-03-24,5.7333,,5.95,,,
1993-03-25,5.7333,,5.98,,,
1993-03-26,5.7333,,6.09,,,
1993-03-29,5.7333,,6.06,,,
1993-03-30,5.7333,,6.02,,,
1993-03-31,5.7333,,6.03,,,
1993-04-01,5.7333,,6.06,143.8,,
1993-04-02,5.7333,,6.16,,,
1993-04-05,,,6.13,,,
1993-04-06,,,6.08,,,
1993-04-07,,,6.07,,,
1993-04-08,5.7333,,5.97,,,
1993-04-09,5.7333,,,,,
1993-04-12,5.7333,,5.92,,,
1993-04-13,5.7163,,5.93,,,
1993-04-14,5.7163,,5.9,,,
1993-04-15,5.7163,,5.88,,,
1993-04-16,5.7165,,5.89,,,
1993-04-19,5.7076,,5.87,,,
1993-04-20,5.7076,,5.87,,,
1993-04-21,,,5.86,,,
1993-04-22,,,5.85,,,
1993-04-23,5.7076,,5.89,,,
1993-04-26,5.7076,,5.94,,,
1993-04-27,,,6.02,,,
1993-04-28,,,6.03,,,
1993-04-29,,,5.99,,,
1993-04-30,,,6.05,,,
1993-05-01,,,,144.2,,
1993-05-03,,,5.96,,,
1993-05-04,5.7227,,5.92,,,
1993-05-05,,,5.93,,,
1993-05-06,,,5.89,,,
1993-05-07,,,5.92,,,
1993-05-10,5.7227,,5.89,,,
1993-05-11,5.7331,,5.89,,,
1993-05-12,5.7331,,5.96,,,
1993-05-13,5.7433,,6.02,,,
1993-05-14,5.7433,,6.03,,,
1993-05-17,5.7433,,6.07,,,
1993-05-18,5.7433,,6.15,,,
1993-05-19,5.7433,,6.11,,,
1993-05-20,5.7433,,6.09,,,
1993-05-21,5.7433,,6.16,,,
1993-05-24,5.7433,,6.16,,,
1993-05-25,5.7433,,6.17,,,
1993-05-26,5.7433,,6.12,,,
1993-05-27,,,6.11,,,
1993-05-28,5.7433,,6.16,,,
1993-05-31,,,,,,
1993-06-01,,,6.07,144.3,,
1993-06-02,5.7433,,6.06,,,
1993-06-03,5.7433,,6.02,,,
1993-06-04,5.7243,,6.11,,,
1993-06-07,5.7243,,6.08,,,
1993-06-08,5.7243,,6.09,,,
1993-06-09,5.7243,,6.07,,,
1993-06-10,5.7243,,6.07,,,
1993-06-11,5.7243,,5.97,,,
1993-06-14,5.7243,,5.97,,,
1993-06-15,5.7529,,5.96,,,
1993-06-16,5.7646,,5.96,,,
1993-06-17,5.7646,,5.93,,,
1993-06-18,5.7646,,5.97,,,
1993-06-21,,,5.92,,,
1993-06-22,,,5.91,,,
1993-06-23,5.7756,,5.91,,,
1993-06-24,5.7756,,5.88,,,
1993-06-25,5.7756,,5.84,,,
1993-06-28,5.7756,,5.8,,,
1993-06-29,5.7756,,5.79,,,
1993-06-30,5.7756,,5.8,,,
1993-07-01,5.7756,,5.8,144.5,,
1993-07-02,5.7756,,5.76,,,
1993-07-05,,,,,,
1993-07-06,5.7756,,5.8,,,
1993-07-07,5.7756,,5.8,,,
1993-07-08,5.7756,,5.78,,,
1993-07-09,5.7756,,5.76,,,
1993-07-12,5.7756,,5.75,,,
1993-07-13,5.7756,,5.78,,,
1993-07-14,5.7756,,5.72,,,
1993-07-15,5.7756,,5.72,,,
1993-07-16,5.7756,,5.71,,,
1993-07-19,5.7756,,5.71,,,
1993-07-20,5.7756,,5.75,,,
1993-07-21,5.7756,,5.83,,,
1993-07-22,5.7756,,5.9,,,
1993-07-23,5.7756,,5.95,,,
1993-07-26,5.7756,,5.93,,,
1993-07-27,5.7756,,5.92,,,
1993-07-28,5.7756,,5.9,,,
1993-07-29,5.7756,,5.81,,,
1993-07-30,5.7756,,5.83,,,
1993-08-01,,,,144.8,,
1993-08-02,5.7756,,5.85,,,
1993-08-03,5.7756,,5.83,,,
1993-08-04,5.7756,,5.87,,,
1993-08-05,5.7756,,5.86,,,
1993-08-06,5.7756,,5.86,,,
1993-08-09,5.7756,,5.82,,,
1993-08-10,5.7756,,5.82,,,
1993-08-11,5.7963,,5.75,,,
1993-08-12,5.7963,,5.77,,,
1993-08-13,5.7963,,5.72,,,
1993-08-16,5.7963,,5.68,,,
1993-08-17,5.7963,,5.7,,,
1993-08-18,5.7963,,5.69,,,
1993-08-19,5.7963,,5.64,,,
1993-08-20,5.7963,,5.61,,,
1993-08-23,5.7963,,5.6,,,
1993-08-24,5.7963,,5.54,,,
1993-08-25,5.7963,,5.51,,,
1993-08-26,5.7963,,5.42,,,
1993-08-27,5.7963,,5.48,,,
1993-08-30,5.8063,,5.44,,,
1993-08-31,5.8063,,5.45,,,
1993-09-01,5.8063,,5.46,145.0,,
1993-09-02,5.8013,,5.41,,,
1993-09-03,5.8013,,5.31,,,
1993-09-06,,,,,,
1993-09-07,5.8013,,5.23,,,
1993-09-08,5.8013,,5.23,,,
1993-09-09,5.8013,,5.35,,,
1993-09-10,5.8013,,5.29,,,
1993-09-13,5.8013,,5.26,,,
1993-09-14,5.8013,,5.37,,,
1993-09-15,5.8013,,5.39,,,
1993-09-16,5.8013,,5.37,,,
1993-09-17,5.8013,,5.38,,,
1993-09-20,5.8013,,5.42,,,
1993-09-21,5.8013,,5.47,,,
1993-09-22,5.8013,,5.45,,,
1993-09-23,5.8013,,5.42,,,
1993-09-24,5.8013,,5.42,,,
1993-09-27,5.8013,,5.3,,,
1993-09-28,5.8013,,5.28,,,
1993-09-29,5.8013,,5.35,,,
1993-09-30,5.8013,,5.4,,,
1993-10-01,5.8013,,5.34,145.6,,
1993-10-04,5.8013,,5.34,,,
1993-10-05,5.8013,,5.35,,,
1993-10-06,5.8013,,5.35,,,
1993-10-07,5.8013,,5.33,,,
1993-10-08,5.8013,,5.26,,,
1993-10-11,,,,,,
1993-10-12,5.8013,,5.27,,,
1993-10-13,5.8013,,5.27,,,
1993-10-14,5.8013,,5.23,,,
1993-10-15,5.8013,,5.19,,,
1993-10-18,5.8013,,5.27,,,
1993-10-19,5.8013,,5.27,,,
1993-10-20,5.8013,,5.26,,,
1993-10-21,5.8013,,5.35,,,
1993-10-22,5.8013,,5.42,,,
1993-10-25,5.8013,,5.47,,,
1993-10-26,5.8013,,5.43,,,
1993-10-27,5.8013,,5.44,,,
1993-10-28,5.8013,,5.41,,,
1993-10-29,5.8013,,5.43,,,
1993-11-01,5.8013,,5.56,146.0,,
1993-11-02,5.8013,,5.63,,,
1993-11-03,5.8013,,5.67,,,
1993-11-04,5.8013,,5.67,,,
1993-11-05,5.8013,,5.75,,,
1993-11-08,5.8013,,5.7,,,
1993-11-09,5.8013,,5.64,,,
1993-11-10,5.8013,,5.72,,,
1993-11-11,,,,,,
1993-11-12,5.8013,,5.66,,,
1993-11-15,5.8013,,5.69,,,
1993-11-16,5.8013,,5.66,,,
1993-11-17,5.8013,,5.65,,,
1993-11-18,5.8195,,5.72,,,
1993-11-19,5.8195,,5.84,,,
1993-11-22,5.8195,,5.89,,,
1993-11-23,5.8195,,5.82,,,
1993-11-24,5.8195,,5.84,,,
1993-11-25,,,,,,
1993-11-26,5.8195,,5.78,,,
1993-11-29,5.8195,,5.76,,,
1993-11-30,5.8195,,5.83,,,
1993-12-01,5.8195,,5.82,146.3,,
1993-12-02,5.8195,,5.81,,,
1993-12-03,5.8195,,5.8,,,
1993-12-06,5.8195,,5.72,,,
1993-12-07,5.8195,,5.71,,,
1993-12-08,5.8195,,5.71,,,
1993-12-09,5.8195,,5.68,,,
1993-12-10,5.8195,,5.73,,,
1993-12-13,5.8195,,5.78,,,
1993-12-14,5.8195,,5.82,,,
1993-12-15,5.8245,,5.83,,,
1993-12-16,5.8245,,5.84,,,
1993-12-17,5.8245,,5.81,,,
1993-12-20,5.8245,,5.83,,,
1993-12-21,5.8245,,5.85,,,
1993-12-22,5.8245,,5.74,,,
1993-12-23,5.8242,,5.72,,,
1993-12-24,5.8245,,,,,
1993-12-27,5.8245,,5.72,,,
1993-12-28,5.8245,,5.72,,,
1993-12-29,5.8145,,5.74,,,
1993-12-30,5.8145,,5.82,,,
1993-12-31,5.8145,,5.83,,,
1994-01-01,,,,146.3,,
1994-01-03,8.7217,,5.92,,,
1994-01-04,8.7217,,5.88,,,
1994-01-05,8.7217,,5.9,,,
1994-01-06,8.7217,,5.84,,,
1994-01-07,8.7117,,5.7,,,
1994-01-10,8.7217,,5.67,,,
1994-01-11,8.7217,,5.67,,,
1994-01-12,8.7217,,5.6,,,
1994-01-13,8.7217,,5.71,,,
1994-01-14,8.7217,,5.78,,,
1994-01-17,,,,,,
1994-01-18,8.7217,,5.74,,,
1994-01-19,8.7217,,5.76,,,
1994-01-20,8.7217,,5.71,,,
1994-01-21,8.7257,,5.73,,,
1994-01-24,8.7217,,5.74,,,
1994-01-25,8.7318,,5.78,,,
1994-01-26,8.7217,,5.77,,,
1994-01-27,8.7217,,5.73,,,
1994-01-28,8.7217,,5.68,,,
1994-01-31,8.7217,,5.7,,,
1994-02-01,8.7211,,5.77,146.7,,
1994-02-02,8.7228,,5.77,,,
1994-02-03,8.7252,,5.81,,,
1994-02-04,8.7228,,5.94,,,
1994-02-07,8.7223,,5.96,,,
1994-02-08,8.7292,,6.01,,,
1994-02-09,8.7292,,5.92,,,
1994-02-10,8.7292,,5.91,,,
1994-02-11,8.7292,,5.88,,,
1994-02-14,8.7292,,5.9,,,
1994-02-15,8.7299,,5.88,,,
1994-02-16,8.7242,,5.89,,,
1994-02-17,8.7283,,6.0,,,
1994-02-18,8.7238,,6.09,,,
1994-02-21,,,,,,
1994-02-22,8.7212,,6.05,,,
1994-02-23,8.7183,,6.13,,,
1994-02-24,8.724,,6.22,,,
1994-02-25,8.7164,,6.21,,,
1994-02-28,8.7262,,6.15,,,
1994-03-01,8.7238,,6.28,147.1,,
1994-03-02,8.7268,,6.3,,,
1994-03-03,8.7278,,6.35,,,
1994-03-04,8.728,,6.38,,,
1994-03-07,8.7284,,6.32,,,
1994-03-08,8.7268,,6.38,,,
1994-03-09,8.7256,,6.38,,,
1994-03-10,8.7221,,6.48,,,
1994-03-11,8.7256,,6.46,,,
1994-03-14,8.7223,,6.5,,,
1994-03-15,8.7217,,6.47,,,
1994-03-16,8.7225,,6.4,,,
1994-03-17,8.7219,,6.4,,,
1994-03-18,8.7208,,6.49,,,
1994-03-21,8.7209,,6.55,,,
1994-03-22,8.7195,,6.44,,,
1994-03-23,8.721,,6.44,,,
1994-03-24,8.7273,,6.58,,,
1994-03-25,8.723,,6.61,,,
1994-03-28,8.7234,,6.63,,,
1994-03-29,8.7242,,6.71,,,
1994-03-30,8.7219,,6.78,,,
1994-03-31,8.7298,,6.77,,,
1994-04-01,,,,147.2,,
1994-04-04,,,7.16,,,
1994-04-05,8.7298,,6.97,,,
1994-04-06,8.7298,,6.93,,,
1994-04-07,8.7298,,6.86,,,
1994-04-08,8.7298,,6.94,,,
1994-04-11,8.7298,,6.92,,,
1994-04-12,8.7298,,6.87,,,
1994-04-13,8.7298,,6.93,,,
1994-04-14,8.7298,,6.97,,,
1994-04-15,8.7398,,6.97,,,
1994-04-18,8.7152,,7.14,,,
1994-04-19,8.7145,,7.1,,,
1994-04-20,8.7137,,7.05,,,
1994-04-21,8.7125,,6.91,,,
1994-04-22,8.7125,,6.93,,,
1994-04-25,8.7409,,6.86,,,
1994-04-26,8.7094,,6.86,,,
1994-04-27,8.7277,,,,,
1994-04-28,8.7272,,7.04,,,
1994-04-29,8.7247,,7.06,,,
1994-05-01,,,,147.5,,
1994-05-02,8.7097,,7.09,,,
1994-05-03,8.6984,,7.13,,,
1994-05-04,8.6936,,7.14,,,
1994-05-05,8.6882,,7.11,,,
1994-05-06,8.6864,,7.35,,,
1994-05-09,8.6853,,7.49,,,
1994-05-10,8.684,,7.33,,,
1994-05-11,8.6829,,7.4,,,
1994-05-12,8.712,,7.36,,,
1994-05-13,8.681,,7.29,,,
1994-05-16,8.6806,,7.24,,,
1994-05-17,8.6807,,7.03,,,
1994-05-18,8.6805,,7.03,,,
1994-05-19,8.6804,,6.96,,,
1994-05-20,8.6802,,7.02,,,
1994-05-23,8.6804,,7.19,,,
1994-05-24,8.6802,,7.17,,,
1994-05-25,8.6802,,7.14,,,
1994-05-26,8.68,,7.09,,,
1994-05-27,8.6798,,7.12,,,
1994-05-30,,,,,,
1994-05-31,8.6796,,7.17,,,
1994-06-01,8.6794,,7.12,147.9,,
1994-06-02,8.6791,,7.07,,,
1994-06-03,8.709,,6.98,,,
1994-06-06,8.679,,6.91,,,
1994-06-07,8.709,,6.95,,,
1994-06-08,8.7088,,6.96,,,
1994-06-09,8.7085,,6.98,,,
1994-06-10,8.7083,,7.03,,,
1994-06-13,8.6781,,7.07,,,
1994-06-14,8.6779,,7.0,,,
1994-06-15,8.6775,,7.1,,,
1994-06-16,8.6773,,7.07,,,
1994-06-17,8.6771,,7.14,,,
1994-06-20,8.6769,,7.16,,,
1994-06-21,8.6764,,7.22,,,
1994-06-22,8.6757,,7.13,,,
1994-06-23,8.675,,7.1,,,
1994-06-24,8.6744,,7.22,,,
1994-06-27,8.6739,,7.18,,,
1994-06-28,8.6733,,7.26,,,
1994-06-29,8.6726,,7.24,,,
1994-06-30,8.6717,,7.34,,,
1994-07-01,8.7001,,7.34,148.4,,
1994-07-04,,,,,,
1994-07-05,8.6696,,7.31,,,
1994-07-06,8.669,,7.32,,,
1994-07-07,8.6681,,7.3,,,
1994-07-08,8.6674,,7.42,,,
1994-07-11,8.6666,,7.47,,,
1994-07-12,8.6658,,7.43,,,
1994-07-13,8.6647,,7.41,,,
1994-07-14,8.6637,,7.25,,,
1994-07-15,8.6629,,7.25,,,
1994-07-18,8.6618,,7.2,,,
1994-07-19,8.6608,,7.15,,,
1994-07-20,8.6589,,7.25,,,
1994-07-21,8.6564,,7.27,,,
1994-07-22,8.6535,,7.29,,,
1994-07-25,8.6495,,7.27,,,
1994-07-26,8.6464,,7.28,,,
1994-07-27,8.6438,,7.34,,,
1994-07-28,8.6414,,7.29,,,
1994-07-29,8.6397,,7.12,,,
1994-08-01,8.6369,,7.13,149.0,,
1994-08-02,8.6341,,7.11,,,
1994-08-03,8.6314,,7.09,,,
1994-08-04,8.6288,,7.12,,,
1994-08-05,8.6255,,7.28,,,
1994-08-08,8.6223,,7.28,,,
1994-08-09,8.6203,,7.33,,,
1994-08-10,8.6182,,7.3,,,
1994-08-11,8.6162,,7.36,,,
1994-08-12,8.6138,,7.27,,,
1994-08-15,8.6112,,7.3,,,
1994-08-16,8.6087,,7.19,,,
1994-08-17,8.6056,,7.15,,,
1994-08-18,8.6031,,7.28,,,
1994-08-19,8.6001,,7.27,,,
1994-08-22,8.5974,,7.31,,,
1994-08-23,8.5958,,7.28,,,
1994-08-24,8.5935,,7.22,,,
1994-08-25,8.5908,,7.29,,,
1994-08-26,8.5675,,7.24,,,
1994-08-29,8.5843,,7.24,,,
1994-08-30,8.5816,,7.2,,,
1994-08-31,8.5791,,7.19,,,
1994-09-01,8.5765,,7.19,149.3,,
1994-09-02,8.574,,7.21,,,
1994-09-05,,,,,,
1994-09-06,8.5691,,7.27,,,
1994-09-07,8.567,,7.29,,,
1994-09-08,8.5648,,7.3,,,
1994-09-09,8.5622,,7.44,,,
1994-09-12,8.5607,,7.46,,,
1994-09-13,8.5596,,7.44,,,
1994-09-14,8.5581,,7.41,,,
1994-09-15,8.5565,,7.35,,,
1994-09-16,8.5552,,7.52,,,
1994-09-19,8.554,,7.49,,,
1994-09-20,8.5537,,7.53,,,
1994-09-21,8.5533,,7.56,,,
1994-09-22,8.5525,,7.56,,,
1994-09-23,8.552,,7.57,,,
1994-09-26,8.5511,,7.57,,,
1994-09-27,8.5503,,7.61,,,
1994-09-28,8.5503,,7.57,,,
1994-09-29,8.5501,,7.64,,,
1994-09-30,8.55,,7.62,,,
1994-10-01,,,,149.4,,
1994-10-03,8.55,,7.66,,,
1994-10-04,8.55,,7.7,,,
1994-10-05,8.5501,,7.77,,,
1994-10-06,8.55,,7.78,,,
1994-10-07,8.55,,7.7,,,
1994-10-10,,,,,,
1994-10-11,8.55,,7.65,,,
1994-10-12,8.55,,7.69,,,
1994-10-13,8.5497,,7.64,,,
1994-10-14,8.5497,,7.61,,,
1994-10-17,8.5497,,7.62,,,
1994-10-18,8.5496,,7.64,,,
1994-10-19,8.5496,,7.68,,,
1994-10-20,8.5496,,7.8,,,
1994-10-21,8.5495,,7.81,,,
1994-10-24,8.549,,7.86,,,
1994-10-25,8.5485,,7.88,,,
1994-10-26,8.5485,,7.88,,,
1994-10-27,8.5473,,7.88,,,
1994-10-28,8.5466,,7.82,,,
1994-10-31,8.546,,7.81,,,
1994-11-01,8.5454,,7.91,149.8,,
1994-11-02,8.5454,,7.96,,,
1994-11-03,8.5438,,7.96,,,
1994-11-04,8.5438,,8.04,,,
1994-11-07,8.5438,,8.05,,,
1994-11-08,8.5438,,8.01,,,
1994-11-09,8.54,,7.94,,,
1994-11-10,8.539,,7.98,,,
1994-11-11,,,,,,
1994-11-14,8.5374,,7.94,,,
1994-11-15,8.5374,,7.92,,,
1994-11-16,8.5353,,7.97,,,
1994-11-17,8.534,,8.03,,,
1994-11-18,8.5336,,8.01,,,
1994-11-21,8.5336,,8.03,,,
1994-11-22,8.5326,,8.0,,,
1994-11-23,8.5326,,7.81,,,
1994-11-24,,,,,,
1994-11-25,8.5305,,7.8,,,
1994-11-28,8.5301,,7.88,,,
1994-11-29,8.5293,,7.95,,,
1994-11-30,8.529,,7.91,,,
1994-12-01,8.5284,,7.92,150.1,,
1994-12-02,8.5279,,7.81,,,
1994-12-05,8.5274,,7.83,,,
1994-12-06,8.527,,7.73,,,
1994-12-07,8.5241,,7.81,,,
1994-12-08,8.5225,,7.79,,,
1994-12-09,8.5192,,7.79,,,
1994-12-12,8.516,,7.85,,,
1994-12-13,8.513,,7.83,,,
1994-12-14,8.5101,,7.8,,,
1994-12-15,8.5074,,7.79,,,
1994-12-16,8.5035,,7.81,,,
1994-12-19,8.5001,,7.81,,,
1994-12-20,8.4954,,7.81,,,
1994-12-21,8.492,,7.8,,,
1994-12-22,8.4877,,7.84,,,
1994-12-23,8.4826,,7.85,,,
1994-12-26,,,,,,
1994-12-27,8.4788,,7.76,,,
1994-12-28,8.4718,,7.8,,,
1994-12-29,8.4691,,7.82,,,
1994-12-30,8.4662,,7.84,,,
1995-01-01,,,,150.5,,
1995-01-02,,,,,,
1995-01-03,8.4647,,7.88,,,
1995-01-04,8.4647,,7.82,,,
1995-01-05,8.463,,7.88,,,
1995-01-06,8.4626,,7.87,,,
1995-01-09,8.4622,,7.89,,,
1995-01-10,8.4617,,7.84,,,
1995-01-11,8.4615,,7.79,,,
1995-01-12,8.4612,,7.8,,,
1995-01-13,8.4611,,7.69,,,
1995-01-16,,,,,,
1995-01-17,8.4607,,7.7,,,
1995-01-18,8.4605,,7.71,,,
1995-01-19,8.4602,,7.74,,,
1995-01-20,8.46,,7.82,,,
1995-01-23,8.4597,,7.83,,,
1995-01-24,8.4594,,7.86,,,
1995-01-25,8.459,,7.8,,,
1995-01-26,8.4587,,7.76,,,
1995-01-27,8.4584,,7.66,,,
1995-01-30,8.4584,,7.65,,,
1995-01-31,8.4584,,7.6,,,
1995-02-01,8.4585,,7.66,150.9,,
1995-02-02,8.4584,,7.68,,,
1995-02-03,8.4584,,7.49,,,
1995-02-06,8.458,,7.53,,,
1995-02-07,8.4575,,7.52,,,
1995-02-08,8.457,,7.53,,,
1995-02-09,8.4564,,7.58,,,
1995-02-10,8.456,,7.62,,,
1995-02-13,8.4555,,7.61,,,
1995-02-14,8.4552,,7.51,,,
1995-02-15,8.4551,,7.45,,,
1995-02-16,8.4552,,7.4,,,
1995-02-17,8.4552,,7.43,,,
1995-02-20,,,,,,
1995-02-21,8.4537,,7.44,,,
1995-02-22,8.4529,,7.34,,,
1995-02-23,8.4524,,7.34,,,
1995-02-24,8.452,,7.33,,,
1995-02-27,8.4516,,7.24,,,
1995-02-28,8.4511,,7.22,,,
1995-03-01,8.4508,,7.23,151.2,,
1995-03-02,8.4599,,7.3,,,
1995-03-03,8.4594,,7.36,,,
1995-03-06,8.4482,,7.41,,,
1995-03-07,8.4473,,7.44,,,
1995-03-08,8.4465,,7.36,,,
1995-03-09,8.4459,,7.3,,,
1995-03-10,8.4461,,7.23,,,
1995-03-13,8.4464,,7.19,,,
1995-03-14,8.4465,,7.09,,,
1995-03-15,8.4474,,7.09,,,
1995-03-16,8.448,,7.05,,,
1995-03-17,8.4473,,7.12,,,
1995-03-20,8.447,,7.12,,,
1995-03-21,8.4462,,7.16,,,
1995-03-22,8.4468,,7.21,,,
1995-03-23,8.4472,,7.21,,,
1995-03-24,8.4476,,7.09,,,
1995-03-27,8.4477,,7.05,,,
1995-03-28,8.4477,,7.16,,,
1995-03-29,8.4475,,7.16,,,
1995-03-30,8.4469,,7.18,,,
1995-03-31,8.4464,,7.2,,,
1995-04-01,,,,151.8,,
1995-04-03,8.446,,7.14,,,
1995-04-04,8.4457,,7.12,,,
1995-04-05,8.4456,,7.12,,,
1995-04-06,8.4452,,7.09,,,
1995-04-07,8.4451,,7.11,,,
1995-04-10,8.4452,,7.12,,,
1995-04-11,8.445,,7.09,,,
1995-04-12,8.4446,,7.06,,,
1995-04-13,8.4442,,7.03,,,
1995-04-14,8.4441,,,,,
1995-04-17,8.4438,,7.04,,,
1995-04-18,8.4436,,7.04,,,
1995-04-19,8.4434,,7.06,,,
1995-04-20,8.4432,,7.02,,,
1995-04-21,8.443,,7.01,,,
1995-04-24,8.4427,,7.01,,,
1995-04-25,8.4405,,7.01,,,
1995-04-26,8.4338,,7.01,,,
1995-04-27,8.4302,,7.04,,,
1995-04-28,8.4274,,7.07,,,
1995-05-01,8.4274,,7.09,152.1,,
1995-05-02,8.4152,,7.04,,,
1995-05-03,8.3994,,6.96,,,
1995-05-04,8.3848,,6.85,,,
1995-05-05,8.3642,,6.69,,,
1995-05-08,8.3547,,6.7,,,
1995-05-09,8.3447,,6.61,,,
1995-05-10,8.3253,,6.66,,,
1995-05-11,8.315,,6.68,,,
1995-05-12,8.3028,,6.67,,,
1995-05-15,8.2916,,6.62,,,
1995-05-16,8.2982,,6.57,,,
1995-05-17,8.3063,,6.53,,,
1995-05-18,8.3107,,6.61,,,
1995-05-19,8.3132,,6.61,,,
1995-05-22,8.3159,,6.63,,,
1995-05-23,8.3188,,6.57,,,
1995-05-24,8.3222,,6.44,,,
1995-05-25,8.3241,,6.39,,,
1995-05-26,8.3263,,6.4,,,
1995-05-29,,,,,,
1995-05-30,8.3277,,6.3,,,
1995-05-31,8.3255,,6.3,,,
1995-06-01,8.3236,,6.2,152.4,,
1995-06-02,8.3218,,6.1,,,
1995-06-05,8.3198,,6.08,,,
1995-06-06,8.3204,,6.08,,,
1995-06-07,8.3183,,6.2,,,
1995-06-08,8.3166,,6.22,,,
1995-06-09,8.32,,6.4,,,
1995-06-12,8.3208,,6.37,,,
1995-06-13,8.3203,,6.14,,,
1995-06-14,8.32,,6.15,,,
1995-06-15,8.3219,,6.18,,,
1995-06-16,8.3204,,6.21,,,
1995-06-19,8.3202,,6.13,,,
1995-06-20,8.32,,6.16,,,
1995-06-21,8.3209,,6.13,,,
1995-06-22,8.3218,,6.04,,,
1995-06-23,8.3215,,6.06,,,
1995-06-26,8.3213,,6.11,,,
1995-06-27,8.3207,,6.15,,,
1995-06-28,8.3207,,6.1,,,
1995-06-29,8.321,,6.28,,,
1995-06-30,8.3211,,6.21,,,
1995-07-01,,,,152.6,,
1995-07-03,8.3207,,6.21,,,
1995-07-04,,,,,,
1995-07-05,8.3201,,6.19,,,
1995-07-06,8.32,,6.05,,,
1995-07-07,8.32,,6.04,,,
1995-07-10,8.3223,,6.04,,,
1995-07-11,8.322,,6.09,,,
1995-07-12,8.3217,,6.1,,,
1995-07-13,8.3214,,6.09,,,
1995-07-14,8.3211,,6.15,,,
1995-07-17,8.3209,,6.22,,,
1995-07-18,8.3213,,6.25,,,
1995-07-19,8.3211,,6.43,,,
1995-07-20,8.3204,,6.43,,,
1995-07-21,8.3202,,6.53,,,
1995-07-24,8.3204,,6.46,,,
1995-07-25,8.3203,,6.43,,,
1995-07-26,8.3202,,6.48,,,
1995-07-27,8.3202,,6.43,,,
1995-07-28,8.3203,,6.49,,,
1995-07-31,8.3203,,6.45,,,
1995-08-01,8.32,,6.5,152.9,,
1995-08-02,8.3202,,6.44,,,
1995-08-03,8.3202,,6.53,,,
1995-08-04,8.3,,6.5,,,
1995-08-07,8.32,,6.48,,,
1995-08-08,8.3214,,6.47,,,
1995-08-09,8.3216,,6.47,,,
1995-08-10,8.3223,,6.51,,,
1995-08-11,8.3225,,6.59,,,
1995-08-14,8.3238,,6.59,,,
1995-08-15,8.3257,,6.57,,,
1995-08-16,8.3294,,6.54,,,
1995-08-17,8.3206,,6.57,,,
1995-08-18,8.3217,,6.57,,,
1995-08-21,8.3322,,6.54,,,
1995-08-22,8.3325,,6.57,,,
1995-08-23,8.3333,,6.6,,,
1995-08-24,8.3348,,6.5,,,
1995-08-25,8.3353,,6.38,,,
1995-08-28,8.3365,,6.34,,,
1995-08-29,8.3282,,6.36,,,
1995-08-30,8.3293,,6.33,,,
1995-08-31,8.3298,,6.28,,,
1995-09-01,8.3292,,6.22,153.1,,
1995-09-04,,,,,,
1995-09-05,8.3381,,6.18,,,
1995-09-06,8.3378,,6.17,,,
1995-09-07,8.3375,,6.21,,,
1995-09-08,8.3375,,6.24,,,
1995-09-11,8.3377,,6.24,,,
1995-09-12,8.338,,6.16,,,
1995-09-13,8.3384,,6.18,,,
1995-09-14,8.339,,6.08,,,
1995-09-15,8.3394,,6.11,,,
1995-09-18,8.3397,,6.17,,,
1995-09-19,8.3329,,6.14,,,
1995-09-20,8.3398,,6.1,,,
1995-09-21,8.3294,,6.21,,,
1995-09-22,8.3394,,6.25,,,
1995-09-25,8.3394,,6.26,,,
1995-09-26,8.3392,,6.28,,,
1995-09-27,8.339,,6.3,,,
1995-09-28,8.3389,,6.28,,,
1995-09-29,8.3385,,6.17,,,
1995-10-01,,,,153.5,,
1995-10-02,8.3385,,6.15,,,
1995-10-03,8.3385,,6.13,,,
1995-10-04,8.3385,,6.12,,,
1995-10-05,8.338,,6.06,,,
1995-10-06,8.3374,,6.06,,,
1995-10-09,,,,,,
1995-10-10,8.3358,,6.07,,,
1995-10-11,8.335,,6.09,,,
1995-10-12,8.3344,,6.07,,,
1995-10-13,8.3342,,5.97,,,
1995-10-16,8.3348,,5.97,,,
1995-10-17,8.3348,,5.97,,,
1995-10-18,8.3341,,5.99,,,
1995-10-19,8.3342,,5.98,,,
1995-10-20,8.3344,,6.04,,,
1995-10-23,8.3339,,6.07,,,
1995-10-24,8.3336,,6.02,,,
1995-10-25,8.3337,,6.0,,,
1995-10-26,8.3343,,6.06,,,
1995-10-27,8.3344,,6.05,,,
1995-10-30,8.3349,,6.04,,,
1995-10-31,8.3349,,6.03,,,
1995-11-01,8.3346,,5.98,153.7,,
1995-11-02,8.3348,,5.92,,,
1995-11-03,8.3347,,5.94,,,
1995-11-06,8.3347,,5.96,,,
1995-11-07,8.3349,,5.99,,,
1995-11-08,8.3348,,5.92,,,
1995-11-09,8.3346,,5.97,,,
1995-11-10,8.334,,6.0,,,
1995-11-13,8.3339,,5.98,,,
1995-11-14,8.3336,,5.97,,,
1995-11-15,8.3331,,6.0,,,
1995-11-16,8.3335,,5.93,,,
1995-11-17,8.3332,,5.92,,,
1995-11-20,8.333,,5.93,,,
1995-11-21,8.3329,,5.92,,,
1995-11-22,8.3328,,5.93,,,
1995-11-23,,,,,,
1995-11-24,8.3322,,5.91,,,
1995-11-27,8.3322,,5.88,,,
1995-11-28,8.3316,,5.88,,,
1995-11-29,8.3316,,5.85,,,
1995-11-30,8.3316,,5.76,,,
1995-12-01,8.3327,,5.71,153.9,,
1995-12-04,8.3331,,5.63,,,
1995-12-05,8.3332,,5.65,,,
1995-12-06,8.3333,,5.67,,,
1995-12-07,8.3335,,5.72,,,
1995-12-08,8.3338,,5.73,,,
1995-12-11,8.32,,5.71,,,
1995-12-12,8.3348,,5.72,,,
1995-12-13,8.3346,,5.74,,,
1995-12-14,8.3354,,5.74,,,
1995-12-15,8.3371,,5.75,,,
1995-12-18,8.338,,5.85,,,
1995-12-19,8.3376,,5.81,,,
1995-12-20,8.3374,,5.76,,,
1995-12-21,8.3373,,5.77,,,
1995-12-22,8.3374,,5.71,,,
1995-12-25,,,,,,
1995-12-26,8.3379,,5.69,,,
1995-12-27,8.3379,,5.66,,,
1995-12-28,8.3379,,5.63,,,
1995-12-29,8.3374,,5.58,,,
1996-01-01,,,,154.7,,
1996-01-02,8.338,,5.6,,,
1996-01-03,8.3391,,5.58,,,
1996-01-04,8.3403,,5.65,,,
1996-01-05,8.3404,,5.69,,,
1996-01-08,8.3415,,5.68,,,
1996-01-09,8.3414,,5.7,,,
1996-01-10,8.3408,,5.8,,,
1996-01-11,8.3404,,5.78,,,
1996-01-12,8.3404,,5.75,,,
1996-01-15,,,,,,
1996-01-16,8.3404,,5.66,,,
1996-01-17,8.3402,,5.58,,,
1996-01-18,8.3391,,5.53,,,
1996-01-19,8.3378,,5.54,,,
1996-01-22,8.3374,,5.61,,,
1996-01-23,8.337,,5.66,,,
1996-01-24,8.3363,,5.62,,,
1996-01-25,8.3367,,5.7,,,
1996-01-26,8.3357,,5.65,,,
1996-01-29,8.335,,5.69,,,
1996-01-30,8.3347,,5.63,,,
1996-01-31,8.3338,,5.6,,,
1996-02-01,8.3332,,5.63,155.0,,
1996-02-02,8.3327,,5.66,,,
1996-02-05,8.3331,,5.7,,,
1996-02-06,8.332,,5.68,,,
1996-02-07,8.3311,,5.66,,,
1996-02-08,8.33,,5.66,,,
1996-02-09,8.3294,,5.66,,,
1996-02-12,8.3292,,5.61,,,
1996-02-13,8.3304,,5.58,,,
1996-02-14,8.33,,5.62,,,
1996-02-15,8.3312,,5.7,,,
1996-02-16,8.3336,,5.76,,,
1996-02-19,,,,,,
1996-02-20,8.3352,,6.01,,,
1996-02-21,8.3352,,5.98,,,
1996-02-22,8.3352,,5.92,,,
1996-02-23,8.3352,,5.97,,,
1996-02-26,8.3369,,6.01,,,
1996-02-27,8.3396,,6.06,,,
1996-02-28,8.3407,,6.11,,,
1996-02-29,8.3411,,6.13,,,
1996-03-01,8.3411,,5.99,155.5,,
1996-03-04,8.3408,,5.92,,,
1996-03-05,8.341,,5.96,,,
1996-03-06,8.3423,,6.05,,,
1996-03-07,8.3429,,6.07,,,
1996-03-08,8.3439,,6.41,,,
1996-03-11,8.3463,,6.33,,,
1996-03-12,8.3499,,6.36,,,
1996-03-13,8.3548,,6.35,,,
1996-03-14,8.3533,,6.36,,,
1996-03-15,8.3517,,6.46,,,
1996-03-18,8.3527,,6.43,,,
1996-03-19,8.353,,6.41,,,
1996-03-20,8.352,,6.34,,,
1996-03-21,8.352,,6.28,,,
1996-03-22,8.353,,6.32,,,
1996-03-25,8.3549,,6.26,,,
1996-03-26,8.3542,,6.25,,,
1996-03-27,8.3533,,6.34,,,
1996-03-28,8.3535,,6.41,,,
1996-03-29,8.3538,,6.34,,,
1996-04-01,8.3539,,6.31,156.1,,
1996-04-02,8.3539,,6.25,,,
1996-04-03,8.3538,,6.27,,,
1996-04-04,8.3525,,6.33,,,
1996-04-05,8.3511,,6.57,,,
1996-04-08,8.3512,,6.63,,,
1996-04-09,8.3515,,6.56,,,
1996-04-10,8.3518,,6.63,,,
1996-04-11,8.3524,,6.68,,,
1996-04-12,8.3522,,6.52,,,
1996-04-15,8.3521,,6.47,,,
1996-04-16,8.3517,,6.48,,,
1996-04-17,8.3512,,6.52,,,
1996-04-18,8.3509,,6.58,,,
1996-04-19,8.3506,,6.53,,,
1996-04-22,8.35,,6.48,,,
1996-04-23,8.3502,,6.52,,,
1996-04-24,8.3501,,6.57,,,
1996-04-25,8.3501,,6.56,,,
1996-04-26,8.35,,6.54,,,
1996-04-29,8.3506,,6.59,,,
1996-04-30,8.3501,,6.66,,,
1996-05-01,8.3501,,6.68,156.4,,
1996-05-02,8.3501,,6.85,,,
1996-05-03,8.35,,6.9,,,
1996-05-06,8.35,,6.86,,,
1996-05-07,8.35,,6.87,,,
1996-05-08,8.35,,6.78,,,
1996-05-09,8.3501,,6.84,,,
1996-05-10,8.3502,,6.75,,,
1996-05-13,8.3502,,6.72,,,
1996-05-14,8.35,,6.66,,,
1996-05-15,8.3501,,6.65,,,
1996-05-16,8.35,,6.7,,,
1996-05-17,8.3493,,6.65,,,
1996-05-20,8.3484,,6.62,,,
1996-05-21,8.3473,,6.65,,,
1996-05-22,8.3472,,6.63,,,
1996-05-23,8.3467,,6.68,,,
1996-05-24,8.3467,,6.65,,,
1996-05-27,,,,,,
1996-05-28,8.3448,,6.67,,,
1996-05-29,8.33,,6.77,,,
1996-05-30,8.3463,,6.78,,,
1996-05-31,8.3455,,6.85,,,
1996-06-01,,,,156.7,,
1996-06-03,8.3454,,6.87,,,
1996-06-04,8.3449,,6.86,,,
1996-06-05,8.3439,,6.82,,,
1996-06-06,8.3434,,6.76,,,
1996-06-07,8.3437,,6.93,,,
1996-06-10,8.3434,,6.97,,,
1996-06-11,8.3435,,6.99,,,
1996-06-12,8.3429,,7.03,,,
1996-06-13,8.3421,,7.01,,,
1996-06-14,8.3417,,6.95,,,
1996-06-17,8.3422,,6.9,,,
1996-06-18,8.3424,,6.93,,,
1996-06-19,8.3418,,6.96,,,
1996-06-20,8.3412,,6.98,,,
1996-06-21,8.3403,,6.96,,,
1996-06-24,8.3401,,6.94,,,
1996-06-25,8.3406,,6.91,,,
1996-06-26,8.3406,,6.91,,,
1996-06-27,8.341,,6.83,,,
1996-06-28,8.3421,,6.73,,,
1996-07-01,8.3417,,6.74,157.0,,
1996-07-02,8.3411,,6.8,,,
1996-07-03,8.3401,,6.78,,,
1996-07-04,,,,,,
1996-07-05,8.34,,7.06,,,
1996-07-08,8.3387,,7.05,,,
1996-07-09,8.3372,,7.0,,,
1996-07-10,8.3361,,6.95,,,
1996-07-11,8.336,,6.9,,,
1996-07-12,8.3359,,6.85,,,
1996-07-15,8.3365,,6.89,,,
1996-07-16,8.3451,,6.84,,,
1996-07-17,8.3452,,6.83,,,
1996-07-18,8.3447,,6.72,,,
1996-07-19,8.3452,,6.78,,,
1996-07-22,8.344,,6.84,,,
1996-07-23,8.3432,,6.8,,,
1996-07-24,8.343,,6.87,,,
1996-07-25,8.3427,,6.87,,,
1996-07-26,8.3414,,6.85,,,
1996-07-29,8.3411,,6.93,,,
1996-07-30,8.3409,,6.89,,,
1996-07-31,8.3407,,6.8,,,
1996-08-01,8.3405,,6.65,157.2,,
1996-08-02,8.3404,,6.51,,,
1996-08-05,8.34,,6.53,,,
1996-08-06,8.3398,,6.54,,,
1996-08-07,8.3395,,6.55,,,
1996-08-08,8.3395,,6.56,,,
1996-08-09,8.339,,6.5,,,
1996-08-12,8.3386,,6.49,,,
1996-08-13,8.338,,6.57,,,
1996-08-14,8.3374,,6.58,,,
1996-08-15,8.3372,,6.62,,,
1996-08-16,8.3369,,6.56,,,
1996-08-19,8.3366,,6.59,,,
1996-08-20,8.3365,,6.59,,,
1996-08-21,8.3371,,6.61,,,
1996-08-22,8.3369,,6.62,,,
1996-08-23,8.3371,,6.72,,,
1996-08-26,8.3371,,6.8,,,
1996-08-27,8.3369,,6.78,,,
1996-08-28,8.3366,,6.79,,,
1996-08-29,8.3364,,6.86,,,
1996-08-30,8.3363,,6.96,,,
1996-09-01,,,,157.7,,
1996-09-02,,,,,,
1996-09-03,8.336,,6.92,,,
1996-09-04,8.3361,,6.94,,,
1996-09-05,8.3359,,6.98,,,
1996-09-06,8.3357,,6.94,,,
1996-09-09,8.3355,,6.9,,,
1996-09-10,8.3354,,6.94,,,
1996-09-11,8.3353,,6.94,,,
1996-09-12,8.3352,,6.88,,,
1996-09-13,8.335,,6.74,,,
1996-09-16,8.3345,,6.73,,,
1996-09-17,8.3343,,6.81,,,
1996-09-18,8.3341,,6.83,,,
1996-09-19,8.3336,,6.87,,,
1996-09-20,8.333,,6.85,,,
1996-09-23,8.3324,,6.83,,,
1996-09-24,8.3322,,6.77,,,
1996-09-25,8.3325,,6.71,,,
1996-09-26,8.3321,,6.66,,,
1996-09-27,8.3317,,6.68,,,
1996-09-30,8.3317,,6.72,,,
1996-10-01,8.3317,,6.65,158.2,,
1996-10-02,8.3317,,6.61,,,
1996-10-03,8.3315,,6.61,,,
1996-10-04,8.3307,,6.48,,,
1996-10-07,8.3307,,6.53,,,
1996-10-08,8.3315,,6.53,,,
1996-10-09,8.3305,,6.55,,,
1996-10-10,8.3299,,6.61,,,
1996-10-11,8.3293,,6.55,,,
1996-10-14,,,,,,
1996-10-15,8.3281,,6.56,,,
1996-10-16,8.3275,,6.57,,,
1996-10-17,8.327,,6.51,,,
1996-10-18,8.3278,,6.5,,,
1996-10-21,8.33,,6.52,,,
1996-10-22,8.33,,6.56,,,
1996-10-23,8.33,,6.56,,,
1996-10-24,8.33,,6.57,,,
1996-10-25,8.33,,6.54,,,
1996-10-28,8.33,,6.56,,,
1996-10-29,8.33,,6.4,,,
1996-10-30,8.33,,6.4,,,
1996-10-31,8.33,,6.37,,,
1996-11-01,8.3285,,6.38,158.7,,
1996-11-04,8.3279,,6.36,,,
1996-11-05,8.3277,,6.28,,,
1996-11-06,8.3275,,6.3,,,
1996-11-07,8.3273,,6.26,,,
1996-11-08,8.327,,6.29,,,
1996-11-11,,,,,,
1996-11-12,8.3267,,6.19,,,
1996-11-13,8.3281,,6.2,,,
1996-11-14,8.3294,,6.15,,,
1996-11-15,8.33,,6.19,,,
1996-11-18,8.3302,,6.2,,,
1996-11-19,8.3302,,6.17,,,
1996-11-20,8.3301,,6.14,,,
1996-11-21,8.3311,,6.15,,,
1996-11-22,8.3317,,6.15,,,
1996-11-25,8.3317,,6.13,,,
1996-11-26,8.3312,,6.13,,,
1996-11-27,8.331,,6.14,,,
1996-11-28,,,,,,
1996-11-29,8.3312,,6.06,,,
1996-12-01,,,,159.1,,
1996-12-02,8.3312,,6.08,,,
1996-12-03,8.3311,,6.06,,,
1996-12-04,8.3313,,6.11,,,
1996-12-05,8.3313,,6.22,,,
1996-12-06,8.3302,,6.26,,,
1996-12-09,8.3296,,6.21,,,
1996-12-10,8.3294,,6.23,,,
1996-12-11,8.3292,,6.38,,,
1996-12-12,8.3295,,6.4,,,
1996-12-13,8.329,,6.33,,,
1996-12-16,8.3286,,6.39,,,
1996-12-17,8.3283,,6.42,,,
1996-12-18,8.3279,,6.46,,,
1996-12-19,8.3275,,6.36,,,
1996-12-20,8.327,,6.35,,,
1996-12-23,8.3277,,6.34,,,
1996-12-24,8.328,,6.36,,,
1996-12-25,,,,,,
1996-12-26,8.3277,,6.35,,,
1996-12-27,8.3282,,6.3,,,
1996-12-30,8.3282,,6.31,,,
1996-12-31,8.3284,,6.43,,,
1997-01-01,,,,159.4,,
1997-01-02,8.3283,,6.54,,,
1997-01-03,8.3283,,6.52,,,
1997-01-06,8.328,,6.54,,,
1997-01-07,8.3276,,6.57,,,
1997-01-08,8.3272,,6.6,,,
1997-01-09,8.3268,,6.52,,,
1997-01-10,8.3267,,6.63,,,
1997-01-13,8.3266,,6.63,,,
1997-01-14,8.3264,,6.53,,,
1997-01-15,8.3262,,6.53,,,
1997-01-16,8.3258,,6.57,,,
1997-01-17,8.3256,,6.56,,,
1997-01-20,,,,,,
1997-01-21,8.3255,,6.52,,,
1997-01-22,8.3254,,6.56,,,
1997-01-23,8.3254,,6.6,,,
1997-01-24,8.3251,,6.64,,,
1997-01-27,8.3248,,6.69,,,
1997-01-28,8.3244,,6.64,,,
1997-01-29,8.324,,6.63,,,
1997-01-30,8.3238,,6.61,,,
1997-01-31,8.3234,,6.53,,,
1997-02-01,,,,159.7,,
1997-02-03,8.3231,,6.47,,,
1997-02-04,8.3227,,6.45,,,
1997-02-05,8.3225,,6.47,,,
1997-02-06,8.3216,,6.49,,,
1997-02-07,8.3216,,6.43,,,
1997-02-10,8.3216,,6.43,,,
1997-02-11,8.3216,,6.43,,,
1997-02-12,8.32,,6.39,,,
1997-02-13,8.3222,,6.32,,,
1997-02-14,8.3225,,6.28,,,
1997-02-17,,,,,,
1997-02-18,8.3221,,6.28,,,
1997-02-19,8.3238,,6.3,,,
1997-02-20,8.3239,,6.38,,,
1997-02-21,8.3241,,6.36,,,
1997-02-24,8.3238,,6.39,,,
1997-02-25,8.32,,6.4,,,
1997-02-26,8.3248,,6.56,,,
1997-02-27,8.3248,,6.58,,,
1997-02-28,8.3254,,6.56,,,
1997-03-01,,,,159.8,,
1997-03-03,8.326,,6.58,,,
1997-03-04,8.3253,,6.6,,,
1997-03-05,8.325,,6.6,,,
1997-03-06,8.3257,,6.62,,,
1997-03-07,8.3257,,6.57,,,
1997-03-10,8.3253,,6.56,,,
1997-03-11,8.3252,,6.57,,,
1997-03-12,8.3253,,6.6,,,
1997-03-13,8.3255,,6.72,,,
1997-03-14,8.3255,,6.71,,,
1997-03-17,8.3258,,6.72,,,
1997-03-18,8.3258,,6.72,,,
1997-03-19,8.3259,,6.74,,,
1997-03-20,8.3259,,6.75,,,
1997-03-21,8.3256,,6.74,,,
1997-03-24,8.3256,,6.72,,,
1997-03-25,8.3268,,6.75,,,
1997-03-26,8.3266,,6.8,,,
1997-03-27,8.3264,,6.9,,,
1997-03-28,8.3264,,,,,
1997-03-31,8.3255,,6.92,,,
1997-04-01,8.3253,,6.9,159.9,,
1997-04-02,8.3263,,6.88,,,
1997-04-03,8.3269,,6.86,,,
1997-04-04,8.3268,,6.92,,,
1997-04-07,8.3266,,6.87,,,
1997-04-08,8.3266,,6.91,,,
1997-04-09,8.3265,,6.91,,,
1997-04-10,8.3265,,6.91,,,
1997-04-11,8.3269,,6.98,,,
1997-04-14,8.3265,,6.98,,,
1997-04-15,8.3261,,6.88,,,
1997-04-16,8.3256,,6.9,,,
1997-04-17,8.3251,,6.86,,,
1997-04-18,8.3251,,6.84,,,
1997-04-21,8.3248,,6.87,,,
1997-04-22,8.3249,,6.84,,,
1997-04-23,8.3246,,6.89,,,
1997-04-24,8.3248,,6.93,,,
1997-04-25,8.3243,,6.94,,,
1997-04-28,8.3249,,6.92,,,
1997-04-29,8.3249,,6.77,,,
1997-04-30,8.3245,,6.72,,,
1997-05-01,8.3245,,6.69,159.9,,
1997-05-02,8.3245,,6.68,,,
1997-05-05,8.3247,,6.67,,,
1997-05-06,8.3243,,6.67,,,
1997-05-07,8.3238,,6.76,,,
1997-05-08,8.3234,,6.72,,,
1997-05-09,8.3231,,6.67,,,
1997-05-12,8.323,,6.65,,,
1997-05-13,8.3228,,6.71,,,
1997-05-14,8.3225,,6.68,,,
1997-05-15,8.3221,,6.67,,,
1997-05-16,8.3218,,6.7,,,
1997-05-19,8.3223,,6.71,,,
1997-05-20,8.3219,,6.7,,,
1997-05-21,8.3221,,6.74,,,
1997-05-22,8.3223,,6.76,,,
1997-05-23,8.3223,,6.74,,,
1997-05-26,,,,,,
1997-05-27,8.3216,,6.79,,,
1997-05-28,8.3224,,6.8,,,
1997-05-29,8.3224,,6.75,,,
1997-05-30,8.3221,,6.67,,,
1997-06-01,,,,160.2,,
1997-06-02,8.3217,,6.66,,,
1997-06-03,8.3219,,6.63,,,
1997-06-04,8.3215,,6.62,,,
1997-06-05,8.3221,,6.62,,,
1997-06-06,8.3232,,6.51,,,
1997-06-09,8.3223,,6.55,,,
1997-06-10,8.3222,,6.57,,,
1997-06-11,8.3223,,6.56,,,
1997-06-12,8.3235,,6.48,,,
1997-06-13,8.323,,6.43,,,
1997-06-16,8.3231,,6.4,,,
1997-06-17,8.3228,,6.43,,,
1997-06-18,8.3225,,6.4,,,
1997-06-19,8.3215,,6.4,,,
1997-06-20,8.3215,,6.37,,,
1997-06-23,8.3216,,6.4,,,
1997-06-24,8.3214,,6.42,,,
1997-06-25,8.321,,6.45,,,
1997-06-26,8.321,,6.5,,,
1997-06-27,8.329,,6.46,,,
1997-06-30,8.3207,,6.51,,,
1997-07-01,8.3208,,6.45,160.4,,
1997-07-02,8.321,,6.42,,,
1997-07-03,8.3214,,6.31,,,
1997-07-04,,,,,,
1997-07-07,8.3218,,6.27,,,
1997-07-08,8.3219,,6.27,,,
1997-07-09,8.322,,6.25,,,
1997-07-10,8.3213,,6.26,,,
1997-07-11,8.3206,,6.23,,,
1997-07-14,8.321,,6.26,,,
1997-07-15,8.3216,,6.26,,,
1997-07-16,8.3219,,6.2,,,
1997-07-17,8.321,,6.19,,,
1997-07-18,8.3215,,6.24,,,
1997-07-21,8.3211,,6.27,,,
1997-07-22,8.3209,,6.15,,,
1997-07-23,8.3209,,6.14,,,
1997-07-24,8.3208,,6.16,,,
1997-07-25,8.3205,,6.18,,,
1997-07-28,8.3003,,6.16,,,
1997-07-29,8.2913,,6.11,,,
1997-07-30,8.2911,,6.05,,,
1997-07-31,8.2913,,6.02,,,
1997-08-01,8.3203,,6.2,160.8,,
1997-08-04,8.3205,,6.23,,,
1997-08-05,8.3203,,6.23,,,
1997-08-06,8.32,,6.21,,,
1997-08-07,8.3203,,6.24,,,
1997-08-08,8.3197,,6.38,,,
1997-08-11,8.3196,,6.36,,,
1997-08-12,8.3191,,6.39,,,
1997-08-13,8.3116,,6.36,,,
1997-08-14,8.3193,,6.27,,,
1997-08-15,8.3119,,6.27,,,
1997-08-18,8.3185,,6.21,,,
1997-08-19,8.319,,6.21,,,
1997-08-20,8.32,,6.24,,,
1997-08-21,8.3191,,6.3,,,
1997-08-22,8.319,,6.38,,,
1997-08-25,8.319,,6.39,,,
1997-08-26,8.319,,6.38,,,
1997-08-27,8.3192,,6.38,,,
1997-08-28,8.3185,,6.3,,,
1997-08-29,8.3184,,6.34,,,
1997-09-01,,,,161.2,,
1997-09-02,8.3183,,6.31,,,
1997-09-03,8.3189,,6.33,,,
1997-09-04,8.3191,,6.33,,,
1997-09-05,8.3184,,6.37,,,
1997-09-08,,,6.33,,,
1997-09-09,8.3181,,6.34,,,
1997-09-10,8.3187,,6.37,,,
1997-09-11,8.3189,,6.39,,,
1997-09-12,8.3181,,6.29,,,
1997-09-15,8.3181,,6.28,,,
1997-09-16,8.3171,,6.11,,,
1997-09-17,8.3175,,6.1,,,
1997-09-18,8.3173,,6.11,,,
1997-09-19,8.3164,,6.09,,,
1997-09-22,8.3159,,6.06,,,
1997-09-23,8.3154,,6.1,,,
1997-09-24,8.3151,,6.04,,,
1997-09-25,8.315,,6.13,,,
1997-09-26,8.315,,6.08,,,
1997-09-29,8.3152,,6.1,,,
1997-09-30,8.3149,,6.12,,,
1997-10-01,8.3149,,6.04,161.5,,
1997-10-02,8.3149,,6.01,,,
1997-10-03,8.3149,,6.01,,,
1997-10-06,8.3145,,5.96,,,
1997-10-07,8.3145,,5.94,,,
1997-10-08,8.31,,6.08,,,
1997-10-09,8.3141,,6.09,,,
1997-10-10,8.3135,,6.15,,,
1997-10-13,,,,,,
1997-10-14,8.3132,,6.07,,,
1997-10-15,8.3139,,6.1,,,
1997-10-16,8.3142,,6.09,,,
1997-10-17,8.3139,,6.17,,,
1997-10-20,8.3135,,6.15,,,
1997-10-21,8.3132,,6.14,,,
1997-10-22,8.31,,6.12,,,
1997-10-23,8.3136,,6.04,,,
1997-10-24,8.3133,,6.01,,,
1997-10-27,8.3134,,5.91,,,
1997-10-28,8.313,,5.98,,,
1997-10-29,8.3132,,5.91,,,
1997-10-30,8.3136,,5.84,,,
1997-10-31,8.3134,,5.84,,,
1997-11-01,,,,161.7,,
1997-11-03,8.3129,,5.91,,,
1997-11-04,8.3126,,5.95,,,
1997-11-05,8.3122,,5.95,,,
1997-11-06,8.312,,5.9,,,
1997-11-07,8.3117,,5.9,,,
1997-11-10,8.3113,,5.91,,,
1997-11-11,,,,,,
1997-11-12,8.3108,,5.89,,,
1997-11-13,8.3105,,5.87,,,
1997-11-14,8.3106,,5.86,,,
1997-11-17,8.3105,,5.85,,,
1997-11-18,8.3104,,5.85,,,
1997-11-19,8.3103,,5.82,,,
1997-11-20,8.3103,,5.84,,,
1997-11-21,8.3102,,5.82,,,
1997-11-24,8.3101,,5.86,,,
1997-11-25,8.31,,5.85,,,
1997-11-26,8.3101,,5.86,,,
1997-11-27,,,,,,
1997-11-28,8.3096,,5.86,,,
1997-12-01,8.3096,,5.86,161.8,,
1997-12-02,8.3099,,5.86,,,
1997-12-03,8.3101,,5.83,,,
1997-12-04,8.31,,5.84,,,
1997-12-05,8.31,,5.92,,,
1997-12-08,8.31,,5.96,,,
1997-12-09,8.31,,5.95,,,
1997-12-10,8.31,,5.9,,,
1997-12-11,8.3096,,5.82,,,
1997-12-12,8.3093,,5.74,,,
1997-12-15,8.31,,5.78,,,
1997-12-16,8.31,,5.77,,,
1997-12-17,8.31,,5.81,,,
1997-12-18,8.31,,5.76,,,
1997-12-19,8.31,,5.72,,,
1997-12-22,8.31,,5.72,,,
1997-12-23,8.31,,5.73,,,
1997-12-24,8.31,,5.76,,,
1997-12-25,,,,,,
1997-12-26,8.3093,,5.75,,,
1997-12-29,8.31,,5.76,,,
1997-12-30,8.31,,5.8,,,
1997-12-31,8.31,,5.75,,,
1998-01-01,,,,162.0,100.3,
1998-01-02,8.31,,5.67,,100.3,
1998-01-05,8.31,,5.52,,100.3,
1998-01-06,8.31,,5.49,,100.3,
1998-01-07,8.3,,5.55,,100.3,
1998-01-08,8.31,,5.49,,100.3,
1998-01-09,8.31,,5.4,,100.3,
1998-01-12,8.31,,5.39,,100.3,
1998-01-13,8.31,,5.41,,100.3,
1998-01-14,8.31,,5.45,,100.3,
1998-01-15,8.31,,5.48,,100.3,
1998-01-16,8.3089,,5.54,,100.3,
1998-01-19,,,,,100.3,
1998-01-20,8.31,,5.57,,100.3,
1998-01-21,8.31,,5.54,,100.3,
1998-01-22,8.31,,5.56,,100.3,
1998-01-23,8.31,,5.7,,100.3,
1998-01-26,8.31,,5.63,,100.3,
1998-01-27,8.31,,5.7,,100.3,
1998-01-28,8.31,,5.69,,100.3,
1998-01-29,8.31,,5.58,,100.3,
1998-01-30,8.31,,5.53,,100.3,
1998-02-01,,,,162.0,99.9,
1998-02-02,8.279,,5.57,,99.9,
1998-02-03,8.31,,5.56,,99.9,
1998-02-04,8.31,,5.57,,99.9,
1998-02-05,8.31,,5.62,,99.9,
1998-02-06,8.3095,,5.62,,99.9,
1998-02-09,8.29,,5.65,,99.9,
1998-02-10,8.31,,5.64,,99.9,
1998-02-11,8.31,,5.53,,99.9,
1998-02-12,8.31,,5.52,,99.9,
1998-02-13,8.3096,,5.49,,99.9,
1998-02-16,,,,,99.9,
1998-02-17,8.31,,5.44,,99.9,
1998-02-18,8.31,,5.49,,99.9,
1998-02-19,8.31,,5.51,,99.9,
1998-02-20,8.3092,,5.54,,99.9,
1998-02-23,8.31,,5.58,,99.9,
1998-02-24,8.31,,5.69,,99.9,
1998-02-25,8.309,,5.63,,99.9,
1998-02-26,8.31,,5.65,,99.9,
1998-02-27,8.31,,5.62,,99.9,
1998-03-01,,,,162.0,100.7,
1998-03-02,8.31,,5.72,,100.7,
1998-03-03,8.31,,5.77,,100.7,
1998-03-04,8.31,,5.76,,100.7,
1998-03-05,8.3091,,5.78,,100.7,
1998-03-06,8.318,,5.73,,100.7,
1998-03-09,8.31,,5.67,,100.7,
1998-03-10,8.31,,5.67,,100.7,
1998-03-11,8.31,,5.63,,100.7,
1998-03-12,8.31,,5.56,,100.7,
1998-03-13,8.31,,5.58,,100.7,
1998-03-16,8.28,,5.54,,100.7,
1998-03-17,8.31,,5.56,,100.7,
1998-03-18,8.31,,5.58,,100.7,
1998-03-19,8.31,,5.58,,100.7,
1998-03-20,8.31,,5.57,,100.7,
1998-03-23,8.31,,5.57,,100.7,
1998-03-24,8.31,,5.58,,100.7,
1998-03-25,8.31,,5.64,,100.7,
1998-03-26,8.31,,5.68,,100.7,
1998-03-27,8.31,,5.68,,100.7,
1998-03-30,8.31,,5.72,,100.7,
1998-03-31,8.28,,5.67,,100.7,
1998-04-01,8.31,,5.62,162.2,99.7,
1998-04-02,8.31,,5.56,,99.7,
1998-04-03,8.28,,5.47,,99.7,
1998-04-06,8.31,,5.51,,99.7,
1998-04-07,8.31,,5.53,,99.7,
1998-04-08,8.31,,5.58,,99.7,
1998-04-09,8.31,,5.59,,99.7,
1998-04-10,8.31,,,,99.7,
1998-04-13,8.31,,5.66,,99.7,
1998-04-14,8.31,,5.63,,99.7,
1998-04-15,8.31,,5.6,,99.7,
1998-04-16,8.31,,5.59,,99.7,
1998-04-17,8.31,,5.59,,99.7,
1998-04-20,8.31,,5.65,,99.7,
1998-04-21,8.31,,5.68,,99.7,
1998-04-22,8.31,,5.68,,99.7,
1998-04-23,8.31,,5.69,,99.7,
1998-04-24,8.2786,,5.67,,99.7,
1998-04-27,8.279,,5.8,,99.7,
1998-04-28,8.31,,5.8,,99.7,
1998-04-29,8.31,,5.81,,99.7,
1998-04-30,8.31,,5.68,,99.7,
1998-05-01,8.2779,,5.67,162.6,99.0,
1998-05-04,8.31,,5.67,,99.0,
1998-05-05,8.31,,5.7,,99.0,
1998-05-06,8.31,,5.67,,99.0,
1998-05-07,8.31,,5.67,,99.0,
1998-05-08,8.31,,5.71,,99.0,
1998-05-11,8.31,,5.79,,99.0,
1998-05-12,8.31,,5.7,,99.0,
1998-05-13,8.31,,5.64,,99.0,
1998-05-14,8.31,,5.67,,99.0,
1998-05-15,8.31,,5.68,,99.0,
1998-05-18,8.31,,5.64,,99.0,
1998-05-19,8.31,,5.65,,99.0,
1998-05-20,8.31,,5.61,,99.0,
1998-05-21,8.31,,5.65,,99.0,
1998-05-22,8.31,,5.64,,99.0,
1998-05-25,,,,,99.0,
1998-05-26,8.31,,5.59,,99.0,
1998-05-27,8.31,,5.56,,99.0,
1998-05-28,8.31,,5.58,,99.0,
1998-05-29,8.31,,5.56,,99.0,
1998-06-01,8.31,,5.53,162.8,98.7,
1998-06-02,8.31,,5.56,,98.7,
1998-06-03,8.31,,5.57,,98.7,
1998-06-04,8.31,,5.59,,98.7,
1998-06-05,8.31,,5.58,,98.7,
1998-06-08,8.31,,5.58,,98.7,
1998-06-09,8.31,,5.59,,98.7,
1998-06-10,8.31,,5.51,,98.7,
1998-06-11,8.31,,5.44,,98.7,
1998-06-12,8.31,,5.43,,98.7,
1998-06-15,8.31,,5.38,,98.7,
1998-06-16,8.31,,5.45,,98.7,
1998-06-17,8.31,,5.54,,98.7,
1998-06-18,8.31,,5.5,,98.7,
1998-06-19,8.31,,5.47,,98.7,
1998-06-22,8.31,,5.46,,98.7,
1998-06-23,8.31,,5.45,,98.7,
1998-06-24,8.31,,5.46,,98.7,
1998-06-25,8.31,,5.46,,98.7,
1998-06-26,8.31,,5.46,,98.7,
1998-06-29,8.31,,5.47,,98.7,
1998-06-30,8.31,,5.44,,98.7,
1998-07-01,8.31,,5.44,163.2,98.6,
1998-07-02,8.31,,5.42,,98.6,
1998-07-03,8.31,,,,98.6,
1998-07-06,8.31,,5.39,,98.6,
1998-07-07,8.31,,5.42,,98.6,
1998-07-08,8.31,,5.43,,98.6,
1998-07-09,8.31,,5.41,,98.6,
1998-07-10,8.31,,5.42,,98.6,
1998-07-13,8.31,,5.46,,98.6,
1998-07-14,8.31,,5.49,,98.6,
1998-07-15,8.31,,5.48,,98.6,
1998-07-16,8.31,,5.5,,98.6,
1998-07-17,8.31,,5.51,,98.6,
1998-07-20,8.31,,5.48,,98.6,
1998-07-21,8.31,,5.45,,98.6,
1998-07-22,8.31,,5.46,,98.6,
1998-07-23,8.31,,5.45,,98.6,
1998-07-24,8.31,,5.45,,98.6,
1998-07-27,8.31,,5.47,,98.6,
1998-07-28,8.31,,5.5,,98.6,
1998-07-29,8.31,,5.52,,98.6,
1998-07-30,8.31,,5.5,,98.6,
1998-07-31,8.31,,5.5,,98.6,
1998-08-01,,,,163.4,98.6,
1998-08-03,8.31,,5.46,,98.6,
1998-08-04,8.31,,5.43,,98.6,
1998-08-05,8.31,,5.43,,98.6,
1998-08-06,8.31,,5.44,,98.6,
1998-08-07,8.31,,5.4,,98.6,
1998-08-10,8.31,,5.41,,98.6,
1998-08-11,8.31,,5.37,,98.6,
1998-08-12,8.31,,5.4,,98.6,
1998-08-13,8.31,,5.44,,98.6,
1998-08-14,8.31,,5.4,,98.6,
1998-08-17,8.31,,5.4,,98.6,
1998-08-18,8.31,,5.41,,98.6,
1998-08-19,8.31,,5.42,,98.6,
1998-08-20,8.31,,5.38,,98.6,
1998-08-21,8.31,,5.32,,98.6,
1998-08-24,8.31,,5.3,,98.6,
1998-08-25,8.31,,5.25,,98.6,
1998-08-26,8.31,,5.26,,98.6,
1998-08-27,8.31,,5.12,,98.6,
1998-08-28,8.31,,5.09,,98.6,
1998-08-31,8.31,,5.05,,98.6,
1998-09-01,8.31,,5.05,163.5,98.5,
1998-09-02,8.31,,5.1,,98.5,
1998-09-03,8.31,,5.03,,98.5,
1998-09-04,8.31,,5.02,,98.5,
1998-09-07,,,,,98.5,
1998-09-08,8.31,,5.04,,98.5,
1998-09-09,8.31,,4.95,,98.5,
1998-09-10,8.31,,4.76,,98.5,
1998-09-11,8.31,,4.85,,98.5,
1998-09-14,8.31,,4.87,,98.5,
1998-09-15,8.31,,4.9,,98.5,
1998-09-16,8.31,,4.88,,98.5,
1998-09-17,8.31,,4.8,,98.5,
1998-09-18,8.31,,4.7,,98.5,
1998-09-21,8.31,,4.69,,98.5,
1998-09-22,8.31,,4.73,,98.5,
1998-09-23,8.31,,4.69,,98.5,
1998-09-24,8.31,,4.64,,98.5,
1998-09-25,8.31,,4.6,,98.5,
1998-09-28,8.2783,,4.61,,98.5,
1998-09-29,8.2782,,4.59,,98.5,
1998-09-30,8.278,,4.44,,98.5,
1998-10-01,8.278,,4.33,163.9,98.9,
1998-10-02,8.278,,4.31,,98.9,
1998-10-05,8.278,,4.16,,98.9,
1998-10-06,8.2779,,4.24,,98.9,
1998-10-07,8.2778,,4.34,,98.9,
1998-10-08,8.2777,,4.56,,98.9,
1998-10-09,8.2777,,4.77,,98.9,
1998-10-12,,,,,98.9,
1998-10-13,8.2776,,4.73,,98.9,
1998-10-14,8.2777,,4.58,,98.9,
1998-10-15,8.2778,,4.58,,98.9,
1998-10-16,8.2776,,4.44,,98.9,
1998-10-19,8.2778,,4.47,,98.9,
1998-10-20,8.2779,,4.57,,98.9,
1998-10-21,8.2778,,4.59,,98.9,
1998-10-22,8.2782,,4.62,,98.9,
1998-10-23,8.2778,,4.7,,98.9,
1998-10-26,8.2777,,4.73,,98.9,
1998-10-27,8.2776,,4.63,,98.9,
1998-10-28,8.2778,,4.6,,98.9,
1998-10-29,8.2776,,4.54,,98.9,
1998-10-30,8.2778,,4.64,,98.9,
1998-11-01,,,,164.1,98.8,
1998-11-02,8.2777,,4.77,,98.8,
1998-11-03,8.278,,4.78,,98.8,
1998-11-04,8.2778,,4.83,,98.8,
1998-11-05,8.2777,,4.82,,98.8,
1998-11-06,8.2779,,4.93,,98.8,
1998-11-09,8.2777,,4.88,,98.8,
1998-11-10,8.2776,,4.81,,98.8,
1998-11-11,,,,,98.8,
1998-11-12,8.2775,,4.77,,98.8,
1998-11-13,8.278,,4.82,,98.8,
1998-11-16,8.2778,,4.85,,98.8,
1998-11-17,8.2778,,4.87,,98.8,
1998-11-18,8.2779,,4.85,,98.8,
1998-11-19,8.2779,,4.85,,98.8,
1998-11-20,8.2777,,4.82,,98.8,
1998-11-23,8.2777,,4.84,,98.8,
1998-11-24,8.2778,,4.85,,98.8,
1998-11-25,8.2777,,4.83,,98.8,
1998-11-26,,,,,98.8,
1998-11-27,8.2782,,4.81,,98.8,
1998-11-30,8.2782,,4.74,,98.8,
1998-12-01,8.2782,,4.67,164.4,99.0,
1998-12-02,8.278,,4.59,,99.0,
1998-12-03,8.2779,,4.58,,99.0,
1998-12-04,8.2777,,4.62,,99.0,
1998-12-07,8.2775,,4.69,,99.0,
1998-12-08,8.2775,,4.6,,99.0,
1998-12-09,8.2775,,4.56,,99.0,
1998-12-10,8.2774,,4.53,,99.0,
1998-12-11,8.2774,,4.61,,99.0,
1998-12-14,8.2777,,4.58,,99.0,
1998-12-15,8.2778,,4.62,,99.0,
1998-12-16,8.2778,,4.58,,99.0,
1998-12-17,8.2777,,4.58,,99.0,
1998-12-18,8.2777,,4.58,,99.0,
1998-12-21,8.2779,,4.64,,99.0,
1998-12-22,8.2782,,4.7,,99.0,
1998-12-23,8.2781,,4.81,,99.0,
1998-12-24,8.2785,,4.86,,99.0,
1998-12-25,,,,,99.0,
1998-12-28,8.2782,,4.78,,99.0,
1998-12-29,8.2786,,4.71,,99.0,
1998-12-30,8.2787,,4.65,,99.0,
1998-12-31,8.2789,,4.65,,99.0,
1999-01-01,,,,164.7,98.8,
1999-01-04,8.2793,,4.69,,98.8,
1999-01-05,8.2795,,4.74,,98.8,
1999-01-06,8.2795,,4.73,,98.8,
1999-01-07,8.2798,,4.77,,98.8,
1999-01-08,8.2796,,4.86,,98.8,
1999-01-11,8.2797,,4.9,,98.8,
1999-01-12,8.2795,,4.82,,98.8,
1999-01-13,8.2794,,4.74,,98.8,
1999-01-14,8.279,,4.63,,98.8,
1999-01-15,8.279,,4.66,,98.8,
1999-01-18,,,,,98.8,
1999-01-19,8.2787,,4.71,,98.8,
1999-01-20,8.2791,,4.76,,98.8,
1999-01-21,8.2789,,4.7,,98.8,
1999-01-22,8.2787,,4.64,,98.8,
1999-01-25,8.2784,,4.67,,98.8,
1999-01-26,8.278,,4.69,,98.8,
1999-01-27,8.2778,,4.68,,98.8,
1999-01-28,8.2778,,4.67,,98.8,
1999-01-29,8.2778,,4.66,,98.8,
1999-02-01,8.2775,,4.75,164.7,98.7,
1999-02-02,8.2775,,4.79,,98.7,
1999-02-03,8.2776,,4.83,,98.7,
1999-02-04,8.2776,,4.89,,98.7,
1999-02-05,8.2776,,4.94,,98.7,
1999-02-08,8.2776,,4.94,,98.7,
1999-02-09,8.2776,,4.91,,98.7,
1999-02-10,8.2776,,4.9,,98.7,
1999-02-11,8.2776,,4.93,,98.7,
1999-02-12,8.2776,,5.06,,98.7,
1999-02-15,,,,,98.7,
1999-02-16,8.2787,,5.03,,98.7,
1999-02-17,8.2787,,4.98,,98.7,
1999-02-18,8.2787,,5.04,,98.7,
1999-02-19,8.2787,,5.07,,98.7,
1999-02-22,8.2787,,5.03,,98.7,
1999-02-23,8.2787,,5.1,,98.7,
1999-02-24,8.2787,,5.18,,98.7,
1999-02-25,8.2789,,5.32,,98.7,
1999-02-26,8.279,,5.29,,98.7,
1999-03-01,8.2792,,5.4,164.8,98.2,
1999-03-02,8.2789,,5.35,,98.2,
1999-03-03,8.2789,,5.39,,98.2,
1999-03-04,8.2783,,5.41,,98.2,
1999-03-05,8.2784,,5.34,,98.2,
1999-03-08,8.2786,,5.29,,98.2,
1999-03-09,8.2791,,5.18,,98.2,
1999-03-10,8.2788,,5.2,,98.2,
1999-03-11,8.2789,,5.21,,98.2,
1999-03-12,8.2789,,5.16,,98.2,
1999-03-15,8.2789,,5.15,,98.2,
1999-03-16,8.2789,,5.11,,98.2,
1999-03-17,8.2788,,5.14,,98.2,
1999-03-18,8.2788,,5.11,,98.2,
1999-03-19,8.2793,,5.17,,98.2,
1999-03-22,8.2792,,5.21,,98.2,
1999-03-23,8.2795,,5.2,,98.2,
1999-03-24,8.2796,,5.17,,98.2,
1999-03-25,8.2798,,5.21,,98.2,
1999-03-26,8.28,,5.21,,98.2,
1999-03-29,8.2797,,5.28,,98.2,
1999-03-30,8.28,,5.21,,98.2,
1999-03-31,8.28,,5.25,,98.2,
1999-04-01,8.2796,,5.27,165.9,97.8,
1999-04-02,8.2794,,5.2,,97.8,
1999-04-05,8.2795,,5.2,,97.8,
1999-04-06,8.2797,,5.13,,97.8,
1999-04-07,8.2797,,5.14,,97.8,
1999-04-08,8.2799,,5.03,,97.8,
1999-04-09,8.2797,,5.05,,97.8,
1999-04-12,8.2797,,5.06,,97.8,
1999-04-13,8.2797,,5.12,,97.8,
1999-04-14,8.2794,,5.13,,97.8,
1999-04-15,8.2789,,5.18,,97.8,
1999-04-16,8.2787,,5.23,,97.8,
1999-04-19,8.2787,,5.18,,97.8,
1999-04-20,8.2783,,5.16,,97.8,
1999-04-21,8.2783,,5.17,,97.8,
1999-04-22,8.2783,,5.25,,97.8,
1999-04-23,8.2784,,5.26,,97.8,
1999-04-26,8.2793,,5.23,,97.8,
1999-04-27,8.2794,,5.22,,97.8,
1999-04-28,8.2791,,5.27,,97.8,
1999-04-29,8.2794,,5.22,,97.8,
1999-04-30,8.279,,5.36,,97.8,
1999-05-01,,,,166.0,97.8,
1999-05-03,8.279,,5.38,,97.8,
1999-05-04,8.2789,,5.42,,97.8,
1999-05-05,8.2789,,5.4,,97.8,
1999-05-06,8.2786,,5.52,,97.8,
1999-05-07,8.2783,,5.54,,97.8,
1999-05-10,8.2787,,5.54,,97.8,
1999-05-11,8.2782,,5.59,,97.8,
1999-05-12,8.2783,,5.51,,97.8,
1999-05-13,8.2778,,5.41,,97.8,
1999-05-14,8.2784,,5.62,,97.8,
1999-05-17,8.2785,,5.66,,97.8,
1999-05-18,8.279,,5.68,,97.8,
1999-05-19,8.2783,,5.6,,97.8,
1999-05-20,8.278,,5.6,,97.8,
1999-05-21,8.278,,5.52,,97.8,
1999-05-24,8.2785,,5.5,,97.8,
1999-05-25,8.2789,,5.49,,97.8,
1999-05-26,8.279,,5.55,,97.8,
1999-05-27,8.2788,,5.62,,97.8,
1999-05-28,8.2786,,5.64,,97.8,
1999-05-31,,,,,97.8,
1999-06-01,8.2781,,5.78,166.0,97.9,
1999-06-02,8.2787,,5.8,,97.9,
1999-06-03,8.2784,,5.8,,97.9,
1999-06-04,8.2781,,5.82,,97.9,
1999-06-07,8.2781,,5.81,,97.9,
1999-06-08,8.2779,,5.83,,97.9,
1999-06-09,8.2778,,5.87,,97.9,
1999-06-10,8.2777,,5.92,,97.9,
1999-06-11,8.2777,,6.02,,97.9,
1999-06-14,8.2776,,5.98,,97.9,
1999-06-15,8.2781,,5.98,,97.9,
1999-06-16,8.2776,,5.94,,97.9,
1999-06-17,8.2775,,5.79,,97.9,
1999-06-18,8.2774,,5.84,,97.9,
1999-06-21,8.2778,,5.9,,97.9,
1999-06-22,8.2781,,5.94,,97.9,
1999-06-23,8.2784,,6.0,,97.9,
1999-06-24,8.2779,,6.05,,97.9,
1999-06-25,8.2775,,6.02,,97.9,
1999-06-28,8.278,,5.96,,97.9,
1999-06-29,8.2786,,5.93,,97.9,
1999-06-30,8.2787,,5.81,,97.9,
1999-07-01,8.2786,,5.85,166.7,98.6,
1999-07-02,8.2785,,5.82,,98.6,
1999-07-05,,,,,98.6,
1999-07-06,8.2782,,5.88,,98.6,
1999-07-07,8.2783,,5.92,,98.6,
1999-07-08,8.2781,,5.85,,98.6,
1999-07-09,8.2777,,5.84,,98.6,
1999-07-12,8.2776,,5.74,,98.6,
1999-07-13,8.2775,,5.71,,98.6,
1999-07-14,8.2778,,5.74,,98.6,
1999-07-15,8.2775,,5.72,,98.6,
1999-07-16,8.2773,,5.68,,98.6,
1999-07-19,8.2773,,5.66,,98.6,
1999-07-20,8.2777,,5.65,,98.6,
1999-07-21,8.2773,,5.66,,98.6,
1999-07-22,8.2773,,5.78,,98.6,
1999-07-23,8.2772,,5.84,,98.6,
1999-07-26,8.277,,5.86,,98.6,
1999-07-27,8.277,,5.82,,98.6,
1999-07-28,8.277,,5.81,,98.6,
1999-07-29,8.2773,,5.88,,98.6,
1999-07-30,8.2774,,5.92,,98.6,
1999-08-01,,,,167.1,98.7,
1999-08-02,8.277,,5.92,,98.7,
1999-08-03,8.2773,,5.95,,98.7,
1999-08-04,8.2774,,5.96,,98.7,
1999-08-05,8.2774,,5.88,,98.7,
1999-08-06,8.2773,,6.02,,98.7,
1999-08-09,8.2774,,6.13,,98.7,
1999-08-10,8.2772,,6.16,,98.7,
1999-08-11,8.2772,,6.05,,98.7,
1999-08-12,8.2771,,6.08,,98.7,
1999-08-13,8.277,,5.98,,98.7,
1999-08-16,8.2774,,5.98,,98.7,
1999-08-17,8.277,,5.89,,98.7,
1999-08-18,8.2772,,5.88,,98.7,
1999-08-19,8.2774,,5.9,,98.7,
1999-08-20,8.2774,,5.88,,98.7,
1999-08-23,8.2772,,5.89,,98.7,
1999-08-24,8.2775,,5.85,,98.7,
1999-08-25,8.2773,,5.73,,98.7,
1999-08-26,8.2773,,5.75,,98.7,
1999-08-27,8.2773,,5.85,,98.7,
1999-08-30,8.2771,,5.95,,98.7,
1999-08-31,8.277,,5.98,,98.7,
1999-09-01,8.2771,,5.99,167.8,99.2,
1999-09-02,8.2773,,6.03,,99.2,
1999-09-03,8.2775,,5.89,,99.2,
1999-09-06,,,,,99.2,
1999-09-07,8.2776,,5.95,,99.2,
1999-09-08,8.2776,,5.93,,99.2,
1999-09-09,8.2774,,5.97,,99.2,
1999-09-10,8.2774,,5.89,,99.2,
1999-09-13,8.2772,,5.92,,99.2,
1999-09-14,8.2775,,5.96,,99.2,
1999-09-15,8.2773,,5.94,,99.2,
1999-09-16,8.2771,,5.9,,99.2,
1999-09-17,8.2773,,5.87,,99.2,
1999-09-20,8.2775,,5.91,,99.2,
1999-09-21,8.2775,,5.94,,99.2,
1999-09-22,8.2777,,5.92,,99.2,
1999-09-23,8.2776,,5.87,,99.2,
1999-09-24,8.2775,,5.75,,99.2,
1999-09-27,8.2775,,5.83,,99.2,
1999-09-28,8.2775,,5.89,,99.2,
1999-09-29,8.2775,,5.97,,99.2,
1999-09-30,8.2778,,5.9,,99.2,
1999-10-01,8.2778,,6.0,168.1,99.4,
1999-10-04,8.2778,,5.95,,99.4,
1999-10-05,8.277,,6.02,,99.4,
1999-10-06,8.2778,,6.04,,99.4,
1999-10-07,8.2778,,6.05,,99.4,
1999-10-08,8.278,,6.04,,99.4,
1999-10-11,,,,,99.4,
1999-10-12,8.2772,,6.07,,99.4,
1999-10-13,8.2777,,6.12,,99.4,
1999-10-14,8.2774,,6.17,,99.4,
1999-10-15,8.2775,,6.09,,99.4,
1999-10-18,8.2774,,6.12,,99.4,
1999-10-19,8.2773,,6.18,,99.4,
1999-10-20,8.2774,,6.19,,99.4,
1999-10-21,8.2772,,6.2,,99.4,
1999-10-22,8.2773,,6.21,,99.4,
1999-10-25,8.277,,6.22,,99.4,
1999-10-26,8.2773,,6.24,,99.4,
1999-10-27,8.2775,,6.19,,99.4,
1999-10-28,8.2776,,6.12,,99.4,
1999-10-29,8.2778,,6.02,,99.4,
1999-11-01,8.2779,,6.06,168.4,99.1,
1999-11-02,8.2781,,6.04,,99.1,
1999-11-03,8.2781,,6.01,,99.1,
1999-11-04,8.278,,5.95,,99.1,
1999-11-05,8.2779,,5.92,,99.1,
1999-11-08,8.2779,,5.95,,99.1,
1999-11-09,8.278,,5.97,,99.1,
1999-11-10,8.2781,,6.0,,99.1,
1999-11-11,,,,,99.1,
1999-11-12,8.278,,5.93,,99.1,
1999-11-15,8.2781,,5.94,,99.1,
1999-11-16,8.2781,,5.97,,99.1,
1999-11-17,8.2781,,6.04,,99.1,
1999-11-18,8.2784,,6.06,,99.1,
1999-11-19,8.2785,,6.07,,99.1,
1999-11-22,8.2785,,6.09,,99.1,
1999-11-23,8.2784,,6.08,,99.1,
1999-11-24,8.2785,,6.09,,99.1,
1999-11-25,,,,,99.1,
1999-11-26,8.2785,,6.12,,99.1,
1999-11-29,8.2785,,6.21,,99.1,
1999-11-30,8.2789,,6.18,,99.1,
1999-12-01,8.2789,,6.21,168.8,99.0,
1999-12-02,8.2788,,6.24,,99.0,
1999-12-03,8.2787,,6.17,,99.0,
1999-12-06,8.279,,6.16,,99.0,
1999-12-07,8.279,,6.11,,99.0,
1999-12-08,8.2795,,6.15,,99.0,
1999-12-09,8.2795,,6.14,,99.0,
1999-12-10,8.2795,,6.08,,99.0,
1999-12-13,8.2795,,6.11,,99.0,
1999-12-14,8.2794,,6.22,,99.0,
1999-12-15,8.2794,,6.25,,99.0,
1999-12-16,8.2794,,6.31,,99.0,
1999-12-17,8.2794,,6.3,,99.0,
1999-12-20,8.2794,,6.36,,99.0,
1999-12-21,8.2796,,6.38,,99.0,
1999-12-22,8.2796,,6.39,,99.0,
1999-12-23,8.2795,,6.41,,99.0,
1999-12-24,8.2794,,,,99.0,
1999-12-27,8.2796,,6.4,,99.0,
1999-12-28,8.2797,,6.43,,99.0,
1999-12-29,8.2793,,6.4,,99.0,
1999-12-30,8.2795,,6.39,,99.0,
1999-12-31,8.2795,,6.45,,99.0,
2000-01-01,,,,169.3,99.8,
2000-01-03,8.2798,,6.58,,99.8,
2000-01-04,8.2799,,6.49,,99.8,
2000-01-05,8.2798,,6.62,,99.8,
2000-01-06,8.2797,,6.57,,99.8,
2000-01-07,8.2794,,6.52,,99.8,
2000-01-10,8.2794,,6.57,,99.8,
2000-01-11,8.2795,,6.67,,99.8,
2000-01-12,8.2796,,6.72,,99.8,
2000-01-13,8.2798,,6.63,,99.8,
2000-01-14,8.2797,,6.69,,99.8,
2000-01-17,,,,,99.8,
2000-01-18,8.2793,,6.75,,99.8,
2000-01-19,8.2797,,6.73,,99.8,
2000-01-20,8.2794,,6.79,,99.8,
2000-01-21,8.2795,,6.79,,99.8,
2000-01-24,8.2789,,6.69,,99.8,
2000-01-25,8.2786,,6.7,,99.8,
2000-01-26,8.2782,,6.69,,99.8,
2000-01-27,8.2783,,6.68,,99.8,
2000-01-28,8.2781,,6.66,,99.8,
2000-01-31,8.2777,,6.68,,99.8,
2000-02-01,8.2774,,6.62,170.0,100.7,
2000-02-02,8.2773,,6.6,,100.7,
2000-02-03,8.2781,,6.49,,100.7,
2000-02-04,8.2788,,6.53,,100.7,
2000-02-07,8.2788,,6.64,,100.7,
2000-02-08,8.2788,,6.59,,100.7,
2000-02-09,8.2788,,6.56,,100.7,
2000-02-10,8.2788,,6.67,,100.7,
2000-02-11,8.2788,,6.63,,100.7,
2000-02-14,8.2779,,6.56,,100.7,
2000-02-15,8.2777,,6.56,,100.7,
2000-02-16,8.2777,,6.56,,100.7,
2000-02-17,8.2772,,6.58,,100.7,
2000-02-18,8.2772,,6.49,,100.7,
2000-02-21,,,,,100.7,
2000-02-22,8.2773,,6.36,,100.7,
2000-02-23,8.278,,6.44,,100.7,
2000-02-24,8.278,,6.36,,100.7,
2000-02-25,8.2786,,6.36,,100.7,
2000-02-28,8.2786,,6.37,,100.7,
2000-02-29,8.2786,,6.42,,100.7,
2000-03-01,8.2786,,6.39,171.0,99.8,
2000-03-02,8.2787,,6.4,,99.8,
2000-03-03,8.2789,,6.39,,99.8,
2000-03-06,8.2785,,6.42,,99.8,
2000-03-07,8.2784,,6.39,,99.8,
2000-03-08,8.2786,,6.38,,99.8,
2000-03-09,8.2787,,6.35,,99.8,
2000-03-10,8.2785,,6.39,,99.8,
2000-03-13,8.2781,,6.36,,99.8,
2000-03-14,8.278,,6.31,,99.8,
2000-03-15,8.2778,,6.29,,99.8,
2000-03-16,8.2777,,6.26,,99.8,
2000-03-17,8.2785,,6.2,,99.8,
2000-03-20,8.2786,,6.18,,99.8,
2000-03-21,8.2783,,6.13,,99.8,
2000-03-22,8.2783,,6.13,,99.8,
2000-03-23,8.2787,,6.08,,99.8,
2000-03-24,8.2789,,6.2,,99.8,
2000-03-27,8.2792,,6.21,,99.8,
2000-03-28,8.2795,,6.17,,99.8,
2000-03-29,8.2789,,6.18,,99.8,
2000-03-30,8.2788,,6.06,,99.8,
2000-03-31,8.2787,,6.03,,99.8,
2000-04-01,,,,170.9,99.7,
2000-04-03,8.2786,,6.0,,99.7,
2000-04-04,8.2791,,5.9,,99.7,
2000-04-05,8.2795,,5.9,,99.7,
2000-04-06,8.2795,,5.93,,99.7,
2000-04-07,8.2795,,5.86,,99.7,
2000-04-10,8.2798,,5.8,,99.7,
2000-04-11,8.2791,,5.89,,99.7,
2000-04-12,8.2796,,5.97,,99.7,
2000-04-13,8.2794,,5.94,,99.7,
2000-04-14,8.2794,,5.85,,99.7,
2000-04-17,8.2794,,6.01,,99.7,
2000-04-18,8.279,,6.05,,99.7,
2000-04-19,8.2793,,5.99,,99.7,
2000-04-20,8.2791,,5.99,,99.7,
2000-04-21,8.2785,,,,99.7,
2000-04-24,8.2786,,6.0,,99.7,
2000-04-25,8.2791,,6.14,,99.7,
2000-04-26,8.2795,,6.14,,99.7,
2000-04-27,8.2798,,6.23,,99.7,
2000-04-28,8.2799,,6.23,,99.7,
2000-05-01,8.2799,,6.29,171.2,100.1,
2000-05-02,8.2799,,6.32,,100.1,
2000-05-03,8.2799,,6.4,,100.1,
2000-05-04,8.2799,,6.46,,100.1,
2000-05-05,8.2799,,6.51,,100.1,
2000-05-08,8.2798,,6.57,,100.1,
2000-05-09,8.279,,6.53,,100.1,
2000-05-10,8.2785,,6.47,,100.1,
2000-05-11,8.2782,,6.43,,100.1,
2000-05-12,8.2778,,6.51,,100.1,
2000-05-15,8.2777,,6.47,,100.1,
2000-05-16,8.2772,,6.43,,100.1,
2000-05-17,8.2768,,6.48,,100.1,
2000-05-18,8.2773,,6.56,,100.1,
2000-05-19,8.2768,,6.51,,100.1,
2000-05-22,8.277,,6.44,,100.1,
2000-05-23,8.2768,,6.45,,100.1,
2000-05-24,8.2769,,6.47,,100.1,
2000-05-25,8.2773,,6.39,,100.1,
2000-05-26,8.2771,,6.33,,100.1,
2000-05-29,,,,,100.1,
2000-05-30,8.2772,,6.38,,100.1,
2000-05-31,8.2773,,6.29,,100.1,
2000-06-01,8.2771,,6.2,172.2,100.5,
2000-06-02,8.2771,,6.15,,100.5,
2000-06-05,8.277,,6.12,,100.5,
2000-06-06,8.2773,,6.14,,100.5,
2000-06-07,8.2773,,6.13,,100.5,
2000-06-08,8.2775,,6.13,,100.5,
2000-06-09,8.2772,,6.13,,100.5,
2000-06-12,8.2771,,6.09,,100.5,
2000-06-13,8.277,,6.11,,100.5,
2000-06-14,8.2768,,6.06,,100.5,
2000-06-15,8.2768,,6.05,,100.5,
2000-06-16,8.2768,,5.99,,100.5,
2000-06-19,8.2768,,6.0,,100.5,
2000-06-20,8.2772,,6.03,,100.5,
2000-06-21,8.2772,,6.11,,100.5,
2000-06-22,8.2771,,6.12,,100.5,
2000-06-23,8.2769,,6.19,,100.5,
2000-06-26,8.2773,,6.11,,100.5,
2000-06-27,8.2774,,6.1,,100.5,
2000-06-28,8.2775,,6.11,,100.5,
2000-06-29,8.278,,6.04,,100.5,
2000-06-30,8.2782,,6.03,,100.5,
2000-07-01,,,,172.7,100.5,
2000-07-03,8.2786,,6.0,,100.5,
2000-07-04,,,,,100.5,
2000-07-05,8.2787,,5.99,,100.5,
2000-07-06,8.2791,,6.05,,100.5,
2000-07-07,8.2793,,6.01,,100.5,
2000-07-10,8.2795,,6.04,,100.5,
2000-07-11,8.2794,,6.06,,100.5,
2000-07-12,8.2795,,6.09,,100.5,
2000-07-13,8.2791,,6.01,,100.5,
2000-07-14,8.2796,,6.1,,100.5,
2000-07-17,8.2791,,6.17,,100.5,
2000-07-18,8.2796,,6.16,,100.5,
2000-07-19,8.2796,,6.16,,100.5,
2000-07-20,8.2796,,6.01,,100.5,
2000-07-21,8.2795,,6.01,,100.5,
2000-07-24,8.2798,,6.04,,100.5,
2000-07-25,8.2797,,6.04,,100.5,
2000-07-26,8.2796,,6.04,,100.5,
2000-07-27,8.2793,,6.02,,100.5,
2000-07-28,8.2794,,6.04,,100.5,
2000-07-31,8.2792,,6.04,,100.5,
2000-08-01,8.2788,,6.0,172.7,100.3,
2000-08-02,8.2791,,5.98,,100.3,
2000-08-03,8.2796,,5.95,,100.3,
2000-08-04,8.2798,,5.91,,100.3,
2000-08-07,8.2799,,5.97,,100.3,
2000-08-08,8.2799,,5.93,,100.3,
2000-08-09,8.2798,,5.81,,100.3,
2000-08-10,8.2799,,5.76,,100.3,
2000-08-11,8.2796,,5.79,,100.3,
2000-08-14,8.2795,,5.78,,100.3,
2000-08-15,8.2788,,5.81,,100.3,
2000-08-16,8.2797,,5.83,,100.3,
2000-08-17,8.2799,,5.81,,100.3,
2000-08-18,8.2797,,5.78,,100.3,
2000-08-21,8.2799,,5.79,,100.3,
2000-08-22,8.2799,,5.78,,100.3,
2000-08-23,8.2793,,5.73,,100.3,
2000-08-24,8.2799,,5.73,,100.3,
2000-08-25,8.2799,,5.73,,100.3,
2000-08-28,8.2799,,5.78,,100.3,
2000-08-29,8.2799,,5.81,,100.3,
2000-08-30,8.2788,,5.81,,100.3,
2000-08-31,8.2786,,5.73,,100.3,
2000-09-01,8.2787,,5.68,173.6,100.0,
2000-09-04,,,,,100.0,
2000-09-05,8.279,,5.69,,100.0,
2000-09-06,8.2794,,5.72,,100.0,
2000-09-07,8.279,,5.76,,100.0,
2000-09-08,8.2794,,5.73,,100.0,
2000-09-11,8.2786,,5.77,,100.0,
2000-09-12,8.2787,,5.78,,100.0,
2000-09-13,8.277,,5.74,,100.0,
2000-09-14,8.2773,,5.79,,100.0,
2000-09-15,8.2771,,5.84,,100.0,
2000-09-18,8.2772,,5.88,,100.0,
2000-09-19,8.2779,,5.86,,100.0,
2000-09-20,8.2775,,5.91,,100.0,
2000-09-21,8.2778,,5.88,,100.0,
2000-09-22,8.2787,,5.85,,100.0,
2000-09-25,8.2793,,5.84,,100.0,
2000-09-26,8.2791,,5.81,,100.0,
2000-09-27,8.2795,,5.83,,100.0,
2000-09-28,8.2799,,5.82,,100.0,
2000-09-29,8.2798,,5.8,,100.0,
2000-10-01,,,,173.9,100.0,
2000-10-02,8.279,,5.83,,100.0,
2000-10-03,8.279,,5.87,,100.0,
2000-10-04,8.279,,5.9,,100.0,
2000-10-05,8.279,,5.87,,100.0,
2000-10-06,8.279,,5.82,,100.0,
2000-10-09,,,,,100.0,
2000-10-10,8.2789,,5.8,,100.0,
2000-10-11,8.2786,,5.77,,100.0,
2000-10-12,8.2786,,5.73,,100.0,
2000-10-13,8.2784,,5.73,,100.0,
2000-10-16,8.2781,,5.74,,100.0,
2000-10-17,8.2784,,5.68,,100.0,
2000-10-18,8.2781,,5.66,,100.0,
2000-10-19,8.278,,5.66,,100.0,
2000-10-20,8.2778,,5.64,,100.0,
2000-10-23,8.2784,,5.59,,100.0,
2000-10-24,8.2784,,5.63,,100.0,
2000-10-25,8.2782,,5.67,,100.0,
2000-10-26,8.2785,,5.69,,100.0,
2000-10-27,8.2788,,5.72,,100.0,
2000-10-30,8.278,,5.74,,100.0,
2000-10-31,8.2775,,5.77,,100.0,
2000-11-01,8.2773,,5.74,174.2,101.3,
2000-11-02,8.277,,5.74,,101.3,
2000-11-03,8.2768,,5.83,,101.3,
2000-11-06,8.2771,,5.87,,101.3,
2000-11-07,8.2769,,5.87,,101.3,
2000-11-08,8.2772,,5.87,,101.3,
2000-11-09,8.2768,,5.82,,101.3,
2000-11-10,8.2772,,5.82,,101.3,
2000-11-13,8.2768,,5.77,,101.3,
2000-11-14,8.2773,,5.76,,101.3,
2000-11-15,8.2768,,5.72,,101.3,
2000-11-16,8.2773,,5.68,,101.3,
2000-11-17,8.2769,,5.71,,101.3,
2000-11-20,8.2779,,5.68,,101.3,
2000-11-21,8.2786,,5.67,,101.3,
2000-11-22,8.2782,,5.62,,101.3,
2000-11-23,,,,,101.3,
2000-11-24,8.2779,,5.63,,101.3,
2000-11-27,8.278,,5.64,,101.3,
2000-11-28,8.2777,,5.59,,101.3,
2000-11-29,8.2774,,5.55,,101.3,
2000-11-30,8.2777,,5.48,,101.3,
2000-12-01,8.2775,,5.52,174.6,101.5,
2000-12-04,8.2771,,5.53,,101.5,
2000-12-05,8.277,,5.43,,101.5,
2000-12-06,8.277,,5.32,,101.5,
2000-12-07,8.277,,5.32,,101.5,
2000-12-08,8.2769,,5.35,,101.5,
2000-12-11,8.2773,,5.37,,101.5,
2000-12-12,8.2771,,5.36,,101.5,
2000-12-13,8.277,,5.29,,101.5,
2000-12-14,8.2768,,5.23,,101.5,
2000-12-15,8.2768,,5.2,,101.5,
2000-12-18,8.2774,,5.17,,101.5,
2000-12-19,8.2772,,5.19,,101.5,
2000-12-20,8.2769,,5.08,,101.5,
2000-12-21,8.2768,,5.03,,101.5,
2000-12-22,8.2777,,5.02,,101.5,
2000-12-25,,,,,101.5,
2000-12-26,8.2769,,5.04,,101.5,
2000-12-27,8.277,,5.11,,101.5,
2000-12-28,8.2781,,5.13,,101.5,
2000-12-29,8.2774,,5.12,,101.5,
2001-01-01,,,,175.6,101.2,
2001-01-02,8.2779,,4.92,,101.2,
2001-01-03,8.2773,,5.14,,101.2,
2001-01-04,8.2781,,5.03,,101.2,
2001-01-05,8.2775,,4.93,,101.2,
2001-01-08,8.2778,,4.94,,101.2,
2001-01-09,8.2771,,4.98,,101.2,
2001-01-10,8.2769,,5.1,,101.2,
2001-01-11,8.2767,,5.14,,101.2,
2001-01-12,8.2768,,5.25,,101.2,
2001-01-15,,,,,101.2,
2001-01-16,8.2766,,5.24,,101.2,
2001-01-17,8.2764,,5.19,,101.2,
2001-01-18,8.2764,,5.12,,101.2,
2001-01-19,8.2764,,5.19,,101.2,
2001-01-22,8.2782,,5.25,,101.2,
2001-01-23,8.2786,,5.3,,101.2,
2001-01-24,8.2786,,5.33,,101.2,
2001-01-25,8.2786,,5.29,,101.2,
2001-01-26,8.2786,,5.29,,101.2,
2001-01-29,8.2786,,5.32,,101.2,
2001-01-30,8.2786,,5.24,,101.2,
2001-01-31,8.2781,,5.19,,101.2,
2001-02-01,8.2772,,5.1,176.0,100.0,
2001-02-02,8.2774,,5.17,,100.0,
2001-02-05,8.277,,5.18,,100.0,
2001-02-06,8.2766,,5.22,,100.0,
2001-02-07,8.2765,,5.1,,100.0,
2001-02-08,8.2763,,5.1,,100.0,
2001-02-09,8.2764,,5.03,,100.0,
2001-02-12,8.2774,,5.05,,100.0,
2001-02-13,8.2765,,5.07,,100.0,
2001-02-14,8.2764,,5.13,,100.0,
2001-02-15,8.2772,,5.19,,100.0,
2001-02-16,8.277,,5.11,,100.0,
2001-02-19,,,,,100.0,
2001-02-20,8.2767,,5.11,,100.0,
2001-02-21,8.2772,,5.14,,100.0,
2001-02-22,8.2769,,5.15,,100.0,
2001-02-23,8.2774,,5.1,,100.0,
2001-02-26,8.2776,,5.05,,100.0,
2001-02-27,8.2781,,4.96,,100.0,
2001-02-28,8.2783,,4.92,,100.0,
2001-03-01,8.2778,,4.87,176.1,100.8,
2001-03-02,8.2782,,4.95,,100.8,
2001-03-05,8.2777,,4.98,,100.8,
2001-03-06,8.2778,,4.99,,100.8,
2001-03-07,8.2773,,4.92,,100.8,
2001-03-08,8.277,,4.89,,100.8,
2001-03-09,8.2774,,4.95,,100.8,
2001-03-12,8.2784,,4.92,,100.8,
2001-03-13,8.2783,,4.95,,100.8,
2001-03-14,8.2778,,4.84,,100.8,
2001-03-15,8.2776,,4.81,,100.8,
2001-03-16,8.2771,,4.78,,100.8,
2001-03-19,8.2772,,4.82,,100.8,
2001-03-20,8.2772,,4.78,,100.8,
2001-03-21,8.2771,,4.77,,100.8,
2001-03-22,8.2768,,4.73,,100.8,
2001-03-23,8.2773,,4.8,,100.8,
2001-03-26,8.2771,,4.85,,100.8,
2001-03-27,8.2773,,5.0,,100.8,
2001-03-28,8.2777,,4.97,,100.8,
2001-03-29,8.2779,,4.98,,100.8,
2001-03-30,8.2777,,4.93,,100.8,
2001-04-01,,,,176.4,101.6,
2001-04-02,8.2776,,4.98,,101.6,
2001-04-03,8.2772,,4.94,,101.6,
2001-04-04,8.2771,,4.94,,101.6,
2001-04-05,8.2768,,4.98,,101.6,
2001-04-06,8.2767,,4.89,,101.6,
2001-04-09,8.277,,4.93,,101.6,
2001-04-10,8.2769,,5.09,,101.6,
2001-04-11,8.2769,,5.12,,101.6,
2001-04-12,8.2772,,5.17,,101.6,
2001-04-13,8.2769,,,,101.6,
2001-04-16,8.2769,,5.28,,101.6,
2001-04-17,8.2775,,5.21,,101.6,
2001-04-18,8.2775,,5.14,,101.6,
2001-04-19,8.2773,,5.27,,101.6,
2001-04-20,8.2775,,5.29,,101.6,
2001-04-23,8.277,,5.2,,101.6,
2001-04-24,8.2769,,5.22,,101.6,
2001-04-25,8.2767,,5.28,,101.6,
2001-04-26,8.2769,,5.2,,101.6,
2001-04-27,8.2773,,5.34,,101.6,
2001-04-30,8.2774,,5.35,,101.6,
2001-05-01,8.2774,,5.3,177.3,101.7,
2001-05-02,8.2774,,5.31,,101.7,
2001-05-03,8.2774,,5.22,,101.7,
2001-05-04,8.2774,,5.21,,101.7,
2001-05-07,8.2774,,5.21,,101.7,
2001-05-08,8.2785,,5.24,,101.7,
2001-05-09,8.2775,,5.2,,101.7,
2001-05-10,8.2771,,5.31,,101.7,
2001-05-11,8.2771,,5.51,,101.7,
2001-05-14,8.2771,,5.46,,101.7,
2001-05-15,8.2709,,5.5,,101.7,
2001-05-16,8.2769,,5.48,,101.7,
2001-05-17,8.2767,,5.46,,101.7,
2001-05-18,8.2768,,5.41,,101.7,
2001-05-21,8.2778,,5.41,,101.7,
2001-05-22,8.2774,,5.42,,101.7,
2001-05-23,8.2771,,5.41,,101.7,
2001-05-24,8.277,,5.52,,101.7,
2001-05-25,8.2771,,5.52,,101.7,
2001-05-28,,,,,101.7,
2001-05-29,8.2768,,5.54,,101.7,
2001-05-30,8.2777,,5.54,,101.7,
2001-05-31,8.277,,5.43,,101.7,
2001-06-01,8.2777,,5.39,177.7,101.4,
2001-06-04,8.277,,5.35,,101.4,
2001-06-05,8.2769,,5.29,,101.4,
2001-06-06,8.2772,,5.27,,101.4,
2001-06-07,8.2767,,5.33,,101.4,
2001-06-08,8.2767,,5.38,,101.4,
2001-06-11,8.2767,,5.32,,101.4,
2001-06-12,8.2771,,5.27,,101.4,
2001-06-13,8.2779,,5.28,,101.4,
2001-06-14,8.2773,,5.26,,101.4,
2001-06-15,8.277,,5.27,,101.4,
2001-06-18,8.277,,5.27,,101.4,
2001-06-19,8.2779,,5.26,,101.4,
2001-06-20,8.277,,5.24,,101.4,
2001-06-21,8.2769,,5.22,,101.4,
2001-06-22,8.2767,,5.14,,101.4,
2001-06-25,8.2768,,5.16,,101.4,
2001-06-26,8.2768,,5.24,,101.4,
2001-06-27,8.2768,,5.26,,101.4,
2001-06-28,8.277,,5.35,,101.4,
2001-06-29,8.2767,,5.42,,101.4,
2001-07-01,,,,177.4,101.5,
2001-07-02,8.277,,5.37,,101.5,
2001-07-03,8.2767,,5.41,,101.5,
2001-07-04,,,,,101.5,
2001-07-05,8.2767,,5.44,,101.5,
2001-07-06,8.2768,,5.41,,101.5,
2001-07-09,8.2767,,5.37,,101.5,
2001-07-10,8.277,,5.32,,101.5,
2001-07-11,8.2769,,5.31,,101.5,
2001-07-12,8.2769,,5.27,,101.5,
2001-07-13,8.2767,,5.27,,101.5,
2001-07-16,8.2767,,5.21,,101.5,
2001-07-17,8.2769,,5.22,,101.5,
2001-07-18,8.277,,5.12,,101.5,
2001-07-19,8.2768,,5.13,,101.5,
2001-07-20,8.2768,,5.15,,101.5,
2001-07-23,8.277,,5.13,,101.5,
2001-07-24,8.2773,,5.13,,101.5,
2001-07-25,8.277,,5.2,,101.5,
2001-07-26,8.2771,,5.19,,101.5,
2001-07-27,8.277,,5.13,,101.5,
2001-07-30,8.2767,,5.11,,101.5,
2001-07-31,8.277,,5.07,,101.5,
2001-08-01,8.2769,,5.11,177.4,101.0,
2001-08-02,8.2768,,5.17,,101.0,
2001-08-03,8.2768,,5.2,,101.0,
2001-08-06,8.277,,5.19,,101.0,
2001-08-07,8.2772,,5.2,,101.0,
2001-08-08,8.2773,,4.99,,101.0,
2001-08-09,8.2773,,5.04,,101.0,
2001-08-10,8.2768,,4.99,,101.0,
2001-08-13,8.2771,,4.97,,101.0,
2001-08-14,8.2773,,4.97,,101.0,
2001-08-15,8.2771,,5.0,,101.0,
2001-08-16,8.277,,4.95,,101.0,
2001-08-17,8.2768,,4.84,,101.0,
2001-08-20,8.2768,,4.91,,101.0,
2001-08-21,8.2768,,4.87,,101.0,
2001-08-22,8.2769,,4.91,,101.0,
2001-08-23,8.2768,,4.89,,101.0,
2001-08-24,8.2773,,4.93,,101.0,
2001-08-27,8.277,,4.94,,101.0,
2001-08-28,8.2768,,4.85,,101.0,
2001-08-29,8.2769,,4.78,,101.0,
2001-08-30,8.2767,,4.79,,101.0,
2001-08-31,8.2769,,4.85,,101.0,
2001-09-01,,,,178.1,99.9,
2001-09-03,,,,,99.9,
2001-09-04,8.2768,,4.99,,99.9,
2001-09-05,8.277,,4.97,,99.9,
2001-09-06,8.2768,,4.86,,99.9,
2001-09-07,8.2767,,4.8,,99.9,
2001-09-10,8.2767,,4.84,,99.9,
2001-09-11,,,,,99.9,
2001-09-12,8.2769,,,,99.9,
2001-09-13,8.2768,,4.64,,99.9,
2001-09-14,8.2766,,4.57,,99.9,
2001-09-17,8.2767,,4.63,,99.9,
2001-09-18,8.2768,,4.72,,99.9,
2001-09-19,8.2766,,4.69,,99.9,
2001-09-20,8.2766,,4.75,,99.9,
2001-09-21,8.2767,,4.7,,99.9,
2001-09-24,8.277,,4.73,,99.9,
2001-09-25,8.2772,,4.72,,99.9,
2001-09-26,8.2769,,4.65,,99.9,
2001-09-27,8.2769,,4.58,,99.9,
2001-09-28,8.2768,,4.6,,99.9,
2001-10-01,8.2768,,4.55,177.6,100.2,
2001-10-02,8.2768,,4.53,,100.2,
2001-10-03,8.2768,,4.5,,100.2,
2001-10-04,8.2768,,4.53,,100.2,
2001-10-05,8.2768,,4.52,,100.2,
2001-10-08,,,,,100.2,
2001-10-09,8.2769,,4.62,,100.2,
2001-10-10,8.2768,,4.61,,100.2,
2001-10-11,8.2766,,4.69,,100.2,
2001-10-12,8.2765,,4.68,,100.2,
2001-10-15,8.2766,,4.62,,100.2,
2001-10-16,8.2767,,4.59,,100.2,
2001-10-17,8.2769,,4.59,,100.2,
2001-10-18,8.277,,4.58,,100.2,
2001-10-19,8.2768,,4.63,,100.2,
2001-10-22,8.277,,4.63,,100.2,
2001-10-23,8.2768,,4.66,,100.2,
2001-10-24,8.2767,,4.61,,100.2,
2001-10-25,8.2769,,4.56,,100.2,
2001-10-26,8.277,,4.53,,100.2,
2001-10-29,8.277,,4.5,,100.2,
2001-10-30,8.2768,,4.44,,100.2,
2001-10-31,8.2768,,4.3,,100.2,
2001-11-01,8.2769,,4.24,177.5,99.7,
2001-11-02,8.2769,,4.37,,99.7,
2001-11-05,8.2768,,4.31,,99.7,
2001-11-06,8.2767,,4.3,,99.7,
2001-11-07,8.2766,,4.22,,99.7,
2001-11-08,8.2766,,4.32,,99.7,
2001-11-09,8.2766,,4.34,,99.7,
2001-11-12,,,,,99.7,
2001-11-13,8.2765,,4.41,,99.7,
2001-11-14,8.2767,,4.54,,99.7,
2001-11-15,8.277,,4.79,,99.7,
2001-11-16,8.2771,,4.91,,99.7,
2001-11-19,8.277,,4.8,,99.7,
2001-11-20,8.2769,,4.88,,99.7,
2001-11-21,8.2769,,4.98,,99.7,
2001-11-22,,,,,99.7,
2001-11-23,8.2769,,5.04,,99.7,
2001-11-26,8.277,,5.05,,99.7,
2001-11-27,8.277,,4.98,,99.7,
2001-11-28,8.2772,,4.98,,99.7,
2001-11-29,8.2774,,4.79,,99.7,
2001-11-30,8.2772,,4.78,,99.7,
2001-12-01,,,,177.4,99.7,
2001-12-03,8.277,,4.75,,99.7,
2001-12-04,8.2771,,4.7,,99.7,
2001-12-05,8.2772,,4.92,,99.7,
2001-12-06,8.2773,,5.04,,99.7,
2001-12-07,8.2772,,5.2,,99.7,
2001-12-10,8.277,,5.17,,99.7,
2001-12-11,8.2768,,5.13,,99.7,
2001-12-12,8.2768,,5.02,,99.7,
2001-12-13,8.2767,,5.13,,99.7,
2001-12-14,8.2768,,5.24,,99.7,
2001-12-17,8.2769,,5.26,,99.7,
2001-12-18,8.2768,,5.16,,99.7,
2001-12-19,8.2767,,5.08,,99.7,
2001-12-20,8.2766,,5.08,,99.7,
2001-12-21,8.2767,,5.12,,99.7,
2001-12-24,8.2766,,5.18,,99.7,
2001-12-25,,,,,99.7,
2001-12-26,8.2766,,5.22,,99.7,
2001-12-27,8.2676,,5.13,,99.7,
2001-12-28,8.277,,5.15,,99.7,
2001-12-31,8.2766,,5.07,,99.7,
2002-01-01,,,,177.7,99.0,
2002-01-02,8.2766,,5.2,,99.0,
2002-01-03,8.2766,,5.16,,99.0,
2002-01-04,8.2768,,5.18,,99.0,
2002-01-07,8.2767,,5.09,,99.0,
2002-01-08,8.2766,,5.1,,99.0,
2002-01-09,8.2767,,5.1,,99.0,
2002-01-10,8.2766,,5.0,,99.0,
2002-01-11,8.2768,,4.92,,99.0,
2002-01-14,8.28,,4.91,,99.0,
2002-01-15,8.28,,4.88,,99.0,
2002-01-16,8.28,,4.88,,99.0,
2002-01-17,8.2768,,4.98,,99.0,
2002-01-18,8.2767,,4.94,,99.0,
2002-01-21,,,,,99.0,
2002-01-22,8.2767,,4.96,,99.0,
2002-01-23,8.2765,,5.05,,99.0,
2002-01-24,8.2767,,5.07,,99.0,
2002-01-25,8.2765,,5.1,,99.0,
2002-01-28,8.2767,,5.12,,99.0,
2002-01-29,8.2766,,5.02,,99.0,
2002-01-30,8.2765,,5.02,,99.0,
2002-01-31,8.2765,,5.07,,99.0,
2002-02-01,8.2766,,5.02,178.0,100.0,
2002-02-04,8.2766,,4.94,,100.0,
2002-02-05,8.2765,,4.92,,100.0,
2002-02-06,8.2767,,4.92,,100.0,
2002-02-07,8.2766,,4.93,,100.0,
2002-02-08,8.2767,,4.9,,100.0,
2002-02-11,8.2768,,4.91,,100.0,
2002-02-12,8.2768,,4.97,,100.0,
2002-02-13,8.2768,,5.01,,100.0,
2002-02-14,8.2768,,4.95,,100.0,
2002-02-15,8.2768,,4.86,,100.0,
2002-02-18,,,,,100.0,
2002-02-19,8.277,,4.88,,100.0,
2002-02-20,8.2768,,4.88,,100.0,
2002-02-21,8.2766,,4.88,,100.0,
2002-02-22,8.2765,,4.84,,100.0,
2002-02-25,8.2765,,4.86,,100.0,
2002-02-26,8.2767,,4.93,,100.0,
2002-02-27,8.2765,,4.84,,100.0,
2002-02-28,8.2765,,4.88,,100.0,
2002-03-01,8.2766,,4.98,178.5,99.2,
2002-03-04,8.2767,,5.02,,99.2,
2002-03-05,8.277,,5.02,,99.2,
2002-03-06,8.2766,,5.06,,99.2,
2002-03-07,8.2771,,5.22,,99.2,
2002-03-08,8.2771,,5.33,,99.2,
2002-03-11,8.2769,,5.33,,99.2,
2002-03-12,8.2767,,5.32,,99.2,
2002-03-13,8.28,,5.28,,99.2,
2002-03-14,8.2774,,5.4,,99.2,
2002-03-15,8.278,,5.35,,99.2,
2002-03-18,8.2773,,5.32,,99.2,
2002-03-19,8.2775,,5.33,,99.2,
2002-03-20,8.2774,,5.4,,99.2,
2002-03-21,8.2772,,5.39,,99.2,
2002-03-22,8.277,,5.4,,99.2,
2002-03-25,8.2769,,5.41,,99.2,
2002-03-26,8.2771,,5.35,,99.2,
2002-03-27,8.2772,,5.35,,99.2,
2002-03-28,8.2774,,5.42,,99.2,
2002-03-29,8.2774,,,,99.2,
2002-04-01,8.278,,5.44,179.3,98.7,
2002-04-02,8.2772,,5.36,,98.7,
2002-04-03,8.2773,,5.3,,98.7,
2002-04-04,8.2771,,5.28,,98.7,
2002-04-05,8.277,,5.22,,98.7,
2002-04-08,8.277,,5.25,,98.7,
2002-04-09,8.2769,,5.22,,98.7,
2002-04-10,8.2771,,5.24,,98.7,
2002-04-11,8.2772,,5.22,,98.7,
2002-04-12,8.2772,,5.18,,98.7,
2002-04-15,8.2771,,5.15,,98.7,
2002-04-16,8.2772,,5.2,,98.7,
2002-04-17,8.2772,,5.24,,98.7,
2002-04-18,8.2772,,5.23,,98.7,
2002-04-19,8.2775,,5.21,,98.7,
2002-04-22,8.2772,,5.19,,98.7,
2002-04-23,8.2773,,5.18,,98.7,
2002-04-24,8.2774,,5.11,,98.7,
2002-04-25,8.2774,,5.1,,98.7,
2002-04-26,8.2773,,5.08,,98.7,
2002-04-29,8.277,,5.13,,98.7,
2002-04-30,8.2773,,5.11,,98.7,
2002-05-01,8.2773,,5.08,179.5,98.9,
2002-05-02,8.2773,,5.13,,98.9,
2002-05-03,8.2773,,5.08,,98.9,
2002-05-06,8.2774,,5.1,,98.9,
2002-05-07,8.2774,,5.09,,98.9,
2002-05-08,8.2775,,5.24,,98.9,
2002-05-09,8.2772,,5.2,,98.9,
2002-05-10,8.2771,,5.15,,98.9,
2002-05-13,8.2769,,5.23,,98.9,
2002-05-14,8.277,,5.32,,98.9,
2002-05-15,8.2769,,5.28,,98.9,
2002-05-16,8.2768,,5.2,,98.9,
2002-05-17,8.2769,,5.27,,98.9,
2002-05-20,8.2769,,5.21,,98.9,
2002-05-21,8.2769,,5.18,,98.9,
2002-05-22,8.277,,5.13,,98.9,
2002-05-23,8.277,,5.16,,98.9,
2002-05-24,8.2771,,5.16,,98.9,
2002-05-27,,,,,98.9,
2002-05-28,8.2766,,5.16,,98.9,
2002-05-29,8.2766,,5.11,,98.9,
2002-05-30,8.2766,,5.06,,98.9,
2002-05-31,8.2765,,5.08,,98.9,
2002-06-01,,,,179.6,99.2,
2002-06-03,8.2767,,5.06,,99.2,
2002-06-04,8.2768,,5.04,,99.2,
2002-06-05,8.2769,,5.08,,99.2,
2002-06-06,8.277,,5.04,,99.2,
2002-06-07,8.277,,5.1,,99.2,
2002-06-10,8.277,,5.07,,99.2,
2002-06-11,8.2768,,5.02,,99.2,
2002-06-12,8.2769,,4.98,,99.2,
2002-06-13,8.2769,,4.94,,99.2,
2002-06-14,8.27,,4.83,,99.2,
2002-06-17,8.2773,,4.89,,99.2,
2002-06-18,8.2775,,4.88,,99.2,
2002-06-19,8.2774,,4.76,,99.2,
2002-06-20,8.2772,,4.85,,99.2,
2002-06-21,8.2771,,4.79,,99.2,
2002-06-24,8.277,,4.87,,99.2,
2002-06-25,8.2771,,4.88,,99.2,
2002-06-26,8.2772,,4.75,,99.2,
2002-06-27,8.2771,,4.84,,99.2,
2002-06-28,8.2771,,4.86,,99.2,
2002-07-01,8.277,,4.85,180.0,99.1,
2002-07-02,8.2769,,4.77,,99.1,
2002-07-03,8.2768,,4.78,,99.1,
2002-07-04,,,,,99.1,
2002-07-05,8.2766,,4.9,,99.1,
2002-07-08,8.2767,,4.84,,99.1,
2002-07-09,8.2766,,4.78,,99.1,
2002-07-10,8.2767,,4.66,,99.1,
2002-07-11,8.2768,,4.66,,99.1,
2002-07-12,8.2767,,4.63,,99.1,
2002-07-15,8.2768,,4.66,,99.1,
2002-07-16,8.2769,,4.75,,99.1,
2002-07-17,8.2769,,4.71,,99.1,
2002-07-18,8.2768,,4.66,,99.1,
2002-07-19,8.2769,,4.61,,99.1,
2002-07-22,8.277,,4.51,,99.1,
2002-07-23,8.2771,,4.47,,99.1,
2002-07-24,8.2769,,4.49,,99.1,
2002-07-25,8.277,,4.43,,99.1,
2002-07-26,8.2768,,4.43,,99.1,
2002-07-29,8.2767,,4.62,,99.1,
2002-07-30,8.2766,,4.65,,99.1,
2002-07-31,8.2767,,4.51,,99.1,
2002-08-01,8.2766,,4.47,180.5,99.3,
2002-08-02,8.2768,,4.33,,99.3,
2002-08-05,8.2767,,4.29,,99.3,
2002-08-06,8.2768,,4.42,,99.3,
2002-08-07,8.2769,,4.35,,99.3,
2002-08-08,8.2767,,4.4,,99.3,
2002-08-09,8.2766,,4.27,,99.3,
2002-08-12,8.2768,,4.22,,99.3,
2002-08-13,8.2767,,4.12,,99.3,
2002-08-14,8.2766,,4.06,,99.3,
2002-08-15,8.2768,,4.17,,99.3,
2002-08-16,8.2768,,4.32,,99.3,
2002-08-19,8.2767,,4.29,,99.3,
2002-08-20,8.2768,,4.17,,99.3,
2002-08-21,8.2766,,4.2,,99.3,
2002-08-22,8.2766,,4.3,,99.3,
2002-08-23,8.2767,,4.25,,99.3,
2002-08-26,8.2766,,4.22,,99.3,
2002-08-27,8.2767,,4.29,,99.3,
2002-08-28,8.2768,,4.22,,99.3,
2002-08-29,8.2767,,4.16,,99.3,
2002-08-30,8.2768,,4.14,,99.3,
2002-09-01,,,,180.8,99.3,
2002-09-02,,,,,99.3,
2002-09-03,8.277,,3.98,,99.3,
2002-09-04,8.2771,,3.96,,99.3,
2002-09-05,8.2772,,3.91,,99.3,
2002-09-06,8.277,,4.05,,99.3,
2002-09-09,8.277,,4.05,,99.3,
2002-09-10,8.277,,4.0,,99.3,
2002-09-11,8.277,,4.07,,99.3,
2002-09-12,8.2768,,3.98,,99.3,
2002-09-13,8.2768,,3.92,,99.3,
2002-09-16,8.2768,,3.9,,99.3,
2002-09-17,8.2769,,3.87,,99.3,
2002-09-18,8.277,,3.86,,99.3,
2002-09-19,8.277,,3.79,,99.3,
2002-09-20,8.2769,,3.79,,99.3,
2002-09-23,8.2771,,3.7,,99.3,
2002-09-24,8.2771,,3.69,,99.3,
2002-09-25,8.2769,,3.77,,99.3,
2002-09-26,8.2772,,3.79,,99.3,
2002-09-27,8.2773,,3.69,,99.3,
2002-09-30,8.2774,,3.63,,99.3,
2002-10-01,8.2774,,3.72,181.2,99.2,
2002-10-02,8.2774,,3.71,,99.2,
2002-10-03,8.2774,,3.7,,99.2,
2002-10-04,8.2774,,3.69,,99.2,
2002-10-07,8.2774,,3.64,,99.2,
2002-10-08,8.2774,,3.65,,99.2,
2002-10-09,8.2772,,3.61,,99.2,
2002-10-10,8.2771,,3.68,,99.2,
2002-10-11,8.277,,3.83,,99.2,
2002-10-14,,,,,99.2,
2002-10-15,8.2768,,4.07,,99.2,
2002-10-16,8.2768,,4.06,,99.2,
2002-10-17,8.2768,,4.16,,99.2,
2002-10-18,8.2768,,4.14,,99.2,
2002-10-21,8.2769,,4.24,,99.2,
2002-10-22,8.2771,,4.27,,99.2,
2002-10-23,8.277,,4.26,,99.2,
2002-10-24,8.2771,,4.16,,99.2,
2002-10-25,8.2773,,4.12,,99.2,
2002-10-28,8.2774,,4.1,,99.2,
2002-10-29,8.2773,,3.97,,99.2,
2002-10-30,8.2772,,3.99,,99.2,
2002-10-31,8.2771,,3.93,,99.2,
2002-11-01,8.2772,,4.01,181.5,99.3,
2002-11-04,8.2774,,4.07,,99.3,
2002-11-05,8.2771,,4.1,,99.3,
2002-11-06,8.2771,,4.09,,99.3,
2002-11-07,8.2771,,3.88,,99.3,
2002-11-08,8.2771,,3.85,,99.3,
2002-11-11,,,,,99.3,
2002-11-12,8.2771,,3.84,,99.3,
2002-11-13,8.2771,,3.84,,99.3,
2002-11-14,8.2771,,4.03,,99.3,
2002-11-15,8.2771,,4.05,,99.3,
2002-11-18,8.2771,,4.02,,99.3,
2002-11-19,8.2771,,3.99,,99.3,
2002-11-20,8.2771,,4.08,,99.3,
2002-11-21,8.2771,,4.14,,99.3,
2002-11-22,8.2774,,4.18,,99.3,
2002-11-25,8.2774,,4.19,,99.3,
2002-11-26,8.2771,,4.08,,99.3,
2002-11-27,8.2772,,4.26,,99.3,
2002-11-28,,,,,99.3,
2002-11-29,8.2773,,4.22,,99.3,
2002-12-01,,,,181.8,99.6,
2002-12-02,8.2773,,4.22,,99.6,
2002-12-03,8.2772,,4.24,,99.6,
2002-12-04,8.2773,,4.18,,99.6,
2002-12-05,8.2771,,4.13,,99.6,
2002-12-06,8.2773,,4.09,,99.6,
2002-12-09,8.2776,,4.06,,99.6,
2002-12-10,8.2771,,4.06,,99.6,
2002-12-11,8.2773,,4.01,,99.6,
2002-12-12,8.2773,,4.01,,99.6,
2002-12-13,8.2771,,4.07,,99.6,
2002-12-16,8.2773,,4.15,,99.6,
2002-12-17,8.2776,,4.13,,99.6,
2002-12-18,8.2774,,4.06,,99.6,
2002-12-19,8.28,,3.96,,99.6,
2002-12-20,8.28,,3.97,,99.6,
2002-12-23,8.2775,,3.98,,99.6,
2002-12-24,8.2776,,3.95,,99.6,
2002-12-25,,,,,99.6,
2002-12-26,8.2773,,3.93,,99.6,
2002-12-27,8.2773,,3.83,,99.6,
2002-12-30,8.2773,,3.82,,99.6,
2002-12-31,8.28,,3.83,,99.6,
2003-01-01,,,,182.6,100.4,
2003-01-02,8.28,,4.07,,100.4,
2003-01-03,8.2768,,4.05,,100.4,
2003-01-06,8.28,,4.09,,100.4,
2003-01-07,8.2767,,4.04,,100.4,
2003-01-08,8.2766,,4.0,,100.4,
2003-01-09,8.2766,,4.19,,100.4,
2003-01-10,8.2767,,4.16,,100.4,
2003-01-13,8.2768,,4.15,,100.4,
2003-01-14,8.28,,4.1,,100.4,
2003-01-15,8.277,,4.1,,100.4,
2003-01-16,8.2771,,4.1,,100.4,
2003-01-17,8.2771,,4.05,,100.4,
2003-01-20,,,,,100.4,
2003-01-21,8.2771,,4.01,,100.4,
2003-01-22,8.2771,,3.95,,100.4,
2003-01-23,8.2771,,3.98,,100.4,
2003-01-24,8.2768,,3.94,,100.4,
2003-01-27,8.2768,,3.98,,100.4,
2003-01-28,8.2767,,4.0,,100.4,
2003-01-29,8.2768,,4.06,,100.4,
2003-01-30,8.28,,4.0,,100.4,
2003-01-31,8.2768,,4.0,,100.4,
2003-02-01,,,,183.6,100.2,
2003-02-03,8.2768,,4.01,,100.2,
2003-02-04,8.28,,3.96,,100.2,
2003-02-05,8.28,,4.02,,100.2,
2003-02-06,8.28,,3.97,,100.2,
2003-02-07,8.28,,3.96,,100.2,
2003-02-10,8.2773,,3.99,,100.2,
2003-02-11,8.2775,,3.98,,100.2,
2003-02-12,8.2778,,3.93,,100.2,
2003-02-13,8.2773,,3.89,,100.2,
2003-02-14,8.2773,,3.95,,100.2,
2003-02-17,,,,,100.2,
2003-02-18,8.2772,,3.94,,100.2,
2003-02-19,8.2775,,3.88,,100.2,
2003-02-20,8.2776,,3.85,,100.2,
2003-02-21,8.2776,,3.9,,100.2,
2003-02-24,8.2777,,3.86,,100.2,
2003-02-25,8.2778,,3.81,,100.2,
2003-02-26,8.2774,,3.78,,100.2,
2003-02-27,8.2775,,3.76,,100.2,
2003-02-28,8.2775,,3.71,,100.2,
2003-03-01,,,,183.9,100.9,
2003-03-03,8.2775,,3.68,,100.9,
2003-03-04,8.2774,,3.65,,100.9,
2003-03-05,8.2775,,3.63,,100.9,
2003-03-06,8.2776,,3.67,,100.9,
2003-03-07,8.2774,,3.63,,100.9,
2003-03-10,8.2772,,3.59,,100.9,
2003-03-11,8.277,,3.6,,100.9,
2003-03-12,8.2771,,3.6,,100.9,
2003-03-13,8.2771,,3.74,,100.9,
2003-03-14,8.2772,,3.72,,100.9,
2003-03-17,8.2772,,3.82,,100.9,
2003-03-18,8.2772,,3.91,,100.9,
2003-03-19,8.2773,,3.98,,100.9,
2003-03-20,8.2773,,4.01,,100.9,
2003-03-21,8.2773,,4.11,,100.9,
2003-03-24,8.2774,,3.98,,100.9,
2003-03-25,8.2771,,3.97,,100.9,
2003-03-26,8.2775,,3.96,,100.9,
2003-03-27,8.2772,,3.95,,100.9,
2003-03-28,8.2771,,3.92,,100.9,
2003-03-31,8.2774,,3.83,,100.9,
2003-04-01,8.2773,,3.84,183.2,101.0,
2003-04-02,8.277,,3.94,,101.0,
2003-04-03,8.2771,,3.93,,101.0,
2003-04-04,8.2771,,3.96,,101.0,
2003-04-07,8.2772,,4.03,,101.0,
2003-04-08,8.2773,,3.95,,101.0,
2003-04-09,8.2774,,3.93,,101.0,
2003-04-10,8.2773,,3.95,,101.0,
2003-04-11,8.2772,,4.0,,101.0,
2003-04-14,8.2774,,4.04,,101.0,
2003-04-15,8.2773,,3.98,,101.0,
2003-04-16,8.2773,,3.96,,101.0,
2003-04-17,8.2771,,3.98,,101.0,
2003-04-18,8.277,,,,101.0,
2003-04-21,8.2769,,4.0,,101.0,
2003-04-22,8.277,,4.01,,101.0,
2003-04-23,8.2772,,4.02,,101.0,
2003-04-24,8.2772,,3.93,,101.0,
2003-04-25,8.277,,3.91,,101.0,
2003-04-28,8.277,,3.92,,101.0,
2003-04-29,8.277,,3.96,,101.0,
2003-04-30,8.2771,,3.89,,101.0,
2003-05-01,8.2771,,3.88,182.9,100.7,
2003-05-02,8.2771,,3.94,,100.7,
2003-05-05,8.2771,,3.92,,100.7,
2003-05-06,8.277,,3.84,,100.7,
2003-05-07,8.2769,,3.72,,100.7,
2003-05-08,8.2768,,3.7,,100.7,
2003-05-09,8.2768,,3.69,,100.7,
2003-05-12,8.277,,3.64,,100.7,
2003-05-13,8.277,,3.63,,100.7,
2003-05-14,8.2769,,3.53,,100.7,
2003-05-15,8.2768,,3.53,,100.7,
2003-05-16,8.277,,3.46,,100.7,
2003-05-19,8.2768,,3.46,,100.7,
2003-05-20,8.2768,,3.38,,100.7,
2003-05-21,8.2769,,3.39,,100.7,
2003-05-22,8.2768,,3.34,,100.7,
2003-05-23,8.2769,,3.34,,100.7,
2003-05-26,,,,,100.7,
2003-05-27,8.2768,,3.41,,100.7,
2003-05-28,8.277,,3.44,,100.7,
2003-05-29,8.277,,3.34,,100.7,
2003-05-30,8.2768,,3.37,,100.7,
2003-06-01,,,,183.1,100.3,
2003-06-02,8.2768,,3.43,,100.3,
2003-06-03,8.2769,,3.34,,100.3,
2003-06-04,8.277,,3.3,,100.3,
2003-06-05,8.277,,3.34,,100.3,
2003-06-06,8.277,,3.37,,100.3,
2003-06-09,8.2773,,3.29,,100.3,
2003-06-10,8.2768,,3.2,,100.3,
2003-06-11,8.277,,3.21,,100.3,
2003-06-12,8.2772,,3.18,,100.3,
2003-06-13,8.2768,,3.13,,100.3,
2003-06-16,8.2769,,3.18,,100.3,
2003-06-17,8.2768,,3.27,,100.3,
2003-06-18,8.2768,,3.37,,100.3,
2003-06-19,8.277,,3.35,,100.3,
2003-06-20,8.2772,,3.4,,100.3,
2003-06-23,8.2773,,3.32,,100.3,
2003-06-24,8.2774,,3.29,,100.3,
2003-06-25,8.2775,,3.38,,100.3,
2003-06-26,8.2775,,3.55,,100.3,
2003-06-27,8.2774,,3.58,,100.3,
2003-06-30,8.2776,,3.54,,100.3,
2003-07-01,8.2775,,3.56,183.7,100.5,
2003-07-02,8.2775,,3.56,,100.5,
2003-07-03,8.2776,,3.67,,100.5,
2003-07-04,,,,,100.5,
2003-07-07,8.2773,,3.74,,100.5,
2003-07-08,8.2774,,3.75,,100.5,
2003-07-09,8.2776,,3.73,,100.5,
2003-07-10,8.2774,,3.7,,100.5,
2003-07-11,8.2772,,3.66,,100.5,
2003-07-14,8.2771,,3.74,,100.5,
2003-07-15,8.2772,,3.94,,100.5,
2003-07-16,8.277,,3.97,,100.5,
2003-07-17,8.2771,,3.98,,100.5,
2003-07-18,8.277,,4.0,,100.5,
2003-07-21,8.2768,,4.19,,100.5,
2003-07-22,8.277,,4.17,,100.5,
2003-07-23,8.2771,,4.12,,100.5,
2003-07-24,8.2772,,4.2,,100.5,
2003-07-25,8.2776,,4.22,,100.5,
2003-07-28,8.2775,,4.31,,100.5,
2003-07-29,8.2776,,4.42,,100.5,
2003-07-30,8.2773,,4.34,,100.5,
2003-07-31,8.2774,,4.49,,100.5,
2003-08-01,8.2772,,4.44,184.5,100.9,
2003-08-04,8.2775,,4.35,,100.9,
2003-08-05,8.2775,,4.47,,100.9,
2003-08-06,8.2773,,4.32,,100.9,
2003-08-07,8.2774,,4.3,,100.9,
2003-08-08,8.2772,,4.27,,100.9,
2003-08-11,8.2773,,4.38,,100.9,
2003-08-12,8.277,,4.37,,100.9,
2003-08-13,8.2771,,4.58,,100.9,
2003-08-14,8.277,,4.55,,100.9,
2003-08-15,8.2768,,4.55,,100.9,
2003-08-18,8.2768,,4.49,,100.9,
2003-08-19,8.2767,,4.38,,100.9,
2003-08-20,8.2768,,4.45,,100.9,
2003-08-21,8.2766,,4.53,,100.9,
2003-08-22,8.2766,,4.48,,100.9,
2003-08-25,8.2768,,4.53,,100.9,
2003-08-26,8.2768,,4.5,,100.9,
2003-08-27,8.277,,4.54,,100.9,
2003-08-28,8.2772,,4.42,,100.9,
2003-08-29,8.2772,,4.45,,100.9,
2003-09-01,,,,185.1,101.1,
2003-09-02,8.2771,,4.61,,101.1,
2003-09-03,8.2768,,4.6,,101.1,
2003-09-04,8.277,,4.52,,101.1,
2003-09-05,8.277,,4.35,,101.1,
2003-09-08,8.277,,4.41,,101.1,
2003-09-09,8.277,,4.37,,101.1,
2003-09-10,8.277,,4.28,,101.1,
2003-09-11,8.2772,,4.35,,101.1,
2003-09-12,8.2772,,4.27,,101.1,
2003-09-15,8.2774,,4.28,,101.1,
2003-09-16,8.2774,,4.29,,101.1,
2003-09-17,8.2775,,4.2,,101.1,
2003-09-18,8.2775,,4.19,,101.1,
2003-09-19,8.2773,,4.17,,101.1,
2003-09-22,8.2773,,4.26,,101.1,
2003-09-23,8.2773,,4.24,,101.1,
2003-09-24,8.277,,4.16,,101.1,
2003-09-25,8.2771,,4.12,,101.1,
2003-09-26,8.2773,,4.04,,101.1,
2003-09-29,8.277,,4.09,,101.1,
2003-09-30,8.2771,,3.96,,101.1,
2003-10-01,8.2771,,3.96,184.9,101.8,
2003-10-02,8.2771,,4.03,,101.8,
2003-10-03,8.277,,4.21,,101.8,
2003-10-06,8.277,,4.17,,101.8,
2003-10-07,8.277,,4.27,,101.8,
2003-10-08,8.277,,4.27,,101.8,
2003-10-09,8.277,,4.32,,101.8,
2003-10-10,8.277,,4.29,,101.8,
2003-10-13,,,,,101.8,
2003-10-14,8.2767,,4.37,,101.8,
2003-10-15,8.2767,,4.43,,101.8,
2003-10-16,8.2776,,4.47,,101.8,
2003-10-17,8.2766,,4.41,,101.8,
2003-10-20,8.2766,,4.41,,101.8,
2003-10-21,8.2765,,4.38,,101.8,
2003-10-22,8.2766,,4.29,,101.8,
2003-10-23,8.2766,,4.34,,101.8,
2003-10-24,8.2768,,4.24,,101.8,
2003-10-27,8.2767,,4.3,,101.8,
2003-10-28,8.2766,,4.23,,101.8,
2003-10-29,8.2766,,4.31,,101.8,
2003-10-30,8.2767,,4.36,,101.8,
2003-10-31,8.2766,,4.33,,101.8,
2003-11-01,,,,185.0,103.0,
2003-11-03,8.2766,,4.4,,103.0,
2003-11-04,8.2767,,4.33,,103.0,
2003-11-05,8.2767,,4.38,,103.0,
2003-11-06,8.2769,,4.45,,103.0,
2003-11-07,8.277,,4.48,,103.0,
2003-11-10,8.277,,4.49,,103.0,
2003-11-11,,,,,103.0,
2003-11-12,8.277,,4.44,,103.0,
2003-11-13,8.277,,4.3,,103.0,
2003-11-14,8.277,,4.22,,103.0,
2003-11-17,8.2769,,4.18,,103.0,
2003-11-18,8.2767,,4.17,,103.0,
2003-11-19,8.2767,,4.24,,103.0,
2003-11-20,8.2769,,4.16,,103.0,
2003-11-21,8.277,,4.15,,103.0,
2003-11-24,8.2771,,4.23,,103.0,
2003-11-25,8.277,,4.19,,103.0,
2003-11-26,8.2772,,4.25,,103.0,
2003-11-27,,,,,103.0,
2003-11-28,8.277,,4.34,,103.0,
2003-12-01,8.2772,,4.4,185.5,103.2,
2003-12-02,8.2772,,4.38,,103.2,
2003-12-03,8.2771,,4.41,,103.2,
2003-12-04,8.277,,4.38,,103.2,
2003-12-05,8.2769,,4.23,,103.2,
2003-12-08,8.2771,,4.29,,103.2,
2003-12-09,8.2771,,4.32,,103.2,
2003-12-10,8.277,,4.3,,103.2,
2003-12-11,8.2771,,4.27,,103.2,
2003-12-12,8.2771,,4.26,,103.2,
2003-12-15,8.2772,,4.28,,103.2,
2003-12-16,8.2771,,4.24,,103.2,
2003-12-17,8.2769,,4.19,,103.2,
2003-12-18,8.2765,,4.16,,103.2,
2003-12-19,8.277,,4.15,,103.2,
2003-12-22,8.2769,,4.18,,103.2,
2003-12-23,8.2769,,4.28,,103.2,
2003-12-24,8.277,,4.2,,103.2,
2003-12-25,,,,,103.2,
2003-12-26,8.2768,,4.17,,103.2,
2003-12-29,8.2769,,4.24,,103.2,
2003-12-30,8.2767,,4.29,,103.2,
2003-12-31,8.2767,,4.27,,103.2,
2004-01-01,,,,186.3,103.2,
2004-01-02,8.2769,,4.38,,103.2,
2004-01-05,8.277,,4.41,,103.2,
2004-01-06,8.2771,,4.29,,103.2,
2004-01-07,8.2772,,4.27,,103.2,
2004-01-08,8.2772,,4.27,,103.2,
2004-01-09,8.277,,4.11,,103.2,
2004-01-12,8.277,,4.11,,103.2,
2004-01-13,8.2768,,4.05,,103.2,
2004-01-14,8.2768,,4.01,,103.2,
2004-01-15,8.2767,,3.99,,103.2,
2004-01-16,8.2767,,4.04,,103.2,
2004-01-19,,,,,103.2,
2004-01-20,8.277,,4.08,,103.2,
2004-01-21,8.2771,,4.05,,103.2,
2004-01-22,8.2771,,3.99,,103.2,
2004-01-23,8.2771,,4.09,,103.2,
2004-01-26,8.2771,,4.16,,103.2,
2004-01-27,8.2771,,4.11,,103.2,
2004-01-28,8.2771,,4.22,,103.2,
2004-01-29,8.277,,4.22,,103.2,
2004-01-30,8.2768,,4.16,,103.2,
2004-02-01,,,,186.7,102.1,
2004-02-02,8.277,,4.18,,102.1,
2004-02-03,8.2772,,4.13,,102.1,
2004-02-04,8.2772,,4.15,,102.1,
2004-02-05,8.2773,,4.2,,102.1,
2004-02-06,8.2773,,4.12,,102.1,
2004-02-09,8.2773,,4.09,,102.1,
2004-02-10,8.2772,,4.13,,102.1,
2004-02-11,8.2771,,4.05,,102.1,
2004-02-12,8.2772,,4.1,,102.1,
2004-02-13,8.277,,4.05,,102.1,
2004-02-16,,,,,102.1,
2004-02-17,8.277,,4.05,,102.1,
2004-02-18,8.277,,4.05,,102.1,
2004-02-19,8.2771,,4.05,,102.1,
2004-02-20,8.2772,,4.1,,102.1,
2004-02-23,8.2772,,4.05,,102.1,
2004-02-24,8.2771,,4.04,,102.1,
2004-02-25,8.277,,4.02,,102.1,
2004-02-26,8.2771,,4.05,,102.1,
2004-02-27,8.2769,,3.99,,102.1,
2004-03-01,8.2768,,4.0,187.1,103.0,
2004-03-02,8.2768,,4.05,,103.0,
2004-03-03,8.2768,,4.07,,103.0,
2004-03-04,8.277,,4.04,,103.0,
2004-03-05,8.2773,,3.85,,103.0,
2004-03-08,8.2767,,3.78,,103.0,
2004-03-09,8.2767,,3.73,,103.0,
2004-03-10,8.2767,,3.74,,103.0,
2004-03-11,8.2772,,3.74,,103.0,
2004-03-12,8.2771,,3.78,,103.0,
2004-03-15,8.2773,,3.78,,103.0,
2004-03-16,8.2773,,3.7,,103.0,
2004-03-17,8.2774,,3.71,,103.0,
2004-03-18,8.2768,,3.76,,103.0,
2004-03-19,8.2772,,3.8,,103.0,
2004-03-22,8.2773,,3.74,,103.0,
2004-03-23,8.2774,,3.73,,103.0,
2004-03-24,8.2772,,3.73,,103.0,
2004-03-25,8.2771,,3.75,,103.0,
2004-03-26,8.277,,3.85,,103.0,
2004-03-29,8.2771,,3.91,,103.0,
2004-03-30,8.2771,,3.91,,103.0,
2004-03-31,8.277,,3.86,,103.0,
2004-04-01,8.2769,,3.91,187.4,103.8,
2004-04-02,8.2769,,4.15,,103.8,
2004-04-05,8.2769,,4.24,,103.8,
2004-04-06,8.2769,,4.19,,103.8,
2004-04-07,8.2769,,4.19,,103.8,
2004-04-08,8.2769,,4.21,,103.8,
2004-04-09,8.2769,,,,103.8,
2004-04-12,8.277,,4.25,,103.8,
2004-04-13,8.2769,,4.35,,103.8,
2004-04-14,8.2772,,4.4,,103.8,
2004-04-15,8.2771,,4.42,,103.8,
2004-04-16,8.2769,,4.37,,103.8,
2004-04-19,8.2768,,4.39,,103.8,
2004-04-20,8.2768,,4.43,,103.8,
2004-04-21,8.2769,,4.45,,103.8,
2004-04-22,8.277,,4.4,,103.8,
2004-04-23,8.2769,,4.48,,103.8,
2004-04-26,8.2768,,4.46,,103.8,
2004-04-27,8.2768,,4.43,,103.8,
2004-04-28,8.2768,,4.5,,103.8,
2004-04-29,8.2769,,4.55,,103.8,
2004-04-30,8.2771,,4.53,,103.8,
2004-05-01,,,,188.2,104.4,
2004-05-03,8.2771,,4.53,,104.4,
2004-05-04,8.2771,,4.56,,104.4,
2004-05-05,8.2771,,4.61,,104.4,
2004-05-06,8.2771,,4.63,,104.4,
2004-05-07,8.2771,,4.79,,104.4,
2004-05-10,8.2769,,4.81,,104.4,
2004-05-11,8.2773,,4.79,,104.4,
2004-05-12,8.2773,,4.83,,104.4,
2004-05-13,8.2772,,4.85,,104.4,
2004-05-14,8.2772,,4.79,,104.4,
2004-05-17,8.2772,,4.7,,104.4,
2004-05-18,8.2771,,4.74,,104.4,
2004-05-19,8.2769,,4.79,,104.4,
2004-05-20,8.2771,,4.72,,104.4,
2004-05-21,8.2771,,4.76,,104.4,
2004-05-24,8.2771,,4.75,,104.4,
2004-05-25,8.2769,,4.73,,104.4,
2004-05-26,8.2769,,4.67,,104.4,
2004-05-27,8.2768,,4.6,,104.4,
2004-05-28,8.2769,,4.66,,104.4,
2004-05-31,,,,,104.4,
2004-06-01,8.2767,,4.71,188.9,105.0,
2004-06-02,8.2767,,4.74,,105.0,
2004-06-03,8.2768,,4.71,,105.0,
2004-06-04,8.2767,,4.78,,105.0,
2004-06-07,8.2767,,4.78,,105.0,
2004-06-08,8.2767,,4.78,,105.0,
2004-06-09,8.2767,,4.82,,105.0,
2004-06-10,8.2768,,4.81,,105.0,
2004-06-11,8.2767,,,,105.0,
2004-06-14,8.2766,,4.89,,105.0,
2004-06-15,8.2766,,4.69,,105.0,
2004-06-16,8.2766,,4.74,,105.0,
2004-06-17,8.2766,,4.71,,105.0,
2004-06-18,8.2766,,4.72,,105.0,
2004-06-21,8.2766,,4.7,,105.0,
2004-06-22,8.2766,,4.72,,105.0,
2004-06-23,8.2767,,4.71,,105.0,
2004-06-24,8.2766,,4.66,,105.0,
2004-06-25,8.2767,,4.66,,105.0,
2004-06-28,8.2766,,4.76,,105.0,
2004-06-29,8.2766,,4.7,,105.0,
2004-06-30,8.2766,,4.62,,105.0,
2004-07-01,8.2767,,4.57,189.1,105.3,
2004-07-02,8.2766,,4.48,,105.3,
2004-07-05,,,,,105.3,
2004-07-06,8.2768,,4.49,,105.3,
2004-07-07,8.2768,,4.5,,105.3,
2004-07-08,8.2769,,4.49,,105.3,
2004-07-09,8.2769,,4.49,,105.3,
2004-07-12,8.2768,,4.46,,105.3,
2004-07-13,8.2768,,4.5,,105.3,
2004-07-14,8.2767,,4.5,,105.3,
2004-07-15,8.2767,,4.5,,105.3,
2004-07-16,8.2766,,4.38,,105.3,
2004-07-19,8.2766,,4.38,,105.3,
2004-07-20,8.2767,,4.47,,105.3,
2004-07-21,8.2766,,4.5,,105.3,
2004-07-22,8.2766,,4.48,,105.3,
2004-07-23,8.2766,,4.45,,105.3,
2004-07-26,8.2767,,4.49,,105.3,
2004-07-27,8.2767,,4.62,,105.3,
2004-07-28,8.2768,,4.61,,105.3,
2004-07-29,8.2769,,4.6,,105.3,
2004-07-30,8.2769,,4.5,,105.3,
2004-08-01,,,,189.2,105.3,
2004-08-02,8.277,,4.48,,105.3,
2004-08-03,8.277,,4.45,,105.3,
2004-08-04,8.277,,4.45,,105.3,
2004-08-05,8.2769,,4.43,,105.3,
2004-08-06,8.2769,,4.24,,105.3,
2004-08-09,8.2769,,4.28,,105.3,
2004-08-10,8.277,,4.32,,105.3,
2004-08-11,8.2769,,4.3,,105.3,
2004-08-12,8.2769,,4.27,,105.3,
2004-08-13,8.2768,,4.22,,105.3,
2004-08-16,8.2768,,4.26,,105.3,
2004-08-17,8.2767,,4.21,,105.3,
2004-08-18,8.2767,,4.23,,105.3,
2004-08-19,8.2768,,4.22,,105.3,
2004-08-20,8.2767,,4.24,,105.3,
2004-08-23,8.2767,,4.28,,105.3,
2004-08-24,8.2767,,4.28,,105.3,
2004-08-25,8.2766,,4.26,,105.3,
2004-08-26,8.2766,,4.22,,105.3,
2004-08-27,8.2767,,4.23,,105.3,
2004-08-30,8.2767,,4.19,,105.3,
2004-08-31,8.2766,,4.13,,105.3,
2004-09-01,8.2766,,4.13,189.8,105.2,
2004-09-02,8.2767,,4.2,,105.2,
2004-09-03,8.2767,,4.3,,105.2,
2004-09-06,,,,,105.2,
2004-09-07,8.2767,,4.26,,105.2,
2004-09-08,8.2767,,4.18,,105.2,
2004-09-09,8.2768,,4.22,,105.2,
2004-09-10,8.2766,,4.19,,105.2,
2004-09-13,8.2766,,4.16,,105.2,
2004-09-14,8.2767,,4.15,,105.2,
2004-09-15,8.2768,,4.18,,105.2,
2004-09-16,8.2766,,4.08,,105.2,
2004-09-17,8.2767,,4.14,,105.2,
2004-09-20,8.2767,,4.07,,105.2,
2004-09-21,8.2766,,4.05,,105.2,
2004-09-22,8.2766,,4.0,,105.2,
2004-09-23,8.2766,,4.02,,105.2,
2004-09-24,8.2766,,4.04,,105.2,
2004-09-27,8.2766,,4.01,,105.2,
2004-09-28,8.2766,,4.02,,105.2,
2004-09-29,8.2766,,4.1,,105.2,
2004-09-30,8.2766,,4.14,,105.2,
2004-10-01,8.2766,,4.21,190.8,104.3,
2004-10-04,8.2766,,4.19,,104.3,
2004-10-05,8.2766,,4.18,,104.3,
2004-10-06,8.2766,,4.23,,104.3,
2004-10-07,8.2766,,4.26,,104.3,
2004-10-08,8.2768,,4.15,,104.3,
2004-10-11,,,,,104.3,
2004-10-12,8.2765,,4.12,,104.3,
2004-10-13,8.2765,,4.09,,104.3,
2004-10-14,8.2765,,4.03,,104.3,
2004-10-15,8.2765,,4.07,,104.3,
2004-10-18,8.2765,,4.07,,104.3,
2004-10-19,8.2765,,4.07,,104.3,
2004-10-20,8.2765,,4.01,,104.3,
2004-10-21,8.2765,,4.01,,104.3,
2004-10-22,8.2765,,4.0,,104.3,
2004-10-25,8.2765,,3.99,,104.3,
2004-10-26,8.2765,,4.01,,104.3,
2004-10-27,8.2765,,4.11,,104.3,
2004-10-28,8.2765,,4.09,,104.3,
2004-10-29,8.2766,,4.05,,104.3,
2004-11-01,8.2765,,4.11,191.7,102.8,
2004-11-02,8.2764,,4.1,,102.8,
2004-11-03,8.2765,,4.09,,102.8,
2004-11-04,8.2765,,4.1,,102.8,
2004-11-05,8.2764,,4.21,,102.8,
2004-11-08,8.2765,,4.22,,102.8,
2004-11-09,8.2764,,4.22,,102.8,
2004-11-10,8.2765,,4.25,,102.8,
2004-11-11,,,,,102.8,
2004-11-12,8.2765,,4.2,,102.8,
2004-11-15,8.2765,,4.2,,102.8,
2004-11-16,8.2765,,4.21,,102.8,
2004-11-17,8.2765,,4.14,,102.8,
2004-11-18,8.2765,,4.12,,102.8,
2004-11-19,8.2765,,4.2,,102.8,
2004-11-22,8.2765,,4.18,,102.8,
2004-11-23,8.2765,,4.19,,102.8,
2004-11-24,8.2765,,4.2,,102.8,
2004-11-25,,,,,102.8,
2004-11-26,8.2765,,4.24,,102.8,
2004-11-29,8.2765,,4.34,,102.8,
2004-11-30,8.2765,,4.36,,102.8,
2004-12-01,8.2765,,4.38,191.7,102.4,
2004-12-02,8.2765,,4.4,,102.4,
2004-12-03,8.2765,,4.27,,102.4,
2004-12-06,8.2765,,4.24,,102.4,
2004-12-07,8.2765,,4.23,,102.4,
2004-12-08,8.2765,,4.14,,102.4,
2004-12-09,8.2765,,4.19,,102.4,
2004-12-10,8.2765,,4.16,,102.4,
2004-12-13,8.2767,,4.16,,102.4,
2004-12-14,8.2765,,4.14,,102.4,
2004-12-15,8.2765,,4.09,,102.4,
2004-12-16,8.2765,,4.19,,102.4,
2004-12-17,8.2765,,4.21,,102.4,
2004-12-20,8.2765,,4.21,,102.4,
2004-12-21,8.2765,,4.18,,102.4,
2004-12-22,8.2765,,4.21,,102.4,
2004-12-23,8.2765,,4.23,,102.4,
2004-12-24,8.2765,,,,102.4,
2004-12-27,8.2765,,4.3,,102.4,
2004-12-28,8.2765,,4.31,,102.4,
2004-12-29,8.2765,,4.33,,102.4,
2004-12-30,8.2765,,4.27,,102.4,
2004-12-31,8.2765,,4.24,,102.4,
2005-01-01,,,,191.6,101.9,54.7
2005-01-03,8.2765,,4.23,,101.9,54.7
2005-01-04,8.2765,,4.29,,101.9,54.7
2005-01-05,8.2765,,4.29,,101.9,54.7
2005-01-06,8.2765,,4.29,,101.9,54.7
2005-01-07,8.2765,,4.29,,101.9,54.7
2005-01-10,8.2765,,4.29,,101.9,54.7
2005-01-11,8.2765,,4.26,,101.9,54.7
2005-01-12,8.2765,,4.25,,101.9,54.7
2005-01-13,8.2765,,4.2,,101.9,54.7
2005-01-14,8.2765,,4.23,,101.9,54.7
2005-01-17,,,,,101.9,54.7
2005-01-18,8.2765,,4.21,,101.9,54.7
2005-01-19,8.2765,,4.2,,101.9,54.7
2005-01-20,8.2765,,4.17,,101.9,54.7
2005-01-21,8.2765,,4.16,,101.9,54.7
2005-01-24,8.2765,,4.14,,101.9,54.7
2005-01-25,8.2765,,4.2,,101.9,54.7
2005-01-26,8.2765,,4.21,,101.9,54.7
2005-01-27,8.2765,,4.22,,101.9,54.7
2005-01-28,8.2765,,4.16,,101.9,54.7
2005-01-31,8.2765,,4.14,,101.9,54.7
2005-02-01,8.2765,,4.15,192.4,103.9,54.5
2005-02-02,8.2765,,4.15,,103.9,54.5
2005-02-03,8.2765,,4.18,,103.9,54.5
2005-02-04,8.2765,,4.09,,103.9,54.5
2005-02-07,8.2765,,4.07,,103.9,54.5
2005-02-08,8.2765,,4.05,,103.9,54.5
2005-02-09,8.2765,,4.0,,103.9,54.5
2005-02-10,8.2765,,4.07,,103.9,54.5
2005-02-11,8.2765,,4.1,,103.9,54.5
2005-02-14,8.2765,,4.08,,103.9,54.5
2005-02-15,8.2765,,4.1,,103.9,54.5
2005-02-16,8.2765,,4.16,,103.9,54.5
2005-02-17,8.2765,,4.19,,103.9,54.5
2005-02-18,8.2765,,4.27,,103.9,54.5
2005-02-21,,,,,103.9,54.5
2005-02-22,8.2765,,4.29,,103.9,54.5
2005-02-23,8.2765,,4.27,,103.9,54.5
2005-02-24,8.2765,,4.29,,103.9,54.5
2005-02-25,8.2765,,4.27,,103.9,54.5
2005-02-28,8.2765,,4.36,,103.9,54.5
2005-03-01,8.2765,,4.38,193.1,102.7,57.9
2005-03-02,8.2765,,4.38,,102.7,57.9
2005-03-03,8.2765,,4.39,,102.7,57.9
2005-03-04,8.2765,,4.32,,102.7,57.9
2005-03-07,8.2765,,4.31,,102.7,57.9
2005-03-08,8.2765,,4.38,,102.7,57.9
2005-03-09,8.2765,,4.52,,102.7,57.9
2005-03-10,8.2765,,4.48,,102.7,57.9
2005-03-11,8.2765,,4.56,,102.7,57.9
2005-03-14,8.2765,,4.52,,102.7,57.9
2005-03-15,8.2765,,4.54,,102.7,57.9
2005-03-16,8.2765,,4.52,,102.7,57.9
2005-03-17,8.2765,,4.47,,102.7,57.9
2005-03-18,8.2765,,4.51,,102.7,57.9
2005-03-21,8.2765,,4.53,,102.7,57.9
2005-03-22,8.2765,,4.63,,102.7,57.9
2005-03-23,8.2765,,4.61,,102.7,57.9
2005-03-24,8.2765,,4.6,,102.7,57.9
2005-03-25,8.2765,,,,102.7,57.9
2005-03-28,8.2765,,4.64,,102.7,57.9
2005-03-29,8.2765,,4.6,,102.7,57.9
2005-03-30,8.2765,,4.56,,102.7,57.9
2005-03-31,8.2765,,4.5,,102.7,57.9
2005-04-01,8.2765,,4.46,193.7,101.8,56.7
2005-04-04,8.2765,,4.47,,101.8,56.7
2005-04-05,8.2765,,4.48,,101.8,56.7
2005-04-06,8.2765,,4.44,,101.8,56.7
2005-04-07,8.2765,,4.49,,101.8,56.7
2005-04-08,8.2765,,4.5,,101.8,56.7
2005-04-11,8.2765,,4.45,,101.8,56.7
2005-04-12,8.2765,,4.38,,101.8,56.7
2005-04-13,8.2765,,4.38,,101.8,56.7
2005-04-14,8.2765,,4.37,,101.8,56.7
2005-04-15,8.2765,,4.27,,101.8,56.7
2005-04-18,8.2765,,4.27,,101.8,56.7
2005-04-19,8.2765,,4.21,,101.8,56.7
2005-04-20,8.2765,,4.22,,101.8,56.7
2005-04-21,8.2765,,4.32,,101.8,56.7
2005-04-22,8.2765,,4.26,,101.8,56.7
2005-04-25,8.2765,,4.26,,101.8,56.7
2005-04-26,8.2765,,4.28,,101.8,56.7
2005-04-27,8.2765,,4.25,,101.8,56.7
2005-04-28,8.2765,,4.19,,101.8,56.7
2005-04-29,8.2765,,4.21,,101.8,56.7
2005-05-01,,,,193.6,101.8,52.9
2005-05-02,8.2765,,4.21,,101.8,52.9
2005-05-03,8.2765,,4.21,,101.8,52.9
2005-05-04,8.2765,,4.2,,101.8,52.9
2005-05-05,8.2765,,4.19,,101.8,52.9
2005-05-06,8.2765,,4.28,,101.8,52.9
2005-05-09,8.2765,,4.29,,101.8,52.9
2005-05-10,8.2765,,4.23,,101.8,52.9
2005-05-11,8.2765,,4.21,,101.8,52.9
2005-05-12,8.2765,,4.18,,101.8,52.9
2005-05-13,8.2765,,4.12,,101.8,52.9
2005-05-16,8.2765,,4.13,,101.8,52.9
2005-05-17,8.2765,,4.12,,101.8,52.9
2005-05-18,8.2765,,4.07,,101.8,52.9
2005-05-19,8.2765,,4.11,,101.8,52.9
2005-05-20,8.2765,,4.13,,101.8,52.9
2005-05-23,8.2765,,4.07,,101.8,52.9
2005-05-24,8.2765,,4.04,,101.8,52.9
2005-05-25,8.2765,,4.08,,101.8,52.9
2005-05-26,8.2765,,4.08,,101.8,52.9
2005-05-27,8.2765,,4.08,,101.8,52.9
2005-05-30,,,,,101.8,52.9
2005-05-31,8.2765,,4.0,,101.8,52.9
2005-06-01,8.2765,,3.91,193.7,101.6,51.7
2005-06-02,8.2765,,3.89,,101.6,51.7
2005-06-03,8.2765,,3.98,,101.6,51.7
2005-06-06,8.2765,,3.96,,101.6,51.7
2005-06-07,8.2765,,3.92,,101.6,51.7
2005-06-08,8.2765,,3.95,,101.6,51.7
2005-06-09,8.2765,,3.98,,101.6,51.7
2005-06-10,8.2765,,4.05,,101.6,51.7
2005-06-13,8.2765,,4.09,,101.6,51.7
2005-06-14,8.2765,,4.13,,101.6,51.7
2005-06-15,8.2765,,4.12,,101.6,51.7
2005-06-16,8.2765,,4.09,,101.6,51.7
2005-06-17,8.2765,,4.09,,101.6,51.7
2005-06-20,8.2765,,4.11,,101.6,51.7
2005-06-21,8.2765,,4.06,,101.6,51.7
2005-06-22,8.2765,,3.95,,101.6,51.7
2005-06-23,8.2765,,3.96,,101.6,51.7
2005-06-24,8.2765,,3.92,,101.6,51.7
2005-06-27,8.2765,,3.9,,101.6,51.7
2005-06-28,8.2765,,3.97,,101.6,51.7
2005-06-29,8.2765,,3.99,,101.6,51.7
2005-06-30,8.2765,,3.94,,101.6,51.7
2005-07-01,8.2765,,4.06,194.9,101.8,51.1
2005-07-04,,,,,101.8,51.1
2005-07-05,8.2765,,4.11,,101.8,51.1
2005-07-06,8.2765,,4.08,,101.8,51.1
2005-07-07,8.2765,,4.05,,101.8,51.1
2005-07-08,8.2765,,4.11,,101.8,51.1
2005-07-11,8.2765,,4.11,,101.8,51.1
2005-07-12,8.2765,,4.15,,101.8,51.1
2005-07-13,8.2765,,4.17,,101.8,51.1
2005-07-14,8.2765,,4.19,,101.8,51.1
2005-07-15,8.2765,,4.18,,101.8,51.1
2005-07-18,8.2765,,4.22,,101.8,51.1
2005-07-19,8.2765,,4.2,,101.8,51.1
2005-07-20,8.2765,,4.17,,101.8,51.1
2005-07-21,8.2765,,4.28,,101.8,51.1
2005-07-22,8.1111,,4.23,,101.8,51.1
2005-07-25,8.1097,,4.25,,101.8,51.1
2005-07-26,8.1099,,4.24,,101.8,51.1
2005-07-27,8.1128,,4.27,,101.8,51.1
2005-07-28,8.108,,4.2,,101.8,51.1
2005-07-29,8.1056,,4.28,,101.8,51.1
2005-08-01,8.1046,,4.32,196.1,101.3,52.6
2005-08-02,8.1032,,4.34,,101.3,52.6
2005-08-03,8.1051,,4.3,,101.3,52.6
2005-08-04,8.1027,,4.32,,101.3,52.6
2005-08-05,8.1037,,4.4,,101.3,52.6
2005-08-08,8.109,,4.42,,101.3,52.6
2005-08-09,8.107,,4.41,,101.3,52.6
2005-08-10,8.1062,,4.4,,101.3,52.6
2005-08-11,8.1002,,4.32,,101.3,52.6
2005-08-12,8.098,,4.24,,101.3,52.6
2005-08-15,8.0971,,4.27,,101.3,52.6
2005-08-16,8.1002,,4.23,,101.3,52.6
2005-08-17,8.0997,,4.28,,101.3,52.6
2005-08-18,8.1007,,4.21,,101.3,52.6
2005-08-19,8.1047,,4.21,,101.3,52.6
2005-08-22,8.1056,,4.22,,101.3,52.6
2005-08-23,8.1012,,4.2,,101.3,52.6
2005-08-24,8.1005,,4.19,,101.3,52.6
2005-08-25,8.1002,,4.18,,101.3,52.6
2005-08-26,8.0965,,4.2,,101.3,52.6
2005-08-29,8.0954,,4.2,,101.3,52.6
2005-08-30,8.0973,,4.16,,101.3,52.6
2005-08-31,8.0998,,4.02,,101.3,52.6
2005-09-01,8.0949,,4.02,198.8,100.9,55.1
2005-09-02,8.0935,,4.03,,100.9,55.1
2005-09-05,8.092,,,,100.9,55.1
2005-09-06,8.0913,,4.09,,100.9,55.1
2005-09-07,8.0925,,4.15,,100.9,55.1
2005-09-08,8.0945,,4.15,,100.9,55.1
2005-09-09,8.0956,,4.14,,100.9,55.1
2005-09-12,8.0924,,4.18,,100.9,55.1
2005-09-13,8.094,,4.14,,100.9,55.1
2005-09-14,8.0912,,4.17,,100.9,55.1
2005-09-15,8.089,,4.22,,100.9,55.1
2005-09-16,8.0871,,4.26,,100.9,55.1
2005-09-19,8.0908,,4.25,,100.9,55.1
2005-09-20,8.089,,4.26,,100.9,55.1
2005-09-21,8.0911,,4.19,,100.9,55.1
2005-09-22,8.0881,,4.19,,100.9,55.1
2005-09-23,8.091,,4.25,,100.9,55.1
2005-09-26,8.0929,,4.3,,100.9,55.1
2005-09-27,8.092,,4.3,,100.9,55.1
2005-09-28,8.0939,,4.26,,100.9,55.1
2005-09-29,8.093,,4.29,,100.9,55.1
2005-09-30,8.092,,4.34,,100.9,55.1
2005-10-01,,,,199.1,101.2,54.1
2005-10-03,8.092,,4.39,,101.2,54.1
2005-10-04,8.092,,4.38,,101.2,54.1
2005-10-05,8.092,,4.36,,101.2,54.1
2005-10-06,8.092,,4.37,,101.2,54.1
2005-10-07,8.092,,4.35,,101.2,54.1
2005-10-10,,,,,101.2,54.1
2005-10-11,8.0879,,4.39,,101.2,54.1
2005-10-12,8.0895,,4.45,,101.2,54.1
2005-10-13,8.0885,,4.48,,101.2,54.1
2005-10-14,8.0896,,4.48,,101.2,54.1
2005-10-17,8.0877,,4.5,,101.2,54.1
2005-10-18,8.091,,4.49,,101.2,54.1
2005-10-19,8.0924,,4.47,,101.2,54.1
2005-10-20,8.0905,,4.46,,101.2,54.1
2005-10-21,8.0905,,4.39,,101.2,54.1
2005-10-24,8.0916,,4.45,,101.2,54.1
2005-10-25,8.0901,,4.54,,101.2,54.1
2005-10-26,8.0867,,4.6,,101.2,54.1
2005-10-27,8.0862,,4.57,,101.2,54.1
2005-10-28,8.084,,4.58,,101.2,54.1
2005-10-31,8.0845,,4.57,,101.2,54.1
2005-11-01,8.086,,4.58,198.1,101.3,54.1
2005-11-02,8.0851,,4.61,,101.3,54.1
2005-11-03,8.0841,,4.65,,101.3,54.1
2005-11-04,8.0856,,4.66,,101.3,54.1
2005-11-07,8.0877,,4.65,,101.3,54.1
2005-11-08,8.0867,,4.57,,101.3,54.1
2005-11-09,8.0857,,4.64,,101.3,54.1
2005-11-10,8.0847,,4.55,,101.3,54.1
2005-11-11,,,,,101.3,54.1
2005-11-14,8.0856,,4.61,,101.3,54.1
2005-11-15,8.0845,,4.56,,101.3,54.1
2005-11-16,8.0835,,4.49,,101.3,54.1
2005-11-17,8.0845,,4.46,,101.3,54.1
2005-11-18,8.0832,,4.5,,101.3,54.1
2005-11-21,8.0833,,4.46,,101.3,54.1
2005-11-22,8.0839,,4.43,,101.3,54.1
2005-11-23,8.0816,,4.47,,101.3,54.1
2005-11-24,,,,,101.3,54.1
2005-11-25,8.0815,,4.43,,101.3,54.1
2005-11-28,8.0825,,4.41,,101.3,54.1
2005-11-29,8.0796,,4.48,,101.3,54.1
2005-11-30,8.0804,,4.49,,101.3,54.1
2005-12-01,8.0798,,4.52,198.1,101.6,54.3
2005-12-02,8.0806,,4.52,,101.6,54.3
2005-12-05,8.0808,,4.57,,101.6,54.3
2005-12-06,8.078,,4.49,,101.6,54.3
2005-12-07,8.0771,,4.52,,101.6,54.3
2005-12-08,8.078,,4.47,,101.6,54.3
2005-12-09,8.0765,,4.54,,101.6,54.3
2005-12-12,8.077,,4.56,,101.6,54.3
2005-12-13,8.0751,,4.54,,101.6,54.3
2005-12-14,8.0726,,4.45,,101.6,54.3
2005-12-15,8.074,,4.47,,101.6,54.3
2005-12-16,8.0735,,4.45,,101.6,54.3
2005-12-19,8.073,,4.45,,101.6,54.3
2005-12-20,8.074,,4.47,,101.6,54.3
2005-12-21,8.0765,,4.49,,101.6,54.3
2005-12-22,8.0775,,4.44,,101.6,54.3
2005-12-23,8.0762,,4.38,,101.6,54.3
2005-12-26,,,,,101.6,54.3
2005-12-27,8.0724,,4.34,,101.6,54.3
2005-12-28,8.0725,,4.38,,101.6,54.3
2005-12-29,8.0709,,4.37,,101.6,54.3
2005-12-30,8.0702,,4.39,,101.6,54.3
2006-01-01,,,,199.3,101.9,52.1
2006-01-02,,101.4155,,,101.9,52.1
2006-01-03,8.0702,100.7558,4.37,,101.9,52.1
2006-01-04,8.0702,100.2288,4.36,,101.9,52.1
2006-01-05,8.0678,100.2992,4.36,,101.9,52.1
2006-01-06,8.0663,100.0241,4.38,,101.9,52.1
2006-01-09,8.0665,100.1794,4.38,,101.9,52.1
2006-01-10,8.061,100.1436,4.43,,101.9,52.1
2006-01-11,8.0682,99.871,4.46,,101.9,52.1
2006-01-12,8.0685,100.0643,4.42,,101.9,52.1
2006-01-13,8.0698,99.9675,4.36,,101.9,52.1
2006-01-16,,99.9715,,,101.9,52.1
2006-01-17,8.0676,100.2447,4.34,,101.9,52.1
2006-01-18,8.0685,100.4085,4.34,,101.9,52.1
2006-01-19,8.0687,100.1862,4.38,,101.9,52.1
2006-01-20,8.0596,99.9017,4.37,,101.9,52.1
2006-01-23,8.0645,99.3783,4.36,,101.9,52.1
2006-01-24,8.0625,99.3434,4.4,,101.9,52.1
2006-01-25,8.063,99.348,4.49,,101.9,52.1
2006-01-26,8.062,99.4798,4.53,,101.9,52.1
2006-01-27,8.0608,99.6433,4.52,,101.9,52.1
2006-01-30,8.0608,99.7144,4.54,,101.9,52.1
2006-01-31,8.0608,99.4311,4.53,,101.9,52.1
2006-02-01,8.0616,99.6132,4.57,199.4,100.9,52.1
2006-02-02,8.0616,99.7916,4.57,,100.9,52.1
2006-02-03,8.0616,100.118,4.54,,100.9,52.1
2006-02-06,8.056,100.1372,4.55,,100.9,52.1
2006-02-07,8.0566,100.1759,4.57,,100.9,52.1
2006-02-08,8.0545,100.4879,4.56,,100.9,52.1
2006-02-09,8.0558,100.2117,4.54,,100.9,52.1
2006-02-10,8.0516,100.322,4.59,,100.9,52.1
2006-02-13,8.0472,100.3955,4.58,,100.9,52.1
2006-02-14,8.0477,100.3987,4.62,,100.9,52.1
2006-02-15,8.0481,100.4489,4.61,,100.9,52.1
2006-02-16,8.0494,100.5183,4.59,,100.9,52.1
2006-02-17,8.0493,100.3404,4.54,,100.9,52.1
2006-02-20,,100.3447,,,100.9,52.1
2006-02-21,8.0485,100.2346,4.57,,100.9,52.1
2006-02-22,8.0497,100.3879,4.53,,100.9,52.1
2006-02-23,8.0477,100.1956,4.56,,100.9,52.1
2006-02-24,8.0432,100.2594,4.58,,100.9,52.1
2006-02-27,8.042,100.0724,4.59,,100.9,52.1
2006-02-28,8.0415,99.7695,4.55,,100.9,52.1
2006-03-01,8.039,99.8355,4.59,199.7,100.8,55.3
2006-03-02,8.0394,99.5969,4.64,,100.8,55.3
2006-03-03,8.038,99.7024,4.68,,100.8,55.3
2006-03-06,8.0382,99.9834,4.74,,100.8,55.3
2006-03-07,8.0425,100.564,4.74,,100.8,55.3
2006-03-08,8.0476,100.8565,4.73,,100.8,55.3
2006-03-09,8.048,100.7718,4.74,,100.8,55.3
2006-03-10,8.0492,100.9566,4.76,,100.8,55.3
2006-03-13,8.0505,100.8563,4.77,,100.8,55.3
2006-03-14,8.0473,100.312,4.71,,100.8,55.3
2006-03-15,8.0374,100.2121,4.73,,100.8,55.3
2006-03-16,8.0385,99.9049,4.65,,100.8,55.3
2006-03-17,8.0286,99.8614,4.68,,100.8,55.3
2006-03-20,8.025,100.0491,4.66,,100.8,55.3
2006-03-21,8.0272,100.4716,4.71,,100.8,55.3
2006-03-22,8.0306,100.496,4.7,,100.8,55.3
2006-03-23,8.0274,100.8256,4.73,,100.8,55.3
2006-03-24,8.0338,100.7773,4.67,,100.8,55.3
2006-03-27,8.0245,100.8359,4.7,,100.8,55.3
2006-03-28,8.0212,100.7995,4.79,,100.8,55.3
2006-03-29,8.028,101.0474,4.81,,100.8,55.3
2006-03-30,8.027,100.5698,4.86,,100.8,55.3
2006-03-31,8.0167,100.56,4.86,,100.8,55.3
2006-04-01,,,,200.7,101.2,58.1
2006-04-03,8.021,100.6204,4.88,,101.2,58.1
2006-04-04,8.0194,100.1319,4.87,,101.2,58.1
2006-04-05,8.0116,100.0792,4.84,,101.2,58.1
2006-04-06,8.0098,100.1578,4.9,,101.2,58.1
2006-04-07,8.013,100.4187,4.97,,101.2,58.1
2006-04-10,8.004,100.4091,4.97,,101.2,58.1
2006-04-11,8.0045,100.2903,4.93,,101.2,58.1
2006-04-12,8.0115,100.3589,4.98,,101.2,58.1
2006-04-13,8.0248,100.4759,5.05,,101.2,58.1
2006-04-14,8.0175,100.4697,,,101.2,58.1
2006-04-17,8.0158,99.8719,5.01,,101.2,58.1
2006-04-18,8.014,99.6747,4.99,,101.2,58.1
2006-04-19,8.0128,99.3467,5.04,,101.2,58.1
2006-04-20,8.011,99.4974,5.04,,101.2,58.1
2006-04-21,8.0165,99.4345,5.01,,101.2,58.1
2006-04-24,8.0163,99.117,4.99,,101.2,58.1
2006-04-25,8.01,98.9687,5.07,,101.2,58.1
2006-04-26,8.0163,98.8907,5.12,,101.2,58.1
2006-04-27,8.0205,98.5149,5.09,,101.2,58.1
2006-04-28,8.0165,98.1412,5.07,,101.2,58.1
2006-05-01,8.0165,97.9085,5.14,201.3,101.4,54.8
2006-05-02,8.0165,97.6571,5.12,,101.4,54.8
2006-05-03,8.01,97.5572,5.15,,101.4,54.8
2006-05-04,8.0114,97.4878,5.16,,101.4,54.8
2006-05-05,8.0114,97.2585,5.12,,101.4,54.8
2006-05-08,8.007,97.1945,5.12,,101.4,54.8
2006-05-09,8.0042,96.9578,5.13,,101.4,54.8
2006-05-10,8.0032,96.6391,5.13,,101.4,54.8
2006-05-11,8.0038,96.5383,5.14,,101.4,54.8
2006-05-12,8.0056,96.8788,5.19,,101.4,54.8
2006-05-15,8.003,97.3588,5.15,,101.4,54.8
2006-05-16,8.0005,97.1959,5.1,,101.4,54.8
2006-05-17,8.002,97.4725,5.16,,101.4,54.8
2006-05-18,8.0095,97.7033,5.08,,101.4,54.8
2006-05-19,8.0175,97.933,5.05,,101.4,54.8
2006-05-22,8.0255,97.9377,5.04,,101.4,54.8
2006-05-23,8.0235,97.7045,5.07,,101.4,54.8
2006-05-24,8.0175,98.3936,5.03,,101.4,54.8
2006-05-25,8.0235,97.8423,5.07,,101.4,54.8
2006-05-26,8.0245,97.8995,5.06,,101.4,54.8
2006-05-29,,97.8936,,,101.4,54.8
2006-05-30,8.03,97.588,5.09,,101.4,54.8
2006-05-31,8.0215,97.7705,5.12,,101.4,54.8
2006-06-01,8.0184,97.7726,5.11,201.8,101.5,54.1
2006-06-02,8.0225,97.5544,5.0,,101.5,54.1
2006-06-05,8.0057,97.3681,5.02,,101.5,54.1
2006-06-06,8.012,98.1449,5.01,,101.5,54.1
2006-06-07,8.0171,98.1641,5.02,,101.5,54.1
2006-06-08,8.0084,98.9313,5.0,,101.5,54.1
2006-06-09,8.011,98.5471,4.98,,101.5,54.1
2006-06-12,8.015,98.5494,4.99,,101.5,54.1
2006-06-13,8.0034,98.9201,4.97,,101.5,54.1
2006-06-14,7.9985,98.8338,5.05,,101.5,54.1
2006-06-15,7.999,98.8846,5.1,,101.5,54.1
2006-06-16,7.9995,98.9127,5.13,,101.5,54.1
2006-06-19,8.0035,99.145,5.14,,101.5,54.1
2006-06-20,8.0009,99.0117,5.15,,101.5,54.1
2006-06-21,7.9969,98.5544,5.16,,101.5,54.1
2006-06-22,7.9963,99.0856,5.2,,101.5,54.1
2006-06-23,7.9997,99.4216,5.23,,101.5,54.1
2006-06-26,7.9995,99.3634,5.25,,101.5,54.1
2006-06-27,7.998,99.219,5.21,,101.5,54.1
2006-06-28,7.997,99.392,5.25,,101.5,54.1
2006-06-29,7.9955,99.2158,5.22,,101.5,54.1
2006-06-30,7.9943,98.2483,5.15,,101.5,54.1
2006-07-01,,,,202.9,101.0,52.4
2006-07-03,7.9924,98.0371,5.15,,101.0,52.4
2006-07-04,,98.0221,,,101.0,52.4
2006-07-05,7.9955,98.308,5.23,,101.0,52.4
2006-07-06,7.9945,98.138,5.19,,101.0,52.4
2006-07-07,7.9936,97.7508,5.14,,101.0,52.4
2006-07-10,7.9908,97.9813,5.13,,101.0,52.4
2006-07-11,7.9911,98.2132,5.1,,101.0,52.4
2006-07-12,7.9892,98.5202,5.1,,101.0,52.4
2006-07-13,7.9899,98.5583,5.08,,101.0,52.4
2006-07-14,7.9956,98.6814,5.07,,101.0,52.4
2006-07-17,7.997,99.0767,5.07,,101.0,52.4
2006-07-18,8.0016,99.1341,5.13,,101.0,52.4
2006-07-19,8.0018,98.9262,5.06,,101.0,52.4
2006-07-20,7.9918,98.6014,5.03,,101.0,52.4
2006-07-21,7.9897,98.5221,5.05,,101.0,52.4
2006-07-24,7.9851,98.7795,5.05,,101.0,52.4
2006-07-25,7.9872,98.9388,5.07,,101.0,52.4
2006-07-26,7.9849,98.742,5.04,,101.0,52.4
2006-07-27,7.974,98.2283,5.07,,101.0,52.4
2006-07-28,7.9792,98.0539,5.0,,101.0,52.4
2006-07-31,7.969,97.9996,4.99,,101.0,52.4
2006-08-01,7.973,98.1715,4.99,203.8,101.3,53.1
2006-08-02,7.972,97.9432,4.96,,101.3,53.1
2006-08-03,7.9748,98.0694,4.96,,101.3,53.1
2006-08-04,7.9783,97.6005,4.91,,101.3,53.1
2006-08-07,7.968,97.5088,4.93,,101.3,53.1
2006-08-08,7.9712,97.6524,4.93,,101.3,53.1
2006-08-09,7.9745,97.4402,4.92,,101.3,53.1
2006-08-10,7.969,97.8887,4.93,,101.3,53.1
2006-08-11,7.9725,97.7863,4.97,,101.3,53.1
2006-08-14,7.9928,97.9677,5.0,,101.3,53.1
2006-08-15,8.0,97.8043,4.93,,101.3,53.1
2006-08-16,7.9827,97.3894,4.87,,101.3,53.1
2006-08-17,7.9685,97.3486,4.87,,101.3,53.1
2006-08-18,7.9736,97.7577,4.84,,101.3,53.1
2006-08-21,7.9698,97.3856,4.82,,101.3,53.1
2006-08-22,7.9663,97.6079,4.82,,101.3,53.1
2006-08-23,7.9698,97.5731,4.82,,101.3,53.1
2006-08-24,7.9694,97.7939,4.81,,101.3,53.1
2006-08-25,7.969,97.8827,4.79,,101.3,53.1
2006-08-28,7.9706,97.8467,4.8,,101.3,53.1
2006-08-29,7.9615,97.7748,4.79,,101.3,53.1
2006-08-30,7.959,97.5792,4.76,,101.3,53.1
2006-08-31,7.9538,97.644,4.74,,101.3,53.1
2006-09-01,7.9533,97.5084,4.73,202.8,101.5,57.0
2006-09-04,,97.4981,,,101.5,57.0
2006-09-05,7.9495,97.4392,4.78,,101.5,57.0
2006-09-06,7.947,97.6087,4.8,,101.5,57.0
2006-09-07,7.9409,97.8108,4.8,,101.5,57.0
2006-09-08,7.9485,98.2119,4.78,,101.5,57.0
2006-09-11,7.9545,98.3845,4.8,,101.5,57.0
2006-09-12,7.9464,98.2781,4.78,,101.5,57.0
2006-09-13,7.949,98.1775,4.77,,101.5,57.0
2006-09-14,7.9462,98.0088,4.79,,101.5,57.0
2006-09-15,7.9429,98.2104,4.8,,101.5,57.0
2006-09-18,7.9465,98.1332,4.81,,101.5,57.0
2006-09-19,7.9357,98.1703,4.74,,101.5,57.0
2006-09-20,7.9264,98.1556,4.73,,101.5,57.0
2006-09-21,7.9248,97.9458,4.65,,101.5,57.0
2006-09-22,7.9195,97.8667,4.6,,101.5,57.0
2006-09-25,7.9212,97.9909,4.56,,101.5,57.0
2006-09-26,7.9135,98.0555,4.59,,101.5,57.0
2006-09-27,7.9019,98.0107,4.6,,101.5,57.0
2006-09-28,7.8965,98.0381,4.63,,101.5,57.0
2006-09-29,7.904,98.1054,4.64,,101.5,57.0
2006-10-01,,,,201.9,101.4,54.7
2006-10-02,7.904,97.9247,4.62,,101.4,54.7
2006-10-03,7.904,98.1267,4.62,,101.4,54.7
2006-10-04,7.904,98.3682,4.57,,101.4,54.7
2006-10-05,7.904,98.2776,4.61,,101.4,54.7
2006-10-06,7.904,98.5619,4.7,,101.4,54.7
2006-10-09,,98.5702,,,101.4,54.7
2006-10-10,7.91,98.9125,4.75,,101.4,54.7
2006-10-11,7.9168,98.9146,4.78,,101.4,54.7
2006-10-12,7.9143,98.831,4.79,,101.4,54.7
2006-10-13,7.9,98.8002,4.81,,101.4,54.7
2006-10-16,7.912,98.71,4.79,,101.4,54.7
2006-10-17,7.9081,98.5354,4.78,,101.4,54.7
2006-10-18,7.9066,98.6164,4.77,,101.4,54.7
2006-10-19,7.9102,98.2897,4.79,,101.4,54.7
2006-10-20,7.9028,98.1629,4.79,,101.4,54.7
2006-10-23,7.8981,98.4483,4.83,,101.4,54.7
2006-10-24,7.9023,98.349,4.83,,101.4,54.7
2006-10-25,7.901,98.2057,4.78,,101.4,54.7
2006-10-26,7.8949,97.8907,4.73,,101.4,54.7
2006-10-27,7.8886,97.4914,4.68,,101.4,54.7
2006-10-30,7.8728,97.5672,4.68,,101.4,54.7
2006-10-31,7.8785,97.3901,4.61,,101.4,54.7
2006-11-01,7.8714,97.4949,4.57,202.0,101.9,55.3
2006-11-02,7.872,97.6556,4.6,,101.9,55.3
2006-11-03,7.8715,97.7209,4.72,,101.9,55.3
2006-11-06,7.875,97.806,4.71,,101.9,55.3
2006-11-07,7.872,97.4453,4.66,,101.9,55.3
2006-11-08,7.8651,97.58,4.64,,101.9,55.3
2006-11-09,7.8645,97.5041,4.62,,101.9,55.3
2006-11-10,7.8635,97.4638,4.59,,101.9,55.3
2006-11-13,7.8642,97.7904,4.61,,101.9,55.3
2006-11-14,7.864,97.7475,4.57,,101.9,55.3
2006-11-15,7.8677,97.8359,4.61,,101.9,55.3
2006-11-16,7.8713,97.8098,4.66,,101.9,55.3
2006-11-17,7.8717,97.9855,4.61,,101.9,55.3
2006-11-20,7.8694,98.0254,4.6,,101.9,55.3
2006-11-21,7.8683,98.0215,4.58,,101.9,55.3
2006-11-22,7.8731,97.5315,4.57,,101.9,55.3
2006-11-23,,97.5314,,,101.9,55.3
2006-11-24,7.8515,97.0657,4.55,,101.9,55.3
2006-11-27,7.8426,96.9986,4.54,,101.9,55.3
2006-11-28,7.844,96.8428,4.51,,101.9,55.3
2006-11-29,7.8303,96.8577,4.52,,101.9,55.3
2006-11-30,7.834,96.5779,4.46,,101.9,55.3
2006-12-01,7.835,96.4585,4.43,203.1,102.8,54.8
2006-12-04,7.8274,96.4319,4.43,,102.8,54.8
2006-12-05,7.8217,96.2082,4.45,,102.8,54.8
2006-12-06,7.8224,96.2839,4.48,,102.8,54.8
2006-12-07,7.8226,96.3207,4.49,,102.8,54.8
2006-12-08,7.8235,96.6123,4.56,,102.8,54.8
2006-12-11,7.834,96.6646,4.52,,102.8,54.8
2006-12-12,7.8283,96.7119,4.49,,102.8,54.8
2006-12-13,7.8265,96.7296,4.58,,102.8,54.8
2006-12-14,7.8229,96.7946,4.6,,102.8,54.8
2006-12-15,7.8265,96.9857,4.6,,102.8,54.8
2006-12-18,7.8192,97.1559,4.6,,102.8,54.8
2006-12-19,7.8243,96.9313,4.6,,102.8,54.8
2006-12-20,7.8158,96.7762,4.6,,102.8,54.8
2006-12-21,7.816,96.9148,4.55,,102.8,54.8
2006-12-22,7.8153,97.1113,4.63,,102.8,54.8
2006-12-25,,97.1221,,,102.8,54.8
2006-12-26,7.8199,97.1786,4.61,,102.8,54.8
2006-12-27,7.8215,97.2076,4.66,,102.8,54.8
2006-12-28,7.8116,97.0656,4.7,,102.8,54.8
2006-12-29,7.8041,97.0312,4.71,,102.8,54.8
2007-01-01,,97.0323,,203.437,102.2,55.1
2007-01-02,7.8051,,4.68,,102.2,55.1
2007-01-03,7.8051,97.1281,4.67,,102.2,55.1
2007-01-04,7.809,97.5251,4.62,,102.2,55.1
2007-01-05,7.8047,97.7801,4.65,,102.2,55.1
2007-01-08,7.8127,97.788,4.66,,102.2,55.1
2007-01-09,7.8055,97.9642,4.66,,102.2,55.1
2007-01-10,7.8075,98.0943,4.69,,102.2,55.1
2007-01-11,7.7945,98.0845,4.74,,102.2,55.1
2007-01-12,7.7984,97.921,4.77,,102.2,55.1
2007-01-15,,97.9201,,,102.2,55.1
2007-01-16,7.79,97.9816,4.75,,102.2,55.1
2007-01-17,7.7752,97.7509,4.79,,102.2,55.1
2007-01-18,7.7705,97.8286,4.75,,102.2,55.1
2007-01-19,7.7752,97.6868,4.78,,102.2,55.1
2007-01-22,7.7759,97.827,4.76,,102.2,55.1
2007-01-23,7.7756,97.8117,4.81,,102.2,55.1
2007-01-24,7.7705,97.908,4.81,,102.2,55.1
2007-01-25,7.7705,97.8396,4.87,,102.2,55.1
2007-01-26,7.7748,98.1491,4.88,,102.2,55.1
2007-01-29,7.773,98.2066,4.9,,102.2,55.1
2007-01-30,7.775,98.1515,4.88,,102.2,55.1
2007-01-31,7.7714,97.964,4.83,,102.2,55.1
2007-02-01,7.7575,97.7101,4.84,204.226,102.7,53.1
2007-02-02,7.7555,97.9743,4.83,,102.7,53.1
2007-02-05,7.7602,97.87,4.81,,102.7,53.1
2007-02-06,7.7565,97.7357,4.77,,102.7,53.1
2007-02-07,7.7474,97.7239,4.74,,102.7,53.1
2007-02-08,7.7484,97.8169,4.73,,102.7,53.1
2007-02-09,7.7476,97.7076,4.79,,102.7,53.1
2007-02-12,7.757,97.9409,4.8,,102.7,53.1
2007-02-13,7.7632,97.7063,4.82,,102.7,53.1
2007-02-14,7.7565,97.2779,4.74,,102.7,53.1
2007-02-15,7.7545,97.1588,4.7,,102.7,53.1
2007-02-16,7.7426,97.164,4.69,,102.7,53.1
2007-02-19,,97.1545,,,102.7,53.1
2007-02-20,7.7466,97.321,4.68,,102.7,53.1
2007-02-21,7.7426,97.27,4.69,,102.7,53.1
2007-02-22,7.7436,97.266,4.73,,102.7,53.1
2007-02-23,7.7416,97.1756,4.68,,102.7,53.1
2007-02-26,7.75,97.2281,4.63,,102.7,53.1
2007-02-27,7.7416,97.0883,4.5,,102.7,53.1
2007-02-28,7.741,97.2386,4.56,,102.7,53.1
2007-03-01,7.7435,97.3358,4.56,205.288,103.3,56.1
2007-03-02,7.7445,97.3691,4.52,,103.3,56.1
2007-03-05,7.7415,97.6716,4.51,,103.3,56.1
2007-03-06,7.7453,97.5123,4.53,,103.3,56.1
2007-03-07,7.743,97.4558,4.5,,103.3,56.1
2007-03-08,7.74,97.5731,4.51,,103.3,56.1
2007-03-09,7.7445,97.4559,4.59,,103.3,56.1
2007-03-12,7.7454,97.3013,4.56,,103.3,56.1
2007-03-13,7.741,97.2203,4.5,,103.3,56.1
2007-03-14,7.737,97.2759,4.53,,103.3,56.1
2007-03-15,7.743,97.2476,4.54,,103.3,56.1
2007-03-16,7.728,97.0407,4.55,,103.3,56.1
2007-03-19,7.7355,97.1062,4.58,,103.3,56.1
2007-03-20,7.732,96.7985,4.56,,103.3,56.1
2007-03-21,7.735,96.6195,4.53,,103.3,56.1
2007-03-22,7.7286,96.3893,4.6,,103.3,56.1
2007-03-23,7.729,96.5662,4.62,,103.3,56.1
2007-03-26,7.7396,96.5493,4.6,,103.3,56.1
2007-03-27,7.7334,96.4558,4.62,,103.3,56.1
2007-03-28,7.7318,96.4894,4.62,,103.3,56.1
2007-03-29,7.728,96.5067,4.64,,103.3,56.1
2007-03-30,7.7232,96.3183,4.65,,103.3,56.1
2007-04-01,,,,205.904,103.0,58.6
2007-04-02,7.7296,96.3175,4.65,,103.0,58.6
2007-04-03,7.7267,96.3774,4.67,,103.0,58.6
2007-04-04,7.7345,96.3646,4.66,,103.0,58.6
2007-04-05,7.725,96.1188,4.68,,103.0,58.6
2007-04-06,7.7248,96.2526,4.76,,103.0,58.6
2007-04-09,7.729,96.293,4.75,,103.0,58.6
2007-04-10,7.7304,96.1179,4.73,,103.0,58.6
2007-04-11,7.7317,96.0293,4.74,,103.0,58.6
2007-04-12,7.724,95.7999,4.74,,103.0,58.6
2007-04-13,7.7222,95.711,4.76,,103.0,58.6
2007-04-16,7.7283,95.5538,4.74,,103.0,58.6
2007-04-17,7.7288,95.3832,4.69,,103.0,58.6
2007-04-18,7.7208,95.3109,4.66,,103.0,58.6
2007-04-19,7.7125,95.2712,4.68,,103.0,58.6
2007-04-20,7.715,95.1692,4.68,,103.0,58.6
2007-04-23,7.728,95.1833,4.66,,103.0,58.6
2007-04-24,7.7345,95.1608,4.63,,103.0,58.6
2007-04-25,7.7203,94.8497,4.66,,103.0,58.6
2007-04-26,7.73,95.1653,4.69,,103.0,58.6
2007-04-27,7.7139,95.0103,4.71,,103.0,58.6
2007-04-30,7.709,94.8365,4.63,,103.0,58.6
2007-05-01,7.7065,95.0037,4.64,206.755,103.4,55.7
2007-05-02,7.7039,95.0352,4.65,,103.4,55.7
2007-05-03,7.705,95.0167,4.68,,103.4,55.7
2007-05-04,7.7035,94.9118,4.65,,103.4,55.7
2007-05-07,7.7039,94.6914,4.64,,103.4,55.7
2007-05-08,7.6951,94.8648,4.63,,103.4,55.7
2007-05-09,7.6941,94.7933,4.67,,103.4,55.7
2007-05-10,7.6936,94.9506,4.65,,103.4,55.7
2007-05-11,7.6835,95.0035,4.67,,103.4,55.7
2007-05-14,7.6719,94.8267,4.69,,103.4,55.7
2007-05-15,7.6938,94.5574,4.71,,103.4,55.7
2007-05-16,7.683,94.8143,4.71,,103.4,55.7
2007-05-17,7.673,94.8339,4.76,,103.4,55.7
2007-05-18,7.6636,94.6573,4.81,,103.4,55.7
2007-05-21,7.6656,94.7026,4.79,,103.4,55.7
2007-05-22,7.656,94.5753,4.83,,103.4,55.7
2007-05-23,7.649,94.4557,4.86,,103.4,55.7
2007-05-24,7.6525,94.7025,4.86,,103.4,55.7
2007-05-25,7.6527,94.5022,4.86,,103.4,55.7
2007-05-28,,94.4959,,,103.4,55.7
2007-05-29,7.6514,94.3533,4.88,,103.4,55.7
2007-05-30,7.6463,94.549,4.88,,103.4,55.7
2007-05-31,7.6516,94.3215,4.9,,103.4,55.7
2007-06-01,7.6483,94.132,4.95,207.234,104.4,54.5
2007-06-04,7.6503,93.9969,4.93,,104.4,54.5
2007-06-05,7.6397,93.9986,4.98,,104.4,54.5
2007-06-06,7.6377,94.1217,4.97,,104.4,54.5
2007-06-07,7.6525,94.3537,5.11,,104.4,54.5
2007-06-08,7.6666,94.7599,5.12,,104.4,54.5
2007-06-11,7.668,94.6576,5.14,,104.4,54.5
2007-06-12,7.6456,94.6991,5.26,,104.4,54.5
2007-06-13,7.637,94.9011,5.2,,104.4,54.5
2007-06-14,7.642,94.9029,5.23,,104.4,54.5
2007-06-15,7.6245,94.6228,5.16,,104.4,54.5
2007-06-18,7.6193,94.5475,5.15,,104.4,54.5
2007-06-19,7.6175,94.3227,5.09,,104.4,54.5
2007-06-20,7.618,94.3618,5.14,,104.4,54.5
2007-06-21,7.6208,94.6073,5.16,,104.4,54.5
2007-06-22,7.622,94.4371,5.14,,104.4,54.5
2007-06-25,7.6187,94.5105,5.09,,104.4,54.5
2007-06-26,7.6178,94.4678,5.1,,104.4,54.5
2007-06-27,7.621,94.5633,5.09,,104.4,54.5
2007-06-28,7.6198,94.2395,5.12,,104.4,54.5
2007-06-29,7.612,94.1393,5.03,,104.4,54.5
2007-07-01,,,,207.603,105.6,53.3
2007-07-02,7.6055,93.634,5.0,,105.6,53.3
2007-07-03,7.5948,93.697,5.05,,105.6,53.3
2007-07-04,,93.6965,,,105.6,53.3
2007-07-05,7.6,93.7653,5.16,,105.6,53.3
2007-07-06,7.6,93.5759,5.19,,105.6,53.3
2007-07-09,7.6055,93.5519,5.16,,105.6,53.3
2007-07-10,7.5855,93.3339,5.03,,105.6,53.3
2007-07-11,7.566,93.3089,5.09,,105.6,53.3
2007-07-12,7.569,93.1198,5.13,,105.6,53.3
2007-07-13,7.571,93.0133,5.11,,105.6,53.3
2007-07-16,7.566,92.9094,5.05,,105.6,53.3
2007-07-17,7.5651,92.9095,5.08,,105.6,53.3
2007-07-18,7.5655,92.7959,5.02,,105.6,53.3
2007-07-19,7.558,92.7332,5.04,,105.6,53.3
2007-07-20,7.5727,92.7179,4.96,,105.6,53.3
2007-07-23,7.5652,92.6585,4.97,,105.6,53.3
2007-07-24,7.566,92.505,4.94,,105.6,53.3
2007-07-25,7.5596,92.9189,4.92,,105.6,53.3
2007-07-26,7.568,93.1186,4.79,,105.6,53.3
2007-07-27,7.564,93.5485,4.8,,105.6,53.3
2007-07-30,7.57,93.5918,4.82,,105.6,53.3
2007-07-31,7.572,93.4264,4.78,,105.6,53.3
2007-08-01,7.567,93.4011,4.76,207.667,106.5,54.0
2007-08-02,7.5733,93.3038,4.77,,106.5,54.0
2007-08-03,7.567,93.1039,4.71,,106.5,54.0
2007-08-06,7.5608,93.1112,4.72,,106.5,54.0
2007-08-07,7.57,93.3171,4.77,,106.5,54.0
2007-08-08,7.5748,93.0989,4.84,,106.5,54.0
2007-08-09,7.5663,93.441,4.79,,106.5,54.0
2007-08-10,7.5698,93.5214,4.81,,106.5,54.0
2007-08-13,7.5835,93.6032,4.78,,106.5,54.0
2007-08-14,7.578,94.0416,4.73,,106.5,54.0
2007-08-15,7.585,94.5014,4.69,,106.5,54.0
2007-08-16,7.6181,94.9055,4.6,,106.5,54.0
2007-08-17,7.596,94.319,4.68,,106.5,54.0
2007-08-20,7.585,94.2138,4.64,,106.5,54.0
2007-08-21,7.594,94.2676,4.6,,106.5,54.0
2007-08-22,7.5937,94.0998,4.63,,106.5,54.0
2007-08-23,7.5867,93.9827,4.62,,106.5,54.0
2007-08-24,7.567,93.6863,4.63,,106.5,54.0
2007-08-27,7.5604,93.6109,4.6,,106.5,54.0
2007-08-28,7.5535,93.8394,4.53,,106.5,54.0
2007-08-29,7.549,93.7174,4.57,,106.5,54.0
2007-08-30,7.542,93.7324,4.51,,106.5,54.0
2007-08-31,7.5462,93.6674,4.54,,106.5,54.0
2007-09-01,,,,208.547,106.2,56.1
2007-09-03,7.5462,93.6691,,,106.2,56.1
2007-09-04,7.551,93.6433,4.56,,106.2,56.1
2007-09-05,7.554,93.5453,4.48,,106.2,56.1
2007-09-06,7.533,93.4468,4.51,,106.2,56.1
2007-09-07,7.537,93.2939,4.38,,106.2,56.1
2007-09-10,7.5235,93.2349,4.34,,106.2,56.1
2007-09-11,7.522,92.9244,4.37,,106.2,56.1
2007-09-12,7.521,92.6386,4.41,,106.2,56.1
2007-09-13,7.511,92.6172,4.49,,106.2,56.1
2007-09-14,7.517,92.7083,4.47,,106.2,56.1
2007-09-17,7.519,92.823,4.48,,106.2,56.1
2007-09-18,7.522,92.6584,4.5,,106.2,56.1
2007-09-19,7.5135,92.1534,4.53,,106.2,56.1
2007-09-20,7.5055,91.4212,4.69,,106.2,56.1
2007-09-21,7.5,91.4854,4.64,,106.2,56.1
2007-09-24,7.5075,91.4017,4.63,,106.2,56.1
2007-09-25,7.514,91.3392,4.63,,106.2,56.1
2007-09-26,7.516,91.4335,4.63,,106.2,56.1
2007-09-27,7.5135,91.3497,4.58,,106.2,56.1
2007-09-28,7.4928,90.9446,4.59,,106.2,56.1
2007-10-01,7.5158,90.8801,4.56,209.19,106.5,53.2
2007-10-02,7.5093,91.12,4.54,,106.5,53.2
2007-10-03,7.5,91.1038,4.55,,106.5,53.2
2007-10-04,7.5098,91.1632,4.54,,106.5,53.2
2007-10-05,7.5098,90.7393,4.65,,106.5,53.2
2007-10-08,7.5098,90.748,,,106.5,53.2
2007-10-09,7.5095,90.8609,4.67,,106.5,53.2
2007-10-10,7.5075,90.7154,4.65,,106.5,53.2
2007-10-11,7.508,90.4901,4.66,,106.5,53.2
2007-10-12,7.509,90.5945,4.7,,106.5,53.2
2007-10-15,7.513,90.5387,4.69,,106.5,53.2
2007-10-16,7.5116,90.7123,4.66,,106.5,53.2
2007-10-17,7.5156,90.515,4.57,,106.5,53.2
2007-10-18,7.5148,90.3084,4.52,,106.5,53.2
2007-10-19,7.508,90.1014,4.41,,106.5,53.2
2007-10-22,7.5075,90.6777,4.42,,106.5,53.2
2007-10-23,7.502,90.1899,4.41,,106.5,53.2
2007-10-24,7.4925,90.2262,4.36,,106.5,53.2
2007-10-25,7.48,89.9925,4.37,,106.5,53.2
2007-10-26,7.4976,89.6508,4.41,,106.5,53.2
2007-10-29,7.4728,89.4118,4.39,,106.5,53.2
2007-10-30,7.472,89.3252,4.4,,106.5,53.2
2007-10-31,7.4682,89.1389,4.48,,106.5,53.2
2007-11-01,7.4582,89.1628,4.36,210.834,106.9,55.4
2007-11-02,7.458,88.8924,4.31,,106.9,55.4
2007-11-05,7.455,88.8851,4.35,,106.9,55.4
2007-11-06,7.4515,88.4938,4.38,,106.9,55.4
2007-11-07,7.442,88.0631,4.34,,106.9,55.4
2007-11-08,7.4211,88.2631,4.28,,106.9,55.4
2007-11-09,7.419,88.4615,4.23,,106.9,55.4
2007-11-12,,88.465,,,106.9,55.4
2007-11-13,7.4279,89.1016,4.26,,106.9,55.4
2007-11-14,7.425,88.9671,4.28,,106.9,55.4
2007-11-15,7.425,89.4413,4.17,,106.9,55.4
2007-11-16,7.425,89.3182,4.15,,106.9,55.4
2007-11-19,7.4313,89.5262,4.07,,106.9,55.4
2007-11-20,7.4225,89.2622,4.06,,106.9,55.4
2007-11-21,7.416,89.3352,4.0,,106.9,55.4
2007-11-22,7.416,89.3269,,,106.9,55.4
2007-11-23,7.4079,89.2384,4.01,,106.9,55.4
2007-11-26,7.397,89.145,3.83,,106.9,55.4
2007-11-27,7.3865,89.4082,3.95,,106.9,55.4
2007-11-28,7.3905,89.4195,4.03,,106.9,55.4
2007-11-29,7.38,89.3681,3.94,,106.9,55.4
2007-11-30,7.385,89.6212,3.97,,106.9,55.4
2007-12-01,,,,211.445,106.5,55.3
2007-12-03,7.401,89.6403,3.89,,106.5,55.3
2007-12-04,7.405,89.6672,3.89,,106.5,55.3
2007-12-05,7.39,89.8751,3.92,,106.5,55.3
2007-12-06,7.412,89.9268,4.02,,106.5,55.3
2007-12-07,7.407,89.74,4.12,,106.5,55.3
2007-12-10,7.39,89.6811,4.15,,106.5,55.3
2007-12-11,7.379,89.7176,3.98,,106.5,55.3
2007-12-12,7.374,89.7349,4.05,,106.5,55.3
2007-12-13,7.37,90.1374,4.18,,106.5,55.3
2007-12-14,7.375,90.4345,4.24,,106.5,55.3
2007-12-17,7.3805,90.5363,4.2,,106.5,55.3
2007-12-18,7.3741,90.5602,4.14,,106.5,55.3
2007-12-19,7.3718,90.6147,4.06,,106.5,55.3
2007-12-20,7.3669,90.4695,4.04,,106.5,55.3
2007-12-21,7.368,90.3672,4.18,,106.5,55.3
2007-12-24,7.3475,90.1788,4.23,,106.5,55.3
2007-12-25,,90.1786,,,106.5,55.3
2007-12-26,7.345,89.9226,4.3,,106.5,55.3
2007-12-27,7.3079,89.684,4.21,,106.5,55.3
2007-12-28,7.304,89.4069,4.11,,106.5,55.3
2007-12-31,7.2946,89.6304,4.04,,106.5,55.3
2008-01-01,,89.6297,,212.174,107.1,53.0
2008-01-02,7.2946,89.3514,3.91,,107.1,53.0
2008-01-03,7.2755,89.231,3.91,,107.1,53.0
2008-01-04,7.2695,89.2467,3.88,,107.1,53.0
2008-01-07,7.2705,89.5718,3.86,,107.1,53.0
2008-01-08,7.267,89.3398,3.86,,107.1,53.0
2008-01-09,7.2625,89.6807,3.82,,107.1,53.0
2008-01-10,7.27,89.6226,3.91,,107.1,53.0
2008-01-11,7.2615,89.5215,3.82,,107.1,53.0
2008-01-14,7.2526,89.2749,3.81,,107.1,53.0
2008-01-15,7.2345,89.1555,3.72,,107.1,53.0
2008-01-16,7.24,89.6701,3.74,,107.1,53.0
2008-01-17,7.2245,89.6484,3.66,,107.1,53.0
2008-01-18,7.2424,89.8993,3.66,,107.1,53.0
2008-01-21,,89.9265,,,107.1,53.0
2008-01-22,7.2456,89.84,3.52,,107.1,53.0
2008-01-23,7.24,89.9138,3.51,,107.1,53.0
2008-01-24,7.2228,89.203,3.68,,107.1,53.0
2008-01-25,7.2115,89.2184,3.61,,107.1,53.0
2008-01-28,7.195,88.9555,3.61,,107.1,53.0
2008-01-29,7.1965,88.8342,3.69,,107.1,53.0
2008-01-30,7.1912,88.7442,3.78,,107.1,53.0
2008-01-31,7.1818,88.6547,3.67,,107.1,53.0
2008-02-01,7.1845,88.4824,3.62,212.687,108.7,53.4
2008-02-04,7.1915,88.4788,3.68,,108.7,53.4
2008-02-05,7.1835,89.076,3.61,,108.7,53.4
2008-02-06,7.183,88.9987,3.61,,108.7,53.4
2008-02-07,7.183,89.4221,3.74,,108.7,53.4
2008-02-08,7.183,89.2226,3.64,,108.7,53.4
2008-02-11,7.1905,89.2149,3.62,,108.7,53.4
2008-02-12,7.184,88.9539,3.66,,108.7,53.4
2008-02-13,7.1973,89.1382,3.7,,108.7,53.4
2008-02-14,7.188,88.9055,3.85,,108.7,53.4
2008-02-15,7.178,88.9006,3.76,,108.7,53.4
2008-02-18,,88.9004,,,108.7,53.4
2008-02-19,7.1485,88.9626,3.89,,108.7,53.4
2008-02-20,7.1425,89.2572,3.93,,108.7,53.4
2008-02-21,7.1395,88.716,3.77,,108.7,53.4
2008-02-22,7.14,88.7082,3.79,,108.7,53.4
2008-02-25,7.1522,88.5373,3.91,,108.7,53.4
2008-02-26,7.158,88.0998,3.88,,108.7,53.4
2008-02-27,7.14,87.3353,3.85,,108.7,53.4
2008-02-28,7.11,87.0363,3.71,,108.7,53.4
2008-02-29,7.1115,87.1654,3.53,,108.7,53.4
2008-03-01,,,,213.448,108.3,58.4
2008-03-03,7.1035,87.2381,3.54,,108.3,58.4
2008-03-04,7.106,87.3039,3.63,,108.3,58.4
2008-03-05,7.1075,87.1347,3.7,,108.3,58.4
2008-03-06,7.1059,86.9105,3.62,,108.3,58.4
2008-03-07,7.111,87.1258,3.56,,108.3,58.4
2008-03-10,7.106,87.1452,3.46,,108.3,58.4
2008-03-11,7.1027,87.1763,3.6,,108.3,58.4
2008-03-12,7.101,86.728,3.49,,108.3,58.4
2008-03-13,7.09,86.3891,3.56,,108.3,58.4
2008-03-14,7.089,86.4301,3.44,,108.3,58.4
2008-03-17,7.083,86.3417,3.34,,108.3,58.4
2008-03-18,7.0795,86.1191,3.48,,108.3,58.4
2008-03-19,7.066,86.5755,3.38,,108.3,58.4
2008-03-20,7.052,87.3293,3.34,,108.3,58.4
2008-03-21,7.0515,87.2111,,,108.3,58.4
2008-03-24,7.055,87.3103,3.56,,108.3,58.4
2008-03-25,7.044,86.8339,3.51,,108.3,58.4
2008-03-26,7.029,86.5513,3.51,,108.3,58.4
2008-03-27,7.0105,86.4583,3.56,,108.3,58.4
2008-03-28,7.012,86.6369,3.47,,108.3,58.4
2008-03-31,7.012,86.6881,3.45,,108.3,58.4
2008-04-01,7.0116,87.0276,3.57,213.942,108.5,59.2
2008-04-02,7.0185,86.8886,3.6,,108.5,59.2
2008-04-03,7.015,86.6424,3.61,,108.5,59.2
2008-04-04,7.015,86.5108,3.5,,108.5,59.2
2008-04-07,7.001,86.603,3.57,,108.5,59.2
2008-04-08,7.0008,86.7369,3.58,,108.5,59.2
2008-04-09,7.0017,86.5764,3.49,,108.5,59.2
2008-04-10,6.991,86.5131,3.55,,108.5,59.2
2008-04-11,7.006,86.5029,3.49,,108.5,59.2
2008-04-14,6.999,86.3492,3.53,,108.5,59.2
2008-04-15,6.9945,86.4705,3.6,,108.5,59.2
2008-04-16,6.992,85.9037,3.72,,108.5,59.2
2008-04-17,6.984,86.1077,3.75,,108.5,59.2
2008-04-18,7.0065,86.5277,3.77,,108.5,59.2
2008-04-21,6.9996,86.2979,3.75,,108.5,59.2
2008-04-22,6.989,85.927,3.74,,108.5,59.2
2008-04-23,6.9895,86.3841,3.77,,108.5,59.2
2008-04-24,6.9955,86.7154,3.87,,108.5,59.2
2008-04-25,7.0095,86.8337,3.91,,108.5,59.2
2008-04-28,7.002,86.7635,3.86,,108.5,59.2
2008-04-29,6.9845,86.873,3.85,,108.5,59.2
2008-04-30,6.987,86.8907,3.77,,108.5,59.2
2008-05-01,6.9876,87.1347,3.78,215.208,107.7,53.3
2008-05-02,6.987,87.2311,3.89,,107.7,53.3
2008-05-05,6.9815,87.0636,3.88,,107.7,53.3
2008-05-06,6.986,86.847,3.93,,107.7,53.3
2008-05-07,6.986,87.3421,3.87,,107.7,53.3
2008-05-08,7.0,87.4575,3.79,,107.7,53.3
2008-05-09,6.9876,87.2528,3.77,,107.7,53.3
2008-05-12,6.9881,87.0403,3.78,,107.7,53.3
2008-05-13,6.9889,87.1332,3.9,,107.7,53.3
2008-05-14,6.999,87.3659,3.92,,107.7,53.3
2008-05-15,6.9943,87.1823,3.83,,107.7,53.3
2008-05-16,6.988,86.7855,3.85,,107.7,53.3
2008-05-19,6.97,86.8225,3.83,,107.7,53.3
2008-05-20,6.9725,86.5627,3.78,,107.7,53.3
2008-05-21,6.9592,86.1595,3.81,,107.7,53.3
2008-05-22,6.942,86.3223,3.92,,107.7,53.3
2008-05-23,6.9412,86.1922,3.85,,107.7,53.3
2008-05-26,,86.19,,,107.7,53.3
2008-05-27,6.945,86.4459,3.93,,107.7,53.3
2008-05-28,6.9408,86.4951,4.03,,107.7,53.3
2008-05-29,6.9377,86.5616,4.08,,107.7,53.3
2008-05-30,6.94,86.5504,4.06,,107.7,53.3
2008-06-01,,,,217.463,107.1,52.0
2008-06-02,6.9325,86.6321,3.98,,107.1,52.0
2008-06-03,6.9341,86.8359,3.92,,107.1,52.0
2008-06-04,6.9633,87.0999,3.98,,107.1,52.0
2008-06-05,6.946,87.0968,4.06,,107.1,52.0
2008-06-06,6.923,86.8028,3.94,,107.1,52.0
2008-06-09,6.923,86.9096,4.02,,107.1,52.0
2008-06-10,6.9248,87.4705,4.11,,107.1,52.0
2008-06-11,6.9095,87.2059,4.1,,107.1,52.0
2008-06-12,6.907,87.6187,4.23,,107.1,52.0
2008-06-13,6.9044,87.7622,4.27,,107.1,52.0
2008-06-16,6.8911,87.3911,4.25,,107.1,52.0
2008-06-17,6.8954,87.2103,4.23,,107.1,52.0
2008-06-18,6.8821,87.1872,4.16,,107.1,52.0
2008-06-19,6.877,87.0815,4.22,,107.1,52.0
2008-06-20,6.8796,86.9036,4.16,,107.1,52.0
2008-06-23,6.874,87.2163,4.19,,107.1,52.0
2008-06-24,6.8699,86.9666,4.1,,107.1,52.0
2008-06-25,6.8653,87.0535,4.12,,107.1,52.0
2008-06-26,6.863,86.6793,4.07,,107.1,52.0
2008-06-27,6.8618,86.643,3.99,,107.1,52.0
2008-06-30,6.8591,86.7621,3.99,,107.1,52.0
2008-07-01,6.8608,86.8447,4.01,219.016,106.3,48.4
2008-07-02,6.8542,86.4782,3.99,,106.3,48.4
2008-07-03,6.8529,86.8843,3.99,,106.3,48.4
2008-07-04,,86.8781,,,106.3,48.4
2008-07-07,6.8567,86.9617,3.95,,106.3,48.4
2008-07-08,6.851,86.9778,3.91,,106.3,48.4
2008-07-09,6.8632,86.5335,3.85,,106.3,48.4
2008-07-10,6.843,86.5122,3.83,,106.3,48.4
2008-07-11,6.8338,86.221,3.96,,106.3,48.4
2008-07-14,6.845,86.1079,3.9,,106.3,48.4
2008-07-15,6.8211,85.8731,3.87,,106.3,48.4
2008-07-16,6.8104,85.9285,3.97,,106.3,48.4
2008-07-17,6.8189,85.9387,4.07,,106.3,48.4
2008-07-18,6.8168,86.0735,4.11,,106.3,48.4
2008-07-21,6.8271,86.0151,4.09,,106.3,48.4
2008-07-22,6.8248,86.1909,4.14,,106.3,48.4
2008-07-23,6.8279,86.2664,4.16,,106.3,48.4
2008-07-24,6.8292,86.4017,4.03,,106.3,48.4
2008-07-25,6.8189,86.3916,4.13,,106.3,48.4
2008-07-28,6.8332,86.4666,4.06,,106.3,48.4
2008-07-29,6.8264,86.8175,4.09,,106.3,48.4
2008-07-30,6.8272,86.8167,4.07,,106.3,48.4
2008-07-31,6.8388,86.8567,3.99,,106.3,48.4
2008-08-01,6.8423,86.8257,3.97,218.69,104.9,48.4
2008-08-04,6.8471,87.0611,3.98,,104.9,48.4
2008-08-05,6.8501,87.3281,4.04,,104.9,48.4
2008-08-06,6.8482,87.6004,4.06,,104.9,48.4
2008-08-07,6.8555,87.8732,3.92,,104.9,48.4
2008-08-08,6.8604,88.8939,3.94,,104.9,48.4
2008-08-11,6.8577,89.035,3.99,,104.9,48.4
2008-08-12,6.8659,89.1916,3.91,,104.9,48.4
2008-08-13,6.8601,89.3211,3.94,,104.9,48.4
2008-08-14,6.86,89.3675,3.89,,104.9,48.4
2008-08-15,6.8649,89.7244,3.84,,104.9,48.4
2008-08-18,6.8705,89.5966,3.82,,104.9,48.4
2008-08-19,6.8599,89.6465,3.83,,104.9,48.4
2008-08-20,6.8529,89.6977,3.79,,104.9,48.4
2008-08-21,6.8405,88.9128,3.84,,104.9,48.4
2008-08-22,6.8333,89.2381,3.87,,104.9,48.4
2008-08-25,6.848,89.3094,3.79,,104.9,48.4
2008-08-26,6.78,89.7007,3.79,,104.9,48.4
2008-08-27,6.807,89.6419,3.77,,104.9,48.4
2008-08-28,6.8405,89.8225,3.79,,104.9,48.4
2008-08-29,6.8252,90.0567,3.83,,104.9,48.4
2008-09-01,,90.08,,218.877,104.6,51.2
2008-09-02,6.8215,90.8438,3.74,,104.6,51.2
2008-09-03,6.8429,90.8286,3.71,,104.6,51.2
2008-09-04,6.851,91.1621,3.64,,104.6,51.2
2008-09-05,6.84,91.341,3.66,,104.6,51.2
2008-09-08,6.8438,91.663,3.66,,104.6,51.2
2008-09-09,6.8381,91.5779,3.62,,104.6,51.2
2008-09-10,6.835,92.1283,3.65,,104.6,51.2
2008-09-11,6.8465,92.4901,3.64,,104.6,51.2
2008-09-12,6.781,91.4706,3.74,,104.6,51.2
2008-09-15,6.8482,91.757,3.47,,104.6,51.2
2008-09-16,6.8391,92.0594,3.48,,104.6,51.2
2008-09-17,6.829,92.0982,3.41,,104.6,51.2
2008-09-18,6.8375,91.7111,3.54,,104.6,51.2
2008-09-19,6.8355,91.0014,3.78,,104.6,51.2
2008-09-22,6.8306,90.1119,3.83,,104.6,51.2
2008-09-23,6.8114,90.1221,3.85,,104.6,51.2
2008-09-24,6.8233,90.4602,3.8,,104.6,51.2
2008-09-25,6.815,90.4651,3.88,,104.6,51.2
2008-09-26,6.8431,90.6872,3.85,,104.6,51.2
2008-09-29,6.8431,91.3961,3.61,,104.6,51.2
2008-09-30,6.7899,92.3773,3.85,,104.6,51.2
2008-10-01,6.8485,92.511,3.77,216.995,104.0,44.6
2008-10-02,6.842,93.3792,3.66,,104.0,44.6
2008-10-03,6.8431,93.5414,3.63,,104.0,44.6
2008-10-06,6.842,95.1629,3.48,,104.0,44.6
2008-10-07,6.8171,95.4889,3.5,,104.0,44.6
2008-10-08,6.8171,96.9684,3.72,,104.0,44.6
2008-10-09,6.8202,96.5143,3.84,,104.0,44.6
2008-10-10,6.8357,97.999,3.89,,104.0,44.6
2008-10-13,,97.9686,,,104.0,44.6
2008-10-14,6.8339,96.2544,4.08,,104.0,44.6
2008-10-15,6.835,97.2045,4.04,,104.0,44.6
2008-10-16,6.8332,98.368,3.99,,104.0,44.6
2008-10-17,6.8332,97.7255,3.98,,104.0,44.6
2008-10-20,6.8299,98.1605,3.91,,104.0,44.6
2008-10-21,6.8337,99.4242,3.76,,104.0,44.6
2008-10-22,6.8341,101.2131,3.65,,104.0,44.6
2008-10-23,6.8354,101.1071,3.63,,104.0,44.6
2008-10-24,6.8432,101.8442,3.76,,104.0,44.6
2008-10-27,6.8521,102.3415,3.79,,104.0,44.6
2008-10-28,6.8385,102.4236,3.89,,104.0,44.6
2008-10-29,6.839,100.0967,3.93,,104.0,44.6
2008-10-30,6.8408,99.4568,4.0,,104.0,44.6
2008-10-31,6.8388,99.7662,4.01,,104.0,44.6
2008-11-01,,,,213.153,102.4,38.8
2008-11-03,6.8373,99.4345,3.96,,102.4,38.8
2008-11-04,6.836,97.9957,3.81,,102.4,38.8
2008-11-05,6.8285,98.0953,3.73,,102.4,38.8
2008-11-06,6.8245,99.5364,3.75,,102.4,38.8
2008-11-07,6.8255,99.3944,3.83,,102.4,38.8
2008-11-10,6.8267,99.5897,3.82,,102.4,38.8
2008-11-11,,99.6041,,,102.4,38.8
2008-11-12,6.8293,101.1947,3.75,,102.4,38.8
2008-11-13,6.8291,101.774,3.84,,102.4,38.8
2008-11-14,6.8236,100.9705,3.72,,102.4,38.8
2008-11-17,6.8264,101.1029,3.68,,102.4,38.8
2008-11-18,6.8239,101.3965,3.53,,102.4,38.8
2008-11-19,6.8295,101.8804,3.38,,102.4,38.8
2008-11-20,6.834,103.2737,3.1,,102.4,38.8
2008-11-21,6.8302,103.6289,3.2,,102.4,38.8
2008-11-24,6.8249,101.502,3.35,,102.4,38.8
2008-11-25,6.822,100.7997,3.11,,102.4,38.8
2008-11-26,6.8282,101.2566,2.99,,102.4,38.8
2008-11-27,,101.2564,,,102.4,38.8
2008-11-28,6.8254,101.6468,2.93,,102.4,38.8
2008-12-01,6.8842,102.1744,2.72,211.398,101.2,41.2
2008-12-02,6.8786,101.9891,2.68,,101.2,41.2
2008-12-03,6.8746,102.4251,2.67,,101.2,41.2
2008-12-04,6.8817,102.0715,2.55,,101.2,41.2
2008-12-05,6.8812,103.4902,2.67,,101.2,41.2
2008-12-08,6.877,101.7227,2.77,,101.2,41.2
2008-12-09,6.873,101.7346,2.67,,101.2,41.2
2008-12-10,6.864,101.2913,2.69,,101.2,41.2
2008-12-11,6.8513,99.5101,2.64,,101.2,41.2
2008-12-12,6.842,100.319,2.6,,101.2,41.2
2008-12-15,6.848,99.1001,2.53,,101.2,41.2
2008-12-16,6.8448,98.4771,2.37,,101.2,41.2
2008-12-17,6.835,96.8227,2.2,,101.2,41.2
2008-12-18,6.8341,96.8447,2.08,,101.2,41.2
2008-12-19,6.844,98.1278,2.13,,101.2,41.2
2008-12-22,6.851,98.1643,2.16,,101.2,41.2
2008-12-23,6.848,98.2698,2.18,,101.2,41.2
2008-12-24,6.8355,98.2249,2.2,,101.2,41.2
2008-12-25,,98.2419,,,101.2,41.2
2008-12-26,6.8409,98.2594,2.16,,101.2,41.2
2008-12-29,6.8447,97.9359,2.13,,101.2,41.2
2008-12-30,6.8295,98.3833,2.11,,101.2,41.2
2008-12-31,6.8225,98.6518,2.25,,101.2,41.2
2009-01-01,,,,211.933,101.0,45.3
2009-01-02,6.8225,98.6008,2.46,,101.0,45.3
2009-01-05,6.83,98.9195,2.49,,101.0,45.3
2009-01-06,6.836,98.7871,2.51,,101.0,45.3
2009-01-07,6.833,98.089,2.52,,101.0,45.3
2009-01-08,6.8342,98.3223,2.47,,101.0,45.3
2009-01-09,6.835,98.8752,2.43,,101.0,45.3
2009-01-12,6.8362,99.6022,2.34,,101.0,45.3
2009-01-13,6.8341,100.3597,2.33,,101.0,45.3
2009-01-14,6.8347,100.7546,2.24,,101.0,45.3
2009-01-15,6.8363,101.4653,2.23,,101.0,45.3
2009-01-16,6.8369,100.711,2.36,,101.0,45.3
2009-01-19,,,,,101.0,45.3
2009-01-20,6.8403,,2.4,,101.0,45.3
2009-01-21,6.8392,102.1007,2.56,,101.0,45.3
2009-01-22,6.837,101.8432,2.62,,101.0,45.3
2009-01-23,6.8392,102.1096,2.65,,101.0,45.3
2009-01-26,6.8392,100.9764,2.7,,101.0,45.3
2009-01-27,6.8392,101.1702,2.59,,101.0,45.3
2009-01-28,6.8392,100.5461,2.71,,101.0,45.3
2009-01-29,6.8392,101.3398,2.87,,101.0,45.3
2009-01-30,6.8392,102.1169,2.87,,101.0,45.3
2009-02-01,,,,212.705,98.4,49.0
2009-02-02,6.847,102.5067,2.76,,98.4,49.0
2009-02-03,6.8399,101.8506,2.89,,98.4,49.0
2009-02-04,6.8335,101.9056,2.95,,98.4,49.0
2009-02-05,6.8355,101.9517,2.95,,98.4,49.0
2009-02-06,6.8338,101.7455,3.05,,98.4,49.0
2009-02-09,6.8392,100.9637,3.07,,98.4,49.0
2009-02-10,6.8241,101.7094,2.9,,98.4,49.0
2009-02-11,6.8332,102.24,2.78,,98.4,49.0
2009-02-12,6.8345,102.598,2.75,,98.4,49.0
2009-02-13,6.8392,102.2958,2.89,,98.4,49.0
2009-02-16,,,,,98.4,49.0
2009-02-17,6.8355,103.7625,2.64,,98.4,49.0
2009-02-18,6.8378,104.0385,2.74,,98.4,49.0
2009-02-19,6.8348,103.7656,2.85,,98.4,49.0
2009-02-20,6.8367,104.0244,2.78,,98.4,49.0
2009-02-23,6.8355,103.7416,2.78,,98.4,49.0
2009-02-24,6.8368,103.9829,2.8,,98.4,49.0
2009-02-25,6.8369,104.3086,2.95,,98.4,49.0
2009-02-26,6.8361,104.1813,2.98,,98.4,49.0
2009-02-27,6.8395,104.9284,3.02,,98.4,49.0
2009-03-01,,,,212.495,98.8,52.4
2009-03-02,6.8438,105.9617,2.91,,98.8,52.4
2009-03-03,6.8413,106.0249,2.93,,98.8,52.4
2009-03-04,6.8432,105.4558,3.01,,98.8,52.4
2009-03-05,6.8406,105.8064,2.83,,98.8,52.4
2009-03-06,6.8395,105.3937,2.83,,98.8,52.4
2009-03-09,6.8398,106.0182,2.89,,98.8,52.4
2009-03-10,6.841,105.1153,2.99,,98.8,52.4
2009-03-11,6.8399,104.8499,2.95,,98.8,52.4
2009-03-12,6.8383,104.89,2.89,,98.8,52.4
2009-03-13,6.838,104.1106,2.89,,98.8,52.4
2009-03-16,6.8381,103.2005,2.97,,98.8,52.4
2009-03-17,6.8369,103.2305,3.02,,98.8,52.4
2009-03-18,6.8347,103.0005,2.51,,98.8,52.4
2009-03-19,6.824,100.3951,2.61,,98.8,52.4
2009-03-20,6.8277,101.0581,2.65,,98.8,52.4
2009-03-23,6.8335,101.103,2.68,,98.8,52.4
2009-03-24,6.8294,101.0319,2.68,,98.8,52.4
2009-03-25,6.8304,100.9674,2.81,,98.8,52.4
2009-03-26,6.832,101.097,2.76,,98.8,52.4
2009-03-27,6.831,101.8388,2.78,,98.8,52.4
2009-03-30,6.836,102.749,2.73,,98.8,52.4
2009-03-31,6.8329,102.3761,2.71,,98.8,52.4
2009-04-01,6.8339,102.1252,2.68,212.709,98.5,53.5
2009-04-02,6.834,100.8733,2.77,,98.5,53.5
2009-04-03,6.8343,100.6429,2.91,,98.5,53.5
2009-04-06,6.8343,100.9428,2.95,,98.5,53.5
2009-04-07,6.8361,100.9808,2.93,,98.5,53.5
2009-04-08,6.835,100.8948,2.86,,98.5,53.5
2009-04-09,6.834,100.7988,2.96,,98.5,53.5
2009-04-10,6.8333,100.7597,,,98.5,53.5
2009-04-13,6.8347,100.1369,2.88,,98.5,53.5
2009-04-14,6.832,99.9097,2.8,,98.5,53.5
2009-04-15,6.8321,100.1497,2.82,,98.5,53.5
2009-04-16,6.8316,100.0517,2.86,,98.5,53.5
2009-04-17,6.8325,100.5719,2.98,,98.5,53.5
2009-04-20,6.8331,101.448,2.88,,98.5,53.5
2009-04-21,6.8254,101.1794,2.94,,98.5,53.5
2009-04-22,6.8296,101.1142,2.98,,98.5,53.5
2009-04-23,6.8265,101.0065,2.96,,98.5,53.5
2009-04-24,6.825,100.0244,3.03,,98.5,53.5
2009-04-27,6.827,100.7258,2.95,,98.5,53.5
2009-04-28,6.8266,101.3145,3.05,,98.5,53.5
2009-04-29,6.8243,100.0009,3.12,,98.5,53.5
2009-04-30,6.818,100.1042,3.16,,98.5,53.5
2009-05-01,6.818,100.0057,3.21,213.022,98.6,53.1
2009-05-04,6.8223,99.134,3.19,,98.6,53.1
2009-05-05,6.8185,98.8529,3.2,,98.6,53.1
2009-05-06,6.8176,98.9044,3.18,,98.6,53.1
2009-05-07,6.8215,98.552,3.29,,98.6,53.1
2009-05-08,6.82,98.1269,3.29,,98.6,53.1
2009-05-11,6.823,97.747,3.17,,98.6,53.1
2009-05-12,6.821,97.8269,3.17,,98.6,53.1
2009-05-13,6.822,98.0276,3.11,,98.6,53.1
2009-05-14,6.8248,98.1271,3.1,,98.6,53.1
2009-05-15,6.8225,98.1063,3.14,,98.6,53.1
2009-05-18,6.8265,97.9412,3.22,,98.6,53.1
2009-05-19,6.8245,97.2827,3.25,,98.6,53.1
2009-05-20,6.8248,96.5707,3.19,,98.6,53.1
2009-05-21,6.8245,96.6039,3.35,,98.6,53.1
2009-05-22,6.8227,95.8788,3.45,,98.6,53.1
2009-05-25,,,,,98.6,53.1
2009-05-26,6.8326,95.988,3.5,,98.6,53.1
2009-05-27,6.8272,95.9622,3.71,,98.6,53.1
2009-05-28,6.8278,96.1313,3.67,,98.6,53.1
2009-05-29,6.8278,95.268,3.47,,98.6,53.1
2009-06-01,6.8264,94.8107,3.71,214.79,98.3,53.2
2009-06-02,6.8305,94.6556,3.65,,98.3,53.2
2009-06-03,6.829,95.0751,3.56,,98.3,53.2
2009-06-04,6.8331,95.2922,3.72,,98.3,53.2
2009-06-05,6.8329,96.0412,3.84,,98.3,53.2
2009-06-08,6.8371,96.6548,3.91,,98.3,53.2
2009-06-09,6.8353,95.9537,3.86,,98.3,53.2
2009-06-10,6.833,96.1277,3.98,,98.3,53.2
2009-06-11,6.8358,95.4993,3.88,,98.3,53.2
2009-06-12,6.8352,95.836,3.81,,98.3,53.2
2009-06-15,6.8361,96.7519,3.76,,98.3,53.2
2009-06-16,6.8338,96.2616,3.67,,98.3,53.2
2009-06-17,6.8364,96.64,3.68,,98.3,53.2
2009-06-18,6.8344,96.1482,3.86,,98.3,53.2
2009-06-19,6.836,96.0325,3.79,,98.3,53.2
2009-06-22,6.834,96.8818,3.72,,98.3,53.2
2009-06-23,6.8346,96.5196,3.65,,98.3,53.2
2009-06-24,6.8307,96.2369,3.72,,98.3,53.2
2009-06-25,6.8344,96.7072,3.55,,98.3,53.2
2009-06-26,6.833,96.1935,3.52,,98.3,53.2
2009-06-29,6.8334,96.242,3.51,,98.3,53.2
2009-06-30,6.8302,96.3761,3.53,,98.3,53.2
2009-07-01,6.8331,95.6581,3.55,214.726,98.2,53.3
2009-07-02,6.8312,96.3216,3.51,,98.2,53.3
2009-07-03,6.832,,,,98.2,53.3
2009-07-06,6.8342,96.6174,3.52,,98.2,53.3
2009-07-07,6.8326,96.6321,3.47,,98.2,53.3
2009-07-08,6.8323,97.0204,3.33,,98.2,53.3
2009-07-09,6.8317,96.6219,3.44,,98.2,53.3
2009-07-10,6.8325,97.0819,3.32,,98.2,53.3
2009-07-13,6.8326,96.9995,3.38,,98.2,53.3
2009-07-14,6.833,96.6599,3.5,,98.2,53.3
2009-07-15,6.8315,95.8004,3.63,,98.2,53.3
2009-07-16,6.831,95.7241,3.59,,98.2,53.3
2009-07-17,6.8309,95.6036,3.67,,98.2,53.3
2009-07-20,6.8303,95.0903,3.61,,98.2,53.3
2009-07-21,6.83,95.0564,3.5,,98.2,53.3
2009-07-22,6.8305,94.8659,3.58,,98.2,53.3
2009-07-23,6.8308,94.532,3.72,,98.2,53.3
2009-07-24,6.8313,94.7046,3.7,,98.2,53.3
2009-07-27,6.8312,94.6659,3.75,,98.2,53.3
2009-07-28,6.8308,94.5592,3.72,,98.2,53.3
2009-07-29,6.8314,95.1678,3.69,,98.2,53.3
2009-07-30,6.8321,94.8967,3.67,,98.2,53.3
2009-07-31,6.8319,94.2526,3.52,,98.2,53.3
2009-08-01,,,,215.445,98.8,54.0
2009-08-03,6.8308,93.6331,3.66,,98.8,54.0
2009-08-04,6.8302,93.7281,3.7,,98.8,54.0
2009-08-05,6.8307,93.7848,3.8,,98.8,54.0
2009-08-06,6.8312,93.9358,3.79,,98.8,54.0
2009-08-07,6.8316,94.4692,3.89,,98.8,54.0
2009-08-10,6.8341,94.6087,3.8,,98.8,54.0
2009-08-11,6.8349,94.8678,3.71,,98.8,54.0
2009-08-12,6.8349,94.5394,3.72,,98.8,54.0
2009-08-13,6.8336,94.2392,3.59,,98.8,54.0
2009-08-14,6.8341,94.475,3.55,,98.8,54.0
2009-08-17,6.8358,95.1024,3.48,,98.8,54.0
2009-08-18,6.8337,95.1118,3.51,,98.8,54.0
2009-08-19,6.834,94.4084,3.45,,98.8,54.0
2009-08-20,6.8317,94.3492,3.42,,98.8,54.0
2009-08-21,6.8313,94.0103,3.56,,98.8,54.0
2009-08-24,6.8308,93.9345,3.48,,98.8,54.0
2009-08-25,6.8318,93.9066,3.45,,98.8,54.0
2009-08-26,6.8309,94.8662,3.44,,98.8,54.0
2009-08-27,6.8316,94.7943,3.47,,98.8,54.0
2009-08-28,6.83,94.4489,3.46,,98.8,54.0
2009-08-31,6.8299,94.6202,3.4,,98.8,54.0
2009-09-01,6.8295,95.2201,3.38,215.861,99.2,54.3
2009-09-02,6.8303,95.1575,3.29,,99.2,54.3
2009-09-03,6.8298,94.959,3.33,,99.2,54.3
2009-09-04,6.8293,94.5811,3.45,,99.2,54.3
2009-09-07,,,,,99.2,54.3
2009-09-08,6.827,93.7323,3.47,,99.2,54.3
2009-09-09,6.8286,93.6915,3.48,,99.2,54.3
2009-09-10,6.8291,93.6947,3.36,,99.2,54.3
2009-09-11,6.828,93.3225,3.34,,99.2,54.3
2009-09-14,6.8282,93.6196,3.42,,99.2,54.3
2009-09-15,6.8289,93.4427,3.47,,99.2,54.3
2009-09-16,6.8247,92.9072,3.48,,99.2,54.3
2009-09-17,6.8262,92.8287,3.42,,99.2,54.3
2009-09-18,6.827,93.1233,3.49,,99.2,54.3
2009-09-21,6.8287,93.3547,3.49,,99.2,54.3
2009-09-22,6.8268,92.8664,3.46,,99.2,54.3
2009-09-23,6.8254,92.979,3.44,,99.2,54.3
2009-09-24,6.8263,93.4708,3.4,,99.2,54.3
2009-09-25,6.8273,93.5535,3.34,,99.2,54.3
2009-09-28,6.8265,93.4669,3.31,,99.2,54.3
2009-09-29,6.8273,93.7776,3.31,,99.2,54.3
2009-09-30,6.8262,93.1907,3.31,,99.2,54.3
2009-10-01,6.826,93.5995,3.21,216.509,99.5,55.2
2009-10-02,6.826,93.6756,3.24,,99.5,55.2
2009-10-05,6.826,93.3356,3.24,,99.5,55.2
2009-10-06,6.826,92.619,3.27,,99.5,55.2
2009-10-07,6.826,92.794,3.21,,99.5,55.2
2009-10-08,6.826,92.2074,3.27,,99.5,55.2
2009-10-09,6.8248,92.2984,3.4,,99.5,55.2
2009-10-12,,,,,99.5,55.2
2009-10-13,6.8264,91.8273,3.34,,99.5,55.2
2009-10-14,6.8261,91.5047,3.45,,99.5,55.2
2009-10-15,6.827,91.4367,3.49,,99.5,55.2
2009-10-16,6.8266,91.6541,3.43,,99.5,55.2
2009-10-19,6.8266,91.4406,3.41,,99.5,55.2
2009-10-20,6.8254,91.801,3.35,,99.5,55.2
2009-10-21,6.8272,91.3805,3.42,,99.5,55.2
2009-10-22,6.8287,91.6075,3.44,,99.5,55.2
2009-10-23,6.828,91.7331,3.51,,99.5,55.2
2009-10-26,6.8278,92.0998,3.59,,99.5,55.2
2009-10-27,6.8292,92.5335,3.49,,99.5,55.2
2009-10-28,6.827,92.8152,3.44,,99.5,55.2
2009-10-29,6.8269,92.4708,3.53,,99.5,55.2
2009-10-30,6.8264,92.6207,3.41,,99.5,55.2
2009-11-01,,,,217.234,100.6,55.2
2009-11-02,6.8268,92.4501,3.45,,100.6,55.2
2009-11-03,6.8278,92.9037,3.5,,100.6,55.2
2009-11-04,6.8265,92.3725,3.57,,100.6,55.2
2009-11-05,6.8269,92.3437,3.57,,100.6,55.2
2009-11-06,6.8266,92.3848,3.54,,100.6,55.2
2009-11-09,6.8261,91.6861,3.52,,100.6,55.2
2009-11-10,6.8255,91.6659,3.5,,100.6,55.2
2009-11-11,,,,,100.6,55.2
2009-11-12,6.8267,91.9461,3.45,,100.6,55.2
2009-11-13,6.826,91.5754,3.43,,100.6,55.2
2009-11-16,6.8263,91.194,3.33,,100.6,55.2
2009-11-17,6.826,91.7419,3.33,,100.6,55.2
2009-11-18,6.8269,91.249,3.36,,100.6,55.2
2009-11-19,6.8283,91.7827,3.35,,100.6,55.2
2009-11-20,6.8277,91.9906,3.36,,100.6,55.2
2009-11-23,6.83,91.4864,3.37,,100.6,55.2
2009-11-24,6.8292,91.5539,3.32,,100.6,55.2
2009-11-25,6.8272,90.9669,3.28,,100.6,55.2
2009-11-26,,,,,100.6,55.2
2009-11-27,6.8272,91.5272,3.21,,100.6,55.2
2009-11-30,6.8265,91.3717,3.21,,100.6,55.2
2009-12-01,6.827,90.8323,3.28,217.347,101.9,56.6
2009-12-02,6.826,90.8906,3.32,,101.9,56.6
2009-12-03,6.8269,90.9152,3.39,,101.9,56.6
2009-12-04,6.8261,91.3806,3.48,,101.9,56.6
2009-12-07,6.8288,91.5414,3.44,,101.9,56.6
2009-12-08,6.8275,91.9513,3.4,,101.9,56.6
2009-12-09,6.8275,92.014,3.45,,101.9,56.6
2009-12-10,6.8264,92.0073,3.49,,101.9,56.6
2009-12-11,6.8269,92.2946,3.55,,101.9,56.6
2009-12-14,6.8281,92.0305,3.56,,101.9,56.6
2009-12-15,6.827,92.3635,3.6,,101.9,56.6
2009-12-16,6.8279,92.1496,3.61,,101.9,56.6
2009-12-17,6.8286,93.225,3.5,,101.9,56.6
2009-12-18,6.828,93.1632,3.55,,101.9,56.6
2009-12-21,6.8284,,3.69,,101.9,56.6
2009-12-22,6.8285,93.2903,3.76,,101.9,56.6
2009-12-23,6.8282,92.9295,3.77,,101.9,56.6
2009-12-24,6.8271,92.8694,3.82,,101.9,56.6
2009-12-25,,,,,101.9,56.6
2009-12-28,6.8299,92.6993,3.85,,101.9,56.6
2009-12-29,6.8289,92.8838,3.82,,101.9,56.6
2009-12-30,6.8244,93.0872,3.8,,101.9,56.6
2009-12-31,6.8259,92.9124,3.85,,101.9,56.6
2010-01-01,,,,217.488,101.5,55.8
2010-01-04,6.8273,92.3566,3.85,,101.5,55.8
2010-01-05,6.8258,92.2236,3.77,,101.5,55.8
2010-01-06,6.8272,92.0941,3.85,,101.5,55.8
2010-01-07,6.828,92.3684,3.85,,101.5,55.8
2010-01-08,6.8274,92.1485,3.83,,101.5,55.8
2010-01-11,6.8263,91.5997,3.85,,101.5,55.8
2010-01-12,6.8267,91.7005,3.74,,101.5,55.8
2010-01-13,6.8295,91.7272,3.8,,101.5,55.8
2010-01-14,6.8265,91.5864,3.76,,101.5,55.8
2010-01-15,6.8269,91.7668,3.7,,101.5,55.8
2010-01-18,,,,,101.5,55.8
2010-01-19,6.8268,91.9611,3.73,,101.5,55.8
2010-01-20,6.8258,92.6766,3.68,,101.5,55.8
2010-01-21,6.8268,92.6627,3.62,,101.5,55.8
2010-01-22,6.827,92.943,3.62,,101.5,55.8
2010-01-25,6.8268,92.9099,3.66,,101.5,55.8
2010-01-26,6.8263,93.3298,3.65,,101.5,55.8
2010-01-27,6.8268,93.2835,3.66,,101.5,55.8
2010-01-28,6.8267,93.2635,3.68,,101.5,55.8
2010-01-29,6.8268,93.7638,3.63,,101.5,55.8
2010-02-01,6.826,93.7321,3.68,217.281,102.7,52.0
2010-02-02,6.827,93.4136,3.67,,102.7,52.0
2010-02-03,6.826,93.6268,3.73,,102.7,52.0
2010-02-04,6.828,94.1401,3.62,,102.7,52.0
2010-02-05,6.8275,94.6218,3.59,,102.7,52.0
2010-02-08,6.8265,,3.62,,102.7,52.0
2010-02-09,6.8267,,3.67,,102.7,52.0
2010-02-10,6.828,,3.72,,102.7,52.0
2010-02-11,6.8328,,3.73,,102.7,52.0
2010-02-12,6.8326,93.9976,3.69,,102.7,52.0
2010-02-15,,,,,102.7,52.0
2010-02-16,6.8326,93.482,3.66,,102.7,52.0
2010-02-17,6.8326,93.7171,3.74,,102.7,52.0
2010-02-18,6.833,93.8752,3.79,,102.7,52.0
2010-02-19,6.829,93.9569,3.78,,102.7,52.0
2010-02-22,6.8264,93.7402,3.8,,102.7,52.0
2010-02-23,6.8267,93.9794,3.69,,102.7,52.0
2010-02-24,6.8269,93.9775,3.7,,102.7,52.0
2010-02-25,6.8267,94.3797,3.64,,102.7,52.0
2010-02-26,6.8258,93.6602,3.61,,102.7,52.0
2010-03-01,6.8263,93.7979,3.61,217.353,102.4,55.1
2010-03-02,6.8265,93.488,3.62,,102.4,55.1
2010-03-03,6.8258,92.9861,3.63,,102.4,55.1
2010-03-04,6.8258,93.4079,3.61,,102.4,55.1
2010-03-05,6.826,93.2623,3.69,,102.4,55.1
2010-03-08,6.8261,93.2446,3.72,,102.4,55.1
2010-03-09,6.8263,93.1941,3.71,,102.4,55.1
2010-03-10,6.8259,93.0426,3.73,,102.4,55.1
2010-03-11,6.8266,93.0533,3.73,,102.4,55.1
2010-03-12,6.8254,92.6616,3.71,,102.4,55.1
2010-03-15,6.8259,92.9642,3.71,,102.4,55.1
2010-03-16,6.8257,92.595,3.66,,102.4,55.1
2010-03-17,6.8259,92.4446,3.65,,102.4,55.1
2010-03-18,6.8261,92.7451,3.68,,102.4,55.1
2010-03-19,6.8265,93.0407,3.7,,102.4,55.1
2010-03-22,6.8266,93.1333,3.67,,102.4,55.1
2010-03-23,6.8263,93.006,3.69,,102.4,55.1
2010-03-24,6.8266,93.6468,3.84,,102.4,55.1
2010-03-25,6.827,93.5885,3.91,,102.4,55.1
2010-03-26,6.8269,93.6873,3.86,,102.4,55.1
2010-03-29,6.8264,93.2959,3.88,,102.4,55.1
2010-03-30,6.8258,93.2627,3.88,,102.4,55.1
2010-03-31,6.8258,92.8987,3.84,,102.4,55.1
2010-04-01,6.8263,92.6661,3.89,217.403,102.8,55.7
2010-04-02,6.8255,92.9057,3.96,,102.8,55.7
2010-04-05,6.8256,92.6644,4.01,,102.8,55.7
2010-04-06,6.825,92.7373,3.98,,102.8,55.7
2010-04-07,6.8254,92.7452,3.89,,102.8,55.7
2010-04-08,6.824,92.7211,3.91,,102.8,55.7
2010-04-09,6.8229,92.4772,3.9,,102.8,55.7
2010-04-12,6.8252,92.243,3.87,,102.8,55.7
2010-04-13,6.8255,92.2689,3.84,,102.8,55.7
2010-04-14,6.8258,91.9297,3.88,,102.8,55.7
2010-04-15,6.826,92.2029,3.86,,102.8,55.7
2010-04-16,6.8253,92.5253,3.79,,102.8,55.7
2010-04-19,6.8262,92.8577,3.83,,102.8,55.7
2010-04-20,6.8253,92.4338,3.82,,102.8,55.7
2010-04-21,6.8275,92.4482,3.77,,102.8,55.7
2010-04-22,6.8263,92.7277,3.8,,102.8,55.7
2010-04-23,6.827,92.6622,3.84,,102.8,55.7
2010-04-26,6.8266,92.5187,3.83,,102.8,55.7
2010-04-27,6.8256,93.0956,3.71,,102.8,55.7
2010-04-28,6.8245,93.4856,3.8,,102.8,55.7
2010-04-29,6.8259,92.9013,3.76,,102.8,55.7
2010-04-30,6.8247,92.8423,3.69,,102.8,55.7
2010-05-01,,,,217.29,103.1,53.9
2010-05-03,6.8245,93.235,3.72,,103.1,53.9
2010-05-04,6.826,93.8137,3.63,,103.1,53.9
2010-05-05,6.8263,94.3968,3.58,,103.1,53.9
2010-05-06,6.8265,95.3032,3.41,,103.1,53.9
2010-05-07,6.8254,95.2952,3.45,,103.1,53.9
2010-05-10,6.8263,94.3096,3.57,,103.1,53.9
2010-05-11,6.8285,94.4305,3.56,,103.1,53.9
2010-05-12,6.827,94.5515,3.56,,103.1,53.9
2010-05-13,6.8278,94.5071,3.55,,103.1,53.9
2010-05-14,6.8263,95.3746,3.44,,103.1,53.9
2010-05-17,6.8274,95.9795,3.47,,103.1,53.9
2010-05-18,6.8273,95.6212,3.38,,103.1,53.9
2010-05-19,6.8269,96.5083,3.36,,103.1,53.9
2010-05-20,6.8277,96.9483,3.25,,103.1,53.9
2010-05-21,6.8262,96.2911,3.2,,103.1,53.9
2010-05-24,6.8286,96.6433,3.23,,103.1,53.9
2010-05-25,6.831,97.5487,3.18,,103.1,53.9
2010-05-26,6.8292,97.1879,3.21,,103.1,53.9
2010-05-27,6.8296,96.3611,3.34,,103.1,53.9
2010-05-28,6.8305,96.3062,3.31,,103.1,53.9
2010-05-31,,,,,103.1,53.9
2010-06-01,6.8275,96.6123,3.29,217.199,102.9,52.1
2010-06-02,6.8296,96.615,3.35,,102.9,52.1
2010-06-03,6.8283,96.461,3.39,,102.9,52.1
2010-06-04,6.8268,97.1688,3.2,,102.9,52.1
2010-06-07,6.8322,97.503,3.17,,102.9,52.1
2010-06-08,6.8294,97.3425,3.18,,102.9,52.1
2010-06-09,6.8285,96.8938,3.2,,102.9,52.1
2010-06-10,6.8305,96.4877,3.33,,102.9,52.1
2010-06-11,6.832,96.5616,3.24,,102.9,52.1
2010-06-14,6.8323,95.8082,3.28,,102.9,52.1
2010-06-15,6.8323,95.7049,3.32,,102.9,52.1
2010-06-16,6.8323,95.5668,3.27,,102.9,52.1
2010-06-17,6.829,95.4973,3.21,,102.9,52.1
2010-06-18,6.8267,95.2981,3.24,,102.9,52.1
2010-06-21,6.7968,94.8505,3.26,,102.9,52.1
2010-06-22,6.8127,95.1165,3.18,,102.9,52.1
2010-06-23,6.8124,95.4853,3.13,,102.9,52.1
2010-06-24,6.8001,95.6194,3.14,,102.9,52.1
2010-06-25,6.7911,95.4582,3.12,,102.9,52.1
2010-06-28,6.796,95.2696,3.05,,102.9,52.1
2010-06-29,6.7977,96.0199,2.97,,102.9,52.1
2010-06-30,6.7815,95.9934,2.97,,102.9,52.1
2010-07-01,6.7807,95.8018,2.96,217.605,103.3,51.2
2010-07-02,6.7709,95.6345,3.0,,103.3,51.2
2010-07-05,,,,,103.3,51.2
2010-07-06,6.7801,95.1069,2.95,,103.3,51.2
2010-07-07,6.777,95.1795,3.0,,103.3,51.2
2010-07-08,6.7763,94.7734,3.04,,103.3,51.2
2010-07-09,6.772,94.683,3.07,,103.3,51.2
2010-07-12,6.7709,94.9598,3.08,,103.3,51.2
2010-07-13,6.772,94.3856,3.15,,103.3,51.2
2010-07-14,6.7714,94.3247,3.07,,103.3,51.2
2010-07-15,6.7774,94.1988,3.0,,103.3,51.2
2010-07-16,6.775,94.5061,2.96,,103.3,51.2
2010-07-19,6.778,94.602,2.99,,103.3,51.2
2010-07-20,6.7781,94.542,2.98,,103.3,51.2
2010-07-21,6.7769,94.4496,2.9,,103.3,51.2
2010-07-22,6.7795,94.1135,2.96,,103.3,51.2
2010-07-23,6.7803,94.1431,3.02,,103.3,51.2
2010-07-26,6.7788,93.7556,3.03,,103.3,51.2
2010-07-27,6.7781,93.7583,3.08,,103.3,51.2
2010-07-28,6.778,93.7506,3.03,,103.3,51.2
2010-07-29,6.776,93.6004,3.03,,103.3,51.2
2010-07-30,6.7735,93.2793,2.94,,103.3,51.2
2010-08-01,,,,217.923,103.5,51.7
2010-08-02,6.774,92.7916,2.99,,103.5,51.7
2010-08-03,6.7728,92.6258,2.94,,103.5,51.7
2010-08-04,6.772,92.731,2.98,,103.5,51.7
2010-08-05,6.7705,92.6401,2.94,,103.5,51.7
2010-08-06,6.768,92.5915,2.86,,103.5,51.7
2010-08-09,6.767,92.6726,2.86,,103.5,51.7
2010-08-10,6.772,93.2197,2.79,,103.5,51.7
2010-08-11,6.7745,93.7778,2.72,,103.5,51.7
2010-08-12,6.7843,93.8905,2.74,,103.5,51.7
2010-08-13,6.7957,94.0457,2.68,,103.5,51.7
2010-08-16,6.8038,93.7902,2.58,,103.5,51.7
2010-08-17,6.792,93.4239,2.64,,103.5,51.7
2010-08-18,6.7911,93.3719,2.64,,103.5,51.7
2010-08-19,6.7897,93.7141,2.58,,103.5,51.7
2010-08-20,6.79,94.2087,2.62,,103.5,51.7
2010-08-23,6.7995,94.3295,2.6,,103.5,51.7
2010-08-24,6.7966,94.4362,2.5,,103.5,51.7
2010-08-25,6.7995,94.7372,2.54,,103.5,51.7
2010-08-26,6.7998,94.3523,2.5,,103.5,51.7
2010-08-27,6.7977,94.3462,2.66,,103.5,51.7
2010-08-30,6.8029,94.5922,2.54,,103.5,51.7
2010-08-31,6.8069,94.7204,2.47,,103.5,51.7
2010-09-01,6.8102,94.1148,2.58,218.275,103.6,53.8
2010-09-02,6.807,94.0852,2.63,,103.6,53.8
2010-09-03,6.8014,93.6952,2.72,,103.6,53.8
2010-09-06,,,,,103.6,53.8
2010-09-07,6.7906,94.042,2.61,,103.6,53.8
2010-09-08,6.794,93.7785,2.66,,103.6,53.8
2010-09-09,6.782,93.7033,2.77,,103.6,53.8
2010-09-10,6.769,93.6768,2.81,,103.6,53.8
2010-09-13,6.7595,93.0767,2.74,,103.6,53.8
2010-09-14,6.743,92.6182,2.68,,103.6,53.8
2010-09-15,6.738,92.9313,2.74,,103.6,53.8
2010-09-16,6.725,92.9108,2.77,,103.6,53.8
2010-09-17,6.723,92.9418,2.75,,103.6,53.8
2010-09-20,6.7135,92.7496,2.72,,103.6,53.8
2010-09-21,6.7059,92.6684,2.61,,103.6,53.8
2010-09-22,6.7035,92.0647,2.56,,103.6,53.8
2010-09-23,6.7046,92.0233,2.56,,103.6,53.8
2010-09-24,6.7035,91.5996,2.62,,103.6,53.8
2010-09-27,6.6911,91.4803,2.54,,103.6,53.8
2010-09-28,6.6904,91.3493,2.48,,103.6,53.8
2010-09-29,6.6869,91.1632,2.52,,103.6,53.8
2010-09-30,6.6905,91.3415,2.53,,103.6,53.8
2010-10-01,6.6895,90.836,2.54,219.035,104.4,54.7
2010-10-04,6.6912,91.0015,2.5,,104.4,54.7
2010-10-05,6.6906,90.5622,2.5,,104.4,54.7
2010-10-06,6.6893,90.1411,2.41,,104.4,54.7
2010-10-07,6.6903,90.286,2.41,,104.4,54.7
2010-10-08,6.671,90.1133,2.41,,104.4,54.7
2010-10-11,,,,,104.4,54.7
2010-10-12,6.6733,90.2203,2.44,,104.4,54.7
2010-10-13,6.6634,89.7779,2.46,,104.4,54.7
2010-10-14,6.6505,89.5228,2.52,,104.4,54.7
2010-10-15,6.6397,89.6815,2.59,,104.4,54.7
2010-10-18,6.644,89.8484,2.52,,104.4,54.7
2010-10-19,6.6444,90.5499,2.5,,104.4,54.7
2010-10-20,6.6518,90.1446,2.51,,104.4,54.7
2010-10-21,6.6502,90.138,2.57,,104.4,54.7
2010-10-22,6.6583,90.4063,2.59,,104.4,54.7
2010-10-25,6.6579,89.9328,2.59,,104.4,54.7
2010-10-26,6.6625,90.2818,2.67,,104.4,54.7
2010-10-27,6.6805,90.8038,2.75,,104.4,54.7
2010-10-28,6.6867,90.2407,2.69,,104.4,54.7
2010-10-29,6.6707,90.0935,2.63,,104.4,54.7
2010-11-01,6.6892,90.0307,2.66,219.59,105.1,55.2
2010-11-02,6.6775,89.6847,2.63,,105.1,55.2
2010-11-03,6.6758,89.7079,2.67,,105.1,55.2
2010-11-04,6.6609,88.9831,2.53,,105.1,55.2
2010-11-05,6.655,89.2441,2.58,,105.1,55.2
2010-11-08,6.6791,89.5711,2.6,,105.1,55.2
2010-11-09,6.6424,89.558,2.72,,105.1,55.2
2010-11-10,6.6335,89.9056,2.65,,105.1,55.2
2010-11-11,,,,,105.1,55.2
2010-11-12,6.6368,90.1701,2.76,,105.1,55.2
2010-11-15,6.6418,90.4331,2.92,,105.1,55.2
2010-11-16,6.6378,91.1102,2.85,,105.1,55.2
2010-11-17,6.6415,90.9282,2.89,,105.1,55.2
2010-11-18,6.633,90.649,2.9,,105.1,55.2
2010-11-19,6.6398,90.6986,2.88,,105.1,55.2
2010-11-22,6.6414,90.7023,2.8,,105.1,55.2
2010-11-23,6.6433,91.4318,2.77,,105.1,55.2
2010-11-24,6.6529,91.2179,2.93,,105.1,55.2
2010-11-25,,,,,105.1,55.2
2010-11-26,6.6675,91.8152,2.87,,105.1,55.2
2010-11-29,6.66,92.1997,2.84,,105.1,55.2
2010-11-30,6.667,92.1494,2.81,,105.1,55.2
2010-12-01,6.663,91.6799,2.97,220.472,104.6,53.9
2010-12-02,6.6609,91.2651,3.01,,104.6,53.9
2010-12-03,6.6628,90.8788,3.03,,104.6,53.9
2010-12-06,6.6483,91.0167,2.95,,104.6,53.9
2010-12-07,6.6455,90.9732,3.15,,104.6,53.9
2010-12-08,6.6616,91.3376,3.26,,104.6,53.9
2010-12-09,6.6549,91.3923,3.23,,104.6,53.9
2010-12-10,6.655,91.2831,3.32,,104.6,53.9
2010-12-13,6.6652,90.8837,3.29,,104.6,53.9
2010-12-14,6.6563,90.764,3.49,,104.6,53.9
2010-12-15,6.6541,91.094,3.53,,104.6,53.9
2010-12-16,6.6635,91.3773,3.47,,104.6,53.9
2010-12-17,6.6545,91.5555,3.33,,104.6,53.9
2010-12-20,6.6745,91.6398,3.36,,104.6,53.9
2010-12-21,6.658,91.519,3.35,,104.6,53.9
2010-12-22,6.645,91.429,3.36,,104.6,53.9
2010-12-23,6.645,91.3013,3.41,,104.6,53.9
2010-12-24,,,,,104.6,53.9
2010-12-27,6.6306,91.1963,3.36,,104.6,53.9
2010-12-28,6.6247,90.9848,3.5,,104.6,53.9
2010-12-29,6.62,90.7669,3.35,,104.6,53.9
2010-12-30,6.6,90.5146,3.38,,104.6,53.9
2010-12-31,,,3.3,,104.6,53.9
2011-01-01,,,,221.187,104.9,52.9
2011-01-03,6.5895,89.9524,3.36,,104.9,52.9
2011-01-04,6.6065,90.3277,3.36,,104.9,52.9
2011-01-05,6.585,90.5715,3.5,,104.9,52.9
2011-01-06,6.626,90.9125,3.44,,104.9,52.9
2011-01-07,6.6276,91.0001,3.34,,104.9,52.9
2011-01-10,6.6364,91.03,3.32,,104.9,52.9
2011-01-11,6.6185,90.8431,3.37,,104.9,52.9
2011-01-12,6.6037,90.4111,3.4,,104.9,52.9
2011-01-13,6.6044,89.9019,3.34,,104.9,52.9
2011-01-14,6.5876,90.0461,3.35,,104.9,52.9
2011-01-17,,,,,104.9,52.9
2011-01-18,6.5828,89.821,3.39,,104.9,52.9
2011-01-19,6.5823,89.6948,3.37,,104.9,52.9
2011-01-20,6.5852,90.1316,3.47,,104.9,52.9
2011-01-21,6.5831,89.7204,3.44,,104.9,52.9
2011-01-24,6.5809,89.5375,3.43,,104.9,52.9
2011-01-25,6.5824,89.7279,3.35,,104.9,52.9
2011-01-26,6.5814,89.5091,3.45,,104.9,52.9
2011-01-27,6.5814,89.5728,3.42,,104.9,52.9
2011-01-28,6.5819,89.8189,3.36,,104.9,52.9
2011-01-31,6.6017,89.694,3.42,,104.9,52.9
2011-02-01,6.5937,89.1436,3.48,221.898,104.9,52.2
2011-02-02,6.556,89.0737,3.52,,104.9,52.2
2011-02-03,6.556,89.2522,3.58,,104.9,52.2
2011-02-04,6.556,89.391,3.68,,104.9,52.2
2011-02-07,6.56,89.3556,3.68,,104.9,52.2
2011-02-08,6.552,89.1241,3.75,,104.9,52.2
2011-02-09,6.5914,89.4166,3.65,,104.9,52.2
2011-02-10,6.5864,89.6266,3.7,,104.9,52.2
2011-02-11,6.5917,89.8784,3.64,,104.9,52.2
2011-02-14,6.5965,89.8543,3.62,,104.9,52.2
2011-02-15,6.5884,89.8871,3.61,,104.9,52.2
2011-02-16,6.5884,89.7059,3.62,,104.9,52.2
2011-02-17,6.585,89.4102,3.58,,104.9,52.2
2011-02-18,6.5731,89.1974,3.59,,104.9,52.2
2011-02-21,,,,,104.9,52.2
2011-02-22,6.5795,89.4617,3.46,,104.9,52.2
2011-02-23,6.5741,89.4186,3.49,,104.9,52.2
2011-02-24,6.572,89.2346,3.46,,104.9,52.2
2011-02-25,6.5749,89.1664,3.42,,104.9,52.2
2011-02-28,6.5713,88.9391,3.42,,104.9,52.2
2011-03-01,6.57,88.831,3.41,223.046,105.4,53.4
2011-03-02,6.5723,88.7317,3.46,,105.4,53.4
2011-03-03,6.5717,88.637,3.58,,105.4,53.4
2011-03-04,6.567,88.4898,3.49,,105.4,53.4
2011-03-07,6.554,88.5207,3.51,,105.4,53.4
2011-03-08,6.5684,88.6454,3.56,,105.4,53.4
2011-03-09,6.558,88.5328,3.48,,105.4,53.4
2011-03-10,6.5731,88.8698,3.37,,105.4,53.4
2011-03-11,6.5742,88.691,3.4,,105.4,53.4
2011-03-14,6.5696,88.5191,3.36,,105.4,53.4
2011-03-15,6.573,88.7845,3.33,,105.4,53.4
2011-03-16,6.5713,88.9785,3.22,,105.4,53.4
2011-03-17,6.5743,88.6549,3.25,,105.4,53.4
2011-03-18,6.5689,88.5221,3.28,,105.4,53.4
2011-03-21,6.5635,88.2032,3.34,,105.4,53.4
2011-03-22,6.551,88.0665,3.34,,105.4,53.4
2011-03-23,6.5591,88.3328,3.36,,105.4,53.4
2011-03-24,6.558,88.0592,3.42,,105.4,53.4
2011-03-25,6.5568,88.1716,3.46,,105.4,53.4
2011-03-28,6.5643,88.3058,3.47,,105.4,53.4
2011-03-29,6.56,88.3991,3.5,,105.4,53.4
2011-03-30,6.5558,88.2298,3.47,,105.4,53.4
2011-03-31,6.5483,88.0299,3.47,,105.4,53.4
2011-04-01,6.5477,87.7993,3.46,224.093,105.3,52.9
2011-04-04,6.5385,87.8406,3.45,,105.3,52.9
2011-04-05,6.539,87.7483,3.5,,105.3,52.9
2011-04-06,6.544,87.4913,3.56,,105.3,52.9
2011-04-07,6.542,87.532,3.58,,105.3,52.9
2011-04-08,6.535,87.1493,3.59,,105.3,52.9
2011-04-11,6.5381,87.094,3.59,,105.3,52.9
2011-04-12,6.5402,87.2943,3.52,,105.3,52.9
2011-04-13,6.5333,87.2093,3.49,,105.3,52.9
2011-04-14,6.531,87.0802,3.51,,105.3,52.9
2011-04-15,6.5317,87.005,3.43,,105.3,52.9
2011-04-18,6.5286,87.5081,3.4,,105.3,52.9
2011-04-19,6.5303,87.0791,3.39,,105.3,52.9
2011-04-20,6.5254,86.5642,3.43,,105.3,52.9
2011-04-21,6.492,86.2256,3.42,,105.3,52.9
2011-04-22,6.5067,86.3742,,,105.3,52.9
2011-04-25,6.5277,86.4026,3.39,,105.3,52.9
2011-04-26,6.527,86.2576,3.34,,105.3,52.9
2011-04-27,6.5112,86.2519,3.39,,105.3,52.9
2011-04-28,6.501,85.8419,3.34,,105.3,52.9
2011-04-29,6.49,85.5999,3.32,,105.3,52.9
2011-05-01,,,,224.806,105.5,52.0
2011-05-02,6.492,85.5199,3.31,,105.5,52.0
2011-05-03,6.4955,85.6352,3.28,,105.5,52.0
2011-05-04,6.4925,85.8917,3.25,,105.5,52.0
2011-05-05,6.4931,86.508,3.18,,105.5,52.0
2011-05-06,6.4925,86.4575,3.19,,105.5,52.0
2011-05-09,6.4937,86.8346,3.17,,105.5,52.0
2011-05-10,6.4915,86.6518,3.23,,105.5,52.0
2011-05-11,6.4915,86.7195,3.19,,105.5,52.0
2011-05-12,6.4986,87.0767,3.22,,105.5,52.0
2011-05-13,6.4977,87.4176,3.18,,105.5,52.0
2011-05-16,6.5073,87.3311,3.15,,105.5,52.0
2011-05-17,6.5057,87.6307,3.12,,105.5,52.0
2011-05-18,6.5029,87.295,3.18,,105.5,52.0
2011-05-19,6.5042,87.2638,3.17,,105.5,52.0
2011-05-20,6.4917,87.3044,3.15,,105.5,52.0
2011-05-23,6.505,87.8941,3.13,,105.5,52.0
2011-05-24,6.499,87.662,3.12,,105.5,52.0
2011-05-25,6.493,87.6136,3.13,,105.5,52.0
2011-05-26,6.4913,87.5588,3.07,,105.5,52.0
2011-05-27,6.492,86.9525,3.07,,105.5,52.0
2011-05-30,,,,,105.5,52.0
2011-05-31,6.4786,86.656,3.05,,105.5,52.0
2011-06-01,6.478,86.5964,2.96,224.806,106.4,50.9
2011-06-02,6.4824,86.8435,3.04,,106.4,50.9
2011-06-03,6.4796,86.4234,2.99,,106.4,50.9
2011-06-06,6.4796,86.4669,3.01,,106.4,50.9
2011-06-07,6.481,86.3627,3.01,,106.4,50.9
2011-06-08,6.4754,86.5714,2.98,,106.4,50.9
2011-06-09,6.4757,86.5913,3.01,,106.4,50.9
2011-06-10,6.4801,87.042,2.99,,106.4,50.9
2011-06-13,6.483,87.0579,3.0,,106.4,50.9
2011-06-14,6.4794,86.6771,3.11,,106.4,50.9
2011-06-15,6.482,87.3342,2.98,,106.4,50.9
2011-06-16,6.4746,87.6917,2.93,,106.4,50.9
2011-06-17,6.47,87.2179,2.94,,106.4,50.9
2011-06-20,6.472,87.1908,2.97,,106.4,50.9
2011-06-21,6.465,86.857,2.99,,106.4,50.9
2011-06-22,6.4628,86.8067,3.01,,106.4,50.9
2011-06-23,6.4676,87.455,2.93,,106.4,50.9
2011-06-24,6.4737,87.5014,2.88,,106.4,50.9
2011-06-27,6.4815,87.5225,2.95,,106.4,50.9
2011-06-28,6.4699,87.2178,3.05,,106.4,50.9
2011-06-29,6.4633,86.8014,3.14,,106.4,50.9
2011-06-30,6.4635,86.4786,3.18,,106.4,50.9
2011-07-01,6.4645,86.3613,3.22,225.395,106.5,50.7
2011-07-04,,,,,106.5,50.7
2011-07-05,6.466,86.4253,3.16,,106.5,50.7
2011-07-06,6.467,86.6825,3.12,,106.5,50.7
2011-07-07,6.4655,86.4825,3.17,,106.5,50.7
2011-07-08,6.4645,86.615,3.03,,106.5,50.7
2011-07-11,6.4671,87.1013,2.94,,106.5,50.7
2011-07-12,6.472,87.1701,2.92,,106.5,50.7
2011-07-13,6.4675,86.5697,2.92,,106.5,50.7
2011-07-14,6.459,86.5234,2.98,,106.5,50.7
2011-07-15,6.461,86.5169,2.94,,106.5,50.7
2011-07-18,6.4688,86.9549,2.94,,106.5,50.7
2011-07-19,6.4631,86.4386,2.91,,106.5,50.7
2011-07-20,6.4581,86.2794,2.96,,106.5,50.7
2011-07-21,6.4535,85.8378,3.03,,106.5,50.7
2011-07-22,6.4464,85.8623,2.99,,106.5,50.7
2011-07-25,6.445,85.8006,3.03,,106.5,50.7
2011-07-26,6.4411,85.4692,2.99,,106.5,50.7
2011-07-27,6.4428,85.7126,3.01,,106.5,50.7
2011-07-28,6.4418,85.8245,2.98,,106.5,50.7
2011-07-29,6.436,85.7282,2.82,,106.5,50.7
2011-08-01,6.4337,86.0391,2.77,226.106,106.2,50.9
2011-08-02,6.4379,86.0533,2.66,,106.2,50.9
2011-08-03,6.434,86.0706,2.64,,106.2,50.9
2011-08-04,6.4377,86.9299,2.47,,106.2,50.9
2011-08-05,6.4401,87.1084,2.58,,106.2,50.9
2011-08-08,6.4342,87.1873,2.4,,106.2,50.9
2011-08-09,6.4304,87.3919,2.2,,106.2,50.9
2011-08-10,6.4172,87.3792,2.17,,106.2,50.9
2011-08-11,6.3935,87.3215,2.34,,106.2,50.9
2011-08-12,6.3892,87.177,2.24,,106.2,50.9
2011-08-15,6.3902,86.7515,2.29,,106.2,50.9
2011-08-16,6.3818,86.7115,2.23,,106.2,50.9
2011-08-17,6.3839,86.5518,2.17,,106.2,50.9
2011-08-18,6.3873,87.1271,2.08,,106.2,50.9
2011-08-19,6.391,86.8286,2.07,,106.2,50.9
2011-08-22,6.4004,87.0753,2.1,,106.2,50.9
2011-08-23,6.3975,86.9001,2.15,,106.2,50.9
2011-08-24,6.388,87.1316,2.29,,106.2,50.9
2011-08-25,6.39,87.2306,2.23,,106.2,50.9
2011-08-26,6.386,87.0751,2.19,,106.2,50.9
2011-08-29,6.3809,86.8433,2.28,,106.2,50.9
2011-08-30,6.3802,87.001,2.19,,106.2,50.9
2011-08-31,6.3778,86.7739,2.23,,106.2,50.9
2011-09-01,6.3812,86.8512,2.15,226.597,106.1,51.2
2011-09-02,6.3821,87.1797,2.02,,106.1,51.2
2011-09-05,,,,,106.1,51.2
2011-09-06,6.3901,88.1645,1.98,,106.1,51.2
2011-09-07,6.394,87.9699,2.05,,106.1,51.2
2011-09-08,6.3833,88.1162,2.0,,106.1,51.2
2011-09-09,6.388,88.9514,1.93,,106.1,51.2
2011-09-12,6.3877,89.2192,1.94,,106.1,51.2
2011-09-13,6.397,89.2653,2.0,,106.1,51.2
2011-09-14,6.391,89.419,2.03,,106.1,51.2
2011-09-15,6.3904,89.0647,2.09,,106.1,51.2
2011-09-16,6.3833,89.1108,2.08,,106.1,51.2
2011-09-19,6.3864,89.9336,1.97,,106.1,51.2
2011-09-20,6.3837,89.8777,1.95,,106.1,51.2
2011-09-21,6.3811,90.3453,1.88,,106.1,51.2
2011-09-22,6.3879,92.075,1.72,,106.1,51.2
2011-09-23,6.3877,91.6904,1.84,,106.1,51.2
2011-09-26,6.3975,91.7724,1.91,,106.1,51.2
2011-09-27,6.3975,90.8985,2.0,,106.1,51.2
2011-09-28,6.3933,91.0227,2.03,,106.1,51.2
2011-09-29,6.3964,91.3033,1.99,,106.1,51.2
2011-09-30,6.378,91.9998,1.92,,106.1,51.2
2011-10-01,,,,226.75,105.5,50.4
2011-10-03,6.3745,92.5128,1.8,,105.5,50.4
2011-10-04,6.3745,92.9508,1.81,,105.5,50.4
2011-10-05,6.3745,92.3008,1.92,,105.5,50.4
2011-10-06,6.378,91.9661,2.01,,105.5,50.4
2011-10-07,6.3745,91.2469,2.1,,105.5,50.4
2011-10-10,,,,,105.5,50.4
2011-10-11,6.3745,90.9162,2.18,,105.5,50.4
2011-10-12,6.358,90.3378,2.24,,105.5,50.4
2011-10-13,6.382,90.6603,2.19,,105.5,50.4
2011-10-14,6.378,90.2116,2.26,,105.5,50.4
2011-10-17,6.3695,90.266,2.18,,105.5,50.4
2011-10-18,6.3804,90.5907,2.19,,105.5,50.4
2011-10-19,6.3769,90.3317,2.18,,105.5,50.4
2011-10-20,6.3825,91.1026,2.2,,105.5,50.4
2011-10-21,6.3823,90.279,2.23,,105.5,50.4
2011-10-24,6.3744,89.8558,2.25,,105.5,50.4
2011-10-25,6.3605,89.9525,2.14,,105.5,50.4
2011-10-26,6.3534,90.0836,2.23,,105.5,50.4
2011-10-27,6.359,88.7882,2.42,,105.5,50.4
2011-10-28,6.357,88.6382,2.34,,105.5,50.4
2011-10-31,6.3547,89.2053,2.17,,105.5,50.4
2011-11-01,6.3547,90.7296,2.01,227.169,104.2,49.0
2011-11-02,6.355,90.244,2.03,,104.2,49.0
2011-11-03,6.3513,90.2961,2.09,,104.2,49.0
2011-11-04,6.34,90.3154,2.06,,104.2,49.0
2011-11-07,6.3481,90.3832,2.04,,104.2,49.0
2011-11-08,6.3462,90.172,2.1,,104.2,49.0
2011-11-09,6.3401,90.6991,2.0,,104.2,49.0
2011-11-10,6.3454,90.8588,2.04,,104.2,49.0
2011-11-11,,,,,104.2,49.0
2011-11-14,6.3536,90.7215,2.04,,104.2,49.0
2011-11-15,6.3464,91.1081,2.06,,104.2,49.0
2011-11-16,6.3445,91.1237,2.01,,104.2,49.0
2011-11-17,6.3505,91.1822,1.96,,104.2,49.0
2011-11-18,6.3565,91.3676,2.01,,104.2,49.0
2011-11-21,6.3603,91.9978,1.97,,104.2,49.0
2011-11-22,6.3605,92.0193,1.94,,104.2,49.0
2011-11-23,6.3576,92.7463,1.89,,104.2,49.0
2011-11-24,,,,,104.2,49.0
2011-11-25,6.3802,93.1455,1.97,,104.2,49.0
2011-11-28,6.3839,92.4983,1.97,,104.2,49.0
2011-11-29,6.3769,92.2163,2.0,,104.2,49.0
2011-11-30,6.3765,91.4728,2.08,,104.2,49.0
2011-12-01,6.3655,91.227,2.11,227.223,104.1,50.3
2011-12-02,6.3596,91.3532,2.05,,104.1,50.3
2011-12-05,6.3629,91.1087,2.04,,104.1,50.3
2011-12-06,6.3645,91.2817,2.08,,104.1,50.3
2011-12-07,6.3642,91.2331,2.02,,104.1,50.3
2011-12-08,6.3618,91.668,1.99,,104.1,50.3
2011-12-09,6.3641,91.6122,2.07,,104.1,50.3
2011-12-12,6.3604,92.3375,2.03,,104.1,50.3
2011-12-13,6.3648,92.5456,1.96,,104.1,50.3
2011-12-14,6.371,93.2176,1.92,,104.1,50.3
2011-12-15,6.3733,92.8858,1.92,,104.1,50.3
2011-12-16,6.3479,92.8252,1.86,,104.1,50.3
2011-12-19,6.3376,92.8685,1.82,,104.1,50.3
2011-12-20,6.3459,92.432,1.94,,104.1,50.3
2011-12-21,6.3386,92.5262,1.98,,104.1,50.3
2011-12-22,6.3392,92.3883,1.97,,104.1,50.3
2011-12-23,6.3364,92.3897,2.03,,104.1,50.3
2011-12-26,,,,,104.1,50.3
2011-12-27,6.321,92.4137,2.02,,104.1,50.3
2011-12-28,6.3211,92.8374,1.93,,104.1,50.3
2011-12-29,6.3187,92.7398,1.91,,104.1,50.3
2011-12-30,6.2939,92.4262,1.89,,104.1,50.3
2012-01-01,,,,227.842,104.5,50.5
2012-01-02,,,,,104.5,50.5
2012-01-03,6.294,91.7551,1.97,,104.5,50.5
2012-01-04,6.2941,92.0345,2.0,,104.5,50.5
2012-01-05,6.3013,92.5773,2.02,,104.5,50.5
2012-01-06,6.3088,92.7183,1.98,,104.5,50.5
2012-01-09,6.3143,92.7418,1.98,,104.5,50.5
2012-01-10,6.3141,92.2461,2.0,,104.5,50.5
2012-01-11,6.3149,92.554,1.93,,104.5,50.5
2012-01-12,6.3177,92.2274,1.94,,104.5,50.5
2012-01-13,6.3065,92.5385,1.89,,104.5,50.5
2012-01-16,,,,,104.5,50.5
2012-01-17,6.3136,92.0142,1.87,,104.5,50.5
2012-01-18,6.3109,91.6943,1.92,,104.5,50.5
2012-01-19,6.3162,91.3316,2.01,,104.5,50.5
2012-01-20,6.333,91.3661,2.05,,104.5,50.5
2012-01-23,6.333,90.986,2.09,,104.5,50.5
2012-01-24,6.333,91.181,2.08,,104.5,50.5
2012-01-25,6.333,91.277,2.01,,104.5,50.5
2012-01-26,6.333,90.3962,1.96,,104.5,50.5
2012-01-27,6.333,90.2559,1.93,,104.5,50.5
2012-01-30,6.331,90.4762,1.87,,104.5,50.5
2012-01-31,6.308,90.5538,1.83,,104.5,50.5
2012-02-01,6.3076,90.0963,1.87,228.329,103.2,51.0
2012-02-02,6.3017,89.8765,1.86,,103.2,51.0
2012-02-03,6.3027,89.8491,1.97,,103.2,51.0
2012-02-06,6.312,89.7907,1.93,,103.2,51.0
2012-02-07,6.3046,89.5968,2.0,,103.2,51.0
2012-02-08,6.2938,89.6555,2.01,,103.2,51.0
2012-02-09,6.2947,89.6246,2.04,,103.2,51.0
2012-02-10,6.2991,90.1024,1.96,,103.2,51.0
2012-02-13,6.2972,89.8895,1.99,,103.2,51.0
2012-02-14,6.2995,90.1919,1.92,,103.2,51.0
2012-02-15,6.2998,90.1932,1.93,,103.2,51.0
2012-02-16,6.3014,90.3109,1.99,,103.2,51.0
2012-02-17,6.2985,90.23,2.01,,103.2,51.0
2012-02-20,,,,,103.2,51.0
2012-02-21,6.296,90.0117,2.05,,103.2,51.0
2012-02-22,6.296,90.2472,2.01,,103.2,51.0
2012-02-23,6.298,90.1108,1.99,,103.2,51.0
2012-02-24,6.2976,89.9104,1.98,,103.2,51.0
2012-02-27,6.3012,89.9635,1.92,,103.2,51.0
2012-02-28,6.2989,89.8103,1.94,,103.2,51.0
2012-02-29,6.2935,89.7487,1.98,,103.2,51.0
2012-03-01,6.3001,89.7817,2.03,228.807,103.6,53.1
2012-03-02,6.2982,90.135,1.99,,103.6,53.1
2012-03-05,6.3066,90.2748,2.0,,103.6,53.1
2012-03-06,6.3082,90.8237,1.96,,103.6,53.1
2012-03-07,6.3097,90.6837,1.98,,103.6,53.1
2012-03-08,6.3159,90.2598,2.03,,103.6,53.1
2012-03-09,6.3109,90.4341,2.04,,103.6,53.1
2012-03-12,6.3258,90.6643,2.04,,103.6,53.1
2012-03-13,6.3266,90.5363,2.14,,103.6,53.1
2012-03-14,6.3315,90.9325,2.29,,103.6,53.1
2012-03-15,6.3282,90.7866,2.29,,103.6,53.1
2012-03-16,6.3222,90.5245,2.31,,103.6,53.1
2012-03-19,6.3191,90.292,2.39,,103.6,53.1
2012-03-20,6.3203,90.6065,2.38,,103.6,53.1
2012-03-21,6.3226,90.6761,2.31,,103.6,53.1
2012-03-22,6.299,90.8225,2.29,,103.6,53.1
2012-03-23,6.3021,90.6156,2.25,,103.6,53.1
2012-03-26,6.3139,90.3266,2.26,,103.6,53.1
2012-03-27,6.3061,90.2796,2.2,,103.6,53.1
2012-03-28,6.3044,90.603,2.21,,103.6,53.1
2012-03-29,6.3057,90.7285,2.18,,103.6,53.1
2012-03-30,6.2975,90.4593,2.23,,103.6,53.1
2012-04-01,,,,229.187,103.4,53.3
2012-04-02,6.2979,90.247,2.22,,103.4,53.3
2012-04-03,6.2975,90.1921,2.3,,103.4,53.3
2012-04-04,6.2975,90.8284,2.25,,103.4,53.3
2012-04-05,6.3123,90.8781,2.19,,103.4,53.3
2012-04-06,6.3052,90.9375,2.07,,103.4,53.3
2012-04-09,6.31,90.9624,2.06,,103.4,53.3
2012-04-10,6.3105,91.2728,2.01,,103.4,53.3
2012-04-11,6.3076,91.1768,2.05,,103.4,53.3
2012-04-12,6.3069,90.7694,2.08,,103.4,53.3
2012-04-13,6.3022,91.0558,2.02,,103.4,53.3
2012-04-16,6.315,91.2355,2.0,,103.4,53.3
2012-04-17,6.3015,90.7661,2.03,,103.4,53.3
2012-04-18,6.3026,90.9326,2.0,,103.4,53.3
2012-04-19,6.3029,91.0833,1.98,,103.4,53.3
2012-04-20,6.308,90.8066,1.99,,103.4,53.3
2012-04-23,6.3084,91.079,1.96,,103.4,53.3
2012-04-24,6.3073,90.8153,2.0,,103.4,53.3
2012-04-25,6.3039,90.756,2.01,,103.4,53.3
2012-04-26,6.3054,90.6428,1.98,,103.4,53.3
2012-04-27,6.3093,90.3269,1.96,,103.4,53.3
2012-04-30,6.279,90.3634,1.95,,103.4,53.3
2012-05-01,6.3089,90.3227,1.98,228.713,103.0,50.4
2012-05-02,6.307,90.6144,1.96,,103.0,50.4
2012-05-03,6.3052,90.6839,1.96,,103.0,50.4
2012-05-04,6.3059,91.0497,1.91,,103.0,50.4
2012-05-07,6.3074,91.0747,1.92,,103.0,50.4
2012-05-08,6.3076,91.4107,1.88,,103.0,50.4
2012-05-09,6.3096,91.7632,1.87,,103.0,50.4
2012-05-10,6.314,91.7077,1.89,,103.0,50.4
2012-05-11,6.3097,91.7306,1.84,,103.0,50.4
2012-05-14,6.321,92.2491,1.78,,103.0,50.4
2012-05-15,6.3176,92.5235,1.76,,103.0,50.4
2012-05-16,6.3227,92.903,1.76,,103.0,50.4
2012-05-17,6.3247,92.9632,1.7,,103.0,50.4
2012-05-18,6.3245,93.1395,1.71,,103.0,50.4
2012-05-21,6.3277,93.0945,1.75,,103.0,50.4
2012-05-22,6.3223,93.1113,1.79,,103.0,50.4
2012-05-23,6.3343,93.8855,1.73,,103.0,50.4
2012-05-24,6.3449,93.8027,1.77,,103.0,50.4
2012-05-25,6.3439,93.9488,1.75,,103.0,50.4
2012-05-28,,,,,103.0,50.4
2012-05-29,6.3478,93.875,1.74,,103.0,50.4
2012-05-30,6.3574,94.302,1.63,,103.0,50.4
2012-05-31,6.3684,94.6856,1.59,,103.0,50.4
2012-06-01,6.3692,94.6979,1.47,228.524,102.2,50.2
2012-06-04,6.3641,94.5184,1.53,,102.2,50.2
2012-06-05,6.367,94.6184,1.57,,102.2,50.2
2012-06-06,6.3634,94.0362,1.66,,102.2,50.2
2012-06-07,6.3634,93.774,1.66,,102.2,50.2
2012-06-08,6.37,94.2024,1.65,,102.2,50.2
2012-06-11,6.369,94.0369,1.6,,102.2,50.2
2012-06-12,6.3703,94.0693,1.67,,102.2,50.2
2012-06-13,6.3685,93.8309,1.61,,102.2,50.2
2012-06-14,6.3702,93.8152,1.64,,102.2,50.2
2012-06-15,6.3649,93.5203,1.6,,102.2,50.2
2012-06-18,6.3539,93.6431,1.59,,102.2,50.2
2012-06-19,6.3542,93.0524,1.64,,102.2,50.2
2012-06-20,6.3597,93.1602,1.65,,102.2,50.2
2012-06-21,6.3644,93.6378,1.63,,102.2,50.2
2012-06-22,6.3644,93.9205,1.69,,102.2,50.2
2012-06-25,6.3631,94.1757,1.63,,102.2,50.2
2012-06-26,6.3626,93.9859,1.66,,102.2,50.2
2012-06-27,6.3561,93.8728,1.65,,102.2,50.2
2012-06-28,6.357,94.0203,1.6,,102.2,50.2
2012-06-29,6.353,92.9096,1.67,,102.2,50.2
2012-07-01,,,,228.59,101.8,50.1
2012-07-02,6.3487,92.951,1.61,,101.8,50.1
2012-07-03,6.3519,92.6508,1.65,,101.8,50.1
2012-07-04,,,,,101.8,50.1
2012-07-05,6.3557,93.2211,1.62,,101.8,50.1
2012-07-06,6.364,93.7087,1.57,,101.8,50.1
2012-07-09,6.3709,93.6974,1.53,,101.8,50.1
2012-07-10,6.3654,93.5552,1.53,,101.8,50.1
2012-07-11,6.3682,93.5981,1.54,,101.8,50.1
2012-07-12,6.3732,93.9298,1.5,,101.8,50.1
2012-07-13,6.3789,93.5515,1.52,,101.8,50.1
2012-07-16,6.3784,93.3746,1.5,,101.8,50.1
2012-07-17,6.3725,93.3479,1.53,,101.8,50.1
2012-07-18,6.369,93.0973,1.52,,101.8,50.1
2012-07-19,6.3724,93.0438,1.54,,101.8,50.1
2012-07-20,6.3734,93.3653,1.49,,101.8,50.1
2012-07-23,6.3856,93.9297,1.47,,101.8,50.1
2012-07-24,6.3857,94.2635,1.44,,101.8,50.1
2012-07-25,6.3879,94.0564,1.43,,101.8,50.1
2012-07-26,6.3839,93.3595,1.45,,101.8,50.1
2012-07-27,6.3807,92.9333,1.58,,101.8,50.1
2012-07-30,6.3792,93.0524,1.53,,101.8,50.1
2012-07-31,6.361,92.8422,1.51,,101.8,50.1
2012-08-01,6.368,92.8905,1.56,229.918,102.0,49.2
2012-08-02,6.3671,93.4269,1.51,,102.0,49.2
2012-08-03,6.3721,92.6048,1.6,,102.0,49.2
2012-08-06,6.3738,92.4339,1.59,,102.0,49.2
2012-08-07,6.3664,92.5128,1.66,,102.0,49.2
2012-08-08,6.361,92.5407,1.68,,102.0,49.2
2012-08-09,6.3579,92.6057,1.69,,102.0,49.2
2012-08-10,6.3599,92.5129,1.65,,102.0,49.2
2012-08-13,6.3611,92.5955,1.65,,102.0,49.2
2012-08-14,6.3586,92.6152,1.73,,102.0,49.2
2012-08-15,6.3619,92.6838,1.8,,102.0,49.2
2012-08-16,6.3659,92.5737,1.83,,102.0,49.2
2012-08-17,6.358,92.711,1.81,,102.0,49.2
2012-08-20,6.3592,92.6263,1.82,,102.0,49.2
2012-08-21,6.3559,92.3053,1.8,,102.0,49.2
2012-08-22,6.3515,92.4362,1.71,,102.0,49.2
2012-08-23,6.3535,92.1057,1.68,,102.0,49.2
2012-08-24,6.3542,92.2785,1.68,,102.0,49.2
2012-08-27,6.3558,92.3135,1.65,,102.0,49.2
2012-08-28,6.3525,92.2033,1.64,,102.0,49.2
2012-08-29,6.3513,92.3823,1.66,,102.0,49.2
2012-08-30,6.3494,92.6239,1.63,,102.0,49.2
2012-08-31,6.3484,92.1677,1.57,,102.0,49.2
2012-09-01,,,,231.015,101.9,49.8
2012-09-03,,,,,101.9,49.8
2012-09-04,6.3465,92.1582,1.59,,101.9,49.8
2012-09-05,6.3489,92.1262,1.6,,101.9,49.8
2012-09-06,6.3428,91.8973,1.68,,101.9,49.8
2012-09-07,6.3428,91.3469,1.67,,101.9,49.8
2012-09-10,6.3375,91.3102,1.68,,101.9,49.8
2012-09-11,6.3349,91.0575,1.7,,101.9,49.8
2012-09-12,6.3261,91.0477,1.77,,101.9,49.8
2012-09-13,6.3294,90.9632,1.75,,101.9,49.8
2012-09-14,6.3145,90.1436,1.88,,101.9,49.8
2012-09-17,6.317,90.2837,1.85,,101.9,49.8
2012-09-18,6.3187,90.5029,1.82,,101.9,49.8
2012-09-19,6.3091,90.4646,1.79,,101.9,49.8
2012-09-20,6.3036,90.7631,1.8,,101.9,49.8
2012-09-21,6.3051,90.5342,1.77,,101.9,49.8
2012-09-24,6.309,90.8263,1.74,,101.9,49.8
2012-09-25,6.3057,90.6074,1.7,,101.9,49.8
2012-09-26,6.3015,91.0028,1.64,,101.9,49.8
2012-09-27,6.3021,90.7538,1.66,,101.9,49.8
2012-09-28,6.2848,90.8342,1.65,,101.9,49.8
2012-10-01,6.284,90.7011,1.64,231.638,101.7,50.2
2012-10-02,6.284,90.644,1.64,,101.7,50.2
2012-10-03,6.284,90.8726,1.64,,101.7,50.2
2012-10-04,6.284,90.4932,1.7,,101.7,50.2
2012-10-05,6.284,90.2851,1.75,,101.7,50.2
2012-10-08,,,,,101.7,50.2
2012-10-09,6.2877,90.8703,1.74,,101.7,50.2
2012-10-10,6.2831,90.883,1.72,,101.7,50.2
2012-10-11,6.2765,90.7437,1.7,,101.7,50.2
2012-10-12,6.267,90.6833,1.69,,101.7,50.2
2012-10-15,6.27,90.6409,1.7,,101.7,50.2
2012-10-16,6.2637,90.5583,1.75,,101.7,50.2
2012-10-17,6.254,90.2309,1.83,,101.7,50.2
2012-10-18,6.2501,90.3804,1.86,,101.7,50.2
2012-10-19,6.2533,90.8107,1.79,,101.7,50.2
2012-10-22,6.2543,90.7911,1.83,,101.7,50.2
2012-10-23,6.2478,91.0945,1.79,,101.7,50.2
2012-10-24,6.2478,91.1275,1.8,,101.7,50.2
2012-10-25,6.2416,91.02,1.86,,101.7,50.2
2012-10-26,6.248,91.1411,1.78,,101.7,50.2
2012-10-29,6.2384,,1.74,,101.7,50.2
2012-10-30,6.2396,,,,101.7,50.2
2012-10-31,6.2372,91.1609,1.72,,101.7,50.2
2012-11-01,6.2393,91.1217,1.75,231.249,102.0,50.6
2012-11-02,6.2411,91.281,1.75,,102.0,50.6
2012-11-05,6.2452,91.4778,1.72,,102.0,50.6
2012-11-06,6.2454,91.2908,1.78,,102.0,50.6
2012-11-07,6.2435,91.4514,1.68,,102.0,50.6
2012-11-08,6.2427,91.5375,1.62,,102.0,50.6
2012-11-09,6.245,91.6871,1.61,,102.0,50.6
2012-11-12,,,,,102.0,50.6
2012-11-13,6.226,91.7356,1.59,,102.0,50.6
2012-11-14,6.225,91.7942,1.59,,102.0,50.6
2012-11-15,6.2329,91.8837,1.58,,102.0,50.6
2012-11-16,6.2354,92.0095,1.58,,102.0,50.6
2012-11-19,6.2343,91.5653,1.61,,102.0,50.6
2012-11-20,6.2324,91.556,1.66,,102.0,50.6
2012-11-21,6.23,91.6645,1.69,,102.0,50.6
2012-11-22,,,,,102.0,50.6
2012-11-23,6.2275,91.2616,1.7,,102.0,50.6
2012-11-26,6.2253,91.2789,1.66,,102.0,50.6
2012-11-27,6.2221,91.2608,1.64,,102.0,50.6
2012-11-28,6.2273,91.33,1.63,,102.0,50.6
2012-11-29,6.2281,91.2104,1.62,,102.0,50.6
2012-11-30,6.2265,91.1038,1.62,,102.0,50.6
2012-12-01,,,,231.221,102.5,50.6
2012-12-03,6.2277,91.0084,1.63,,102.5,50.6
2012-12-04,6.2254,90.9748,1.62,,102.5,50.6
2012-12-05,6.2251,90.9423,1.6,,102.5,50.6
2012-12-06,6.2282,91.0629,1.59,,102.5,50.6
2012-12-07,6.2299,91.0437,1.64,,102.5,50.6
2012-12-10,6.2296,90.9631,1.63,,102.5,50.6
2012-12-11,6.246,90.8403,1.66,,102.5,50.6
2012-12-12,6.2502,90.7708,1.72,,102.5,50.6
2012-12-13,6.2316,90.776,1.74,,102.5,50.6
2012-12-14,6.241,90.7156,1.72,,102.5,50.6
2012-12-17,6.236,90.6193,1.78,,102.5,50.6
2012-12-18,6.2322,90.5161,1.84,,102.5,50.6
2012-12-19,6.2293,90.4896,1.82,,102.5,50.6
2012-12-20,6.2297,90.6002,1.81,,102.5,50.6
2012-12-21,6.2284,90.9597,1.77,,102.5,50.6
2012-12-24,6.2335,91.0354,1.79,,102.5,50.6
2012-12-25,,,,,102.5,50.6
2012-12-26,6.2351,91.0606,1.77,,102.5,50.6
2012-12-27,6.2358,91.1037,1.74,,102.5,50.6
2012-12-28,6.2315,91.0419,1.73,,102.5,50.6
2012-12-31,6.2301,91.0834,1.78,,102.5,50.6
2013-01-01,,,,231.679,102.0,50.4
2013-01-02,6.2301,90.6941,1.86,,102.0,50.4
2013-01-03,6.2301,90.8097,1.92,,102.0,50.4
2013-01-04,6.2303,91.1025,1.93,,102.0,50.4
2013-01-07,6.2294,90.9852,1.92,,102.0,50.4
2013-01-08,6.2235,91.057,1.89,,102.0,50.4
2013-01-09,6.226,91.0088,1.88,,102.0,50.4
2013-01-10,6.223,90.6425,1.91,,102.0,50.4
2013-01-11,6.2156,90.5352,1.89,,102.0,50.4
2013-01-14,6.219,90.4935,1.89,,102.0,50.4
2013-01-15,6.2134,90.5191,1.86,,102.0,50.4
2013-01-16,6.216,90.596,1.84,,102.0,50.4
2013-01-17,6.2158,90.5401,1.89,,102.0,50.4
2013-01-18,6.2152,90.8697,1.87,,102.0,50.4
2013-01-21,,,,,102.0,50.4
2013-01-22,6.2196,90.7892,1.86,,102.0,50.4
2013-01-23,6.2178,90.8376,1.86,,102.0,50.4
2013-01-24,6.2179,90.9112,1.88,,102.0,50.4
2013-01-25,6.2203,91.0868,1.98,,102.0,50.4
2013-01-28,6.224,91.2354,2.0,,102.0,50.4
2013-01-29,6.2259,90.9406,2.03,,102.0,50.4
2013-01-30,6.2204,90.8836,2.03,,102.0,50.4
2013-01-31,6.2186,90.798,2.02,,102.0,50.4
2013-02-01,6.2265,90.6923,2.04,232.937,103.2,50.1
2013-02-04,6.2326,90.9774,2.0,,103.2,50.1
2013-02-05,6.2292,90.881,2.04,,103.2,50.1
2013-02-06,6.2315,91.0176,2.0,,103.2,50.1
2013-02-07,6.2323,91.2912,1.99,,103.2,50.1
2013-02-08,6.2323,91.3056,1.99,,103.2,50.1
2013-02-11,6.2323,91.4451,1.99,,103.2,50.1
2013-02-12,6.2323,91.2779,2.02,,103.2,50.1
2013-02-13,6.2323,91.2709,2.05,,103.2,50.1
2013-02-14,6.2323,91.366,2.0,,103.2,50.1
2013-02-15,6.2323,91.4551,2.01,,103.2,50.1
2013-02-18,,,,,103.2,50.1
2013-02-19,6.2438,91.5073,2.03,,103.2,50.1
2013-02-20,6.2371,91.6689,2.02,,103.2,50.1
2013-02-21,6.2403,92.0394,1.99,,103.2,50.1
2013-02-22,6.2346,92.1197,1.97,,103.2,50.1
2013-02-25,6.2337,92.1975,1.88,,103.2,50.1
2013-02-26,6.2293,92.4247,1.88,,103.2,50.1
2013-02-27,6.2271,92.234,1.91,,103.2,50.1
2013-02-28,6.2213,92.295,1.89,,103.2,50.1
2013-03-01,6.2226,92.6177,1.86,232.282,102.1,50.9
2013-03-04,6.2246,92.6316,1.88,,102.1,50.9
2013-03-05,6.2208,92.4965,1.9,,102.1,50.9
2013-03-06,6.2173,,1.95,,102.1,50.9
2013-03-07,6.22,92.5462,2.0,,102.1,50.9
2013-03-08,6.2145,92.6252,2.06,,102.1,50.9
2013-03-11,6.2179,92.5351,2.07,,102.1,50.9
2013-03-12,6.216,92.3853,2.03,,102.1,50.9
2013-03-13,6.2137,92.4709,2.04,,102.1,50.9
2013-03-14,6.2145,92.4695,2.04,,102.1,50.9
2013-03-15,6.2133,92.128,2.01,,102.1,50.9
2013-03-18,6.2156,92.3377,1.96,,102.1,50.9
2013-03-19,6.2154,92.526,1.92,,102.1,50.9
2013-03-20,6.2117,92.4141,1.96,,102.1,50.9
2013-03-21,6.2141,92.3322,1.95,,102.1,50.9
2013-03-22,6.212,92.2051,1.93,,102.1,50.9
2013-03-25,6.2105,92.3081,1.93,,102.1,50.9
2013-03-26,6.2108,92.232,1.92,,102.1,50.9
2013-03-27,6.2138,92.446,1.87,,102.1,50.9
2013-03-28,6.2143,92.2544,1.87,,102.1,50.9
2013-03-29,6.2108,92.302,,,102.1,50.9
2013-04-01,6.2078,92.1687,1.86,231.797,102.4,50.6
2013-04-02,6.1992,92.1432,1.88,,102.4,50.6
2013-04-03,6.1962,92.104,1.83,,102.4,50.6
2013-04-04,6.2005,92.3896,1.78,,102.4,50.6
2013-04-05,6.2005,92.1043,1.72,,102.4,50.6
2013-04-08,6.2031,92.2317,1.76,,102.4,50.6
2013-04-09,6.2022,91.9669,1.78,,102.4,50.6
2013-04-10,6.1938,91.9598,1.84,,102.4,50.6
2013-04-11,6.1961,91.6972,1.82,,102.4,50.6
2013-04-12,6.1914,91.7967,1.75,,102.4,50.6
2013-04-15,6.1866,91.9457,1.72,,102.4,50.6
2013-04-16,6.1824,91.8451,1.75,,102.4,50.6
2013-04-17,6.172,92.1372,1.73,,102.4,50.6
2013-04-18,6.1811,92.176,1.72,,102.4,50.6
2013-04-19,6.1772,92.2166,1.73,,102.4,50.6
2013-04-22,6.1823,92.3591,1.72,,102.4,50.6
2013-04-23,6.179,92.3836,1.74,,102.4,50.6
2013-04-24,6.1782,92.4581,1.73,,102.4,50.6
2013-04-25,6.1707,92.0394,1.74,,102.4,50.6
2013-04-26,6.1647,91.9012,1.7,,102.4,50.6
2013-04-29,6.1647,91.6539,1.7,,102.4,50.6
2013-04-30,6.1647,91.3741,1.7,,102.4,50.6
2013-05-01,6.1647,91.4331,1.66,231.893,102.1,50.8
2013-05-02,6.156,91.6174,1.66,,102.1,50.8
2013-05-03,6.1555,91.5087,1.78,,102.1,50.8
2013-05-06,6.1665,91.6387,1.8,,102.1,50.8
2013-05-07,6.1539,91.5201,1.82,,102.1,50.8
2013-05-08,6.141,91.1848,1.81,,102.1,50.8
2013-05-09,6.1306,91.3036,1.81,,102.1,50.8
2013-05-10,6.1415,92.2527,1.9,,102.1,50.8
2013-05-13,6.1465,92.2711,1.92,,102.1,50.8
2013-05-14,6.1426,92.3697,1.96,,102.1,50.8
2013-05-15,6.1454,92.7691,1.94,,102.1,50.8
2013-05-16,6.1487,92.6602,1.87,,102.1,50.8
2013-05-17,6.141,93.1617,1.95,,102.1,50.8
2013-05-20,6.1386,93.0359,1.97,,102.1,50.8
2013-05-21,6.1353,92.9662,1.94,,102.1,50.8
2013-05-22,6.1309,93.3104,2.03,,102.1,50.8
2013-05-23,6.1337,93.2113,2.02,,102.1,50.8
2013-05-24,6.1311,93.2768,2.01,,102.1,50.8
2013-05-27,,,,,102.1,50.8
2013-05-28,6.1213,93.5853,2.15,,102.1,50.8
2013-05-29,6.1264,93.531,2.13,,102.1,50.8
2013-05-30,6.1307,93.4219,2.13,,102.1,50.8
2013-05-31,6.134,93.6076,2.16,,102.1,50.8
2013-06-01,,,,232.445,102.7,50.1
2013-06-03,6.1312,93.163,2.13,,102.7,50.1
2013-06-04,6.1285,93.3067,2.14,,102.7,50.1
2013-06-05,6.1276,93.275,2.1,,102.7,50.1
2013-06-06,6.1359,92.809,2.08,,102.7,50.1
2013-06-07,6.1333,92.6056,2.17,,102.7,50.1
2013-06-10,6.1333,92.973,2.22,,102.7,50.1
2013-06-11,6.1333,92.7996,2.2,,102.7,50.1
2013-06-12,6.1333,92.4775,2.25,,102.7,50.1
2013-06-13,6.1341,92.3449,2.19,,102.7,50.1
2013-06-14,6.1306,92.1886,2.14,,102.7,50.1
2013-06-17,6.1248,92.3332,2.19,,102.7,50.1
2013-06-18,6.1283,92.5432,2.2,,102.7,50.1
2013-06-19,6.1264,92.4755,2.33,,102.7,50.1
2013-06-20,6.1277,94.125,2.41,,102.7,50.1
2013-06-21,6.1328,94.4243,2.52,,102.7,50.1
2013-06-24,6.1441,94.5714,2.57,,102.7,50.1
2013-06-25,6.1448,94.3285,2.6,,102.7,50.1
2013-06-26,6.1468,94.3807,2.55,,102.7,50.1
2013-06-27,6.1488,94.2429,2.49,,102.7,50.1
2013-06-28,6.1374,94.3047,2.52,,102.7,50.1
2013-07-01,6.1325,94.0998,2.5,232.9,102.7,50.3
2013-07-02,6.1327,94.4051,2.48,,102.7,50.3
2013-07-03,6.1301,94.4767,2.52,,102.7,50.3
2013-07-04,,,,,102.7,50.3
2013-07-05,6.1324,95.0639,2.73,,102.7,50.3
2013-07-08,6.1337,94.9954,2.65,,102.7,50.3
2013-07-09,6.1293,94.9467,2.65,,102.7,50.3
2013-07-10,6.1336,94.7595,2.7,,102.7,50.3
2013-07-11,6.135,93.949,2.6,,102.7,50.3
2013-07-12,6.1373,94.0029,2.61,,102.7,50.3
2013-07-15,6.1373,93.9729,2.57,,102.7,50.3
2013-07-16,6.1345,93.5232,2.55,,102.7,50.3
2013-07-17,6.1351,93.5498,2.52,,102.7,50.3
2013-07-18,6.1408,93.681,2.56,,102.7,50.3
2013-07-19,6.1377,93.4759,2.5,,102.7,50.3
2013-07-22,6.1404,93.2253,2.5,,102.7,50.3
2013-07-23,6.1369,93.1631,2.53,,102.7,50.3
2013-07-24,6.1358,93.3124,2.61,,102.7,50.3
2013-07-25,6.1346,93.2862,2.61,,102.7,50.3
2013-07-26,6.1316,93.1695,2.58,,102.7,50.3
2013-07-29,6.1323,93.1663,2.61,,102.7,50.3
2013-07-30,6.1315,93.3976,2.63,,102.7,50.3
2013-07-31,6.1284,93.5703,2.6,,102.7,50.3
2013-08-01,6.1302,93.7972,2.74,233.456,102.6,51.0
2013-08-02,6.1293,93.5789,2.63,,102.6,51.0
2013-08-05,6.1245,93.507,2.67,,102.6,51.0
2013-08-06,6.1215,93.3199,2.67,,102.6,51.0
2013-08-07,6.119,93.2652,2.61,,102.6,51.0
2013-08-08,6.1207,92.8483,2.58,,102.6,51.0
2013-08-09,6.1217,92.8394,2.57,,102.6,51.0
2013-08-12,6.1218,92.9178,2.61,,102.6,51.0
2013-08-13,6.1217,93.476,2.71,,102.6,51.0
2013-08-14,6.1191,93.382,2.71,,102.6,51.0
2013-08-15,6.1123,93.5059,2.77,,102.6,51.0
2013-08-16,6.1145,93.4255,2.84,,102.6,51.0
2013-08-19,6.1227,93.6623,2.88,,102.6,51.0
2013-08-20,6.1241,93.5536,2.82,,102.6,51.0
2013-08-21,6.1229,94.0362,2.87,,102.6,51.0
2013-08-22,6.1206,94.2804,2.9,,102.6,51.0
2013-08-23,6.12,93.9466,2.82,,102.6,51.0
2013-08-26,6.1202,94.1853,2.79,,102.6,51.0
2013-08-27,6.1212,94.3934,2.72,,102.6,51.0
2013-08-28,6.1202,94.4127,2.78,,102.6,51.0
2013-08-29,6.1203,94.6398,2.75,,102.6,51.0
2013-08-30,6.1193,94.7541,2.78,,102.6,51.0
2013-09-01,,,,233.544,103.1,51.1
2013-09-02,,,,,103.1,51.1
2013-09-03,6.1204,94.9574,2.86,,103.1,51.1
2013-09-04,6.1199,94.5739,2.9,,103.1,51.1
2013-09-05,6.1194,94.8891,2.98,,103.1,51.1
2013-09-06,6.1202,94.2487,2.94,,103.1,51.1
2013-09-09,6.1209,94.0009,2.9,,103.1,51.1
2013-09-10,6.1195,93.938,2.96,,103.1,51.1
2013-09-11,6.1183,93.7112,2.93,,103.1,51.1
2013-09-12,6.1178,93.5903,2.92,,103.1,51.1
2013-09-13,6.1186,93.6666,2.9,,103.1,51.1
2013-09-16,6.1198,93.2875,2.88,,103.1,51.1
2013-09-17,6.1213,93.2231,2.86,,103.1,51.1
2013-09-18,6.121,93.2569,2.69,,103.1,51.1
2013-09-19,6.121,92.4082,2.76,,103.1,51.1
2013-09-20,6.121,92.6049,2.75,,103.1,51.1
2013-09-23,6.1201,92.613,2.72,,103.1,51.1
2013-09-24,6.1208,92.7691,2.67,,103.1,51.1
2013-09-25,6.119,92.7675,2.63,,103.1,51.1
2013-09-26,6.1194,93.0096,2.66,,103.1,51.1
2013-09-27,6.1179,92.9747,2.64,,103.1,51.1
2013-09-30,6.12,92.9207,2.64,,103.1,51.1
2013-10-01,6.12,92.9515,2.66,233.669,103.2,51.4
2013-10-02,6.12,92.772,2.63,,103.2,51.4
2013-10-03,6.12,92.7461,2.62,,103.2,51.4
2013-10-04,6.12,92.6469,2.66,,103.2,51.4
2013-10-07,6.12,92.6725,2.65,,103.2,51.4
2013-10-08,6.1206,92.7558,2.66,,103.2,51.4
2013-10-09,6.1209,93.0829,2.68,,103.2,51.4
2013-10-10,6.1156,92.8579,2.71,,103.2,51.4
2013-10-11,6.1204,92.854,2.7,,103.2,51.4
2013-10-14,,,,,103.2,51.4
2013-10-15,6.1026,92.7642,2.75,,103.2,51.4
2013-10-16,6.0996,92.6819,2.69,,103.2,51.4
2013-10-17,6.098,92.0246,2.61,,103.2,51.4
2013-10-18,6.0966,91.9989,2.6,,103.2,51.4
2013-10-21,6.0924,92.2498,2.63,,103.2,51.4
2013-10-22,6.0925,91.9563,2.54,,103.2,51.4
2013-10-23,6.0833,92.0947,2.51,,103.2,51.4
2013-10-24,6.0815,92.1867,2.53,,103.2,51.4
2013-10-25,6.0838,92.1623,2.53,,103.2,51.4
2013-10-28,6.0853,92.1872,2.54,,103.2,51.4
2013-10-29,6.0897,92.301,2.53,,103.2,51.4
2013-10-30,6.0936,92.3057,2.55,,103.2,51.4
2013-10-31,6.0943,92.731,2.57,,103.2,51.4
2013-11-01,6.0993,93.155,2.65,234.1,103.0,51.4
2013-11-04,6.098,92.9359,2.63,,103.0,51.4
2013-11-05,6.0966,93.2112,2.69,,103.0,51.4
2013-11-06,6.0925,93.0943,2.67,,103.0,51.4
2013-11-07,6.0906,93.4003,2.63,,103.0,51.4
2013-11-08,6.0903,93.6619,2.77,,103.0,51.4
2013-11-11,,,,,103.0,51.4
2013-11-12,6.0917,93.7651,2.8,,103.0,51.4
2013-11-13,6.0926,93.4848,2.75,,103.0,51.4
2013-11-14,6.092,93.4328,2.69,,103.0,51.4
2013-11-15,6.092,93.2854,2.71,,103.0,51.4
2013-11-18,6.0918,92.9824,2.67,,103.0,51.4
2013-11-19,6.0924,93.0649,2.71,,103.0,51.4
2013-11-20,6.0925,93.2501,2.8,,103.0,51.4
2013-11-21,6.0914,93.5638,2.79,,103.0,51.4
2013-11-22,6.0935,93.4198,2.75,,103.0,51.4
2013-11-25,6.0916,93.5539,2.74,,103.0,51.4
2013-11-26,6.0925,93.5226,2.71,,103.0,51.4
2013-11-27,6.0922,93.6864,2.74,,103.0,51.4
2013-11-28,,,,,103.0,51.4
2013-11-29,6.0922,93.6291,2.75,,103.0,51.4
2013-12-01,,,,234.719,102.5,51.0
2013-12-02,6.0927,93.8856,2.81,,102.5,51.0
2013-12-03,6.0914,93.8251,2.79,,102.5,51.0
2013-12-04,6.0913,93.8997,2.84,,102.5,51.0
2013-12-05,6.0903,93.4954,2.88,,102.5,51.0
2013-12-06,6.0815,93.4045,2.88,,102.5,51.0
2013-12-09,6.0643,93.1444,2.86,,102.5,51.0
2013-12-10,6.0705,,2.81,,102.5,51.0
2013-12-11,6.0712,93.0842,2.86,,102.5,51.0
2013-12-12,6.071,93.4292,2.89,,102.5,51.0
2013-12-13,6.071,93.3568,2.88,,102.5,51.0
2013-12-16,6.0713,93.2175,2.89,,102.5,51.0
2013-12-17,6.0707,93.302,2.85,,102.5,51.0
2013-12-18,6.0713,93.4207,2.89,,102.5,51.0
2013-12-19,6.0711,93.7368,2.94,,102.5,51.0
2013-12-20,6.0711,93.7211,2.89,,102.5,51.0
2013-12-23,6.0697,93.572,2.94,,102.5,51.0
2013-12-24,6.0712,93.6734,2.99,,102.5,51.0
2013-12-25,,,,,102.5,51.0
2013-12-26,6.0744,93.766,3.0,,102.5,51.0
2013-12-27,6.0684,93.7018,3.02,,102.5,51.0
2013-12-30,6.0617,93.4866,2.99,,102.5,51.0
2013-12-31,6.0537,93.5576,3.04,,102.5,51.0
2014-01-01,,,,235.288,102.5,50.5
2014-01-02,6.0504,93.8192,3.0,,102.5,50.5
2014-01-03,6.0505,93.853,3.01,,102.5,50.5
2014-01-06,6.0524,93.9109,2.98,,102.5,50.5
2014-01-07,6.0507,94.0398,2.96,,102.5,50.5
2014-01-08,6.051,94.2181,3.01,,102.5,50.5
2014-01-09,6.054,94.3299,2.97,,102.5,50.5
2014-01-10,6.0519,94.0045,2.88,,102.5,50.5
2014-01-13,6.0432,93.899,2.84,,102.5,50.5
2014-01-14,6.0402,94.0303,2.88,,102.5,50.5
2014-01-15,6.0459,94.341,2.9,,102.5,50.5
2014-01-16,6.0555,94.5507,2.86,,102.5,50.5
2014-01-17,6.05,94.5846,2.84,,102.5,50.5
2014-01-20,,,,,102.5,50.5
2014-01-21,6.0503,94.679,2.85,,102.5,50.5
2014-01-22,6.0508,94.8479,2.87,,102.5,50.5
2014-01-23,6.0515,94.8415,2.79,,102.5,50.5
2014-01-24,6.0486,94.8555,2.75,,102.5,50.5
2014-01-27,6.0478,94.9059,2.78,,102.5,50.5
2014-01-28,6.0506,94.88,2.77,,102.5,50.5
2014-01-29,6.0554,94.8621,2.69,,102.5,50.5
2014-01-30,6.06,95.1294,2.72,,102.5,50.5
2014-01-31,6.059,95.1774,2.67,,102.5,50.5
2014-02-01,,,,235.547,102.0,50.2
2014-02-03,6.06,95.2469,2.61,,102.0,50.2
2014-02-04,6.06,95.0438,2.64,,102.0,50.2
2014-02-05,6.06,95.0285,2.7,,102.0,50.2
2014-02-06,6.06,94.7177,2.73,,102.0,50.2
2014-02-07,6.0629,94.7457,2.71,,102.0,50.2
2014-02-10,6.0591,94.7189,2.7,,102.0,50.2
2014-02-11,6.0601,94.6377,2.75,,102.0,50.2
2014-02-12,6.0614,94.6209,2.8,,102.0,50.2
2014-02-13,6.0631,,2.73,,102.0,50.2
2014-02-14,6.0666,94.2711,2.75,,102.0,50.2
2014-02-17,,,,,102.0,50.2
2014-02-18,6.0671,94.1934,2.71,,102.0,50.2
2014-02-19,6.0762,94.38,2.73,,102.0,50.2
2014-02-20,6.0832,94.6571,2.76,,102.0,50.2
2014-02-21,6.0912,,2.73,,102.0,50.2
2014-02-24,6.0982,94.4042,2.75,,102.0,50.2
2014-02-25,6.1243,94.4735,2.7,,102.0,50.2
2014-02-26,6.1243,94.7754,2.67,,102.0,50.2
2014-02-27,6.1279,94.6722,2.65,,102.0,50.2
2014-02-28,6.1448,94.3879,2.66,,102.0,50.2
2014-03-01,,,,236.028,102.4,50.3
2014-03-03,6.146,,2.6,,102.4,50.3
2014-03-04,6.143,94.6568,2.7,,102.4,50.3
2014-03-05,6.128,94.4679,2.7,,102.4,50.3
2014-03-06,6.1183,93.9858,2.74,,102.4,50.3
2014-03-07,6.1258,94.2532,2.8,,102.4,50.3
2014-03-10,6.1383,94.3731,2.79,,102.4,50.3
2014-03-11,6.1397,94.387,2.77,,102.4,50.3
2014-03-12,6.1448,94.462,2.73,,102.4,50.3
2014-03-13,6.1359,94.1872,2.66,,102.4,50.3
2014-03-14,6.15,94.243,2.65,,102.4,50.3
2014-03-17,6.1779,,2.7,,102.4,50.3
2014-03-18,6.1918,94.2631,2.68,,102.4,50.3
2014-03-19,6.1934,94.3752,2.78,,102.4,50.3
2014-03-20,6.2273,94.9986,2.79,,102.4,50.3
2014-03-21,6.2248,94.8547,2.75,,102.4,50.3
2014-03-24,6.1956,94.759,2.74,,102.4,50.3
2014-03-25,6.201,94.6379,2.75,,102.4,50.3
2014-03-26,6.2084,94.5281,2.71,,102.4,50.3
2014-03-27,6.2123,94.3315,2.69,,102.4,50.3
2014-03-28,6.2117,94.3683,2.73,,102.4,50.3
2014-03-31,6.2164,94.2432,2.73,,102.4,50.3
2014-04-01,6.2064,94.1244,2.77,236.468,101.8,50.4
2014-04-02,6.2054,94.3103,2.82,,101.8,50.4
2014-04-03,6.2102,94.512,2.8,,101.8,50.4
2014-04-04,6.2118,94.2191,2.74,,101.8,50.4
2014-04-07,6.2118,94.0881,2.71,,101.8,50.4
2014-04-08,6.1966,93.6579,2.69,,101.8,50.4
2014-04-09,6.2003,93.6716,2.71,,101.8,50.4
2014-04-10,6.2123,93.5123,2.65,,101.8,50.4
2014-04-11,6.2111,93.6395,2.63,,101.8,50.4
2014-04-14,6.2186,93.8046,2.65,,101.8,50.4
2014-04-15,6.2215,93.9486,2.64,,101.8,50.4
2014-04-16,6.2204,93.9461,2.65,,101.8,50.4
2014-04-17,6.2188,93.8936,2.73,,101.8,50.4
2014-04-18,6.224,93.9629,,,101.8,50.4
2014-04-21,6.2269,94.0337,2.73,,101.8,50.4
2014-04-22,6.2373,94.0802,2.73,,101.8,50.4
2014-04-23,6.2374,94.149,2.7,,101.8,50.4
2014-04-24,6.2484,94.1294,2.7,,101.8,50.4
2014-04-25,6.2534,94.1623,2.68,,101.8,50.4
2014-04-28,6.252,94.1374,2.7,,101.8,50.4
2014-04-29,6.2578,94.0295,2.71,,101.8,50.4
2014-04-30,6.2591,93.8896,2.67,,101.8,50.4
2014-05-01,6.2591,93.8707,2.63,236.918,102.5,50.8
2014-05-02,6.2591,93.8182,2.6,,102.5,50.8
2014-05-05,6.2453,93.7334,2.63,,102.5,50.8
2014-05-06,6.2255,93.4324,2.61,,102.5,50.8
2014-05-07,6.2349,93.4337,2.62,,102.5,50.8
2014-05-08,6.2272,93.3686,2.61,,102.5,50.8
2014-05-09,6.227,93.6614,2.62,,102.5,50.8
2014-05-12,6.2364,93.6537,2.66,,102.5,50.8
2014-05-13,6.2283,93.6755,2.61,,102.5,50.8
2014-05-14,6.2282,93.5968,2.54,,102.5,50.8
2014-05-15,6.2291,93.7065,2.5,,102.5,50.8
2014-05-16,6.2327,93.6073,2.52,,102.5,50.8
2014-05-19,6.2368,93.502,2.54,,102.5,50.8
2014-05-20,6.2377,93.6699,2.52,,102.5,50.8
2014-05-21,6.2335,93.7629,2.54,,102.5,50.8
2014-05-22,6.2348,93.6944,2.56,,102.5,50.8
2014-05-23,6.2363,93.7042,2.54,,102.5,50.8
2014-05-26,,,,,102.5,50.8
2014-05-27,6.2471,93.8418,2.52,,102.5,50.8
2014-05-28,6.2535,93.8793,2.44,,102.5,50.8
2014-05-29,6.2375,93.6973,2.45,,102.5,50.8
2014-05-30,6.2471,93.7606,2.48,,102.5,50.8
2014-06-01,,,,237.231,102.3,51.0
2014-06-02,6.2471,94.0006,2.54,,102.3,51.0
2014-06-03,6.2536,94.0536,2.6,,102.3,51.0
2014-06-04,6.2494,94.1239,2.61,,102.3,51.0
2014-06-05,6.2548,93.9732,2.59,,102.3,51.0
2014-06-06,6.2498,93.9069,2.6,,102.3,51.0
2014-06-09,6.2397,93.9628,2.62,,102.3,51.0
2014-06-10,6.224,94.0638,2.64,,102.3,51.0
2014-06-11,6.2277,93.9744,2.65,,102.3,51.0
2014-06-12,6.2175,93.8155,2.58,,102.3,51.0
2014-06-13,6.209,93.9168,2.6,,102.3,51.0
2014-06-16,6.225,93.8639,2.61,,102.3,51.0
2014-06-17,6.2263,94.0829,2.66,,102.3,51.0
2014-06-18,6.2309,94.0525,2.61,,102.3,51.0
2014-06-19,6.2287,93.752,2.64,,102.3,51.0
2014-06-20,6.224,93.7591,2.63,,102.3,51.0
2014-06-23,6.225,93.628,2.63,,102.3,51.0
2014-06-24,6.2308,93.7093,2.59,,102.3,51.0
2014-06-25,6.2343,93.5851,2.57,,102.3,51.0
2014-06-26,6.2235,93.5471,2.53,,102.3,51.0
2014-06-27,6.218,93.3983,2.54,,102.3,51.0
2014-06-30,6.2036,93.2058,2.53,,102.3,51.0
2014-07-01,6.1995,93.1365,2.58,237.498,102.3,51.7
2014-07-02,6.2101,93.2478,2.64,,102.3,51.7
2014-07-03,6.2115,93.3149,2.65,,102.3,51.7
2014-07-04,,,,,102.3,51.7
2014-07-07,6.2036,93.3803,2.63,,102.3,51.7
2014-07-08,6.201,93.323,2.58,,102.3,51.7
2014-07-09,6.1994,93.228,2.57,,102.3,51.7
2014-07-10,6.2023,93.3152,2.55,,102.3,51.7
2014-07-11,6.2034,93.4171,2.53,,102.3,51.7
2014-07-14,6.2059,93.4101,2.55,,102.3,51.7
2014-07-15,6.2075,93.5796,2.56,,102.3,51.7
2014-07-16,6.2035,93.5991,2.55,,102.3,51.7
2014-07-17,6.2033,93.6586,2.47,,102.3,51.7
2014-07-18,6.2075,93.6608,2.5,,102.3,51.7
2014-07-21,6.2088,93.6069,2.49,,102.3,51.7
2014-07-22,6.2025,93.6306,2.48,,102.3,51.7
2014-07-23,6.1982,93.5951,2.48,,102.3,51.7
2014-07-24,6.1944,93.6836,2.52,,102.3,51.7
2014-07-25,6.1913,93.8294,2.48,,102.3,51.7
2014-07-28,6.187,93.83,2.5,,102.3,51.7
2014-07-29,6.18,94.0443,2.47,,102.3,51.7
2014-07-30,6.1712,94.3473,2.57,,102.3,51.7
2014-07-31,6.1737,94.4467,2.58,,102.3,51.7
2014-08-01,6.1793,94.4754,2.52,237.46,102.0,51.1
2014-08-04,6.178,94.448,2.51,,102.0,51.1
2014-08-05,6.1705,94.6754,2.49,,102.0,51.1
2014-08-06,6.1625,94.6092,2.49,,102.0,51.1
2014-08-07,6.1618,94.6364,2.43,,102.0,51.1
2014-08-08,6.1557,94.6027,2.44,,102.0,51.1
2014-08-11,6.1528,94.4767,2.44,,102.0,51.1
2014-08-12,6.1575,94.5211,2.46,,102.0,51.1
2014-08-13,6.1531,94.4681,2.43,,102.0,51.1
2014-08-14,6.1575,94.3508,2.4,,102.0,51.1
2014-08-15,6.147,94.2941,2.34,,102.0,51.1
2014-08-18,6.1425,94.2519,2.39,,102.0,51.1
2014-08-19,6.1425,94.4356,2.4,,102.0,51.1
2014-08-20,6.1395,94.5937,2.43,,102.0,51.1
2014-08-21,6.151,94.673,2.41,,102.0,51.1
2014-08-22,6.151,94.8012,2.4,,102.0,51.1
2014-08-25,6.154,94.9159,2.39,,102.0,51.1
2014-08-26,6.1522,94.8617,2.39,,102.0,51.1
2014-08-27,6.143,94.6863,2.37,,102.0,51.1
2014-08-28,6.1423,94.6947,2.34,,102.0,51.1
2014-08-29,6.143,94.7251,2.35,,102.0,51.1
2014-09-01,,,,237.477,101.6,51.1
2014-09-02,6.148,95.063,2.42,,101.6,51.1
2014-09-03,6.1408,94.8709,2.41,,101.6,51.1
2014-09-04,6.1383,95.2641,2.45,,101.6,51.1
2014-09-05,6.14,95.2203,2.46,,101.6,51.1
2014-09-08,6.14,95.4167,2.48,,101.6,51.1
2014-09-09,6.1362,95.8811,2.5,,101.6,51.1
2014-09-10,6.1284,95.8641,2.54,,101.6,51.1
2014-09-11,6.1295,95.9184,2.54,,101.6,51.1
2014-09-12,6.1344,96.0748,2.62,,101.6,51.1
2014-09-15,6.1415,96.1195,2.6,,101.6,51.1
2014-09-16,6.1459,95.8483,2.6,,101.6,51.1
2014-09-17,6.1385,95.9106,2.62,,101.6,51.1
2014-09-18,6.14,96.1284,2.63,,101.6,51.1
2014-09-19,6.1403,96.3417,2.59,,101.6,51.1
2014-09-22,6.14,96.4625,2.57,,101.6,51.1
2014-09-23,6.1368,96.5112,2.54,,101.6,51.1
2014-09-24,6.1346,96.6574,2.57,,101.6,51.1
2014-09-25,6.1355,96.8988,2.52,,101.6,51.1
2014-09-26,6.1266,97.208,2.54,,101.6,51.1
2014-09-29,6.1495,97.3523,2.5,,101.6,51.1
2014-09-30,6.138,97.5261,2.52,,101.6,51.1
2014-10-01,6.138,97.5387,2.42,237.43,101.6,50.8
2014-10-02,6.138,97.3062,2.44,,101.6,50.8
2014-10-03,6.1385,97.9846,2.45,,101.6,50.8
2014-10-06,6.1385,97.5513,2.43,,101.6,50.8
2014-10-07,6.1385,97.4459,2.36,,101.6,50.8
2014-10-08,6.1385,97.4945,2.35,,101.6,50.8
2014-10-09,6.1299,97.1711,2.34,,101.6,50.8
2014-10-10,6.1308,97.4144,2.31,,101.6,50.8
2014-10-13,,,,,101.6,50.8
2014-10-14,6.125,97.3943,2.21,,101.6,50.8
2014-10-15,6.1249,97.3532,2.15,,101.6,50.8
2014-10-16,6.123,97.2869,2.17,,101.6,50.8
2014-10-17,6.1238,97.3067,2.22,,101.6,50.8
2014-10-20,6.1233,97.2874,2.2,,101.6,50.8
2014-10-21,6.1205,97.2488,2.23,,101.6,50.8
2014-10-22,6.118,97.459,2.25,,101.6,50.8
2014-10-23,6.119,97.6047,2.29,,101.6,50.8
2014-10-24,6.1168,97.4772,2.29,,101.6,50.8
2014-10-27,6.116,97.5423,2.27,,101.6,50.8
2014-10-28,6.113,97.2173,2.3,,101.6,50.8
2014-10-29,6.1107,97.0145,2.34,,101.6,50.8
2014-10-30,6.114,97.456,2.32,,101.6,50.8
2014-10-31,6.1124,98.1163,2.35,,101.6,50.8
2014-11-01,,,,236.983,101.4,50.3
2014-11-03,6.1178,98.5336,2.36,,101.4,50.3
2014-11-04,6.115,98.5576,2.35,,101.4,50.3
2014-11-05,6.1135,98.8086,2.36,,101.4,50.3
2014-11-06,6.1117,99.1325,2.39,,101.4,50.3
2014-11-07,6.1225,99.0236,2.32,,101.4,50.3
2014-11-10,6.119,98.9305,2.38,,101.4,50.3
2014-11-11,,,,,101.4,50.3
2014-11-12,6.1257,98.8897,2.37,,101.4,50.3
2014-11-13,6.1243,99.1045,2.35,,101.4,50.3
2014-11-14,6.129,99.0917,2.32,,101.4,50.3
2014-11-17,6.1242,99.2188,2.34,,101.4,50.3
2014-11-18,6.1208,99.0185,2.32,,101.4,50.3
2014-11-19,6.119,99.2424,2.36,,101.4,50.3
2014-11-20,6.123,99.2554,2.34,,101.4,50.3
2014-11-21,6.1244,99.2894,2.31,,101.4,50.3
2014-11-24,6.1412,99.4227,2.3,,101.4,50.3
2014-11-25,6.1355,99.2837,2.27,,101.4,50.3
2014-11-26,6.1386,99.1893,2.24,,101.4,50.3
2014-11-27,,,,,101.4,50.3
2014-11-28,6.1429,100.0719,2.18,,101.4,50.3
2014-12-01,6.1515,99.8964,2.22,236.252,101.5,50.1
2014-12-02,6.149,100.4478,2.28,,101.5,50.1
2014-12-03,6.1499,100.5696,2.29,,101.5,50.1
2014-12-04,6.1541,100.3931,2.25,,101.5,50.1
2014-12-05,6.1497,101.0989,2.31,,101.5,50.1
2014-12-08,6.1725,101.31,2.26,,101.5,50.1
2014-12-09,6.1855,100.8095,2.22,,101.5,50.1
2014-12-10,6.1763,101.0212,2.18,,101.5,50.1
2014-12-11,6.1881,101.4448,2.19,,101.5,50.1
2014-12-12,6.1864,101.3735,2.1,,101.5,50.1
2014-12-15,6.19,101.674,2.12,,101.5,50.1
2014-12-16,6.189,101.526,2.07,,101.5,50.1
2014-12-17,6.1957,101.5527,2.14,,101.5,50.1
2014-12-18,6.2139,101.7531,2.22,,101.5,50.1
2014-12-19,6.2196,102.0483,2.17,,101.5,50.1
2014-12-22,6.2213,101.9942,2.17,,101.5,50.1
2014-12-23,6.2256,102.348,2.26,,101.5,50.1
2014-12-24,6.2148,102.3028,2.27,,101.5,50.1
2014-12-25,,,,,101.5,50.1
2014-12-26,,,2.25,,101.5,50.1
2014-12-29,6.2222,102.3767,2.22,,101.5,50.1
2014-12-30,6.2015,102.1019,2.2,,101.5,50.1
2014-12-31,6.2046,102.2843,2.17,,101.5,50.1
2015-01-01,,,,234.747,100.8,49.8
2015-01-02,6.2046,102.9027,2.12,,100.8,49.8
2015-01-05,6.2201,103.4976,2.04,,100.8,49.8
2015-01-06,6.2125,103.2938,1.97,,100.8,49.8
2015-01-07,6.2127,103.6316,1.96,,100.8,49.8
2015-01-08,6.2143,103.2799,2.03,,100.8,49.8
2015-01-09,6.2085,103.1213,1.98,,100.8,49.8
2015-01-12,6.2027,103.2372,1.92,,100.8,49.8
2015-01-13,6.197,103.27,1.91,,100.8,49.8
2015-01-14,6.1957,103.0903,1.86,,100.8,49.8
2015-01-15,6.187,103.0829,1.77,,100.8,49.8
2015-01-16,6.2065,103.2189,1.83,,100.8,49.8
2015-01-19,,,,,100.8,49.8
2015-01-20,6.2137,103.5233,1.82,,100.8,49.8
2015-01-21,6.2112,103.7858,1.87,,100.8,49.8
2015-01-22,6.2085,103.9271,1.9,,100.8,49.8
2015-01-23,6.2279,104.3676,1.81,,100.8,49.8
2015-01-26,6.2535,104.4818,1.83,,100.8,49.8
2015-01-27,6.243,104.1646,1.83,,100.8,49.8
2015-01-28,6.2475,104.4737,1.73,,100.8,49.8
2015-01-29,6.2463,105.2763,1.77,,100.8,49.8
2015-01-30,6.2495,105.5884,1.68,,100.8,49.8
2015-02-01,,,,235.342,101.4,49.9
2015-02-02,6.2594,105.2058,1.68,,101.4,49.9
2015-02-03,6.2573,104.6063,1.79,,101.4,49.9
2015-02-04,6.2472,104.785,1.81,,101.4,49.9
2015-02-05,6.2516,104.4915,1.83,,101.4,49.9
2015-02-06,6.2417,105.1283,1.95,,101.4,49.9
2015-02-09,6.2467,104.9889,1.96,,101.4,49.9
2015-02-10,6.2405,105.2897,2.01,,101.4,49.9
2015-02-11,6.2422,105.7901,2.0,,101.4,49.9
2015-02-12,6.244,104.9385,1.99,,101.4,49.9
2015-02-13,6.2399,104.8452,2.02,,101.4,49.9
2015-02-16,,,,,101.4,49.9
2015-02-17,6.2546,,2.14,,101.4,49.9
2015-02-18,6.2546,105.2514,2.07,,101.4,49.9
2015-02-19,6.2546,105.1407,2.11,,101.4,49.9
2015-02-20,6.2546,105.3387,2.13,,101.4,49.9
2015-02-23,6.2546,105.5359,2.06,,101.4,49.9
2015-02-24,6.2546,105.5472,1.99,,101.4,49.9
2015-02-25,6.2591,105.0503,1.96,,101.4,49.9
2015-02-26,6.2584,105.5021,2.03,,101.4,49.9
2015-02-27,6.2695,105.5981,2.0,,101.4,49.9
2015-03-01,,,,235.976,101.4,50.1
2015-03-02,6.272,105.8151,2.08,,101.4,50.1
2015-03-03,6.2741,105.5562,2.12,,101.4,50.1
2015-03-04,6.2701,106.1333,2.12,,101.4,50.1
2015-03-05,6.2658,,2.11,,101.4,50.1
2015-03-06,6.262,107.4337,2.24,,101.4,50.1
2015-03-09,6.2635,107.5199,2.2,,101.4,50.1
2015-03-10,6.2615,108.1165,2.14,,101.4,50.1
2015-03-11,6.2613,108.5235,2.11,,101.4,50.1
2015-03-12,6.2614,108.1741,2.1,,101.4,50.1
2015-03-13,6.2585,108.9174,2.13,,101.4,50.1
2015-03-16,6.262,108.6422,2.1,,101.4,50.1
2015-03-17,6.249,108.5805,2.06,,101.4,50.1
2015-03-18,6.2289,108.408,1.93,,101.4,50.1
2015-03-19,6.1955,108.1826,1.98,,101.4,50.1
2015-03-20,6.2037,107.1671,1.93,,101.4,50.1
2015-03-23,6.2135,106.5022,1.92,,101.4,50.1
2015-03-24,6.2046,106.4401,1.88,,101.4,50.1
2015-03-25,6.2116,106.2636,1.93,,101.4,50.1
2015-03-26,6.2103,106.5582,2.01,,101.4,50.1
2015-03-27,6.2145,106.8916,1.95,,101.4,50.1
2015-03-30,6.2065,107.3941,1.96,,101.4,50.1
2015-03-31,6.199,107.4396,1.94,,101.4,50.1
2015-04-01,6.1976,107.06,1.87,236.222,101.5,50.1
2015-04-02,6.1968,106.6738,1.92,,101.5,50.1
2015-04-03,6.193,105.8861,1.85,,101.5,50.1
2015-04-06,6.193,105.7876,1.92,,101.5,50.1
2015-04-07,6.1955,106.4488,1.89,,101.5,50.1
2015-04-08,6.202,106.4231,1.92,,101.5,50.1
2015-04-09,6.205,107.0335,1.97,,101.5,50.1
2015-04-10,6.2082,107.4526,1.96,,101.5,50.1
2015-04-13,6.2152,107.7508,1.94,,101.5,50.1
2015-04-14,6.2113,107.0547,1.9,,101.5,50.1
2015-04-15,6.2037,107.1855,1.91,,101.5,50.1
2015-04-16,6.1947,106.2761,1.9,,101.5,50.1
2015-04-17,6.1976,106.329,1.87,,101.5,50.1
2015-04-20,6.2014,106.4902,1.9,,101.5,50.1
2015-04-21,6.201,106.5582,1.92,,101.5,50.1
2015-04-22,6.1927,106.5815,1.99,,101.5,50.1
2015-04-23,6.1975,106.1658,1.96,,101.5,50.1
2015-04-24,6.193,105.905,1.93,,101.5,50.1
2015-04-27,6.2185,105.6891,1.94,,101.5,50.1
2015-04-28,6.2035,105.1234,2.0,,101.5,50.1
2015-04-29,6.1989,104.5634,2.06,,101.5,50.1
2015-04-30,6.2018,105.312,2.05,,101.5,50.1
2015-05-01,6.2018,105.6382,2.12,237.001,101.2,50.2
2015-05-04,6.2085,105.6679,2.16,,101.2,50.2
2015-05-05,6.2058,105.2396,2.19,,101.2,50.2
2015-05-06,6.2001,104.6935,2.25,,101.2,50.2
2015-05-07,6.2063,105.1941,2.18,,101.2,50.2
2015-05-08,6.2084,104.8424,2.16,,101.2,50.2
2015-05-11,6.2086,105.3075,2.28,,101.2,50.2
2015-05-12,6.2086,104.8924,2.28,,101.2,50.2
2015-05-13,6.2043,104.3608,2.27,,101.2,50.2
2015-05-14,6.2013,104.2359,2.23,,101.2,50.2
2015-05-15,6.2051,104.0202,2.14,,101.2,50.2
2015-05-18,6.2041,104.6068,2.23,,101.2,50.2
2015-05-19,6.2064,105.3448,2.27,,101.2,50.2
2015-05-20,6.2036,105.5605,2.26,,101.2,50.2
2015-05-21,6.1958,105.3808,2.19,,101.2,50.2
2015-05-22,6.1972,105.8487,2.21,,101.2,50.2
2015-05-25,,,,,101.2,50.2
2015-05-26,6.2038,106.7294,2.14,,101.2,50.2
2015-05-27,6.2011,106.908,2.14,,101.2,50.2
2015-05-28,6.2002,106.92,2.13,,101.2,50.2
2015-05-29,6.198,106.7388,2.12,,101.2,50.2
2015-06-01,6.1985,107.2238,2.19,237.657,101.4,50.2
2015-06-02,6.198,106.4507,2.27,,101.4,50.2
2015-06-03,6.1976,106.1443,2.38,,101.4,50.2
2015-06-04,6.2006,106.4725,2.31,,101.4,50.2
2015-06-05,6.2024,107.1336,2.41,,101.4,50.2
2015-06-08,6.2053,106.7693,2.39,,101.4,50.2
2015-06-09,6.2047,106.2238,2.42,,101.4,50.2
2015-06-10,6.2055,105.8037,2.5,,101.4,50.2
2015-06-11,6.2065,106.0934,2.39,,101.4,50.2
2015-06-12,6.2081,105.9015,2.39,,101.4,50.2
2015-06-15,6.208,105.9989,2.36,,101.4,50.2
2015-06-16,6.2085,106.0473,2.32,,101.4,50.2
2015-06-17,6.2086,106.058,2.32,,101.4,50.2
2015-06-18,6.2075,105.102,2.35,,101.4,50.2
2015-06-19,6.2085,105.4496,2.26,,101.4,50.2
2015-06-22,6.2085,105.3846,2.37,,101.4,50.2
2015-06-23,6.2066,105.9678,2.42,,101.4,50.2
2015-06-24,6.2061,106.2522,2.38,,101.4,50.2
2015-06-25,6.2084,106.1515,2.4,,101.4,50.2
2015-06-26,6.208,106.4116,2.49,,101.4,50.2
2015-06-29,6.2085,106.3785,2.33,,101.4,50.2
2015-06-30,6.2,106.5191,2.35,,101.4,50.2
2015-07-01,6.2008,107.0101,2.43,238.034,101.6,50.0
2015-07-02,6.2044,106.9106,2.4,,101.6,50.0
2015-07-03,,,,,101.6,50.0
2015-07-06,6.2089,107.1343,2.3,,101.6,50.0
2015-07-07,6.2097,107.785,2.27,,101.6,50.0
2015-07-08,6.2087,107.4734,2.22,,101.6,50.0
2015-07-09,6.2086,107.5595,2.32,,101.6,50.0
2015-07-10,6.2092,107.213,2.42,,101.6,50.0
2015-07-13,6.2081,107.5849,2.44,,101.6,50.0
2015-07-14,6.2088,107.4843,2.41,,101.6,50.0
2015-07-15,6.2082,108.0149,2.36,,101.6,50.0
2015-07-16,6.2094,108.1726,2.36,,101.6,50.0
2015-07-17,6.2085,108.5374,2.34,,101.6,50.0
2015-07-20,6.2095,108.6944,2.38,,101.6,50.0
2015-07-21,6.2095,108.3893,2.35,,101.6,50.0
2015-07-22,6.2093,108.7817,2.33,,101.6,50.0
2015-07-23,6.2091,108.7565,2.28,,101.6,50.0
2015-07-24,6.2095,109.0174,2.27,,101.6,50.0
2015-07-27,6.2091,108.6924,2.23,,101.6,50.0
2015-07-28,6.2084,108.6881,2.26,,101.6,50.0
2015-07-29,6.2089,108.604,2.29,,101.6,50.0
2015-07-30,6.2096,109.4328,2.28,,101.6,50.0
2015-07-31,6.2097,108.7819,2.2,,101.6,50.0
2015-08-01,,,,238.033,102.0,49.7
2015-08-03,6.2087,109.214,2.16,,102.0,49.7
2015-08-04,6.2086,109.2244,2.23,,102.0,49.7
2015-08-05,6.2096,109.842,2.28,,102.0,49.7
2015-08-06,6.2096,109.722,2.23,,102.0,49.7
2015-08-07,6.2087,109.4376,2.18,,102.0,49.7
2015-08-10,6.2094,109.1931,2.24,,102.0,49.7
2015-08-11,6.3232,109.9464,2.15,,102.0,49.7
2015-08-12,6.3845,109.4655,2.14,,102.0,49.7
2015-08-13,6.3982,109.9025,2.19,,102.0,49.7
2015-08-14,6.3908,109.9174,2.2,,102.0,49.7
2015-08-17,6.3937,110.1435,2.16,,102.0,49.7
2015-08-18,6.3928,110.2504,2.2,,102.0,49.7
2015-08-19,6.3956,110.4333,2.12,,102.0,49.7
2015-08-20,6.3875,110.1077,2.09,,102.0,49.7
2015-08-21,6.3887,110.1443,2.05,,102.0,49.7
2015-08-24,6.4029,109.9306,2.01,,102.0,49.7
2015-08-25,6.4122,110.3394,2.12,,102.0,49.7
2015-08-26,6.4083,110.5807,2.18,,102.0,49.7
2015-08-27,6.4053,110.4834,2.18,,102.0,49.7
2015-08-28,6.389,110.6714,2.19,,102.0,49.7
2015-08-31,6.376,110.5621,2.21,,102.0,49.7
2015-09-01,6.363,110.4506,2.17,237.498,101.6,49.8
2015-09-02,6.3544,110.7979,2.2,,101.6,49.8
2015-09-03,6.3549,110.8566,2.18,,101.6,49.8
2015-09-04,6.3549,111.1018,2.13,,101.6,49.8
2015-09-07,,,,,101.6,49.8
2015-09-08,6.3657,110.7942,2.2,,101.6,49.8
2015-09-09,6.3768,110.9225,2.21,,101.6,49.8
2015-09-10,6.377,110.6331,2.23,,101.6,49.8
2015-09-11,6.3735,110.6109,2.2,,101.6,49.8
2015-09-14,6.3664,110.5005,2.18,,101.6,49.8
2015-09-15,6.3685,110.6394,2.28,,101.6,49.8
2015-09-16,6.3694,110.1021,2.3,,101.6,49.8
2015-09-17,6.3645,110.1212,2.21,,101.6,49.8
2015-09-18,6.3628,109.8165,2.13,,101.6,49.8
2015-09-21,6.3676,110.6414,2.2,,101.6,49.8
2015-09-22,6.375,111.1967,2.14,,101.6,49.8
2015-09-23,6.3836,111.6287,2.16,,101.6,49.8
2015-09-24,6.3818,111.4454,2.13,,101.6,49.8
2015-09-25,6.3737,111.3725,2.17,,101.6,49.8
2015-09-28,6.3685,111.3914,2.1,,101.6,49.8
2015-09-29,6.3621,111.5219,2.05,,101.6,49.8
2015-09-30,6.3556,111.3311,2.06,,101.6,49.8
2015-10-01,6.3559,111.0439,2.05,237.733,101.3,49.8
2015-10-02,6.3559,110.7006,1.99,,101.3,49.8
2015-10-05,6.3559,110.4445,2.07,,101.3,49.8
2015-10-06,6.3559,110.1371,2.05,,101.3,49.8
2015-10-07,6.3559,109.8162,2.08,,101.3,49.8
2015-10-08,6.3529,109.6452,2.12,,101.3,49.8
2015-10-09,6.345,109.0782,2.12,,101.3,49.8
2015-10-12,,,,,101.3,49.8
2015-10-13,6.3417,109.4119,2.06,,101.3,49.8
2015-10-14,6.3462,109.1244,1.99,,101.3,49.8
2015-10-15,6.3459,108.6671,2.04,,101.3,49.8
2015-10-16,6.3523,108.9956,2.04,,101.3,49.8
2015-10-19,6.3591,109.3858,2.04,,101.3,49.8
2015-10-20,6.348,109.3368,2.08,,101.3,49.8
2015-10-21,6.3487,109.7746,2.04,,101.3,49.8
2015-10-22,6.3577,110.0342,2.04,,101.3,49.8
2015-10-23,6.3488,110.4329,2.09,,101.3,49.8
2015-10-26,6.3517,110.2089,2.07,,101.3,49.8
2015-10-27,6.3517,110.4875,2.05,,101.3,49.8
2015-10-28,6.3581,110.2334,2.1,,101.3,49.8
2015-10-29,6.3552,110.8083,2.19,,101.3,49.8
2015-10-30,6.318,110.2079,2.16,,101.3,49.8
2015-11-01,,,,238.017,101.5,49.6
2015-11-02,6.318,110.2188,2.2,,101.5,49.6
2015-11-03,6.318,110.244,2.23,,101.5,49.6
2015-11-04,6.3357,110.7139,2.25,,101.5,49.6
2015-11-05,6.318,110.8302,2.26,,101.5,49.6
2015-11-06,6.318,111.7603,2.34,,101.5,49.6
2015-11-09,6.3619,111.9112,2.36,,101.5,49.6
2015-11-10,6.3603,111.9919,2.32,,101.5,49.6
2015-11-11,,,,,101.5,49.6
2015-11-12,6.369,111.7965,2.32,,101.5,49.6
2015-11-13,6.3735,112.0264,2.28,,101.5,49.6
2015-11-16,6.37,112.2199,2.27,,101.5,49.6
2015-11-17,6.3771,112.3141,2.25,,101.5,49.6
2015-11-18,6.3834,112.3663,2.27,,101.5,49.6
2015-11-19,6.3825,111.5749,2.24,,101.5,49.6
2015-11-20,6.3835,111.7799,2.26,,101.5,49.6
2015-11-23,6.389,112.1125,2.25,,101.5,49.6
2015-11-24,6.3883,111.7638,2.24,,101.5,49.6
2015-11-25,6.3877,111.8936,2.23,,101.5,49.6
2015-11-26,,,,,101.5,49.6
2015-11-27,6.3945,112.2824,2.22,,101.5,49.6
2015-11-30,6.3883,112.34,2.21,,101.5,49.6
2015-12-01,6.3883,112.1134,2.15,237.761,101.6,49.7
2015-12-02,6.3883,112.3715,2.18,,101.6,49.7
2015-12-03,6.3883,111.6407,2.33,,101.6,49.7
2015-12-04,6.3883,111.5463,2.28,,101.6,49.7
2015-12-07,6.4081,112.3056,2.23,,101.6,49.7
2015-12-08,6.4162,112.5485,2.24,,101.6,49.7
2015-12-09,6.427,112.1918,2.22,,101.6,49.7
2015-12-10,6.4363,112.2672,2.24,,101.6,49.7
2015-12-11,6.4538,112.7147,2.13,,101.6,49.7
2015-12-14,6.4588,112.7521,2.23,,101.6,49.7
2015-12-15,6.46,112.8609,2.28,,101.6,49.7
2015-12-16,6.4723,112.9864,2.3,,101.6,49.7
2015-12-17,6.4822,113.8177,2.24,,101.6,49.7
2015-12-18,6.48,113.2837,2.19,,101.6,49.7
2015-12-21,6.4793,113.4144,2.2,,101.6,49.7
2015-12-22,6.4778,113.211,2.24,,101.6,49.7
2015-12-23,6.4763,113.1847,2.27,,101.6,49.7
2015-12-24,6.4758,113.0496,2.25,,101.6,49.7
2015-12-25,,,,,101.6,49.7
2015-12-28,6.4778,113.0461,2.24,,101.6,49.7
2015-12-29,6.4778,113.1664,2.32,,101.6,49.7
2015-12-30,6.4896,113.4707,2.31,,101.6,49.7
2015-12-31,6.4778,113.3429,2.27,,101.6,49.7
2016-01-01,,,,237.652,101.8,49.4
2016-01-04,6.5338,114.1595,2.24,,101.8,49.4
2016-01-05,6.5219,114.2649,2.25,,101.8,49.4
2016-01-06,6.5554,114.6177,2.18,,101.8,49.4
2016-01-07,6.5926,114.6516,2.16,,101.8,49.4
2016-01-08,6.5932,115.0095,2.13,,101.8,49.4
2016-01-11,6.5675,115.0139,2.17,,101.8,49.4
2016-01-12,6.57,115.3128,2.12,,101.8,49.4
2016-01-13,6.57,115.1425,2.08,,101.8,49.4
2016-01-14,6.5891,115.3846,2.1,,101.8,49.4
2016-01-15,6.584,115.7404,2.03,,101.8,49.4
2016-01-18,,,,,101.8,49.4
2016-01-19,6.5783,115.8155,2.06,,101.8,49.4
2016-01-20,6.5781,116.3498,2.01,,101.8,49.4
2016-01-21,6.5794,115.9833,2.02,,101.8,49.4
2016-01-22,6.5788,,2.07,,101.8,49.4
2016-01-25,6.579,,2.03,,101.8,49.4
2016-01-26,6.5814,,2.01,,101.8,49.4
2016-01-27,6.5773,115.5087,2.02,,101.8,49.4
2016-01-28,6.5744,115.2224,2.0,,101.8,49.4
2016-01-29,6.5752,115.5731,1.94,,101.8,49.4
2016-02-01,6.5778,115.3331,1.97,237.336,102.3,49.0
2016-02-02,6.5795,115.553,1.87,,102.3,49.0
2016-02-03,6.5765,114.6144,1.88,,102.3,49.0
2016-02-04,6.5638,113.6012,1.87,,102.3,49.0
2016-02-05,6.571,114.2935,1.86,,102.3,49.0
2016-02-08,6.571,114.4351,1.75,,102.3,49.0
2016-02-09,6.571,114.127,1.74,,102.3,49.0
2016-02-10,6.571,114.2877,1.71,,102.3,49.0
2016-02-11,6.571,114.1845,1.63,,102.3,49.0
2016-02-12,6.571,114.2992,1.74,,102.3,49.0
2016-02-15,,,,,102.3,49.0
2016-02-16,6.5154,114.4905,1.78,,102.3,49.0
2016-02-17,6.527,113.8634,1.81,,102.3,49.0
2016-02-18,6.5163,113.8897,1.75,,102.3,49.0
2016-02-19,6.5202,113.9558,1.76,,102.3,49.0
2016-02-22,6.5197,113.8232,1.77,,102.3,49.0
2016-02-23,6.5263,114.177,1.74,,102.3,49.0
2016-02-24,6.529,114.1716,1.75,,102.3,49.0
2016-02-25,6.532,113.9222,1.71,,102.3,49.0
2016-02-26,6.539,114.3708,1.76,,102.3,49.0
2016-02-29,6.5525,114.2418,1.74,,102.3,49.0
2016-03-01,6.55,113.9265,1.83,238.08,102.3,50.2
2016-03-02,6.5499,113.7965,1.84,,102.3,50.2
2016-03-03,6.5312,113.2482,1.83,,102.3,50.2
2016-03-04,6.5064,112.6387,1.88,,102.3,50.2
2016-03-07,6.5155,112.6219,1.91,,102.3,50.2
2016-03-08,6.5044,112.8465,1.83,,102.3,50.2
2016-03-09,6.5105,112.4268,1.9,,102.3,50.2
2016-03-10,6.507,112.4191,1.93,,102.3,50.2
2016-03-11,6.494,111.741,1.98,,102.3,50.2
2016-03-14,6.4984,112.1688,1.97,,102.3,50.2
2016-03-15,6.511,112.5545,1.97,,102.3,50.2
2016-03-16,6.5189,112.7759,1.94,,102.3,50.2
2016-03-17,6.4745,110.445,1.91,,102.3,50.2
2016-03-18,6.4682,110.4002,1.88,,102.3,50.2
2016-03-21,6.4812,110.737,1.92,,102.3,50.2
2016-03-22,6.4876,110.7877,1.94,,102.3,50.2
2016-03-23,6.5035,111.5473,1.88,,102.3,50.2
2016-03-24,6.5124,111.816,1.91,,102.3,50.2
2016-03-25,6.5131,111.7698,,,102.3,50.2
2016-03-28,6.5051,111.3578,1.89,,102.3,50.2
2016-03-29,6.5063,111.3736,1.81,,102.3,50.2
2016-03-30,6.4648,110.2301,1.83,,102.3,50.2
2016-03-31,6.448,109.9191,1.78,,102.3,50.2
2016-04-01,6.4776,110.2977,1.79,238.992,102.3,50.1
2016-04-04,6.4776,110.3987,1.78,,102.3,50.1
2016-04-05,6.476,110.9478,1.73,,102.3,50.1
2016-04-06,6.478,110.5347,1.76,,102.3,50.1
2016-04-07,6.4599,110.8876,1.7,,102.3,50.1
2016-04-08,6.4628,110.4213,1.72,,102.3,50.1
2016-04-11,6.458,109.9758,1.73,,102.3,50.1
2016-04-12,6.4639,109.816,1.79,,102.3,50.1
2016-04-13,6.4768,110.1436,1.77,,102.3,50.1
2016-04-14,6.481,110.1691,1.8,,102.3,50.1
2016-04-15,6.473,110.1933,1.76,,102.3,50.1
2016-04-18,6.4717,109.9892,1.78,,102.3,50.1
2016-04-19,6.4571,109.2782,1.79,,102.3,50.1
2016-04-20,6.4675,109.3926,1.85,,102.3,50.1
2016-04-21,6.481,109.8533,1.88,,102.3,50.1
2016-04-22,6.5004,110.2331,1.89,,102.3,50.1
2016-04-25,6.49,110.1865,1.91,,102.3,50.1
2016-04-26,6.4905,109.7496,1.94,,102.3,50.1
2016-04-27,6.494,109.8483,1.87,,102.3,50.1
2016-04-28,6.4735,109.2148,1.84,,102.3,50.1
2016-04-29,6.4738,108.8274,1.83,,102.3,50.1
2016-05-01,,,,239.557,102.0,50.1
2016-05-02,6.4738,108.671,1.88,,102.0,50.1
2016-05-03,6.49,109.3613,1.81,,102.0,50.1
2016-05-04,6.4945,109.9952,1.79,,102.0,50.1
2016-05-05,6.5032,110.2417,1.76,,102.0,50.1
2016-05-06,6.497,110.3801,1.79,,102.0,50.1
2016-05-09,6.514,110.9466,1.77,,102.0,50.1
2016-05-10,6.515,110.8225,1.77,,102.0,50.1
2016-05-11,6.491,110.2806,1.73,,102.0,50.1
2016-05-12,6.514,110.6935,1.75,,102.0,50.1
2016-05-13,6.5285,111.2521,1.71,,102.0,50.1
2016-05-16,6.5184,111.1217,1.75,,102.0,50.1
2016-05-17,6.517,111.0867,1.76,,102.0,50.1
2016-05-18,6.537,111.4995,1.87,,102.0,50.1
2016-05-19,6.544,112.2331,1.85,,102.0,50.1
2016-05-20,6.5485,112.1822,1.85,,102.0,50.1
2016-05-23,6.5533,112.284,1.84,,102.0,50.1
2016-05-24,6.5552,112.2912,1.86,,102.0,50.1
2016-05-25,6.5538,112.2001,1.87,,102.0,50.1
2016-05-26,6.554,111.8979,1.83,,102.0,50.1
2016-05-27,6.5615,112.0822,1.85,,102.0,50.1
2016-05-30,,,,,102.0,50.1
2016-05-31,6.5798,112.4276,1.84,,102.0,50.1
2016-06-01,6.5748,112.462,1.85,240.222,101.9,50.0
2016-06-02,6.5815,112.4564,1.81,,101.9,50.0
2016-06-03,6.5638,111.4451,1.71,,101.9,50.0
2016-06-06,6.5611,111.2295,1.73,,101.9,50.0
2016-06-07,6.571,110.8378,1.72,,101.9,50.0
2016-06-08,6.56,110.1916,1.71,,101.9,50.0
2016-06-09,6.559,110.6168,1.68,,101.9,50.0
2016-06-10,6.559,111.1027,1.64,,101.9,50.0
2016-06-13,6.5823,111.5036,1.62,,101.9,50.0
2016-06-14,6.593,111.9826,1.62,,101.9,50.0
2016-06-15,6.5785,111.7671,1.6,,101.9,50.0
2016-06-16,6.5899,112.2347,1.57,,101.9,50.0
2016-06-17,6.5849,111.5332,1.62,,101.9,50.0
2016-06-20,6.5768,110.8693,1.67,,101.9,50.0
2016-06-21,6.5893,111.0077,1.71,,101.9,50.0
2016-06-22,6.575,110.7681,1.69,,101.9,50.0
2016-06-23,6.574,110.262,1.74,,101.9,50.0
2016-06-24,6.615,112.1355,1.57,,101.9,50.0
2016-06-27,6.6481,113.1301,1.46,,101.9,50.0
2016-06-28,6.645,112.7545,1.46,,101.9,50.0
2016-06-29,6.635,111.8597,1.5,,101.9,50.0
2016-06-30,6.6459,112.1618,1.49,,101.9,50.0
2016-07-01,6.6547,111.6509,1.46,240.101,101.8,49.9
2016-07-04,,,,,101.8,49.9
2016-07-05,6.677,112.4231,1.37,,101.8,49.9
2016-07-06,6.69,112.5438,1.38,,101.8,49.9
2016-07-07,6.679,112.5775,1.4,,101.8,49.9
2016-07-08,6.6878,112.3963,1.37,,101.8,49.9
2016-07-11,6.6917,112.5254,1.43,,101.8,49.9
2016-07-12,6.686,112.1102,1.53,,101.8,49.9
2016-07-13,6.6832,112.0266,1.48,,101.8,49.9
2016-07-14,6.6801,111.7692,1.53,,101.8,49.9
2016-07-15,6.6865,112.2833,1.6,,101.8,49.9
2016-07-18,6.7013,112.2463,1.59,,101.8,49.9
2016-07-19,6.6931,112.638,1.56,,101.8,49.9
2016-07-20,6.676,112.6743,1.59,,101.8,49.9
2016-07-21,6.6735,112.6239,1.57,,101.8,49.9
2016-07-22,6.676,112.989,1.57,,101.8,49.9
2016-07-25,6.6783,113.1784,1.58,,101.8,49.9
2016-07-26,6.669,113.0593,1.57,,101.8,49.9
2016-07-27,6.668,113.217,1.52,,101.8,49.9
2016-07-28,6.6538,112.7393,1.52,,101.8,49.9
2016-07-29,6.6371,111.874,1.46,,101.8,49.9
2016-08-01,6.6421,111.9757,1.51,240.545,101.3,50.4
2016-08-02,6.6239,111.7124,1.55,,101.3,50.4
2016-08-03,6.632,111.9419,1.55,,101.3,50.4
2016-08-04,6.6388,111.9149,1.51,,101.3,50.4
2016-08-05,6.653,112.3589,1.59,,101.3,50.4
2016-08-08,6.6597,112.1456,1.59,,101.3,50.4
2016-08-09,6.653,111.722,1.55,,101.3,50.4
2016-08-10,6.6345,111.3238,1.5,,101.3,50.4
2016-08-11,6.6274,111.1954,1.57,,101.3,50.4
2016-08-12,6.6324,111.1787,1.51,,101.3,50.4
2016-08-15,6.637,110.9212,1.55,,101.3,50.4
2016-08-16,6.624,110.4295,1.57,,101.3,50.4
2016-08-17,6.6328,110.9459,1.56,,101.3,50.4
2016-08-18,6.6297,110.3134,1.53,,101.3,50.4
2016-08-19,6.6515,110.8163,1.58,,101.3,50.4
2016-08-22,6.6475,110.9997,1.55,,101.3,50.4
2016-08-23,6.6378,110.9414,1.55,,101.3,50.4
2016-08-24,6.6562,111.2958,1.56,,101.3,50.4
2016-08-25,6.656,111.1726,1.58,,101.3,50.4
2016-08-26,6.669,111.2035,1.62,,101.3,50.4
2016-08-29,6.6775,111.8775,1.57,,101.3,50.4
2016-08-30,6.6778,112.2928,1.57,,101.3,50.4
2016-08-31,6.6776,112.4036,1.58,,101.3,50.4
2016-09-01,6.6713,112.1733,1.57,241.176,101.9,50.4
2016-09-02,6.679,112.0009,1.6,,101.9,50.4
2016-09-05,,,,,101.9,50.4
2016-09-06,6.6722,110.9613,1.55,,101.9,50.4
2016-09-07,6.66,110.9717,1.54,,101.9,50.4
2016-09-08,6.664,111.2609,1.61,,101.9,50.4
2016-09-09,6.6778,111.9879,1.67,,101.9,50.4
2016-09-12,6.6788,112.1516,1.68,,101.9,50.4
2016-09-13,6.6782,112.5207,1.73,,101.9,50.4
2016-09-14,6.6707,112.4678,1.7,,101.9,50.4
2016-09-15,6.6707,112.4753,1.71,,101.9,50.4
2016-09-16,6.6707,113.1765,1.7,,101.9,50.4
2016-09-19,6.665,112.903,1.7,,101.9,50.4
2016-09-20,6.67,113.1848,1.69,,101.9,50.4
2016-09-21,6.6695,112.9842,1.66,,101.9,50.4
2016-09-22,6.663,112.2592,1.63,,101.9,50.4
2016-09-23,6.669,112.7166,1.62,,101.9,50.4
2016-09-26,6.6683,112.7112,1.59,,101.9,50.4
2016-09-27,6.6691,112.5515,1.56,,101.9,50.4
2016-09-28,6.673,112.6283,1.57,,101.9,50.4
2016-09-29,6.665,112.2879,1.56,,101.9,50.4
2016-09-30,6.6685,112.2795,1.6,,101.9,50.4
2016-10-01,,,,241.741,102.1,51.2
2016-10-03,6.6685,112.5077,1.63,,102.1,51.2
2016-10-04,6.6685,112.6579,1.69,,102.1,51.2
2016-10-05,6.6685,112.7946,1.72,,102.1,51.2
2016-10-06,6.6685,113.0066,1.75,,102.1,51.2
2016-10-07,6.6685,113.2915,1.73,,102.1,51.2
2016-10-10,,,,,102.1,51.2
2016-10-11,6.719,113.4461,1.77,,102.1,51.2
2016-10-12,6.718,113.7442,1.79,,102.1,51.2
2016-10-13,6.7248,113.6238,1.75,,102.1,51.2
2016-10-14,6.7277,113.7119,1.8,,102.1,51.2
2016-10-17,6.735,113.5488,1.77,,102.1,51.2
2016-10-18,6.7401,113.1393,1.75,,102.1,51.2
2016-10-19,6.737,113.0547,1.76,,102.1,51.2
2016-10-20,6.7439,113.4033,1.76,,102.1,51.2
2016-10-21,6.7654,113.9015,1.74,,102.1,51.2
2016-10-24,6.7728,113.8571,1.77,,102.1,51.2
2016-10-25,6.778,113.6801,1.77,,102.1,51.2
2016-10-26,6.7706,113.8131,1.79,,102.1,51.2
2016-10-27,6.7819,114.1998,1.85,,102.1,51.2
2016-10-28,6.776,114.0931,1.86,,102.1,51.2
2016-10-31,6.7735,114.0188,1.84,,102.1,51.2
2016-11-01,6.763,113.9915,1.83,242.026,102.3,51.7
2016-11-02,6.7606,113.9206,1.81,,102.3,51.7
2016-11-03,6.7612,113.7664,1.82,,102.3,51.7
2016-11-04,6.7534,113.5828,1.79,,102.3,51.7
2016-11-07,6.774,113.5443,1.83,,102.3,51.7
2016-11-08,6.784,113.3017,1.88,,102.3,51.7
2016-11-09,6.7769,114.6956,2.07,,102.3,51.7
2016-11-10,6.7987,115.9375,2.15,,102.3,51.7
2016-11-11,,,,,102.3,51.7
2016-11-14,6.8447,117.2245,2.23,,102.3,51.7
2016-11-15,6.8556,116.7724,2.23,,102.3,51.7
2016-11-16,6.877,116.8062,2.22,,102.3,51.7
2016-11-17,6.8674,116.8952,2.29,,102.3,51.7
2016-11-18,6.8873,117.5936,2.34,,102.3,51.7
2016-11-21,6.8918,117.4762,2.33,,102.3,51.7
2016-11-22,6.888,117.4508,2.31,,102.3,51.7
2016-11-23,6.9195,118.0356,2.36,,102.3,51.7
2016-11-24,,,,,102.3,51.7
2016-11-25,6.9176,118.02,2.36,,102.3,51.7
2016-11-28,6.9055,117.7278,2.32,,102.3,51.7
2016-11-29,6.8933,117.644,2.3,,102.3,51.7
2016-11-30,6.8837,117.7636,2.37,,102.3,51.7
2016-12-01,6.883,117.6642,2.45,242.637,102.1,51.4
2016-12-02,6.883,117.3116,2.4,,102.1,51.4
2016-12-05,6.8775,117.1008,2.39,,102.1,51.4
2016-12-06,6.879,116.9225,2.39,,102.1,51.4
2016-12-07,6.878,116.672,2.34,,102.1,51.4
2016-12-08,6.8771,117.0327,2.4,,102.1,51.4
2016-12-09,6.9042,117.2834,2.47,,102.1,51.4
2016-12-12,6.9045,116.9161,2.49,,102.1,51.4
2016-12-13,6.8984,116.8029,2.48,,102.1,51.4
2016-12-14,6.9025,116.7332,2.54,,102.1,51.4
2016-12-15,6.941,118.8072,2.6,,102.1,51.4
2016-12-16,6.958,118.3584,2.6,,102.1,51.4
2016-12-19,6.9506,118.3875,2.54,,102.1,51.4
2016-12-20,6.947,118.63,2.57,,102.1,51.4
2016-12-21,6.939,118.581,2.55,,102.1,51.4
2016-12-22,6.9473,118.8209,2.55,,102.1,51.4
2016-12-23,6.9432,118.7856,2.55,,102.1,51.4
2016-12-26,,,,,102.1,51.4
2016-12-27,6.9491,118.9506,2.57,,102.1,51.4
2016-12-28,6.9559,119.2305,2.51,,102.1,51.4
2016-12-29,6.9535,118.6637,2.49,,102.1,51.4
2016-12-30,6.943,118.3466,2.45,,102.1,51.4
2017-01-01,,,,243.618,102.5,51.3
2017-01-02,,,,,102.5,51.3
2017-01-03,6.9575,119.0903,2.45,,102.5,51.3
2017-01-04,6.9322,118.8803,2.46,,102.5,51.3
2017-01-05,6.887,117.9999,2.37,,102.5,51.3
2017-01-06,6.9176,118.3495,2.42,,102.5,51.3
2017-01-09,6.935,118.4111,2.38,,102.5,51.3
2017-01-10,6.918,118.5386,2.38,,102.5,51.3
2017-01-11,6.9365,119.0219,2.38,,102.5,51.3
2017-01-12,6.889,117.8001,2.36,,102.5,51.3
2017-01-13,6.8985,117.9884,2.4,,102.5,51.3
2017-01-16,,,,,102.5,51.3
2017-01-17,6.852,117.2656,2.33,,102.5,51.3
2017-01-18,6.836,117.7242,2.42,,102.5,51.3
2017-01-19,6.868,118.3182,2.47,,102.5,51.3
2017-01-20,,,2.48,,102.5,51.3
2017-01-23,6.8514,117.2479,2.41,,102.5,51.3
2017-01-24,6.8555,117.0516,2.47,,102.5,51.3
2017-01-25,6.8812,116.9355,2.53,,102.5,51.3
2017-01-26,6.8768,117.2766,2.51,,102.5,51.3
2017-01-27,6.8768,117.0735,2.49,,102.5,51.3
2017-01-30,6.8768,116.7325,2.49,,102.5,51.3
2017-01-31,6.8768,116.2241,2.45,,102.5,51.3
2017-02-01,6.8768,116.3914,2.48,244.006,100.8,51.6
2017-02-02,6.8768,115.903,2.48,,100.8,51.6
2017-02-03,6.865,115.6259,2.49,,100.8,51.6
2017-02-06,6.86,116.0504,2.42,,100.8,51.6
2017-02-07,6.8821,116.4082,2.4,,100.8,51.6
2017-02-08,6.87,116.1382,2.34,,100.8,51.6
2017-02-09,6.866,116.306,2.4,,100.8,51.6
2017-02-10,6.8775,116.148,2.41,,100.8,51.6
2017-02-13,6.8776,116.3427,2.43,,100.8,51.6
2017-02-14,6.8649,116.3949,2.47,,100.8,51.6
2017-02-15,6.8685,116.2162,2.51,,100.8,51.6
2017-02-16,6.8517,116.0067,2.45,,100.8,51.6
2017-02-17,6.864,116.4035,2.42,,100.8,51.6
2017-02-20,,,,,100.8,51.6
2017-02-21,6.881,116.5921,2.43,,100.8,51.6
2017-02-22,6.8765,116.2136,2.42,,100.8,51.6
2017-02-23,6.8622,115.6527,2.38,,100.8,51.6
2017-02-24,6.8645,115.8143,2.31,,100.8,51.6
2017-02-27,6.8675,115.6764,2.36,,100.8,51.6
2017-02-28,6.8665,116.0032,2.36,,100.8,51.6
2017-03-01,6.8794,116.438,2.46,243.892,100.9,51.8
2017-03-02,6.8868,116.8429,2.49,,100.9,51.8
2017-03-03,6.8954,116.6438,2.49,,100.9,51.8
2017-03-06,6.8955,116.4313,2.49,,100.9,51.8
2017-03-07,6.9,116.4303,2.52,,100.9,51.8
2017-03-08,6.9113,116.875,2.57,,100.9,51.8
2017-03-09,6.9086,116.9959,2.6,,100.9,51.8
2017-03-10,6.905,116.616,2.58,,100.9,51.8
2017-03-13,6.905,116.4004,2.62,,100.9,51.8
2017-03-14,6.913,116.5646,2.6,,100.9,51.8
2017-03-15,6.9132,116.3584,2.51,,100.9,51.8
2017-03-16,6.913,115.4456,2.53,,100.9,51.8
2017-03-17,6.9,115.2783,2.5,,100.9,51.8
2017-03-20,6.905,115.0426,2.47,,100.9,51.8
2017-03-21,6.883,114.8119,2.43,,100.9,51.8
2017-03-22,6.8785,114.7937,2.4,,100.9,51.8
2017-03-23,6.8843,114.7899,2.41,,100.9,51.8
2017-03-24,6.8803,114.6372,2.4,,100.9,51.8
2017-03-27,6.8687,114.2347,2.38,,100.9,51.8
2017-03-28,6.8779,114.419,2.42,,100.9,51.8
2017-03-29,6.8879,114.7167,2.39,,100.9,51.8
2017-03-30,6.887,114.5245,2.42,,100.9,51.8
2017-03-31,6.8832,114.7938,2.4,,100.9,51.8
2017-04-01,,,,244.193,101.2,51.2
2017-04-03,6.8832,114.8734,2.35,,101.2,51.2
2017-04-04,6.8832,115.0038,2.36,,101.2,51.2
2017-04-05,6.892,114.9494,2.34,,101.2,51.2
2017-04-06,6.8955,115.0181,2.34,,101.2,51.2
2017-04-07,6.8978,115.0547,2.38,,101.2,51.2
2017-04-10,6.8988,115.11,2.37,,101.2,51.2
2017-04-11,6.8893,115.009,2.32,,101.2,51.2
2017-04-12,6.889,114.9162,2.28,,101.2,51.2
2017-04-13,6.8865,114.5059,2.24,,101.2,51.2
2017-04-14,6.8835,114.5368,,,101.2,51.2
2017-04-17,6.88,114.3283,2.26,,101.2,51.2
2017-04-18,6.8778,114.2575,2.18,,101.2,51.2
2017-04-19,6.886,114.7923,2.21,,101.2,51.2
2017-04-20,6.88,114.6205,2.24,,101.2,51.2
2017-04-21,6.8845,114.8128,2.24,,101.2,51.2
2017-04-24,6.884,114.3659,2.28,,101.2,51.2
2017-04-25,6.8824,114.5111,2.35,,101.2,51.2
2017-04-26,6.8918,114.9479,2.32,,101.2,51.2
2017-04-27,6.8958,114.9946,2.3,,101.2,51.2
2017-04-28,6.89,114.7877,2.29,,101.2,51.2
2017-05-01,6.89,114.5921,2.33,244.004,101.5,51.2
2017-05-02,6.8949,114.6792,2.29,,101.5,51.2
2017-05-03,6.8968,114.6637,2.33,,101.5,51.2
2017-05-04,6.8959,114.9076,2.36,,101.5,51.2
2017-05-05,6.9021,114.7725,2.36,,101.5,51.2
2017-05-08,6.904,115.0895,2.39,,101.5,51.2
2017-05-09,6.906,115.3933,2.42,,101.5,51.2
2017-05-10,6.9011,115.1145,2.41,,101.5,51.2
2017-05-11,6.9033,115.0669,2.39,,101.5,51.2
2017-05-12,6.8972,114.7479,2.33,,101.5,51.2
2017-05-15,6.89,114.3504,2.34,,101.5,51.2
2017-05-16,6.884,113.9923,2.33,,101.5,51.2
2017-05-17,6.8773,113.7506,2.22,,101.5,51.2
2017-05-18,6.888,114.2683,2.23,,101.5,51.2
2017-05-19,6.883,113.7001,2.23,,101.5,51.2
2017-05-22,6.8828,113.5442,2.25,,101.5,51.2
2017-05-23,6.888,113.6862,2.29,,101.5,51.2
2017-05-24,6.8883,113.675,2.26,,101.5,51.2
2017-05-25,6.8672,113.3719,2.25,,101.5,51.2
2017-05-26,6.8525,113.4839,2.25,,101.5,51.2
2017-05-29,,,,,101.5,51.2
2017-05-30,6.8525,113.5552,2.21,,101.5,51.2
2017-05-31,6.8098,113.2956,2.21,,101.5,51.2
2017-06-01,6.8029,113.3017,2.21,244.163,101.5,51.7
2017-06-02,6.8085,113.1908,2.15,,101.5,51.7
2017-06-05,6.803,112.9755,2.18,,101.5,51.7
2017-06-06,6.7945,112.7095,2.14,,101.5,51.7
2017-06-07,6.7935,112.8191,2.18,,101.5,51.7
2017-06-08,6.799,112.8351,2.19,,101.5,51.7
2017-06-09,6.797,112.9562,2.21,,101.5,51.7
2017-06-12,6.7974,112.9837,2.21,,101.5,51.7
2017-06-13,6.7981,112.6271,2.21,,101.5,51.7
2017-06-14,6.7888,112.0734,2.15,,101.5,51.7
2017-06-15,6.8061,112.8708,2.16,,101.5,51.7
2017-06-16,6.8097,112.6155,2.16,,101.5,51.7
2017-06-19,6.818,112.7576,2.19,,101.5,51.7
2017-06-20,6.8285,113.2698,2.16,,101.5,51.7
2017-06-21,6.8275,113.3327,2.16,,101.5,51.7
2017-06-22,6.8275,113.1654,2.15,,101.5,51.7
2017-06-23,6.8345,112.8665,2.15,,101.5,51.7
2017-06-26,6.8382,112.7633,2.14,,101.5,51.7
2017-06-27,6.81,112.55,2.21,,101.5,51.7
2017-06-28,6.7984,112.0747,2.22,,101.5,51.7
2017-06-29,6.784,111.998,2.27,,101.5,51.7
2017-06-30,6.7793,111.9896,2.31,,101.5,51.7
2017-07-01,,,,244.243,101.4,51.4
2017-07-03,6.7984,112.4268,2.35,,101.4,51.4
2017-07-04,,,,,101.4,51.4
2017-07-05,6.7995,112.6534,2.33,,101.4,51.4
2017-07-06,6.799,112.4199,2.37,,101.4,51.4
2017-07-07,6.8039,112.3137,2.39,,101.4,51.4
2017-07-10,6.8026,112.1587,2.38,,101.4,51.4
2017-07-11,6.801,112.1434,2.37,,101.4,51.4
2017-07-12,6.7865,111.5904,2.33,,101.4,51.4
2017-07-13,6.7825,111.5365,2.35,,101.4,51.4
2017-07-14,6.7741,110.9075,2.33,,101.4,51.4
2017-07-17,6.769,110.9304,2.31,,101.4,51.4
2017-07-18,6.7451,110.4356,2.27,,101.4,51.4
2017-07-19,6.7511,110.4339,2.27,,101.4,51.4
2017-07-20,6.757,110.2512,2.27,,101.4,51.4
2017-07-21,6.7663,110.191,2.24,,101.4,51.4
2017-07-24,6.7488,110.2004,2.26,,101.4,51.4
2017-07-25,6.7495,110.2835,2.33,,101.4,51.4
2017-07-26,6.753,110.3811,2.29,,101.4,51.4
2017-07-27,6.741,110.216,2.32,,101.4,51.4
2017-07-28,6.7362,109.92,2.3,,101.4,51.4
2017-07-31,6.724,109.8177,2.3,,101.4,51.4
2017-08-01,6.717,109.8495,2.26,245.183,101.8,51.7
2017-08-02,6.72,109.7503,2.27,,101.8,51.7
2017-08-03,6.715,109.8332,2.24,,101.8,51.7
2017-08-04,6.7272,110.2808,2.27,,101.8,51.7
2017-08-07,6.7207,110.373,2.26,,101.8,51.7
2017-08-08,6.7049,110.396,2.29,,101.8,51.7
2017-08-09,6.672,110.3671,2.24,,101.8,51.7
2017-08-10,6.646,110.1886,2.2,,101.8,51.7
2017-08-11,6.6612,110.0422,2.19,,101.8,51.7
2017-08-14,6.6695,110.095,2.22,,101.8,51.7
2017-08-15,6.6845,110.4846,2.27,,101.8,51.7
2017-08-16,6.69,110.4394,2.23,,101.8,51.7
2017-08-17,6.673,110.1673,2.19,,101.8,51.7
2017-08-18,6.67,110.041,2.19,,101.8,51.7
2017-08-21,6.663,109.7349,2.18,,101.8,51.7
2017-08-22,6.66,109.8386,2.22,,101.8,51.7
2017-08-23,6.6569,109.8095,2.17,,101.8,51.7
2017-08-24,6.66,109.7524,2.19,,101.8,51.7
2017-08-25,6.6465,109.3415,2.17,,101.8,51.7
2017-08-28,6.6084,109.1815,2.16,,101.8,51.7
2017-08-29,6.5945,109.0946,2.13,,101.8,51.7
2017-08-30,6.5918,109.4052,2.15,,101.8,51.7
2017-08-31,6.5888,109.3686,2.12,,101.8,51.7
2017-09-01,6.5552,109.0504,2.16,246.435,101.6,52.4
2017-09-04,,,,,101.6,52.4
2017-09-05,6.5345,108.8664,2.07,,101.6,52.4
2017-09-06,6.5221,108.4897,2.1,,101.6,52.4
2017-09-07,6.483,107.9224,2.05,,101.6,52.4
2017-09-08,6.4773,107.808,2.06,,101.6,52.4
2017-09-11,6.5254,108.153,2.14,,101.6,52.4
2017-09-12,6.5334,108.3239,2.17,,101.6,52.4
2017-09-13,6.54,108.6628,2.2,,101.6,52.4
2017-09-14,6.552,108.618,2.2,,101.6,52.4
2017-09-15,6.55,108.3147,2.2,,101.6,52.4
2017-09-18,6.5725,108.6401,2.23,,101.6,52.4
2017-09-19,6.58,108.6142,2.24,,101.6,52.4
2017-09-20,6.57,108.4329,2.28,,101.6,52.4
2017-09-21,6.5861,108.9267,2.27,,101.6,52.4
2017-09-22,6.5899,108.7542,2.26,,101.6,52.4
2017-09-25,6.6189,109.3302,2.22,,101.6,52.4
2017-09-26,6.6371,109.7769,2.24,,101.6,52.4
2017-09-27,6.64,110.0722,2.31,,101.6,52.4
2017-09-28,6.6591,110.2415,2.31,,101.6,52.4
2017-09-29,6.6533,110.0867,2.33,,101.6,52.4
2017-10-01,,,,246.626,101.9,51.6
2017-10-02,6.6533,110.3686,2.34,,101.9,51.6
2017-10-03,6.6533,110.3281,2.33,,101.9,51.6
2017-10-04,6.6533,110.2425,2.33,,101.9,51.6
2017-10-05,6.6533,110.5823,2.35,,101.9,51.6
2017-10-06,6.6533,110.7841,2.37,,101.9,51.6
2017-10-09,,,,,101.9,51.6
2017-10-10,6.5712,110.3034,2.35,,101.9,51.6
2017-10-11,6.587,110.3037,2.35,,101.9,51.6
2017-10-12,6.5855,110.3152,2.33,,101.9,51.6
2017-10-13,6.5785,110.2669,2.28,,101.9,51.6
2017-10-16,6.5885,110.5432,2.3,,101.9,51.6
2017-10-17,6.622,110.9141,2.3,,101.9,51.6
2017-10-18,6.625,110.7214,2.34,,101.9,51.6
2017-10-19,6.6126,110.4577,2.33,,101.9,51.6
2017-10-20,6.6185,111.0375,2.39,,101.9,51.6
2017-10-23,6.638,111.2134,2.38,,101.9,51.6
2017-10-24,6.6335,111.4027,2.42,,101.9,51.6
2017-10-25,6.635,111.3904,2.44,,101.9,51.6
2017-10-26,6.6392,111.6418,2.46,,101.9,51.6
2017-10-27,6.6498,112.1495,2.42,,101.9,51.6
2017-10-30,6.6498,111.901,2.37,,101.9,51.6
2017-10-31,6.6328,111.8052,2.38,,101.9,51.6
2017-11-01,6.6018,111.7942,2.37,247.284,101.7,51.8
2017-11-02,6.6068,111.5474,2.35,,101.7,51.8
2017-11-03,6.636,111.9383,2.34,,101.7,51.8
2017-11-06,6.6311,111.7197,2.32,,101.7,51.8
2017-11-07,6.638,111.9446,2.32,,101.7,51.8
2017-11-08,6.6249,111.6935,2.32,,101.7,51.8
2017-11-09,6.6378,111.5626,2.33,,101.7,51.8
2017-11-10,,,2.4,,101.7,51.8
2017-11-13,6.6385,111.7833,2.4,,101.7,51.8
2017-11-14,6.635,111.5097,2.38,,101.7,51.8
2017-11-15,6.62,111.4809,2.33,,101.7,51.8
2017-11-16,6.6273,111.2568,2.37,,101.7,51.8
2017-11-17,6.6245,111.0016,2.35,,101.7,51.8
2017-11-20,6.6245,111.2599,2.37,,101.7,51.8
2017-11-21,6.6265,110.9828,2.36,,101.7,51.8
2017-11-22,6.6086,110.5632,2.32,,101.7,51.8
2017-11-23,,,,,101.7,51.8
2017-11-24,6.5998,110.0253,2.34,,101.7,51.8
2017-11-27,6.5967,110.1136,2.32,,101.7,51.8
2017-11-28,6.6044,110.3018,2.34,,101.7,51.8
2017-11-29,6.6091,110.3265,2.37,,101.7,51.8
2017-11-30,6.609,110.4648,2.42,,101.7,51.8
2017-12-01,6.6137,110.1413,2.37,247.805,101.8,51.6
2017-12-04,6.6185,110.397,2.37,,101.8,51.6
2017-12-05,6.617,110.4905,2.36,,101.8,51.6
2017-12-06,6.6136,110.8711,2.33,,101.8,51.6
2017-12-07,6.6173,111.0178,2.37,,101.8,51.6
2017-12-08,6.6199,111.2273,2.38,,101.8,51.6
2017-12-11,6.6175,111.0827,2.39,,101.8,51.6
2017-12-12,6.621,111.5214,2.4,,101.8,51.6
2017-12-13,6.6171,111.2759,2.36,,101.8,51.6
2017-12-14,6.6091,111.0893,2.35,,101.8,51.6
2017-12-15,6.6088,111.1286,2.35,,101.8,51.6
2017-12-18,6.6088,110.9086,2.39,,101.8,51.6
2017-12-19,6.6088,111.1255,2.46,,101.8,51.6
2017-12-20,6.5771,110.8361,2.49,,101.8,51.6
2017-12-21,6.5833,110.8786,2.48,,101.8,51.6
2017-12-22,6.575,111.0997,2.48,,101.8,51.6
2017-12-25,,,,,101.8,51.6
2017-12-26,6.5429,110.9758,2.47,,101.8,51.6
2017-12-27,6.556,110.8553,2.42,,101.8,51.6
2017-12-28,6.5322,110.5154,2.43,,101.8,51.6
2017-12-29,6.5063,110.0783,2.4,,101.8,51.6
2018-01-01,,,,248.859,101.5,51.3
2018-01-02,6.491,109.6444,2.46,,101.5,51.3
2018-01-03,6.501,109.6751,2.44,,101.5,51.3
2018-01-04,6.4915,109.4779,2.46,,101.5,51.3
2018-01-05,6.4875,109.3496,2.47,,101.5,51.3
2018-01-08,6.497,109.5678,2.49,,101.5,51.3
2018-01-09,6.5263,109.9022,2.55,,101.5,51.3
2018-01-10,6.5055,109.6277,2.55,,101.5,51.3
2018-01-11,6.4956,109.4887,2.54,,101.5,51.3
2018-01-12,6.4607,108.9011,2.55,,101.5,51.3
2018-01-15,,,,,101.5,51.3
2018-01-16,6.4395,108.322,2.54,,101.5,51.3
2018-01-17,6.433,108.1526,2.57,,101.5,51.3
2018-01-18,6.4175,108.0655,2.62,,101.5,51.3
2018-01-19,6.399,107.9454,2.64,,101.5,51.3
2018-01-22,6.4035,108.1069,2.66,,101.5,51.3
2018-01-23,6.4,107.9981,2.63,,101.5,51.3
2018-01-24,6.365,107.0801,2.65,,101.5,51.3
2018-01-25,6.3189,106.5052,2.63,,101.5,51.3
2018-01-26,6.3199,106.6909,2.66,,101.5,51.3
2018-01-29,6.3328,107.1141,2.7,,101.5,51.3
2018-01-30,6.3199,107.1063,2.73,,101.5,51.3
2018-01-31,6.2841,106.7695,2.72,,101.5,51.3
2018-02-01,6.2969,106.4877,2.78,249.529,102.9,50.3
2018-02-02,6.2984,107.1154,2.84,,102.9,50.3
2018-02-05,6.285,107.3303,2.77,,102.9,50.3
2018-02-06,6.283,107.5206,2.79,,102.9,50.3
2018-02-07,6.2649,107.7173,2.84,,102.9,50.3
2018-02-08,6.3222,108.3021,2.85,,102.9,50.3
2018-02-09,6.2966,108.2579,2.83,,102.9,50.3
2018-02-12,6.325,108.0332,2.86,,102.9,50.3
2018-02-13,6.338,107.7575,2.83,,102.9,50.3
2018-02-14,6.3438,107.4693,2.91,,102.9,50.3
2018-02-15,6.3438,106.9869,2.9,,102.9,50.3
2018-02-16,6.3438,107.0359,2.87,,102.9,50.3
2018-02-19,,,,,102.9,50.3
2018-02-20,6.3351,107.6248,2.88,,102.9,50.3
2018-02-21,6.3351,107.8679,2.94,,102.9,50.3
2018-02-22,6.3471,107.8668,2.92,,102.9,50.3
2018-02-23,6.3329,107.6802,2.88,,102.9,50.3
2018-02-26,6.3115,107.7345,2.86,,102.9,50.3
2018-02-27,6.3169,108.1729,2.9,,102.9,50.3
2018-02-28,6.328,108.3901,2.87,,102.9,50.3
2018-03-01,6.3565,108.5357,2.81,249.577,102.1,51.5
2018-03-02,6.3428,,2.86,,102.1,51.5
2018-03-05,6.3491,108.3617,2.88,,102.1,51.5
2018-03-06,6.3093,107.7972,2.88,,102.1,51.5
2018-03-07,6.3225,108.0916,2.89,,102.1,51.5
2018-03-08,6.3389,108.2673,2.86,,102.1,51.5
2018-03-09,6.3285,107.9231,2.9,,102.1,51.5
2018-03-12,6.327,107.9439,2.87,,102.1,51.5
2018-03-13,6.318,107.7387,2.84,,102.1,51.5
2018-03-14,6.314,107.8625,2.81,,102.1,51.5
2018-03-15,6.3202,108.2033,2.82,,102.1,51.5
2018-03-16,6.33,108.4333,2.85,,102.1,51.5
2018-03-19,6.3291,108.3146,2.85,,102.1,51.5
2018-03-20,6.3328,108.4953,2.89,,102.1,51.5
2018-03-21,6.32,,2.89,,102.1,51.5
2018-03-22,6.331,107.9934,2.83,,102.1,51.5
2018-03-23,6.311,107.7495,2.82,,102.1,51.5
2018-03-26,6.2685,107.182,2.85,,102.1,51.5
2018-03-27,6.2781,107.3361,2.78,,102.1,51.5
2018-03-28,6.2946,107.5733,2.77,,102.1,51.5
2018-03-29,6.2876,107.665,2.74,,102.1,51.5
2018-03-30,6.2726,107.4783,,,102.1,51.5
2018-04-01,,,,250.227,101.8,51.4
2018-04-02,6.2785,107.7031,2.73,,101.8,51.4
2018-04-03,6.2881,107.5621,2.79,,101.8,51.4
2018-04-04,6.3045,107.636,2.79,,101.8,51.4
2018-04-05,6.3045,107.7279,2.83,,101.8,51.4
2018-04-06,6.3045,107.7884,2.77,,101.8,51.4
2018-04-09,6.3035,107.5312,2.78,,101.8,51.4
2018-04-10,6.2798,107.3651,2.8,,101.8,51.4
2018-04-11,6.2655,107.1216,2.79,,101.8,51.4
2018-04-12,6.2876,107.2897,2.83,,101.8,51.4
2018-04-13,6.2725,107.2359,2.82,,101.8,51.4
2018-04-16,6.2752,107.0588,2.83,,101.8,51.4
2018-04-17,6.2804,107.0335,2.82,,101.8,51.4
2018-04-18,6.2722,107.1091,2.87,,101.8,51.4
2018-04-19,6.2765,107.5191,2.92,,101.8,51.4
2018-04-20,6.2945,108.1782,2.96,,101.8,51.4
2018-04-23,6.3158,108.9328,2.98,,101.8,51.4
2018-04-24,6.3035,108.7903,3.0,,101.8,51.4
2018-04-25,6.3236,109.3443,3.03,,101.8,51.4
2018-04-26,6.334,109.3639,3.0,,101.8,51.4
2018-04-27,6.3325,109.1729,2.96,,101.8,51.4
2018-04-30,6.3325,109.3356,2.95,,101.8,51.4
2018-05-01,6.3325,109.7437,2.97,250.792,101.8,51.9
2018-05-02,6.361,110.1616,2.97,,101.8,51.9
2018-05-03,6.352,110.1796,2.94,,101.8,51.9
2018-05-04,6.3589,110.2492,2.95,,101.8,51.9
2018-05-07,6.364,110.5713,2.95,,101.8,51.9
2018-05-08,6.369,111.062,2.97,,101.8,51.9
2018-05-09,6.3585,110.8807,3.0,,101.8,51.9
2018-05-10,6.344,110.4041,2.97,,101.8,51.9
2018-05-11,6.3333,110.2839,2.97,,101.8,51.9
2018-05-14,6.336,110.4073,3.0,,101.8,51.9
2018-05-15,6.376,111.2283,3.08,,101.8,51.9
2018-05-16,6.3706,111.3057,3.09,,101.8,51.9
2018-05-17,6.3645,111.3537,3.11,,101.8,51.9
2018-05-18,6.3768,111.7161,3.06,,101.8,51.9
2018-05-21,6.3815,111.6385,3.06,,101.8,51.9
2018-05-22,6.366,111.1934,3.06,,101.8,51.9
2018-05-23,6.3875,111.6919,3.01,,101.8,51.9
2018-05-24,6.3757,111.4871,2.98,,101.8,51.9
2018-05-25,6.3903,111.5828,2.93,,101.8,51.9
2018-05-28,,,,,101.8,51.9
2018-05-29,6.4162,112.2108,2.77,,101.8,51.9
2018-05-30,6.4175,111.6717,2.84,,101.8,51.9
2018-05-31,6.4096,111.988,2.83,,101.8,51.9
2018-06-01,6.418,111.8253,2.89,251.018,101.9,51.5
2018-06-04,6.405,111.8235,2.94,,101.9,51.5
2018-06-05,6.4042,112.2628,2.92,,101.9,51.5
2018-06-06,6.385,111.7517,2.97,,101.9,51.5
2018-06-07,6.389,112.0719,2.93,,101.9,51.5
2018-06-08,6.4031,112.1057,2.93,,101.9,51.5
2018-06-11,6.4,112.1097,2.96,,101.9,51.5
2018-06-12,6.3992,112.2129,2.96,,101.9,51.5
2018-06-13,6.3944,112.2569,2.98,,101.9,51.5
2018-06-14,6.398,112.8581,2.94,,101.9,51.5
2018-06-15,6.4379,113.3369,2.93,,101.9,51.5
2018-06-18,6.4379,113.4889,2.92,,101.9,51.5
2018-06-19,6.4802,113.6379,2.89,,101.9,51.5
2018-06-20,6.4713,113.4774,2.93,,101.9,51.5
2018-06-21,6.49,113.61,2.9,,101.9,51.5
2018-06-22,6.5027,113.3039,2.9,,101.9,51.5
2018-06-25,6.536,113.2854,2.87,,101.9,51.5
2018-06-26,6.5759,113.301,2.88,,101.9,51.5
2018-06-27,6.5992,113.8964,2.83,,101.9,51.5
2018-06-28,6.6235,113.8399,2.84,,101.9,51.5
2018-06-29,6.6171,113.2583,2.85,,101.9,51.5
2018-07-01,,,,251.214,102.1,51.2
2018-07-02,6.6632,114.1669,2.87,,102.1,51.2
2018-07-03,6.6368,113.3217,2.83,,102.1,51.2
2018-07-04,,,,,102.1,51.2
2018-07-05,6.6341,112.9756,2.84,,102.1,51.2
2018-07-06,6.6396,112.6426,2.82,,102.1,51.2
2018-07-09,6.6123,112.6423,2.86,,102.1,51.2
2018-07-10,6.6296,112.5792,2.87,,102.1,51.2
2018-07-11,6.6764,112.8582,2.85,,102.1,51.2
2018-07-12,6.663,112.779,2.85,,102.1,51.2
2018-07-13,6.69,113.0705,2.83,,102.1,51.2
2018-07-16,6.6866,112.8438,2.85,,102.1,51.2
2018-07-17,6.7018,113.1504,2.86,,102.1,51.2
2018-07-18,6.7161,113.3349,2.88,,102.1,51.2
2018-07-19,6.7701,113.9464,2.84,,102.1,51.2
2018-07-20,6.7659,113.3214,2.89,,102.1,51.2
2018-07-23,6.7927,113.4248,2.96,,102.1,51.2
2018-07-24,6.7912,113.2043,2.95,,102.1,51.2
2018-07-25,6.7658,112.9217,2.94,,102.1,51.2
2018-07-26,6.7865,112.9175,2.98,,102.1,51.2
2018-07-27,6.8097,112.8122,2.96,,102.1,51.2
2018-07-30,6.8102,112.6043,2.98,,102.1,51.2
2018-07-31,6.8038,112.7297,2.96,,102.1,51.2
2018-08-01,6.8154,112.8897,3.0,251.663,102.3,51.3
2018-08-02,6.838,113.1674,2.98,,102.3,51.3
2018-08-03,6.8309,113.0114,2.95,,102.3,51.3
2018-08-06,6.85,113.2283,2.94,,102.3,51.3
2018-08-07,6.828,112.9753,2.98,,102.3,51.3
2018-08-08,6.8344,113.1404,2.96,,102.3,51.3
2018-08-09,6.8199,113.3797,2.93,,102.3,51.3
2018-08-10,6.8458,114.2992,2.87,,102.3,51.3
2018-08-13,6.888,114.8497,2.88,,102.3,51.3
2018-08-14,6.8809,114.6566,2.89,,102.3,51.3
2018-08-15,6.933,115.1512,2.86,,102.3,51.3
2018-08-16,6.8792,114.6403,2.87,,102.3,51.3
2018-08-17,6.874,114.5327,2.87,,102.3,51.3
2018-08-20,6.8546,114.3493,2.82,,102.3,51.3
2018-08-21,6.8444,113.8595,2.85,,102.3,51.3
2018-08-22,6.84,113.6622,2.82,,102.3,51.3
2018-08-23,6.8748,114.0926,2.82,,102.3,51.3
2018-08-24,6.803,113.598,2.82,,102.3,51.3
2018-08-27,6.8145,113.2717,2.85,,102.3,51.3
2018-08-28,6.8018,113.3441,2.88,,102.3,51.3
2018-08-29,6.819,113.6458,2.89,,102.3,51.3
2018-08-30,6.8415,114.0895,2.86,,102.3,51.3
2018-08-31,6.83,114.275,2.86,,102.3,51.3
2018-09-01,,,,252.182,102.5,50.8
2018-09-03,,,,,102.5,50.8
2018-09-04,6.8427,114.858,2.9,,102.5,50.8
2018-09-05,6.827,114.7474,2.9,,102.5,50.8
2018-09-06,6.8322,114.6473,2.88,,102.5,50.8
2018-09-07,6.8419,114.5807,2.94,,102.5,50.8
2018-09-10,6.8545,114.6793,2.94,,102.5,50.8
2018-09-11,6.8704,114.7044,2.98,,102.5,50.8
2018-09-12,6.8574,114.2185,2.97,,102.5,50.8
2018-09-13,6.8407,113.9264,2.97,,102.5,50.8
2018-09-14,6.8673,114.0654,2.99,,102.5,50.8
2018-09-17,6.854,113.9154,2.99,,102.5,50.8
2018-09-18,6.8591,113.7735,3.05,,102.5,50.8
2018-09-19,6.8466,113.6528,3.08,,102.5,50.8
2018-09-20,6.8455,113.4986,3.07,,102.5,50.8
2018-09-21,6.8559,113.5097,3.07,,102.5,50.8
2018-09-24,6.8559,113.53,3.08,,102.5,50.8
2018-09-25,6.8632,113.7203,3.1,,102.5,50.8
2018-09-26,6.8763,113.6738,3.06,,102.5,50.8
2018-09-27,6.888,113.9782,3.06,,102.5,50.8
2018-09-28,6.868,113.8072,3.05,,102.5,50.8
2018-10-01,6.868,113.8227,3.09,252.772,102.5,50.2
2018-10-02,6.868,113.8946,3.05,,102.5,50.2
2018-10-03,6.868,114.1559,3.15,,102.5,50.2
2018-10-04,6.868,114.6857,3.19,,102.5,50.2
2018-10-05,6.868,114.5599,3.23,,102.5,50.2
2018-10-08,,,,,102.5,50.2
2018-10-09,6.9217,114.6568,3.21,,102.5,50.2
2018-10-10,6.9224,114.6059,3.22,,102.5,50.2
2018-10-11,6.888,114.4062,3.14,,102.5,50.2
2018-10-12,6.9182,114.368,3.15,,102.5,50.2
2018-10-15,6.9131,114.044,3.16,,102.5,50.2
2018-10-16,6.9102,113.8952,3.16,,102.5,50.2
2018-10-17,6.9263,114.1743,3.19,,102.5,50.2
2018-10-18,6.9367,114.8152,3.17,,102.5,50.2
2018-10-19,6.9291,114.8557,3.2,,102.5,50.2
2018-10-22,6.9446,115.1772,3.2,,102.5,50.2
2018-10-23,6.9373,115.1641,3.17,,102.5,50.2
2018-10-24,6.942,115.3743,3.1,,102.5,50.2
2018-10-25,6.9477,115.4818,3.14,,102.5,50.2
2018-10-26,6.9425,115.4717,3.08,,102.5,50.2
2018-10-29,6.9605,115.8925,3.08,,102.5,50.2
2018-10-30,6.9663,116.2346,3.12,,102.5,50.2
2018-10-31,6.9737,116.5268,3.15,,102.5,50.2
2018-11-01,6.9205,115.8643,3.14,252.594,102.2,50.0
2018-11-02,6.8894,115.6415,3.22,,102.2,50.0
2018-11-05,6.9249,115.7015,3.2,,102.2,50.0
2018-11-06,6.9172,115.5607,3.22,,102.2,50.0
2018-11-07,6.9174,115.2505,3.22,,102.2,50.0
2018-11-08,6.9318,115.6463,3.24,,102.2,50.0
2018-11-09,6.9553,116.4762,3.19,,102.2,50.0
2018-11-12,,,,,102.2,50.0
2018-11-13,6.9546,116.6676,3.14,,102.2,50.0
2018-11-14,6.95,116.4964,3.12,,102.2,50.0
2018-11-15,6.938,116.3849,3.11,,102.2,50.0
2018-11-16,6.9367,115.9246,3.08,,102.2,50.0
2018-11-19,6.9398,115.985,3.06,,102.2,50.0
2018-11-20,6.9448,116.2357,3.06,,102.2,50.0
2018-11-21,6.9248,116.0911,3.06,,102.2,50.0
2018-11-22,,,,,102.2,50.0
2018-11-23,6.9477,116.4703,3.05,,102.2,50.0
2018-11-26,6.9397,116.6198,3.07,,102.2,50.0
2018-11-27,6.9498,116.8991,3.06,,102.2,50.0
2018-11-28,6.9534,116.8333,3.06,,102.2,50.0
2018-11-29,6.9419,116.1954,3.03,,102.2,50.0
2018-11-30,6.9558,116.4121,3.01,,102.2,50.0
2018-12-01,,,,252.767,101.9,49.4
2018-12-03,6.8798,115.9046,2.98,,101.9,49.4
2018-12-04,6.8343,116.0015,2.91,,101.9,49.4
2018-12-05,,,,,101.9,49.4
2018-12-06,6.8816,116.3983,2.87,,101.9,49.4
2018-12-07,6.8733,116.0839,2.85,,101.9,49.4
2018-12-10,6.9077,116.6739,2.85,,101.9,49.4
2018-12-11,6.8968,116.7556,2.89,,101.9,49.4
2018-12-12,6.8778,116.2205,2.91,,101.9,49.4
2018-12-13,6.8798,116.3967,2.91,,101.9,49.4
2018-12-14,6.905,116.7891,2.89,,101.9,49.4
2018-12-17,6.8962,116.4524,2.86,,101.9,49.4
2018-12-18,6.8939,116.4122,2.82,,101.9,49.4
2018-12-19,6.8918,116.0672,2.77,,101.9,49.4
2018-12-20,6.8834,116.0179,2.79,,101.9,49.4
2018-12-21,6.9048,116.2221,2.79,,101.9,49.4
2018-12-24,,116.2177,2.74,,101.9,49.4
2018-12-25,,,,,101.9,49.4
2018-12-26,6.8847,116.1156,2.81,,101.9,49.4
2018-12-27,6.8649,115.9922,2.77,,101.9,49.4
2018-12-28,6.8755,115.7226,2.72,,101.9,49.4
2018-12-31,6.8755,115.5667,2.69,,101.9,49.4
2019-01-01,,,,252.561,101.7,49.5
2019-01-02,6.8597,115.7676,2.66,,101.7,49.5
2019-01-03,6.8708,115.4611,2.56,,101.7,49.5
2019-01-04,6.8663,114.9813,2.67,,101.7,49.5
2019-01-07,6.8501,114.5621,2.7,,101.7,49.5
2019-01-08,6.8519,114.7272,2.73,,101.7,49.5
2019-01-09,6.8117,114.1394,2.74,,101.7,49.5
2019-01-10,6.7875,114.048,2.74,,101.7,49.5
2019-01-11,6.7596,114.0383,2.71,,101.7,49.5
2019-01-14,,,2.71,,101.7,49.5
2019-01-15,6.7595,114.3374,2.72,,101.7,49.5
2019-01-16,6.7532,114.1341,2.73,,101.7,49.5
2019-01-17,6.7735,114.4087,2.75,,101.7,49.5
2019-01-18,6.7765,114.5555,2.79,,101.7,49.5
2019-01-21,,,,,101.7,49.5
2019-01-22,6.8072,114.7515,2.74,,101.7,49.5
2019-01-23,6.7897,114.5732,2.76,,101.7,49.5
2019-01-24,6.7835,114.614,2.72,,101.7,49.5
2019-01-25,6.7448,114.0168,2.76,,101.7,49.5
2019-01-28,6.7437,114.0493,2.75,,101.7,49.5
2019-01-29,6.7304,114.0227,2.72,,101.7,49.5
2019-01-30,6.7115,114.0705,2.7,,101.7,49.5
2019-01-31,6.6958,113.5476,2.63,,101.7,49.5
2019-02-01,6.7426,113.7524,2.7,253.319,101.5,49.2
2019-02-04,6.7426,113.8738,2.73,,101.5,49.2
2019-02-05,6.7426,114.0404,2.71,,101.5,49.2
2019-02-06,6.7426,114.2275,2.7,,101.5,49.2
2019-02-07,6.7426,114.4308,2.65,,101.5,49.2
2019-02-08,6.7426,114.4975,2.63,,101.5,49.2
2019-02-11,6.7907,115.0288,2.65,,101.5,49.2
2019-02-12,6.7726,114.7278,2.68,,101.5,49.2
2019-02-13,6.7598,114.9388,2.71,,101.5,49.2
2019-02-14,6.7711,115.0984,2.66,,101.5,49.2
2019-02-15,6.768,114.9899,2.66,,101.5,49.2
2019-02-18,,,,,101.5,49.2
2019-02-19,6.756,114.5676,2.65,,101.5,49.2
2019-02-20,,,2.65,,101.5,49.2
2019-02-21,6.7195,114.507,2.69,,101.5,49.2
2019-02-22,6.7112,114.2692,2.65,,101.5,49.2
2019-02-25,6.6844,114.1432,2.67,,101.5,49.2
2019-02-26,6.698,114.0662,2.64,,101.5,49.2
2019-02-27,6.6822,114.0337,2.69,,101.5,49.2
2019-02-28,6.6912,114.1971,2.73,,101.5,49.2
2019-03-01,6.7048,114.535,2.76,254.277,102.3,50.5
2019-03-04,6.7045,114.6903,2.72,,102.3,50.5
2019-03-05,6.706,114.8019,2.72,,102.3,50.5
2019-03-06,6.7099,114.9697,2.69,,102.3,50.5
2019-03-07,6.7132,115.4905,2.64,,102.3,50.5
2019-03-08,6.7201,115.3585,2.62,,102.3,50.5
2019-03-11,6.7215,115.2953,2.64,,102.3,50.5
2019-03-12,6.707,114.9376,2.61,,102.3,50.5
2019-03-13,6.7064,114.7361,2.61,,102.3,50.5
2019-03-14,6.7209,114.7891,2.63,,102.3,50.5
2019-03-15,6.7129,114.5808,2.59,,102.3,50.5
2019-03-18,6.7121,114.4368,2.6,,102.3,50.5
2019-03-19,6.7106,114.2313,2.61,,102.3,50.5
2019-03-20,6.6916,114.1497,2.54,,102.3,50.5
2019-03-21,6.6952,114.1672,2.54,,102.3,50.5
2019-03-22,6.7162,114.6845,2.44,,102.3,50.5
2019-03-25,6.7079,114.4158,2.43,,102.3,50.5
2019-03-26,6.7145,114.6404,2.41,,102.3,50.5
2019-03-27,6.7262,115.1236,2.39,,102.3,50.5
2019-03-28,6.7381,115.2575,2.39,,102.3,50.5
2019-03-29,6.7112,115.1364,2.41,,102.3,50.5
2019-04-01,6.7102,114.935,2.49,255.233,102.5,50.1
2019-04-02,6.7223,115.1164,2.48,,102.5,50.1
2019-04-03,6.7098,114.7204,2.52,,102.5,50.1
2019-04-04,6.7167,114.9687,2.51,,102.5,50.1
2019-04-05,6.7182,114.9714,2.5,,102.5,50.1
2019-04-08,6.7158,114.6879,2.52,,102.5,50.1
2019-04-09,6.7111,114.5307,2.51,,102.5,50.1
2019-04-10,6.7153,114.4255,2.48,,102.5,50.1
2019-04-11,6.7188,114.629,2.51,,102.5,50.1
2019-04-12,6.7039,114.3517,2.56,,102.5,50.1
2019-04-15,6.7072,114.4936,2.55,,102.5,50.1
2019-04-16,6.7112,114.6745,2.6,,102.5,50.1
2019-04-17,6.687,114.5128,2.59,,102.5,50.1
2019-04-18,6.7081,114.7057,2.57,,102.5,50.1
2019-04-19,6.7032,114.6961,,,102.5,50.1
2019-04-22,6.7112,114.7679,2.59,,102.5,50.1
2019-04-23,6.7249,115.1563,2.57,,102.5,50.1
2019-04-24,6.7207,115.4172,2.53,,102.5,50.1
2019-04-25,6.7418,115.7692,2.54,,102.5,50.1
2019-04-26,6.7282,115.4749,2.51,,102.5,50.1
2019-04-29,6.7332,115.5213,2.54,,102.5,50.1
2019-04-30,6.7347,115.3268,2.51,,102.5,50.1
2019-05-01,6.7319,115.0008,2.52,255.296,102.7,49.4
2019-05-02,6.7337,115.5607,2.55,,102.7,49.4
2019-05-03,6.7337,115.2635,2.54,,102.7,49.4
2019-05-06,6.7602,115.38,2.51,,102.7,49.4
2019-05-07,6.7755,115.6104,2.45,,102.7,49.4
2019-05-08,6.7818,115.5161,2.49,,102.7,49.4
2019-05-09,6.8256,115.8414,2.45,,102.7,49.4
2019-05-10,6.8217,115.5327,2.47,,102.7,49.4
2019-05-13,6.8765,115.9142,2.4,,102.7,49.4
2019-05-14,6.8737,115.942,2.42,,102.7,49.4
2019-05-15,6.8742,115.8561,2.37,,102.7,49.4
2019-05-16,6.8832,116.0343,2.4,,102.7,49.4
2019-05-17,6.9182,116.4481,2.39,,102.7,49.4
2019-05-20,6.9111,116.3126,2.41,,102.7,49.4
2019-05-21,6.9007,116.2847,2.43,,102.7,49.4
2019-05-22,6.9054,116.2414,2.39,,102.7,49.4
2019-05-23,6.9087,116.2369,2.31,,102.7,49.4
2019-05-24,6.8997,116.0809,2.32,,102.7,49.4
2019-05-27,,,,,102.7,49.4
2019-05-28,6.9078,116.3178,2.26,,102.7,49.4
2019-05-29,6.9138,116.5533,2.25,,102.7,49.4
2019-05-30,6.9011,116.3986,2.22,,102.7,49.4
2019-05-31,6.9027,116.7279,2.14,,102.7,49.4
2019-06-01,,,,255.213,102.7,49.4
2019-06-03,6.9028,116.4777,2.07,,102.7,49.4
2019-06-04,6.9072,116.0919,2.12,,102.7,49.4
2019-06-05,6.9084,116.0309,2.12,,102.7,49.4
2019-06-06,6.9082,115.9788,2.12,,102.7,49.4
2019-06-07,6.9057,115.7386,2.09,,102.7,49.4
2019-06-10,6.9298,115.5012,2.15,,102.7,49.4
2019-06-11,6.9107,115.3803,2.15,,102.7,49.4
2019-06-12,6.9161,115.4388,2.13,,102.7,49.4
2019-06-13,6.9212,115.6281,2.1,,102.7,49.4
2019-06-14,6.9247,115.9059,2.09,,102.7,49.4
2019-06-17,6.9251,115.9687,2.09,,102.7,49.4
2019-06-18,6.9002,115.8798,2.06,,102.7,49.4
2019-06-19,6.8996,115.7891,2.03,,102.7,49.4
2019-06-20,6.851,114.8046,2.01,,102.7,49.4
2019-06-21,6.8686,114.8378,2.07,,102.7,49.4
2019-06-24,6.8758,114.6568,2.02,,102.7,49.4
2019-06-25,6.8791,114.6373,2.0,,102.7,49.4
2019-06-26,6.8781,114.5619,2.05,,102.7,49.4
2019-06-27,6.8762,114.6663,2.01,,102.7,49.4
2019-06-28,6.865,114.5834,2.0,,102.7,49.4
2019-07-01,6.8487,114.7247,2.03,255.802,102.8,49.7
2019-07-02,6.8717,114.8268,1.98,,102.8,49.7
2019-07-03,6.8806,114.8145,1.96,,102.8,49.7
2019-07-04,,,,,102.8,49.7
2019-07-05,6.8925,115.1143,2.04,,102.8,49.7
2019-07-08,6.8808,115.0263,2.05,,102.8,49.7
2019-07-09,6.8866,115.1026,2.07,,102.8,49.7
2019-07-10,6.8705,115.0897,2.07,,102.8,49.7
2019-07-11,6.8682,114.8375,2.13,,102.8,49.7
2019-07-12,6.8796,114.7696,2.12,,102.8,49.7
2019-07-15,6.8769,114.6831,2.09,,102.8,49.7
2019-07-16,6.8753,115.0124,2.13,,102.8,49.7
2019-07-17,6.8731,114.8829,2.06,,102.8,49.7
2019-07-18,6.8788,114.8751,2.04,,102.8,49.7
2019-07-19,6.8812,114.8702,2.05,,102.8,49.7
2019-07-22,6.8803,115.0026,2.05,,102.8,49.7
2019-07-23,6.8787,115.3001,2.08,,102.8,49.7
2019-07-24,6.8717,115.2441,2.05,,102.8,49.7
2019-07-25,6.8714,115.2987,2.08,,102.8,49.7
2019-07-26,6.8785,115.5454,2.08,,102.8,49.7
2019-07-29,6.8927,115.5896,2.06,,102.8,49.7
2019-07-30,6.8833,115.6222,2.06,,102.8,49.7
2019-07-31,6.8833,115.4955,2.02,,102.8,49.7
2019-08-01,6.8972,116.0509,1.9,256.036,102.8,49.5
2019-08-02,6.9387,116.1874,1.86,,102.8,49.5
2019-08-05,7.0481,116.587,1.75,,102.8,49.5
2019-08-06,7.0192,116.6921,1.73,,102.8,49.5
2019-08-07,7.0592,116.8003,1.71,,102.8,49.5
2019-08-08,7.044,116.4756,1.72,,102.8,49.5
2019-08-09,7.0613,116.4432,1.74,,102.8,49.5
2019-08-12,7.0578,116.7567,1.65,,102.8,49.5
2019-08-13,7.0423,116.7283,1.68,,102.8,49.5
2019-08-14,7.0224,117.0926,1.59,,102.8,49.5
2019-08-15,7.0327,117.2247,1.52,,102.8,49.5
2019-08-16,7.0413,117.0796,1.55,,102.8,49.5
2019-08-19,7.0499,117.39,1.6,,102.8,49.5
2019-08-20,7.0597,117.3738,1.55,,102.8,49.5
2019-08-21,7.0623,117.1778,1.59,,102.8,49.5
2019-08-22,7.0829,117.357,1.62,,102.8,49.5
2019-08-23,7.0928,117.3027,1.52,,102.8,49.5
2019-08-26,7.1503,117.668,1.54,,102.8,49.5
2019-08-27,7.1603,117.7525,1.49,,102.8,49.5
2019-08-28,7.1628,117.8792,1.47,,102.8,49.5
2019-08-29,7.1434,118.0652,1.5,,102.8,49.5
2019-08-30,7.1543,118.16,1.5,,102.8,49.5
2019-09-01,,,,256.43,103.0,49.8
2019-09-02,,,,,103.0,49.8
2019-09-03,7.1786,118.313,1.47,,103.0,49.8
2019-09-04,7.144,117.6745,1.47,,103.0,49.8
2019-09-05,7.1468,117.4791,1.57,,103.0,49.8
2019-09-06,7.1131,117.1305,1.55,,103.0,49.8
2019-09-09,7.121,117.0617,1.63,,103.0,49.8
2019-09-10,7.1121,117.09,1.72,,103.0,49.8
2019-09-11,7.1153,117.3138,1.75,,103.0,49.8
2019-09-12,7.0787,116.8391,1.79,,103.0,49.8
2019-09-13,7.0754,116.769,1.9,,103.0,49.8
2019-09-16,7.0659,117.0261,1.84,,103.0,49.8
2019-09-17,7.0905,116.9839,1.81,,103.0,49.8
2019-09-18,7.0849,116.9779,1.8,,103.0,49.8
2019-09-19,7.0959,117.0877,1.79,,103.0,49.8
2019-09-20,7.0909,117.1835,1.74,,103.0,49.8
2019-09-23,7.1168,117.3006,1.72,,103.0,49.8
2019-09-24,7.1138,117.2247,1.64,,103.0,49.8
2019-09-25,7.1313,117.6549,1.73,,103.0,49.8
2019-09-26,7.13,117.729,1.7,,103.0,49.8
2019-09-27,7.1218,117.7246,1.69,,103.0,49.8
2019-09-30,7.1477,117.9488,1.68,,103.0,49.8
2019-10-01,7.1473,117.9621,1.65,257.155,103.8,49.3
2019-10-02,7.1473,117.9694,1.6,,103.8,49.3
2019-10-03,7.1473,117.6628,1.54,,103.8,49.3
2019-10-04,7.1473,117.5306,1.52,,103.8,49.3
2019-10-07,7.1473,117.5552,1.56,,103.8,49.3
2019-10-08,7.1422,117.7423,1.54,,103.8,49.3
2019-10-09,7.1316,117.6854,1.59,,103.8,49.3
2019-10-10,7.1153,117.282,1.67,,103.8,49.3
2019-10-11,7.0868,116.8257,1.76,,103.8,49.3
2019-10-14,,,,,103.8,49.3
2019-10-15,7.0814,116.8122,1.77,,103.8,49.3
2019-10-16,7.092,116.6438,1.75,,103.8,49.3
2019-10-17,7.0766,116.2631,1.76,,103.8,49.3
2019-10-18,7.0805,116.1359,1.76,,103.8,49.3
2019-10-21,7.0748,116.0453,1.8,,103.8,49.3
2019-10-22,7.0761,115.9868,1.78,,103.8,49.3
2019-10-23,7.0624,116.0601,1.77,,103.8,49.3
2019-10-24,7.0684,116.1291,1.77,,103.8,49.3
2019-10-25,7.0647,116.0788,1.8,,103.8,49.3
2019-10-28,7.067,116.0236,1.85,,103.8,49.3
2019-10-29,7.0655,115.9811,1.84,,103.8,49.3
2019-10-30,7.0541,116.1649,1.78,,103.8,49.3
2019-10-31,7.0379,115.9137,1.69,,103.8,49.3
2019-11-01,7.0368,115.7324,1.73,257.879,104.5,50.2
2019-11-04,7.03,115.8637,1.79,,104.5,50.2
2019-11-05,7.0082,116.1149,1.86,,104.5,50.2
2019-11-06,6.9968,116.1012,1.81,,104.5,50.2
2019-11-07,6.9766,116.1179,1.92,,104.5,50.2
2019-11-08,6.9954,116.344,1.94,,104.5,50.2
2019-11-11,,,,,104.5,50.2
2019-11-12,7.0066,116.5843,1.92,,104.5,50.2
2019-11-13,7.0223,116.8404,1.88,,104.5,50.2
2019-11-14,7.0195,116.8031,1.82,,104.5,50.2
2019-11-15,7.0075,116.4409,1.84,,104.5,50.2
2019-11-18,7.0246,116.3634,1.81,,104.5,50.2
2019-11-19,7.0263,116.5402,1.79,,104.5,50.2
2019-11-20,7.0344,116.8293,1.73,,104.5,50.2
2019-11-21,7.0285,116.7447,1.77,,104.5,50.2
2019-11-22,7.0389,116.9148,1.77,,104.5,50.2
2019-11-25,7.0349,117.0109,1.76,,104.5,50.2
2019-11-26,7.0319,117.0529,1.74,,104.5,50.2
2019-11-27,7.028,117.1292,1.77,,104.5,50.2
2019-11-28,,,,,104.5,50.2
2019-11-29,7.0308,117.1218,1.78,,104.5,50.2
2019-12-01,,,,258.63,104.5,50.2
2019-12-02,7.038,116.9664,1.83,,104.5,50.2
2019-12-03,7.0609,116.8916,1.72,,104.5,50.2
2019-12-04,7.0489,116.6938,1.77,,104.5,50.2
2019-12-05,7.0445,116.3857,1.8,,104.5,50.2
2019-12-06,7.0348,116.5394,1.84,,104.5,50.2
2019-12-09,7.0389,116.3296,1.83,,104.5,50.2
2019-12-10,7.0328,116.2557,1.85,,104.5,50.2
2019-12-11,7.0384,116.1492,1.79,,104.5,50.2
2019-12-12,6.9925,115.8755,1.9,,104.5,50.2
2019-12-13,6.9925,115.6976,1.82,,104.5,50.2
2019-12-16,6.9921,115.5559,1.89,,104.5,50.2
2019-12-17,6.9967,115.5561,1.89,,104.5,50.2
2019-12-18,7.0029,115.6627,1.92,,104.5,50.2
2019-12-19,7.0097,115.5997,1.92,,104.5,50.2
2019-12-20,7.0063,115.7604,1.92,,104.5,50.2
2019-12-23,7.0124,115.8066,1.93,,104.5,50.2
2019-12-24,7.0064,,1.9,,104.5,50.2
2019-12-25,,,,,104.5,50.2
2019-12-26,6.9949,115.6347,1.9,,104.5,50.2
2019-12-27,6.9954,115.2207,1.88,,104.5,50.2
2019-12-30,6.9864,114.9639,1.9,,104.5,50.2
2019-12-31,6.9618,114.6697,1.92,,104.5,50.2
2020-01-01,,,,259.127,105.4,50.0
2020-01-02,6.9642,114.9746,1.88,,105.4,50.0
2020-01-03,6.9649,114.9862,1.8,,105.4,50.0
2020-01-06,6.9749,114.9552,1.81,,105.4,50.0
2020-01-07,6.9443,115.1467,1.83,,105.4,50.0
2020-01-08,6.9447,115.1318,1.87,,105.4,50.0
2020-01-09,6.9309,115.2325,1.85,,105.4,50.0
2020-01-10,6.9178,115.0671,1.83,,105.4,50.0
2020-01-13,6.8924,115.0337,1.85,,105.4,50.0
2020-01-14,6.8837,115.0233,1.82,,105.4,50.0
2020-01-15,6.8899,114.9526,1.79,,105.4,50.0
2020-01-16,6.8769,114.9999,1.81,,105.4,50.0
2020-01-17,6.8589,115.0642,1.84,,105.4,50.0
2020-01-20,,,,,105.4,50.0
2020-01-21,6.9049,115.1865,1.78,,105.4,50.0
2020-01-22,6.904,115.2264,1.77,,105.4,50.0
2020-01-23,6.9364,115.5537,1.74,,105.4,50.0
2020-01-24,6.9161,115.5545,1.7,,105.4,50.0
2020-01-27,6.9161,115.7994,1.61,,105.4,50.0
2020-01-28,6.9161,115.7226,1.65,,105.4,50.0
2020-01-29,6.9161,115.6986,1.6,,105.4,50.0
2020-01-30,6.9161,115.8065,1.57,,105.4,50.0
2020-01-31,6.9161,115.7342,1.51,,105.4,50.0
2020-02-01,,,,259.25,105.2,35.7
2020-02-03,7.0208,116.1176,1.54,,105.2,35.7
2020-02-04,6.9979,115.929,1.61,,105.2,35.7
2020-02-05,6.972,116.0082,1.66,,105.2,35.7
2020-02-06,6.9694,116.1508,1.65,,105.2,35.7
2020-02-07,7.0003,116.5075,1.59,,105.2,35.7
2020-02-10,6.982,116.5701,1.56,,105.2,35.7
2020-02-11,6.965,116.3572,1.59,,105.2,35.7
2020-02-12,6.9708,116.2777,1.62,,105.2,35.7
2020-02-13,6.9759,116.398,1.61,,105.2,35.7
2020-02-14,6.9859,116.42,1.59,,105.2,35.7
2020-02-17,,,,,105.2,35.7
2020-02-18,6.9949,116.6016,1.55,,105.2,35.7
2020-02-19,6.9975,116.7802,1.56,,105.2,35.7
2020-02-20,7.0225,117.2434,1.52,,105.2,35.7
2020-02-21,7.0255,117.0456,1.46,,105.2,35.7
2020-02-24,7.0286,117.401,1.38,,105.2,35.7
2020-02-25,7.0128,117.2417,1.33,,105.2,35.7
2020-02-26,7.0214,117.4048,1.33,,105.2,35.7
2020-02-27,7.0036,117.3686,1.3,,105.2,35.7
2020-02-28,6.9906,117.6573,1.13,,105.2,35.7
2020-03-01,,,,258.076,104.3,52.0
2020-03-02,6.9595,116.8148,1.1,,104.3,52.0
2020-03-03,6.9579,116.4958,1.02,,104.3,52.0
2020-03-04,6.9244,116.7799,1.02,,104.3,52.0
2020-03-05,6.9366,116.7913,0.92,,104.3,52.0
2020-03-06,6.9298,116.7132,0.74,,104.3,52.0
2020-03-09,6.9448,117.1927,0.54,,104.3,52.0
2020-03-10,6.9549,117.9082,0.76,,104.3,52.0
2020-03-11,6.9595,118.2564,0.82,,104.3,52.0
2020-03-12,7.0282,120.4945,0.88,,104.3,52.0
2020-03-13,7.0079,120.4439,0.94,,104.3,52.0
2020-03-16,6.9913,120.9417,0.73,,104.3,52.0
2020-03-17,7.003,122.4875,1.02,,104.3,52.0
2020-03-18,7.0459,124.1693,1.18,,104.3,52.0
2020-03-19,7.1058,125.0662,1.12,,104.3,52.0
2020-03-20,7.095,124.9425,0.92,,104.3,52.0
2020-03-23,7.09,126.1342,0.76,,104.3,52.0
2020-03-24,7.061,125.5092,0.84,,104.3,52.0
2020-03-25,7.1099,124.7995,0.88,,104.3,52.0
2020-03-26,7.0709,122.4384,0.83,,104.3,52.0
2020-03-27,7.0942,122.4097,0.72,,104.3,52.0
2020-03-30,7.0986,123.2997,0.7,,104.3,52.0
2020-03-31,7.0808,122.5394,0.7,,104.3,52.0
2020-04-01,7.0989,123.8033,0.62,256.032,103.3,50.8
2020-04-02,7.0857,123.5994,0.63,,103.3,50.8
2020-04-03,7.0908,124.4237,0.62,,103.3,50.8
2020-04-06,7.0895,124.1692,0.67,,103.3,50.8
2020-04-07,7.0448,123.1038,0.75,,103.3,50.8
2020-04-08,7.0649,123.2299,0.77,,103.3,50.8
2020-04-09,7.0428,122.4834,0.73,,103.3,50.8
2020-04-10,7.0341,122.1668,,,103.3,50.8
2020-04-13,7.0501,122.5282,0.76,,103.3,50.8
2020-04-14,7.0479,122.1204,0.76,,103.3,50.8
2020-04-15,7.0664,123.084,0.63,,103.3,50.8
2020-04-16,7.0778,123.4698,0.61,,103.3,50.8
2020-04-17,7.0711,122.8791,0.65,,103.3,50.8
2020-04-20,7.0721,123.1121,0.63,,103.3,50.8
2020-04-21,7.0914,123.9207,0.58,,103.3,50.8
2020-04-22,7.0831,123.9354,0.63,,103.3,50.8
2020-04-23,7.0654,123.7645,0.61,,103.3,50.8
2020-04-24,7.0813,124.172,0.6,,103.3,50.8
2020-04-27,7.0848,123.8954,0.67,,103.3,50.8
2020-04-28,7.0776,123.3794,0.62,,103.3,50.8
2020-04-29,7.0755,122.7877,0.63,,103.3,50.8
2020-04-30,7.0622,122.3375,0.64,,103.3,50.8
2020-05-01,7.0622,123.1615,0.64,255.802,102.4,50.6
2020-05-04,7.0622,123.2224,0.64,,102.4,50.6
2020-05-05,7.0622,122.8117,0.66,,102.4,50.6
2020-05-06,7.1031,123.6188,0.72,,102.4,50.6
2020-05-07,7.0825,123.1339,0.63,,102.4,50.6
2020-05-08,7.0732,122.5465,0.69,,102.4,50.6
2020-05-11,7.0972,123.2423,0.73,,102.4,50.6
2020-05-12,7.0816,123.0694,0.69,,102.4,50.6
2020-05-13,7.0911,123.5512,0.64,,102.4,50.6
2020-05-14,7.0935,123.6524,0.63,,102.4,50.6
2020-05-15,7.1013,123.608,0.64,,102.4,50.6
2020-05-18,7.1086,122.8055,0.73,,102.4,50.6
2020-05-19,7.098,122.5744,0.7,,102.4,50.6
2020-05-20,7.0928,122.1093,0.68,,102.4,50.6
2020-05-21,7.1138,122.099,0.68,,102.4,50.6
2020-05-22,7.1269,122.3278,0.66,,102.4,50.6
2020-05-25,,,,,102.4,50.6
2020-05-26,7.134,121.3933,0.69,,102.4,50.6
2020-05-27,7.1681,121.5741,0.68,,102.4,50.6
2020-05-28,7.1447,121.0207,0.7,,102.4,50.6
2020-05-29,7.1348,120.953,0.65,,102.4,50.6
2020-06-01,7.1263,120.2753,0.66,257.042,102.5,50.9
2020-06-02,7.0992,119.692,0.68,,102.5,50.9
2020-06-03,7.1115,119.2625,0.77,,102.5,50.9
2020-06-04,7.1075,119.3094,0.82,,102.5,50.9
2020-06-05,7.0808,118.8202,0.91,,102.5,50.9
2020-06-08,7.07,118.6687,0.88,,102.5,50.9
2020-06-09,7.0765,118.5967,0.84,,102.5,50.9
2020-06-10,7.0599,118.5307,0.75,,102.5,50.9
2020-06-11,7.064,119.2435,0.66,,102.5,50.9
2020-06-12,7.0825,119.6719,0.71,,102.5,50.9
2020-06-15,7.0887,119.9622,0.71,,102.5,50.9
2020-06-16,7.0854,119.5744,0.75,,102.5,50.9
2020-06-17,7.084,119.918,0.74,,102.5,50.9
2020-06-18,7.0869,120.2252,0.71,,102.5,50.9
2020-06-19,7.0707,120.226,0.7,,102.5,50.9
2020-06-22,7.0678,119.7613,0.71,,102.5,50.9
2020-06-23,7.0575,119.3372,0.72,,102.5,50.9
2020-06-24,7.077,119.9834,0.69,,102.5,50.9
2020-06-25,7.0768,120.3089,0.68,,102.5,50.9
2020-06-26,7.0768,120.5425,0.64,,102.5,50.9
2020-06-29,7.0794,120.6757,0.64,,102.5,50.9
2020-06-30,7.0651,120.4746,0.66,,102.5,50.9
2020-07-01,7.0703,120.0902,0.69,258.352,102.7,51.1
2020-07-02,7.066,119.8648,0.68,,102.7,51.1
2020-07-03,,,,,102.7,51.1
2020-07-06,7.0159,119.2941,0.69,,102.7,51.1
2020-07-07,7.0127,119.5814,0.65,,102.7,51.1
2020-07-08,7.0041,119.5625,0.67,,102.7,51.1
2020-07-09,6.9923,119.5221,0.62,,102.7,51.1
2020-07-10,6.999,119.3601,0.65,,102.7,51.1
2020-07-13,6.9959,119.1984,0.64,,102.7,51.1
2020-07-14,7.006,119.3999,0.63,,102.7,51.1
2020-07-15,6.9885,119.0423,0.64,,102.7,51.1
2020-07-16,6.9881,118.9368,0.62,,102.7,51.1
2020-07-17,6.9912,119.134,0.64,,102.7,51.1
2020-07-20,6.9829,119.0588,0.62,,102.7,51.1
2020-07-21,6.98,118.4145,0.61,,102.7,51.1
2020-07-22,6.9988,118.1446,0.6,,102.7,51.1
2020-07-23,7.0034,118.0724,0.59,,102.7,51.1
2020-07-24,7.0168,118.1445,0.59,,102.7,51.1
2020-07-27,6.995,117.3982,0.62,,102.7,51.1
2020-07-28,6.9998,117.3301,0.59,,102.7,51.1
2020-07-29,7.0014,117.2242,0.58,,102.7,51.1
2020-07-30,7.008,117.4133,0.55,,102.7,51.1
2020-07-31,6.9744,117.2208,0.55,,102.7,51.1
2020-08-01,,,,259.316,102.4,51.0
2020-08-03,6.9799,117.8199,0.56,,102.4,51.0
2020-08-04,6.972,117.7962,0.52,,102.4,51.0
2020-08-05,6.9353,116.8865,0.55,,102.4,51.0
2020-08-06,6.952,117.055,0.55,,102.4,51.0
2020-08-07,6.967,117.6365,0.57,,102.4,51.0
2020-08-10,6.9611,117.5946,0.59,,102.4,51.0
2020-08-11,6.9451,117.3902,0.64,,102.4,51.0
2020-08-12,6.9363,117.2679,0.69,,102.4,51.0
2020-08-13,6.944,117.1313,0.71,,102.4,51.0
2020-08-14,6.9501,116.9512,0.71,,102.4,51.0
2020-08-17,6.9318,116.7609,0.69,,102.4,51.0
2020-08-18,6.9215,116.5722,0.67,,102.4,51.0
2020-08-19,6.9192,116.5789,0.68,,102.4,51.0
2020-08-20,6.9143,116.8243,0.65,,102.4,51.0
2020-08-21,6.9179,117.0682,0.64,,102.4,51.0
2020-08-24,6.918,116.9238,0.65,,102.4,51.0
2020-08-25,6.9116,116.8324,0.69,,102.4,51.0
2020-08-26,6.8855,116.6358,0.69,,102.4,51.0
2020-08-27,6.8925,116.6614,0.74,,102.4,51.0
2020-08-28,6.8647,115.9506,0.74,,102.4,51.0
2020-08-31,6.8474,115.7717,0.72,,102.4,51.0
2020-09-01,6.8272,115.5814,0.68,259.997,101.7,51.5
2020-09-02,6.8375,116.0423,0.66,,101.7,51.5
2020-09-03,6.8474,116.0799,0.63,,101.7,51.5
2020-09-04,6.8409,116.0457,0.72,,101.7,51.5
2020-09-07,,,,,101.7,51.5
2020-09-08,6.8435,116.4725,0.69,,101.7,51.5
2020-09-09,6.8308,116.1396,0.71,,101.7,51.5
2020-09-10,6.8335,115.8906,0.68,,101.7,51.5
2020-09-11,6.833,116.0963,0.67,,101.7,51.5
2020-09-14,6.808,115.6523,0.68,,101.7,51.5
2020-09-15,6.7819,115.5996,0.68,,101.7,51.5
2020-09-16,6.7529,115.3623,0.69,,101.7,51.5
2020-09-17,6.7628,115.4476,0.69,,101.7,51.5
2020-09-18,6.7675,115.248,0.7,,101.7,51.5
2020-09-21,6.8043,116.3873,0.68,,101.7,51.5
2020-09-22,6.7779,116.5529,0.68,,101.7,51.5
2020-09-23,6.8089,117.2631,0.68,,101.7,51.5
2020-09-24,6.8273,117.5578,0.67,,101.7,51.5
2020-09-25,6.822,117.8786,0.66,,101.7,51.5
2020-09-28,6.8106,117.629,0.67,,101.7,51.5
2020-09-29,6.815,117.5379,0.66,,101.7,51.5
2020-09-30,6.7896,116.957,0.69,,101.7,51.5
2020-10-01,6.7898,116.7339,0.68,260.319,100.5,51.4
2020-10-02,6.7898,116.7424,0.7,,100.5,51.4
2020-10-05,6.7896,116.187,0.78,,100.5,51.4
2020-10-06,6.7896,116.2781,0.76,,100.5,51.4
2020-10-07,6.7896,116.3548,0.81,,100.5,51.4
2020-10-08,6.7896,116.1753,0.78,,100.5,51.4
2020-10-09,6.6933,115.2843,0.79,,100.5,51.4
2020-10-12,,,,,100.5,51.4
2020-10-13,6.7452,115.9193,0.74,,100.5,51.4
2020-10-14,6.7136,115.6959,0.73,,100.5,51.4
2020-10-15,6.7233,116.1046,0.74,,100.5,51.4
2020-10-16,6.6962,115.7754,0.76,,100.5,51.4
2020-10-19,6.6803,115.4109,0.78,,100.5,51.4
2020-10-20,6.6754,115.2558,0.81,,100.5,51.4
2020-10-21,6.6503,114.9185,0.83,,100.5,51.4
2020-10-22,6.6821,115.1234,0.87,,100.5,51.4
2020-10-23,6.6861,115.0198,0.85,,100.5,51.4
2020-10-26,6.7119,115.2872,0.81,,100.5,51.4
2020-10-27,6.7044,115.0206,0.79,,100.5,51.4
2020-10-28,6.7279,115.8099,0.79,,100.5,51.4
2020-10-29,6.714,116.3138,0.85,,100.5,51.4
2020-10-30,6.6919,116.1417,0.88,,100.5,51.4
2020-11-01,,,,260.911,99.5,52.1
2020-11-02,6.6899,116.2425,0.87,,99.5,52.1
2020-11-03,6.6759,115.4864,0.9,,99.5,52.1
2020-11-04,6.6504,115.1733,0.78,,99.5,52.1
2020-11-05,6.6027,114.4615,0.79,,99.5,52.1
2020-11-06,6.608,113.9977,0.83,,99.5,52.1
2020-11-09,6.628,114.0942,0.96,,99.5,52.1
2020-11-10,6.6146,114.0802,0.98,,99.5,52.1
2020-11-11,,,,,99.5,52.1
2020-11-12,6.6114,114.2889,0.88,,99.5,52.1
2020-11-13,6.6039,114.2445,0.89,,99.5,52.1
2020-11-16,6.583,113.8356,0.91,,99.5,52.1
2020-11-17,6.5556,113.6864,0.87,,99.5,52.1
2020-11-18,6.5588,113.4645,0.88,,99.5,52.1
2020-11-19,6.5823,113.6982,0.86,,99.5,52.1
2020-11-20,6.5608,113.4932,0.83,,99.5,52.1
2020-11-23,6.585,113.759,0.86,,99.5,52.1
2020-11-24,6.59,113.4361,0.88,,99.5,52.1
2020-11-25,6.575,113.1871,0.88,,99.5,52.1
2020-11-26,,,,,99.5,52.1
2020-11-27,,,0.84,,99.5,52.1
2020-11-30,6.576,113.2308,0.84,,99.5,52.1
2020-12-01,6.5705,112.8122,0.92,262.045,100.2,51.9
2020-12-02,6.5622,112.6174,0.95,,100.2,51.9
2020-12-03,6.5418,112.0293,0.92,,100.2,51.9
2020-12-04,6.5301,111.7826,0.97,,100.2,51.9
2020-12-07,6.5295,111.8431,0.94,,100.2,51.9
2020-12-08,6.5307,111.8684,0.92,,100.2,51.9
2020-12-09,6.541,112.0353,0.95,,100.2,51.9
2020-12-10,6.5419,111.9839,0.92,,100.2,51.9
2020-12-11,6.5445,112.1469,0.9,,100.2,51.9
2020-12-14,6.548,112.177,0.9,,100.2,51.9
2020-12-15,6.5388,111.866,0.92,,100.2,51.9
2020-12-16,6.5323,111.7215,0.92,,100.2,51.9
2020-12-17,6.5321,111.2286,0.94,,100.2,51.9
2020-12-18,6.5395,111.6136,0.95,,100.2,51.9
2020-12-21,6.5493,111.9477,0.95,,100.2,51.9
2020-12-22,6.5426,112.201,0.93,,100.2,51.9
2020-12-23,6.54,111.9873,0.96,,100.2,51.9
2020-12-24,,,0.94,,100.2,51.9
2020-12-25,,,,,100.2,51.9
2020-12-28,6.5346,111.9821,0.94,,100.2,51.9
2020-12-29,6.53,111.524,0.94,,100.2,51.9
2020-12-30,6.5208,111.3156,0.93,,100.2,51.9
2020-12-31,6.525,111.324,0.93,,100.2,51.9
2021-01-01,,,,262.639,99.7,51.3
2021-01-04,6.4601,111.2143,0.93,,99.7,51.3
2021-01-05,6.455,110.9649,0.96,,99.7,51.3
2021-01-06,6.4617,110.8573,1.04,,99.7,51.3
2021-01-07,6.476,111.3124,1.08,,99.7,51.3
2021-01-08,6.475,111.293,1.13,,99.7,51.3
2021-01-11,6.4795,111.8342,1.15,,99.7,51.3
2021-01-12,6.461,111.5584,1.15,,99.7,51.3
2021-01-13,6.4677,111.3702,1.1,,99.7,51.3
2021-01-14,6.4736,111.1639,1.15,,99.7,51.3
2021-01-15,6.48,111.5168,1.11,,99.7,51.3
2021-01-18,,,,,99.7,51.3
2021-01-19,6.4777,111.4591,1.1,,99.7,51.3
2021-01-20,,,1.1,,99.7,51.3
2021-01-21,6.4595,111.2044,1.12,,99.7,51.3
2021-01-22,6.481,111.5602,1.1,,99.7,51.3
2021-01-25,6.4784,111.8767,1.05,,99.7,51.3
2021-01-26,6.4635,111.6661,1.05,,99.7,51.3
2021-01-27,6.4822,112.0876,1.04,,99.7,51.3
2021-01-28,6.4491,112.015,1.07,,99.7,51.3
2021-01-29,6.4282,111.9604,1.11,,99.7,51.3
2021-02-01,6.4669,112.4282,1.09,263.573,99.8,50.6
2021-02-02,6.457,112.2937,1.12,,99.8,50.6
2021-02-03,6.4614,112.2648,1.15,,99.8,50.6
2021-02-04,6.4715,112.756,1.15,,99.8,50.6
2021-02-05,6.4664,112.2463,1.19,,99.8,50.6
2021-02-08,6.4475,112.0512,1.19,,99.8,50.6
2021-02-09,6.4344,111.7768,1.18,,99.8,50.6
2021-02-10,6.4576,111.5929,1.15,,99.8,50.6
2021-02-11,6.4567,111.5364,1.16,,99.8,50.6
2021-02-12,6.4567,111.4981,1.2,,99.8,50.6
2021-02-15,,,,,99.8,50.6
2021-02-16,6.4567,111.7984,1.3,,99.8,50.6
2021-02-17,6.4567,112.03,1.29,,99.8,50.6
2021-02-18,6.4869,112.1718,1.29,,99.8,50.6
2021-02-19,6.4555,111.7179,1.34,,99.8,50.6
2021-02-22,6.4625,111.9316,1.37,,99.8,50.6
2021-02-23,6.464,111.911,1.37,,99.8,50.6
2021-02-24,6.4556,111.7339,1.38,,99.8,50.6
2021-02-25,6.4541,111.9402,1.54,,99.8,50.6
2021-02-26,6.473,112.8433,1.44,,99.8,50.6
2021-03-01,6.4648,112.538,1.45,264.847,100.4,51.9
2021-03-02,6.4702,112.5472,1.42,,100.4,51.9
2021-03-03,6.4675,112.7761,1.47,,100.4,51.9
2021-03-04,6.4694,112.717,1.54,,100.4,51.9
2021-03-05,6.496,113.7626,1.56,,100.4,51.9
2021-03-08,6.525,114.2824,1.59,,100.4,51.9
2021-03-09,6.505,113.9431,1.55,,100.4,51.9
2021-03-10,6.505,113.6015,1.53,,100.4,51.9
2021-03-11,6.4932,112.9345,1.54,,100.4,51.9
2021-03-12,6.5081,113.0403,1.64,,100.4,51.9
2021-03-15,6.4996,113.2065,1.62,,100.4,51.9
2021-03-16,6.5052,112.997,1.62,,100.4,51.9
2021-03-17,6.503,113.1726,1.63,,100.4,51.9
2021-03-18,6.5054,112.7872,1.71,,100.4,51.9
2021-03-19,6.507,112.9877,1.74,,100.4,51.9
2021-03-22,6.507,113.0154,1.69,,100.4,51.9
2021-03-23,6.516,113.3038,1.63,,100.4,51.9
2021-03-24,6.523,113.669,1.62,,100.4,51.9
2021-03-25,6.5452,114.014,1.63,,100.4,51.9
2021-03-26,6.5412,113.7532,1.67,,100.4,51.9
2021-03-29,6.5696,113.9447,1.73,,100.4,51.9
2021-03-30,6.5716,114.2152,1.73,,100.4,51.9
2021-03-31,6.5518,113.8351,1.74,,100.4,51.9
2021-04-01,6.5645,113.7504,1.69,266.625,100.9,51.1
2021-04-02,6.5646,113.7429,1.72,,100.9,51.1
2021-04-05,6.5649,113.406,1.73,,100.9,51.1
2021-04-06,6.537,113.1575,1.67,,100.9,51.1
2021-04-07,6.5415,113.254,1.68,,100.9,51.1
2021-04-08,6.5505,113.1015,1.64,,100.9,51.1
2021-04-09,6.5522,113.2132,1.67,,100.9,51.1
2021-04-12,6.5475,113.1916,1.69,,100.9,51.1
2021-04-13,6.5431,113.0489,1.64,,100.9,51.1
2021-04-14,6.5292,112.7951,1.64,,100.9,51.1
2021-04-15,6.522,112.6274,1.56,,100.9,51.1
2021-04-16,6.5203,112.4913,1.59,,100.9,51.1
2021-04-19,6.5085,112.1929,1.61,,100.9,51.1
2021-04-20,6.4981,112.2444,1.58,,100.9,51.1
2021-04-21,6.4903,112.1862,1.57,,100.9,51.1
2021-04-22,6.491,112.2385,1.57,,100.9,51.1
2021-04-23,6.4945,112.0981,1.58,,100.9,51.1
2021-04-26,6.4844,111.8207,1.58,,100.9,51.1
2021-04-27,6.483,111.9203,1.63,,100.9,51.1
2021-04-28,6.4771,111.8015,1.63,,100.9,51.1
2021-04-29,6.471,111.7583,1.65,,100.9,51.1
2021-04-30,6.4749,112.0959,1.65,,100.9,51.1
2021-05-01,,,,268.404,101.3,51.0
2021-05-03,6.4749,112.0176,1.63,,101.3,51.0
2021-05-04,6.4749,112.3021,1.61,,101.3,51.0
2021-05-05,6.4749,112.1639,1.59,,101.3,51.0
2021-05-06,6.4635,111.8525,1.58,,101.3,51.0
2021-05-07,6.431,111.0372,1.6,,101.3,51.0
2021-05-10,6.4156,110.803,1.63,,101.3,51.0
2021-05-11,6.4285,110.904,1.64,,101.3,51.0
2021-05-12,6.4566,111.5762,1.69,,101.3,51.0
2021-05-13,6.4506,111.6079,1.66,,101.3,51.0
2021-05-14,6.4367,111.1476,1.63,,101.3,51.0
2021-05-17,6.4388,111.0913,1.64,,101.3,51.0
2021-05-18,6.425,110.8446,1.64,,101.3,51.0
2021-05-19,6.4342,110.8933,1.68,,101.3,51.0
2021-05-20,6.4339,110.8741,1.63,,101.3,51.0
2021-05-21,6.4339,111.0714,1.63,,101.3,51.0
2021-05-24,6.4177,110.9254,1.61,,101.3,51.0
2021-05-25,6.41,110.8557,1.56,,101.3,51.0
2021-05-26,6.3905,110.8814,1.58,,101.3,51.0
2021-05-27,6.3824,110.8829,1.61,,101.3,51.0
2021-05-28,6.3674,110.7711,1.58,,101.3,51.0
2021-05-31,,,,,101.3,51.0
2021-06-01,6.3796,110.5179,1.62,270.71,101.1,50.9
2021-06-02,6.3805,110.5924,1.59,,101.1,50.9
2021-06-03,6.4036,111.1905,1.63,,101.1,50.9
2021-06-04,6.3945,110.7645,1.56,,101.1,50.9
2021-06-07,6.3963,110.5275,1.57,,101.1,50.9
2021-06-08,6.4,110.6608,1.53,,101.1,50.9
2021-06-09,6.3865,110.582,1.5,,101.1,50.9
2021-06-10,6.3929,110.557,1.45,,101.1,50.9
2021-06-11,6.3967,111.1052,1.47,,101.1,50.9
2021-06-14,6.3979,110.9779,1.51,,101.1,50.9
2021-06-15,6.4052,111.3634,1.51,,101.1,50.9
2021-06-16,6.3969,111.1287,1.57,,101.1,50.9
2021-06-17,6.4477,112.5881,1.52,,101.1,50.9
2021-06-18,6.4525,113.0517,1.45,,101.1,50.9
2021-06-21,6.4659,112.8506,1.5,,101.1,50.9
2021-06-22,6.4811,112.929,1.48,,101.1,50.9
2021-06-23,6.4727,112.3931,1.5,,101.1,50.9
2021-06-24,6.4701,112.3357,1.49,,101.1,50.9
2021-06-25,6.4545,111.9742,1.54,,101.1,50.9
2021-06-28,6.4555,112.033,1.49,,101.1,50.9
2021-06-29,6.4635,112.2692,1.49,,101.1,50.9
2021-06-30,6.4566,112.5613,1.45,,101.1,50.9
2021-07-01,6.4679,112.7484,1.48,271.965,101.0,50.4
2021-07-02,6.4721,112.5507,1.44,,101.0,50.4
2021-07-05,,,,,101.0,50.4
2021-07-06,6.4786,112.9602,1.37,,101.0,50.4
2021-07-07,6.4718,113.1136,1.33,,101.0,50.4
2021-07-08,6.4898,113.0863,1.3,,101.0,50.4
2021-07-09,6.4788,112.8468,1.37,,101.0,50.4
2021-07-12,6.4751,112.7701,1.38,,101.0,50.4
2021-07-13,6.4685,113.0153,1.42,,101.0,50.4
2021-07-14,6.4688,112.8885,1.37,,101.0,50.4
2021-07-15,6.46,113.0122,1.31,,101.0,50.4
2021-07-16,6.4785,113.0504,1.31,,101.0,50.4
2021-07-19,6.4893,113.5547,1.19,,101.0,50.4
2021-07-20,6.4845,113.7582,1.23,,101.0,50.4
2021-07-21,6.4664,113.4018,1.3,,101.0,50.4
2021-07-22,6.47,113.4788,1.27,,101.0,50.4
2021-07-23,6.4808,113.4486,1.3,,101.0,50.4
2021-07-26,6.4825,113.2335,1.29,,101.0,50.4
2021-07-27,6.5104,113.2321,1.25,,101.0,50.4
2021-07-28,6.4905,113.1899,1.26,,101.0,50.4
2021-07-29,6.4562,112.4927,1.28,,101.0,50.4
2021-07-30,6.4609,112.6808,1.24,,101.0,50.4
2021-08-01,,,,272.752,100.8,50.1
2021-08-02,6.462,112.6784,1.2,,100.8,50.1
2021-08-03,6.47,112.8331,1.19,,100.8,50.1
2021-08-04,6.4655,112.906,1.19,,100.8,50.1
2021-08-05,6.4608,112.778,1.23,,100.8,50.1
2021-08-06,6.4825,113.3192,1.31,,100.8,50.1
2021-08-09,6.4857,113.4625,1.33,,100.8,50.1
2021-08-10,6.4852,113.5072,1.36,,100.8,50.1
2021-08-11,6.4783,113.2917,1.35,,100.8,50.1
2021-08-12,6.4782,113.278,1.36,,100.8,50.1
2021-08-13,6.4768,113.0708,1.29,,100.8,50.1
2021-08-16,6.4742,113.179,1.26,,100.8,50.1
2021-08-17,6.4854,113.6263,1.26,,100.8,50.1
2021-08-18,6.4841,113.705,1.27,,100.8,50.1
2021-08-19,6.4942,114.1195,1.24,,100.8,50.1
2021-08-20,6.5012,114.5108,1.26,,100.8,50.1
2021-08-23,6.4805,113.9526,1.25,,100.8,50.1
2021-08-24,6.471,113.6899,1.29,,100.8,50.1
2021-08-25,6.4756,113.6424,1.35,,100.8,50.1
2021-08-26,6.4809,113.7986,1.34,,100.8,50.1
2021-08-27,6.4711,113.3511,1.31,,100.8,50.1
2021-08-30,6.4658,113.256,1.29,,100.8,50.1
2021-08-31,6.4604,113.1175,1.3,,100.8,50.1
2021-09-01,6.4586,112.8832,1.31,273.942,100.7,49.6
2021-09-02,6.456,112.7966,1.29,,100.7,49.6
2021-09-03,6.4528,112.558,1.33,,100.7,49.6
2021-09-06,,,,,100.7,49.6
2021-09-07,6.4662,112.9892,1.38,,100.7,49.6
2021-09-08,6.4612,113.2414,1.35,,100.7,49.6
2021-09-09,6.4547,113.053,1.3,,100.7,49.6
2021-09-10,6.444,112.9519,1.35,,100.7,49.6
2021-09-13,6.4511,113.0432,1.33,,100.7,49.6
2021-09-14,6.4382,113.0151,1.28,,100.7,49.6
2021-09-15,6.432,112.9862,1.31,,100.7,49.6
2021-09-16,6.4566,113.3122,1.34,,100.7,49.6
2021-09-17,6.4655,113.6074,1.37,,100.7,49.6
2021-09-20,6.4651,113.9511,1.31,,100.7,49.6
2021-09-21,6.4651,113.8266,1.33,,100.7,49.6
2021-09-22,6.4611,113.631,1.32,,100.7,49.6
2021-09-23,6.459,113.5224,1.41,,100.7,49.6
2021-09-24,6.466,113.7694,1.47,,100.7,49.6
2021-09-27,6.456,113.7532,1.48,,100.7,49.6
2021-09-28,6.4595,114.2571,1.54,,100.7,49.6
2021-09-29,6.4702,114.7191,1.55,,100.7,49.6
2021-09-30,6.4434,114.6504,1.52,,100.7,49.6
2021-10-01,6.4434,114.3899,1.48,276.528,101.5,49.2
2021-10-04,6.4434,114.2847,1.49,,101.5,49.2
2021-10-05,6.4434,114.3767,1.54,,101.5,49.2
2021-10-06,6.4434,114.7292,1.53,,101.5,49.2
2021-10-07,6.4434,114.5156,1.58,,101.5,49.2
2021-10-08,6.4435,114.6108,1.61,,101.5,49.2
2021-10-11,,,,,101.5,49.2
2021-10-12,6.4485,114.7667,1.59,,101.5,49.2
2021-10-13,6.4262,114.4827,1.56,,101.5,49.2
2021-10-14,6.438,114.2181,1.52,,101.5,49.2
2021-10-15,6.434,114.1033,1.59,,101.5,49.2
2021-10-18,6.429,114.0022,1.59,,101.5,49.2
2021-10-19,6.3822,113.6595,1.65,,101.5,49.2
2021-10-20,6.3936,113.521,1.65,,101.5,49.2
2021-10-21,6.3925,113.6322,1.68,,101.5,49.2
2021-10-22,6.3839,113.6828,1.66,,101.5,49.2
2021-10-25,6.3856,113.6172,1.64,,101.5,49.2
2021-10-26,6.382,113.6863,1.63,,101.5,49.2
2021-10-27,6.3915,113.6342,1.54,,101.5,49.2
2021-10-28,6.3917,113.453,1.57,,101.5,49.2
2021-10-29,6.405,114.149,1.55,,101.5,49.2
2021-11-01,6.3972,114.2231,1.58,278.824,102.3,50.1
2021-11-02,6.3995,114.2997,1.56,,102.3,50.1
2021-11-03,6.4061,114.3754,1.6,,102.3,50.1
2021-11-04,6.397,114.37,1.53,,102.3,50.1
2021-11-05,6.3961,114.0865,1.45,,102.3,50.1
2021-11-08,6.3902,113.8391,1.51,,102.3,50.1
2021-11-09,6.3916,113.7746,1.46,,102.3,50.1
2021-11-10,6.3882,114.1611,1.56,,102.3,50.1
2021-11-11,,,,,102.3,50.1
2021-11-12,6.3787,114.5263,1.58,,102.3,50.1
2021-11-15,6.3824,114.6003,1.63,,102.3,50.1
2021-11-16,6.3919,115.149,1.63,,102.3,50.1
2021-11-17,6.3775,115.039,1.6,,102.3,50.1
2021-11-18,6.3851,115.0811,1.59,,102.3,50.1
2021-11-19,6.3863,115.2318,1.54,,102.3,50.1
2021-11-22,6.3842,115.6615,1.63,,102.3,50.1
2021-11-23,6.391,116.026,1.67,,102.3,50.1
2021-11-24,6.3917,116.2855,1.64,,102.3,50.1
2021-11-25,,,,,102.3,50.1
2021-11-26,6.3924,116.5259,1.48,,102.3,50.1
2021-11-29,6.3875,116.596,1.52,,102.3,50.1
2021-11-30,6.364,116.2206,1.43,,102.3,50.1
2021-12-01,6.3641,115.9026,1.43,280.806,101.5,50.3
2021-12-02,6.3763,116.0313,1.44,,101.5,50.3
2021-12-03,6.3758,116.2511,1.35,,101.5,50.3
2021-12-06,6.3756,116.1663,1.43,,101.5,50.3
2021-12-07,6.3657,115.8676,1.48,,101.5,50.3
2021-12-08,6.3435,115.4541,1.52,,101.5,50.3
2021-12-09,6.3772,115.7904,1.49,,101.5,50.3
2021-12-10,6.3685,115.5852,1.48,,101.5,50.3
2021-12-13,6.3659,115.8538,1.42,,101.5,50.3
2021-12-14,6.3671,116.252,1.44,,101.5,50.3
2021-12-15,6.3673,116.4342,1.47,,101.5,50.3
2021-12-16,6.3674,115.7267,1.44,,101.5,50.3
2021-12-17,6.3748,115.8022,1.41,,101.5,50.3
2021-12-20,6.3756,116.0206,1.43,,101.5,50.3
2021-12-21,6.3716,116.1208,1.48,,101.5,50.3
2021-12-22,6.3695,115.7612,1.46,,101.5,50.3
2021-12-23,6.3696,115.5469,1.5,,101.5,50.3
2021-12-24,,,,,101.5,50.3
2021-12-27,6.3705,115.4821,1.48,,101.5,50.3
2021-12-28,6.3684,115.4327,1.49,,101.5,50.3
2021-12-29,6.368,115.3819,1.55,,101.5,50.3
2021-12-30,6.3726,115.2969,1.52,,101.5,50.3
2021-12-31,,,1.52,,101.5,50.3
2022-01-01,,,,282.542,100.9,50.1
2022-01-03,6.355,115.4243,1.63,,100.9,50.1
2022-01-04,6.3721,115.3263,1.66,,100.9,50.1
2022-01-05,6.364,115.1524,1.71,,100.9,50.1
2022-01-06,6.3822,115.4189,1.73,,100.9,50.1
2022-01-07,6.3769,115.0596,1.76,,100.9,50.1
2022-01-10,6.3756,115.235,1.78,,100.9,50.1
2022-01-11,6.3735,114.8467,1.75,,100.9,50.1
2022-01-12,6.358,114.3713,1.74,,100.9,50.1
2022-01-13,6.3595,114.1934,1.7,,100.9,50.1
2022-01-14,6.3524,114.3968,1.78,,100.9,50.1
2022-01-17,,,,,100.9,50.1
2022-01-18,6.3525,114.7513,1.87,,100.9,50.1
2022-01-19,6.3447,114.6254,1.83,,100.9,50.1
2022-01-20,6.3406,114.4779,1.83,,100.9,50.1
2022-01-21,6.3385,114.6261,1.75,,100.9,50.1
2022-01-24,6.3304,115.2165,1.75,,100.9,50.1
2022-01-25,6.3257,115.1779,1.78,,100.9,50.1
2022-01-26,6.3206,115.1044,1.85,,100.9,50.1
2022-01-27,6.3677,115.9874,1.81,,100.9,50.1
2022-01-28,6.3605,116.049,1.78,,100.9,50.1
2022-01-31,6.361,115.5742,1.79,,100.9,50.1
2022-02-01,6.361,115.3775,1.81,284.525,100.9,50.2
2022-02-02,6.361,115.1643,1.78,,100.9,50.2
2022-02-03,6.361,114.9175,1.82,,100.9,50.2
2022-02-04,6.361,115.1473,1.93,,100.9,50.2
2022-02-07,6.361,115.0209,1.92,,100.9,50.2
2022-02-08,6.366,115.0999,1.96,,100.9,50.2
2022-02-09,6.3619,114.8329,1.94,,100.9,50.2
2022-02-10,6.3526,114.5618,2.03,,100.9,50.2
2022-02-11,6.354,114.8489,1.92,,100.9,50.2
2022-02-14,6.3567,115.2008,1.98,,100.9,50.2
2022-02-15,6.3385,114.9357,2.05,,100.9,50.2
2022-02-16,6.3366,114.6954,2.03,,100.9,50.2
2022-02-17,6.3381,114.682,1.97,,100.9,50.2
2022-02-18,6.3251,114.8036,1.92,,100.9,50.2
2022-02-21,,,,,100.9,50.2
2022-02-22,6.326,114.7054,1.94,,100.9,50.2
2022-02-23,6.3134,114.6718,1.99,,100.9,50.2
2022-02-24,6.3283,115.9478,1.96,,100.9,50.2
2022-02-25,6.3169,115.2633,1.97,,100.9,50.2
2022-02-28,6.3084,115.2317,1.83,,100.9,50.2
2022-03-01,6.3116,115.8062,1.72,287.467,101.5,49.5
2022-03-02,6.321,115.7727,1.86,,101.5,49.5
2022-03-03,6.3195,115.9592,1.86,,101.5,49.5
2022-03-04,6.3188,116.661,1.74,,101.5,49.5
2022-03-07,6.3194,117.3406,1.78,,101.5,49.5
2022-03-08,6.3178,117.6281,1.86,,101.5,49.5
2022-03-09,6.3174,116.6057,1.94,,101.5,49.5
2022-03-10,6.3212,116.75,1.98,,101.5,49.5
2022-03-11,6.3389,117.0294,2.0,,101.5,49.5
2022-03-14,6.3645,117.1594,2.14,,101.5,49.5
2022-03-15,6.3696,117.2533,2.15,,101.5,49.5
2022-03-16,6.351,116.8135,2.19,,101.5,49.5
2022-03-17,6.3459,116.0544,2.2,,101.5,49.5
2022-03-18,6.3609,116.1447,2.14,,101.5,49.5
2022-03-21,6.3552,115.9467,2.32,,101.5,49.5
2022-03-22,6.366,116.0888,2.38,,101.5,49.5
2022-03-23,6.372,116.0101,2.32,,101.5,49.5
2022-03-24,6.367,115.9651,2.34,,101.5,49.5
2022-03-25,6.3658,115.7953,2.48,,101.5,49.5
2022-03-28,6.3714,116.1953,2.46,,101.5,49.5
2022-03-29,6.3635,115.572,2.41,,101.5,49.5
2022-03-30,6.347,115.0857,2.35,,101.5,49.5
2022-03-31,6.3393,115.2254,2.32,,101.5,49.5
2022-04-01,6.3625,115.4835,2.39,288.582,102.1,47.4
2022-04-04,6.3619,115.4121,2.42,,102.1,47.4
2022-04-05,6.3619,115.7328,2.54,,102.1,47.4
2022-04-06,6.359,116.002,2.61,,102.1,47.4
2022-04-07,6.36,116.3541,2.66,,102.1,47.4
2022-04-08,6.3643,116.42,2.72,,102.1,47.4
2022-04-11,6.3692,116.5423,2.79,,102.1,47.4
2022-04-12,6.3651,116.387,2.72,,102.1,47.4
2022-04-13,6.3678,116.2793,2.7,,102.1,47.4
2022-04-14,6.3775,116.7552,2.83,,102.1,47.4
2022-04-15,6.3705,116.7011,,,102.1,47.4
2022-04-18,6.363,116.8427,2.85,,102.1,47.4
2022-04-19,6.393,117.1322,2.93,,102.1,47.4
2022-04-20,6.4188,116.7325,2.85,,102.1,47.4
2022-04-21,6.45,117.1454,2.9,,102.1,47.4
2022-04-22,6.501,118.0205,2.9,,102.1,47.4
2022-04-25,6.5585,118.6298,2.81,,102.1,47.4
2022-04-26,6.5552,118.9658,2.77,,102.1,47.4
2022-04-27,6.5595,119.472,2.82,,102.1,47.4
2022-04-28,6.6243,120.0703,2.85,,102.1,47.4
2022-04-29,6.608,119.4936,2.89,,102.1,47.4
2022-05-01,,,,291.299,102.1,49.6
2022-05-02,6.6079,119.8827,2.99,,102.1,49.6
2022-05-03,6.6079,119.7037,2.97,,102.1,49.6
2022-05-04,6.6079,119.5567,2.93,,102.1,49.6
2022-05-05,6.6535,120.0043,3.05,,102.1,49.6
2022-05-06,6.6651,119.8544,3.12,,102.1,49.6
2022-05-09,6.7295,120.4949,3.05,,102.1,49.6
2022-05-10,6.7343,120.7716,2.99,,102.1,49.6
2022-05-11,6.7186,120.3896,2.91,,102.1,49.6
2022-05-12,6.786,121.273,2.84,,102.1,49.6
2022-05-13,6.788,120.8379,2.93,,102.1,49.6
2022-05-16,6.7852,120.6812,2.88,,102.1,49.6
2022-05-17,6.7361,119.8816,2.98,,102.1,49.6
2022-05-18,6.754,120.022,2.89,,102.1,49.6
2022-05-19,6.7109,119.4244,2.84,,102.1,49.6
2022-05-20,6.6921,119.3617,2.78,,102.1,49.6
2022-05-23,6.649,118.712,2.86,,102.1,49.6
2022-05-24,6.653,118.6208,2.76,,102.1,49.6
2022-05-25,6.6916,118.9561,2.75,,102.1,49.6
2022-05-26,6.738,118.7671,2.75,,102.1,49.6
2022-05-27,6.698,118.2796,2.74,,102.1,49.6
2022-05-30,,,,,102.1,49.6
2022-05-31,6.6715,118.0689,2.85,,102.1,49.6
2022-06-01,6.6858,118.6936,2.94,295.072,102.5,50.2
2022-06-02,6.6596,118.0642,2.92,,102.5,50.2
2022-06-03,6.6595,118.2138,2.96,,102.5,50.2
2022-06-06,6.6534,118.3053,3.04,,102.5,50.2
2022-06-07,6.6675,118.4401,2.98,,102.5,50.2
2022-06-08,6.6825,118.3944,3.03,,102.5,50.2
2022-06-09,6.6915,118.9193,3.04,,102.5,50.2
2022-06-10,6.7081,119.9942,3.15,,102.5,50.2
2022-06-13,6.753,121.1517,3.43,,102.5,50.2
2022-06-14,6.7395,121.6668,3.49,,102.5,50.2
2022-06-15,6.7128,121.6382,3.33,,102.5,50.2
2022-06-16,6.703,120.6755,3.28,,102.5,50.2
2022-06-17,6.716,121.2389,3.25,,102.5,50.2
2022-06-20,,,,,102.5,50.2
2022-06-21,6.688,120.646,3.31,,102.5,50.2
2022-06-22,6.6983,120.5232,3.16,,102.5,50.2
2022-06-23,6.698,120.7646,3.09,,102.5,50.2
2022-06-24,6.6878,120.4897,3.13,,102.5,50.2
2022-06-27,6.6899,120.1789,3.2,,102.5,50.2
2022-06-28,6.707,120.6254,3.2,,102.5,50.2
2022-06-29,6.6997,120.9689,3.1,,102.5,50.2
2022-06-30,6.6981,120.9718,2.98,,102.5,50.2
2022-07-01,6.7,121.5123,2.88,294.94,102.7,49.0
2022-07-04,,,,,102.7,49.0
2022-07-05,6.7192,122.6276,2.82,,102.7,49.0
2022-07-06,6.707,123.0165,2.93,,102.7,49.0
2022-07-07,6.7005,122.7336,3.01,,102.7,49.0
2022-07-08,6.6945,122.4724,3.09,,102.7,49.0
2022-07-11,6.7175,123.3062,2.99,,102.7,49.0
2022-07-12,6.7234,123.4612,2.96,,102.7,49.0
2022-07-13,6.7175,123.293,2.91,,102.7,49.0
2022-07-14,6.7542,124.0717,2.96,,102.7,49.0
2022-07-15,6.7565,123.4842,2.93,,102.7,49.0
2022-07-18,6.742,122.78,2.96,,102.7,49.0
2022-07-19,6.743,122.4922,3.01,,102.7,49.0
2022-07-20,6.754,122.6096,3.04,,102.7,49.0
2022-07-21,6.7655,122.9169,2.91,,102.7,49.0
2022-07-22,6.75,122.4643,2.77,,102.7,49.0
2022-07-25,6.7499,122.4721,2.81,,102.7,49.0
2022-07-26,6.7616,122.7698,2.81,,102.7,49.0
2022-07-27,6.757,122.8281,2.78,,102.7,49.0
2022-07-28,6.7465,122.1267,2.68,,102.7,49.0
2022-07-29,6.7433,121.7793,2.67,,102.7,49.0
2022-08-01,6.7674,121.4218,2.6,295.162,102.5,49.4
2022-08-02,6.7499,121.9609,2.75,,102.5,49.4
2022-08-03,6.7565,122.4002,2.73,,102.5,49.4
2022-08-04,6.7485,121.8436,2.68,,102.5,49.4
2022-08-05,6.7607,122.33,2.83,,102.5,49.4
2022-08-08,6.7505,121.8887,2.77,,102.5,49.4
2022-08-09,6.7525,121.8719,2.8,,102.5,49.4
2022-08-10,6.723,120.7648,2.78,,102.5,49.4
2022-08-11,6.7445,120.7281,2.87,,102.5,49.4
2022-08-12,6.7425,121.0272,2.84,,102.5,49.4
2022-08-15,6.7715,121.4382,2.79,,102.5,49.4
2022-08-16,6.7875,121.6889,2.82,,102.5,49.4
2022-08-17,6.7805,122.0802,2.89,,102.5,49.4
2022-08-18,6.7855,122.3722,2.88,,102.5,49.4
2022-08-19,6.8164,123.0596,2.98,,102.5,49.4
2022-08-22,6.8476,123.6123,3.03,,102.5,49.4
2022-08-23,6.8476,123.0617,3.05,,102.5,49.4
2022-08-24,6.8581,123.1136,3.11,,102.5,49.4
2022-08-25,6.8477,123.0645,3.03,,102.5,49.4
2022-08-26,6.8715,123.0709,3.04,,102.5,49.4
2022-08-29,6.9067,123.4739,3.12,,102.5,49.4
2022-08-30,6.91,123.6893,3.11,,102.5,49.4
2022-08-31,6.889,123.5407,3.15,,102.5,49.4
2022-09-01,6.9066,124.4045,3.26,296.421,102.8,50.1
2022-09-02,6.8985,123.7771,3.2,,102.8,50.1
2022-09-05,,,,,102.8,50.1
2022-09-06,6.9532,124.7719,3.33,,102.8,50.1
2022-09-07,6.965,124.8457,3.27,,102.8,50.1
2022-09-08,6.9562,124.584,3.29,,102.8,50.1
2022-09-09,6.924,123.7954,3.33,,102.8,50.1
2022-09-12,6.9265,123.3441,3.37,,102.8,50.1
2022-09-13,6.9245,124.4342,3.42,,102.8,50.1
2022-09-14,6.9612,124.4593,3.41,,102.8,50.1
2022-09-15,6.9934,124.8944,3.45,,102.8,50.1
2022-09-16,6.9799,124.8879,3.45,,102.8,50.1
2022-09-19,7.005,125.0177,3.49,,102.8,50.1
2022-09-20,7.0176,125.1324,3.57,,102.8,50.1
2022-09-21,7.0479,125.7464,3.51,,102.8,50.1
2022-09-22,7.0772,126.1668,3.7,,102.8,50.1
2022-09-23,7.1266,127.2867,3.69,,102.8,50.1
2022-09-26,7.1384,128.4544,3.88,,102.8,50.1
2022-09-27,7.176,128.4399,3.97,,102.8,50.1
2022-09-28,7.199,128.0937,3.72,,102.8,50.1
2022-09-29,7.1196,127.5463,3.76,,102.8,50.1
2022-09-30,7.1135,127.5159,3.83,,102.8,50.1
2022-10-01,,,,297.979,102.1,49.2
2022-10-03,7.1103,127.0793,3.67,,102.1,49.2
2022-10-04,7.1103,126.184,3.62,,102.1,49.2
2022-10-05,7.1103,126.863,3.76,,102.1,49.2
2022-10-06,7.1103,127.2481,3.83,,102.1,49.2
2022-10-07,7.1103,127.3093,3.89,,102.1,49.2
2022-10-10,,,,,102.1,49.2
2022-10-11,7.1639,127.6614,3.93,,102.1,49.2
2022-10-12,7.172,128.1456,3.91,,102.1,49.2
2022-10-13,7.17,127.7276,3.97,,102.1,49.2
2022-10-14,7.1895,128.3303,4.0,,102.1,49.2
2022-10-17,7.1946,127.6478,4.02,,102.1,49.2
2022-10-18,7.2001,127.9184,4.01,,102.1,49.2
2022-10-19,7.228,128.3992,4.14,,102.1,49.2
2022-10-20,7.2129,128.0084,4.24,,102.1,49.2
2022-10-21,7.2399,127.6758,4.21,,102.1,49.2
2022-10-24,7.2629,128.0351,4.25,,102.1,49.2
2022-10-25,7.2688,127.384,4.1,,102.1,49.2
2022-10-26,7.171,126.481,4.04,,102.1,49.2
2022-10-27,7.2239,126.7102,3.96,,102.1,49.2
2022-10-28,7.2499,127.2196,4.02,,102.1,49.2
2022-10-31,7.3048,127.6272,4.1,,102.1,49.2
2022-11-01,7.273,127.4011,4.07,298.708,101.6,48.0
2022-11-02,7.289,127.3138,4.1,,101.6,48.0
2022-11-03,7.3,128.1712,4.14,,101.6,48.0
2022-11-04,7.2996,127.149,4.17,,101.6,48.0
2022-11-07,7.2266,126.3098,4.22,,101.6,48.0
2022-11-08,7.2485,125.64,4.14,,101.6,48.0
2022-11-09,7.2401,125.9926,4.12,,101.6,48.0
2022-11-10,7.184,124.7142,3.82,,101.6,48.0
2022-11-11,,,,,101.6,48.0
2022-11-14,7.071,123.4425,3.88,,101.6,48.0
2022-11-15,7.044,123.0534,3.8,,101.6,48.0
2022-11-16,7.0964,123.2964,3.67,,101.6,48.0
2022-11-17,7.1551,123.9929,3.77,,101.6,48.0
2022-11-18,7.1192,123.8678,3.82,,101.6,48.0
2022-11-21,7.164,124.7143,3.83,,101.6,48.0
2022-11-22,7.1388,124.251,3.76,,101.6,48.0
2022-11-23,7.158,123.7739,3.71,,101.6,48.0
2022-11-24,,,,,101.6,48.0
2022-11-25,7.1642,123.3547,3.68,,101.6,48.0
2022-11-28,7.2074,123.6181,3.69,,101.6,48.0
2022-11-29,7.1568,123.6703,3.75,,101.6,48.0
2022-11-30,7.0879,123.5276,3.68,,101.6,48.0
2022-12-01,7.0424,122.0147,3.53,298.808,101.8,47.0
2022-12-02,7.019,122.0218,3.51,,101.8,47.0
2022-12-05,6.961,122.6511,3.6,,101.8,47.0
2022-12-06,6.9935,123.0319,3.51,,101.8,47.0
2022-12-07,6.9702,122.7716,3.42,,101.8,47.0
2022-12-08,6.9649,122.4275,3.48,,101.8,47.0
2022-12-09,6.9559,122.4343,3.57,,101.8,47.0
2022-12-12,6.9773,122.7861,3.61,,101.8,47.0
2022-12-13,6.943,121.8644,3.51,,101.8,47.0
2022-12-14,6.9498,121.8391,3.49,,101.8,47.0
2022-12-15,6.9716,122.5684,3.44,,101.8,47.0
2022-12-16,6.9708,122.6647,3.48,,101.8,47.0
2022-12-19,6.9772,122.5438,3.57,,101.8,47.0
2022-12-20,6.96,122.1502,3.69,,101.8,47.0
2022-12-21,6.981,122.2965,3.68,,101.8,47.0
2022-12-22,6.9829,122.2525,3.67,,101.8,47.0
2022-12-23,6.988,121.9843,3.75,,101.8,47.0
2022-12-26,,,,,101.8,47.0
2022-12-27,6.96,121.767,3.84,,101.8,47.0
2022-12-28,6.9774,122.02,3.88,,101.8,47.0
2022-12-29,6.9625,121.6713,3.83,,101.8,47.0
2022-12-30,6.8972,121.4392,3.88,,101.8,47.0
2023-01-01,,,,300.456,102.1,50.1
2023-01-02,,,,,102.1,50.1
2023-01-03,6.9135,122.0844,3.79,,102.1,50.1
2023-01-04,6.8875,121.5108,3.69,,102.1,50.1
2023-01-05,6.88,122.0786,3.71,,102.1,50.1
2023-01-06,6.837,121.0814,3.55,,102.1,50.1
2023-01-09,6.77,120.1403,3.53,,102.1,50.1
2023-01-10,6.777,120.234,3.61,,102.1,50.1
2023-01-11,6.77,120.1445,3.54,,102.1,50.1
2023-01-12,6.7365,119.4108,3.43,,102.1,50.1
2023-01-13,6.701,119.1422,3.49,,102.1,50.1
2023-01-16,,,,,102.1,50.1
2023-01-17,6.7723,119.2186,3.53,,102.1,50.1
2023-01-18,6.7534,119.08,3.37,,102.1,50.1
2023-01-19,6.7738,119.6033,3.39,,102.1,50.1
2023-01-20,6.7825,119.3588,3.48,,102.1,50.1
2023-01-23,6.7899,119.1671,3.52,,102.1,50.1
2023-01-24,6.7899,119.1174,3.46,,102.1,50.1
2023-01-25,6.7899,118.995,3.46,,102.1,50.1
2023-01-26,6.7899,119.0472,3.49,,102.1,50.1
2023-01-27,6.7899,118.9521,3.52,,102.1,50.1
2023-01-30,6.7501,118.9079,3.55,,102.1,50.1
2023-01-31,6.754,118.991,3.52,,102.1,50.1
2023-02-01,6.7406,118.6396,3.39,301.476,101.0,52.6
2023-02-02,6.7266,118.349,3.4,,101.0,52.6
2023-02-03,6.7733,119.5014,3.53,,101.0,52.6
2023-02-06,6.7918,120.5116,3.63,,101.0,52.6
2023-02-07,6.791,120.3298,3.67,,101.0,52.6
2023-02-08,6.789,120.139,3.63,,101.0,52.6
2023-02-09,6.7782,119.9785,3.67,,101.0,52.6
2023-02-10,6.8106,120.1531,3.74,,101.0,52.6
2023-02-13,6.8198,120.0145,3.72,,101.0,52.6
2023-02-14,6.8255,119.9601,3.77,,101.0,52.6
2023-02-15,6.851,120.4926,3.81,,101.0,52.6
2023-02-16,6.859,120.5069,3.86,,101.0,52.6
2023-02-17,6.8661,120.6023,3.82,,101.0,52.6
2023-02-20,,,,,101.0,52.6
2023-02-21,6.87,120.678,3.95,,101.0,52.6
2023-02-22,6.8908,120.8969,3.93,,101.0,52.6
2023-02-23,6.9075,121.141,3.88,,101.0,52.6
2023-02-24,6.9545,121.6297,3.95,,101.0,52.6
2023-02-27,6.945,121.4656,3.92,,101.0,52.6
2023-02-28,6.9325,121.4062,3.92,,101.0,52.6
2023-03-01,6.8656,120.6971,4.01,301.643,100.7,51.9
2023-03-02,6.9122,121.1949,4.08,,100.7,51.9
2023-03-03,6.9048,120.8468,3.97,,100.7,51.9
2023-03-06,6.9295,120.5776,3.98,,100.7,51.9
2023-03-07,6.9605,121.531,3.97,,100.7,51.9
2023-03-08,6.9496,121.5222,3.98,,100.7,51.9
2023-03-09,6.963,121.5225,3.93,,100.7,51.9
2023-03-10,6.9025,121.2963,3.7,,100.7,51.9
2023-03-13,6.8455,120.9157,3.55,,100.7,51.9
2023-03-14,6.868,121.052,3.64,,100.7,51.9
2023-03-15,6.9005,122.1149,3.51,,100.7,51.9
2023-03-16,6.8965,121.751,3.56,,100.7,51.9
2023-03-17,6.887,121.5923,3.39,,100.7,51.9
2023-03-20,6.877,121.0637,3.47,,100.7,51.9
2023-03-21,6.883,120.9535,3.59,,100.7,51.9
2023-03-22,6.8802,120.6883,3.48,,100.7,51.9
2023-03-23,6.8188,119.8174,3.38,,100.7,51.9
2023-03-24,6.8675,120.5106,3.38,,100.7,51.9
2023-03-27,6.8834,120.3239,3.53,,100.7,51.9
2023-03-28,6.8725,119.7987,3.55,,100.7,51.9
2023-03-29,6.8862,119.8223,3.57,,100.7,51.9
2023-03-30,6.87,119.5103,3.55,,100.7,51.9
2023-03-31,6.8676,119.4611,3.48,,100.7,51.9
2023-04-01,,,,302.858,100.1,49.2
2023-04-03,6.8776,119.4342,3.43,,100.1,49.2
2023-04-04,6.878,119.2641,3.35,,100.1,49.2
2023-04-05,6.8781,119.4068,3.3,,100.1,49.2
2023-04-06,6.875,119.4229,3.3,,100.1,49.2
2023-04-07,6.875,119.4673,3.39,,100.1,49.2
2023-04-10,6.8807,119.8962,3.41,,100.1,49.2
2023-04-11,6.8866,119.6409,3.43,,100.1,49.2
2023-04-12,6.873,119.1341,3.41,,100.1,49.2
2023-04-13,6.8677,118.5376,3.45,,100.1,49.2
2023-04-14,6.869,118.983,3.52,,100.1,49.2
2023-04-17,6.8786,119.3981,3.6,,100.1,49.2
2023-04-18,6.8755,119.2345,3.58,,100.1,49.2
2023-04-19,6.8851,119.4377,3.6,,100.1,49.2
2023-04-20,6.8725,119.2525,3.54,,100.1,49.2
2023-04-21,6.892,119.4472,3.57,,100.1,49.2
2023-04-24,6.8958,119.3486,3.52,,100.1,49.2
2023-04-25,6.932,119.7551,3.4,,100.1,49.2
2023-04-26,6.9261,119.4758,3.43,,100.1,49.2
2023-04-27,6.922,119.5754,3.53,,100.1,49.2
2023-04-28,6.911,119.376,3.44,,100.1,49.2
2023-05-01,6.9164,119.5845,3.59,303.316,100.2,48.8
2023-05-02,6.9164,119.7514,3.44,,100.2,48.8
2023-05-03,6.9164,119.2773,3.38,,100.2,48.8
2023-05-04,6.9094,119.19,3.37,,100.2,48.8
2023-05-05,6.9101,118.7184,3.44,,100.2,48.8
2023-05-08,6.9125,118.7415,3.52,,100.2,48.8
2023-05-09,6.9201,118.984,3.53,,100.2,48.8
2023-05-10,6.9321,118.7561,3.43,,100.2,48.8
2023-05-11,6.948,119.1902,3.39,,100.2,48.8
2023-05-12,6.9575,119.5206,3.46,,100.2,48.8
2023-05-15,6.952,119.3288,3.5,,100.2,48.8
2023-05-16,6.9751,119.3567,3.54,,100.2,48.8
2023-05-17,6.9981,119.7849,3.57,,100.2,48.8
2023-05-18,7.0355,120.2642,3.65,,100.2,48.8
2023-05-19,7.006,119.9479,3.7,,100.2,48.8
2023-05-22,7.0351,120.2609,3.72,,100.2,48.8
2023-05-23,7.049,120.4913,3.7,,100.2,48.8
2023-05-24,7.0585,120.6481,3.73,,100.2,48.8
2023-05-25,7.0775,121.0126,3.83,,100.2,48.8
2023-05-26,7.063,120.8022,3.8,,100.2,48.8
2023-05-29,,,,,100.2,48.8
2023-05-30,7.0792,120.7387,3.69,,100.2,48.8
2023-05-31,7.11,121.1527,3.64,,100.2,48.8
2023-06-01,7.0934,120.2628,3.61,304.099,100.0,49.0
2023-06-02,7.0827,120.2102,3.69,,100.0,49.0
2023-06-05,7.105,120.2175,3.69,,100.0,49.0
2023-06-06,7.119,120.1906,3.7,,100.0,49.0
2023-06-07,7.1287,120.0893,3.79,,100.0,49.0
2023-06-08,7.1109,119.8069,3.73,,100.0,49.0
2023-06-09,7.1273,119.6781,3.75,,100.0,49.0
2023-06-12,7.1437,119.889,3.73,,100.0,49.0
2023-06-13,7.1585,119.4641,3.84,,100.0,49.0
2023-06-14,7.148,119.0646,3.83,,100.0,49.0
2023-06-15,7.13,118.8447,3.72,,100.0,49.0
2023-06-16,7.125,118.7168,3.77,,100.0,49.0
2023-06-19,,,,,100.0,49.0
2023-06-20,7.1811,119.2458,3.74,,100.0,49.0
2023-06-21,7.1779,119.0438,3.72,,100.0,49.0
2023-06-22,7.1777,119.074,3.8,,100.0,49.0
2023-06-23,7.1777,119.4584,3.74,,100.0,49.0
2023-06-26,7.2364,119.4123,3.72,,100.0,49.0
2023-06-27,7.2193,119.235,3.77,,100.0,49.0
2023-06-28,7.2436,119.6759,3.71,,100.0,49.0
2023-06-29,7.2515,119.8659,3.85,,100.0,49.0
2023-06-30,7.2513,119.7118,3.81,,100.0,49.0
2023-07-01,,,,304.615,99.7,49.3
2023-07-03,7.24,119.5618,3.86,,99.7,49.3
2023-07-04,,,,,99.7,49.3
2023-07-05,7.2465,119.6971,3.95,,99.7,49.3
2023-07-06,7.25,120.1579,4.05,,99.7,49.3
2023-07-07,7.2205,119.4293,4.06,,99.7,49.3
2023-07-10,7.2315,119.3179,4.01,,99.7,49.3
2023-07-11,7.209,119.0891,3.99,,99.7,49.3
2023-07-12,7.1656,118.0104,3.86,,99.7,49.3
2023-07-13,7.15,117.5569,3.76,,99.7,49.3
2023-07-14,7.1403,117.4209,3.83,,99.7,49.3
2023-07-17,7.1711,117.5139,3.81,,99.7,49.3
2023-07-18,7.1786,117.4145,3.8,,99.7,49.3
2023-07-19,7.226,117.745,3.75,,99.7,49.3
2023-07-20,7.1761,117.9615,3.85,,99.7,49.3
2023-07-21,7.1861,118.3072,3.84,,99.7,49.3
2023-07-24,7.1855,118.1812,3.86,,99.7,49.3
2023-07-25,7.134,118.1978,3.91,,99.7,49.3
2023-07-26,7.1503,118.1097,3.86,,99.7,49.3
2023-07-27,7.173,118.2497,4.01,,99.7,49.3
2023-07-28,7.1488,118.1429,3.96,,99.7,49.3
2023-07-31,7.1426,118.1738,3.97,,99.7,49.3
2023-08-01,7.1775,118.9156,4.05,306.138,100.1,49.7
2023-08-02,7.192,119.4622,4.08,,100.1,49.7
2023-08-03,7.1651,119.7123,4.2,,100.1,49.7
2023-08-04,7.1709,119.1684,4.05,,100.1,49.7
2023-08-07,7.1895,119.4297,4.09,,100.1,49.7
2023-08-08,7.216,119.987,4.02,,100.1,49.7
2023-08-09,7.2085,119.8273,4.0,,100.1,49.7
2023-08-10,7.2165,119.5248,4.09,,100.1,49.7
2023-08-11,7.2367,119.9929,4.16,,100.1,49.7
2023-08-14,7.2585,120.4451,4.19,,100.1,49.7
2023-08-15,7.2817,120.5927,4.21,,100.1,49.7
2023-08-16,7.2985,120.7308,4.28,,100.1,49.7
2023-08-17,7.291,120.8924,4.3,,100.1,49.7
2023-08-18,7.28,120.7937,4.26,,100.1,49.7
2023-08-21,7.2865,120.8271,4.34,,100.1,49.7
2023-08-22,7.293,120.7274,4.34,,100.1,49.7
2023-08-23,7.2771,120.4036,4.19,,100.1,49.7
2023-08-24,7.2786,120.5987,4.23,,100.1,49.7
2023-08-25,7.289,120.8752,4.25,,100.1,49.7
2023-08-28,7.29,120.687,4.2,,100.1,49.7
2023-08-29,7.2796,120.6383,4.12,,100.1,49.7
2023-08-30,7.2839,120.187,4.12,,100.1,49.7
2023-08-31,7.2582,120.5882,4.09,,100.1,49.7
2023-09-01,7.2606,121.1011,4.18,307.374,100.0,50.2
2023-09-04,,,,,100.0,50.2
2023-09-05,7.3018,121.7785,4.27,,100.0,50.2
2023-09-06,7.316,122.2029,4.3,,100.0,50.2
2023-09-07,7.3287,122.2903,4.27,,100.0,50.2
2023-09-08,7.343,122.2933,4.26,,100.0,50.2
2023-09-11,7.2882,121.6757,4.29,,100.0,50.2
2023-09-12,7.2911,121.6301,4.27,,100.0,50.2
2023-09-13,7.27,121.3981,4.25,,100.0,50.2
2023-09-14,7.277,121.5744,4.29,,100.0,50.2
2023-09-15,7.2744,121.5361,4.33,,100.0,50.2
2023-09-18,7.2915,121.5414,4.32,,100.0,50.2
2023-09-19,7.2964,121.5175,4.37,,100.0,50.2
2023-09-20,7.287,121.32,4.35,,100.0,50.2
2023-09-21,7.3066,121.8972,4.49,,100.0,50.2
2023-09-22,7.298,121.8735,4.44,,100.0,50.2
2023-09-25,7.311,122.4445,4.55,,100.0,50.2
2023-09-26,7.31,122.795,4.56,,100.0,50.2
2023-09-27,7.3105,123.2947,4.61,,100.0,50.2
2023-09-28,7.301,122.8562,4.59,,100.0,50.2
2023-09-29,7.296,122.6332,4.59,,100.0,50.2
2023-10-01,,,,307.653,99.8,49.5
2023-10-02,7.296,123.3573,4.69,,99.8,49.5
2023-10-03,7.296,124.0624,4.81,,99.8,49.5
2023-10-04,7.296,123.8848,4.73,,99.8,49.5
2023-10-05,7.296,124.1752,4.72,,99.8,49.5
2023-10-06,7.296,123.6561,4.78,,99.8,49.5
2023-10-09,,,,,99.8,49.5
2023-10-10,7.2948,123.2437,4.66,,99.8,49.5
2023-10-11,7.2992,123.092,4.58,,99.8,49.5
2023-10-12,7.3019,123.5087,4.7,,99.8,49.5
2023-10-13,7.3049,123.8788,4.63,,99.8,49.5
2023-10-16,7.3105,123.621,4.71,,99.8,49.5
2023-10-17,7.3105,123.4334,4.83,,99.8,49.5
2023-10-18,7.3161,124.1001,4.91,,99.8,49.5
2023-10-19,7.3126,124.0861,4.98,,99.8,49.5
2023-10-20,7.3155,123.9049,4.93,,99.8,49.5
2023-10-23,7.3158,123.5935,4.86,,99.8,49.5
2023-10-24,7.309,123.9249,4.83,,99.8,49.5
2023-10-25,7.3165,124.069,4.95,,99.8,49.5
2023-10-26,7.315,124.285,4.86,,99.8,49.5
2023-10-27,7.3171,123.9145,4.84,,99.8,49.5
2023-10-30,7.3133,123.7044,4.88,,99.8,49.5
2023-10-31,7.3166,124.1229,4.88,,99.8,49.5
2023-11-01,7.3175,124.0801,4.77,308.087,99.5,49.4
2023-11-02,7.316,123.1995,4.67,,99.5,49.4
2023-11-03,7.3005,122.1006,4.57,,99.5,49.4
2023-11-06,7.2695,121.9692,4.67,,99.5,49.4
2023-11-07,7.2788,122.3882,4.58,,99.5,49.4
2023-11-08,7.28,122.4055,4.49,,99.5,49.4
2023-11-09,7.2835,122.4434,4.62,,99.5,49.4
2023-11-10,,,4.61,,99.5,49.4
2023-11-13,7.289,122.7389,4.63,,99.5,49.4
2023-11-14,7.253,121.6865,4.44,,99.5,49.4
2023-11-15,7.2466,121.4035,4.53,,99.5,49.4
2023-11-16,7.2416,121.4953,4.45,,99.5,49.4
2023-11-17,7.212,121.1657,4.44,,99.5,49.4
2023-11-20,7.168,120.5653,4.42,,99.5,49.4
2023-11-21,7.1352,120.5182,4.41,,99.5,49.4
2023-11-22,7.155,120.9757,4.42,,99.5,49.4
2023-11-23,,,,,99.5,49.4
2023-11-24,7.1488,120.5285,4.47,,99.5,49.4
2023-11-27,7.1528,120.4893,4.39,,99.5,49.4
2023-11-28,7.138,119.9174,4.34,,99.5,49.4
2023-11-29,7.13,120.1246,4.27,,99.5,49.4
2023-11-30,7.136,120.5421,4.37,,99.5,49.4
2023-12-01,7.1386,120.2542,4.22,308.735,99.7,49.0
2023-12-04,7.1424,120.7669,4.28,,99.7,49.0
2023-12-05,7.1444,121.0731,4.18,,99.7,49.0
2023-12-06,7.158,120.8348,4.12,,99.7,49.0
2023-12-07,7.1515,120.8938,4.14,,99.7,49.0
2023-12-08,7.1645,121.0499,4.23,,99.7,49.0
2023-12-11,7.1765,121.2212,4.23,,99.7,49.0
2023-12-12,7.1755,120.9825,4.2,,99.7,49.0
2023-12-13,7.1725,121.4667,4.04,,99.7,49.0
2023-12-14,7.1088,119.8952,3.92,,99.7,49.0
2023-12-15,7.1179,120.062,3.91,,99.7,49.0
2023-12-18,7.1297,120.2386,3.95,,99.7,49.0
2023-12-19,7.1287,119.8116,3.93,,99.7,49.0
2023-12-20,7.1355,119.8872,3.86,,99.7,49.0
2023-12-21,7.1381,119.6721,3.89,,99.7,49.0
2023-12-22,7.1315,119.4214,3.9,,99.7,49.0
2023-12-25,,,,,99.7,49.0
2023-12-26,7.1432,119.2551,3.89,,99.7,49.0
2023-12-27,7.1405,118.8525,3.79,,99.7,49.0
2023-12-28,7.1065,118.762,3.84,,99.7,49.0
2023-12-29,7.0999,118.7686,3.88,,99.7,49.0
2024-01-01,,,,309.794,99.2,49.2
2024-01-02,7.1426,119.6165,3.95,,99.2,49.2
2024-01-03,7.1497,120.0407,3.91,,99.2,49.2
2024-01-04,7.1589,119.9775,3.99,,99.2,49.2
2024-01-05,7.145,119.7474,4.05,,99.2,49.2
2024-01-08,7.154,119.6237,4.01,,99.2,49.2
2024-01-09,7.1675,120.0296,4.02,,99.2,49.2
2024-01-10,7.1711,120.1258,4.04,,99.2,49.2
2024-01-11,7.167,120.2516,3.98,,99.2,49.2
2024-01-12,7.1665,119.9009,3.96,,99.2,49.2
2024-01-15,,,,,99.2,49.2
2024-01-16,7.1874,120.9213,4.07,,99.2,49.2
2024-01-17,7.196,121.3823,4.1,,99.2,49.2
2024-01-18,7.1961,121.2366,4.14,,99.2,49.2
2024-01-19,7.1931,120.9947,4.15,,99.2,49.2
2024-01-22,7.192,120.9687,4.11,,99.2,49.2
2024-01-23,7.172,121.4244,4.14,,99.2,49.2
2024-01-24,7.158,120.8336,4.18,,99.2,49.2
2024-01-25,7.169,121.167,4.14,,99.2,49.2
2024-01-26,7.1763,120.9665,4.15,,99.2,49.2
2024-01-29,7.1798,121.1888,4.08,,99.2,49.2
2024-01-30,7.1755,120.9442,4.06,,99.2,49.2
2024-01-31,7.1673,120.7727,3.99,,99.2,49.2
2024-02-01,7.1799,120.6832,3.87,311.022,100.7,49.1
2024-02-02,7.192,121.2438,4.03,,100.7,49.1
2024-02-05,7.1982,121.6831,4.17,,100.7,49.1
2024-02-06,7.1908,121.3021,4.09,,100.7,49.1
2024-02-07,7.1943,121.2518,4.09,,100.7,49.1
2024-02-08,7.1965,121.4226,4.15,,100.7,49.1
2024-02-09,7.1929,121.3851,4.17,,100.7,49.1
2024-02-12,7.1928,121.2839,4.17,,100.7,49.1
2024-02-13,7.1928,121.8558,4.31,,100.7,49.1
2024-02-14,7.1928,121.7411,4.27,,100.7,49.1
2024-02-15,7.1928,121.5567,4.24,,100.7,49.1
2024-02-16,7.1928,121.4984,4.3,,100.7,49.1
2024-02-19,,,,,100.7,49.1
2024-02-20,7.1905,121.3769,4.27,,100.7,49.1
2024-02-21,7.1891,121.3918,4.32,,100.7,49.1
2024-02-22,7.1944,121.4589,4.33,,100.7,49.1
2024-02-23,7.197,121.3991,4.26,,100.7,49.1
2024-02-26,7.1972,121.4197,4.28,,100.7,49.1
2024-02-27,7.1977,121.3297,4.31,,100.7,49.1
2024-02-28,7.1976,121.4886,4.27,,100.7,49.1
2024-02-29,7.1977,121.5385,4.25,,100.7,49.1
2024-03-01,7.196,121.3741,4.19,312.107,100.1,50.8
2024-03-04,7.1987,121.2454,4.22,,100.1,50.8
2024-03-05,7.1965,121.2575,4.13,,100.1,50.8
2024-03-06,7.1977,120.8481,4.11,,100.1,50.8
2024-03-07,7.1925,120.5744,4.09,,100.1,50.8
2024-03-08,7.1855,120.3612,4.09,,100.1,50.8
2024-03-11,7.182,120.4205,4.1,,100.1,50.8
2024-03-12,7.1804,120.5468,4.16,,100.1,50.8
2024-03-13,7.1875,120.3533,4.19,,100.1,50.8
2024-03-14,7.1932,120.6272,4.29,,100.1,50.8
2024-03-15,7.1953,120.7884,4.31,,100.1,50.8
2024-03-18,7.1981,120.9572,4.34,,100.1,50.8
2024-03-19,7.1991,121.3111,4.3,,100.1,50.8
2024-03-20,7.1992,121.3092,4.27,,100.1,50.8
2024-03-21,7.1993,121.1869,4.27,,100.1,50.8
2024-03-22,7.2289,121.5694,4.22,,100.1,50.8
2024-03-25,7.2102,121.4143,4.25,,100.1,50.8
2024-03-26,7.2176,121.4613,4.24,,100.1,50.8
2024-03-27,7.227,121.4048,4.2,,100.1,50.8
2024-03-28,7.2262,121.4498,4.2,,100.1,50.8
2024-03-29,7.2203,121.4062,,,100.1,50.8
2024-04-01,7.2308,121.8884,4.33,313.016,100.3,50.4
2024-04-02,7.232,121.6881,4.36,,100.3,50.4
2024-04-03,7.233,121.4129,4.36,,100.3,50.4
2024-04-04,7.2339,121.1646,4.31,,100.3,50.4
2024-04-05,7.2339,121.3671,4.39,,100.3,50.4
2024-04-08,7.2305,121.1487,4.42,,100.3,50.4
2024-04-09,7.2316,121.1215,4.36,,100.3,50.4
2024-04-10,7.2341,121.9628,4.55,,100.3,50.4
2024-04-11,7.2373,122.003,4.56,,100.3,50.4
2024-04-12,7.2374,122.6566,4.5,,100.3,50.4
2024-04-15,7.2382,122.7932,4.63,,100.3,50.4
2024-04-16,7.2383,123.4732,4.67,,100.3,50.4
2024-04-17,7.2389,123.375,4.59,,100.3,50.4
2024-04-18,7.2382,123.3481,4.64,,100.3,50.4
2024-04-19,7.2403,123.4459,4.62,,100.3,50.4
2024-04-22,7.2403,123.4011,4.62,,100.3,50.4
2024-04-23,7.2445,123.0779,4.61,,100.3,50.4
2024-04-24,7.246,123.2398,4.65,,100.3,50.4
2024-04-25,7.246,123.1916,4.7,,100.3,50.4
2024-04-26,7.2464,123.3004,4.67,,100.3,50.4
2024-04-29,7.2318,122.9074,4.63,,100.3,50.4
2024-04-30,7.2401,123.3446,4.69,,100.3,50.4
2024-05-01,7.2405,123.3776,4.63,313.14,100.3,49.5
2024-05-02,7.2405,122.8047,4.58,,100.3,49.5
2024-05-03,7.2405,122.5056,4.5,,100.3,49.5
2024-05-06,7.2071,122.2529,4.49,,100.3,49.5
2024-05-07,7.2185,122.4588,4.47,,100.3,49.5
2024-05-08,7.2185,122.5562,4.48,,100.3,49.5
2024-05-09,7.2198,122.5322,4.45,,100.3,49.5
2024-05-10,7.226,122.3898,4.5,,100.3,49.5
2024-05-13,7.2325,122.4068,4.48,,100.3,49.5
2024-05-14,7.2335,122.3094,4.45,,100.3,49.5
2024-05-15,7.219,121.7471,4.36,,100.3,49.5
2024-05-16,7.2181,121.6189,4.38,,100.3,49.5
2024-05-17,7.2233,121.638,4.42,,100.3,49.5
2024-05-20,7.2344,121.6377,4.44,,100.3,49.5
2024-05-21,7.2376,121.7864,4.41,,100.3,49.5
2024-05-22,7.2405,121.9514,4.43,,100.3,49.5
2024-05-23,7.2421,122.1493,4.47,,100.3,49.5
2024-05-24,7.2425,122.0215,4.46,,100.3,49.5
2024-05-27,,,,,100.3,49.5
2024-05-28,7.2451,121.8382,4.54,,100.3,49.5
2024-05-29,7.2494,122.5535,4.61,,100.3,49.5
2024-05-30,7.2493,122.356,4.55,,100.3,49.5
2024-05-31,7.241,122.4845,4.51,,100.3,49.5
2024-06-01,,,,313.131,100.2,49.5
2024-06-03,7.242,122.7156,4.41,,100.2,49.5
2024-06-04,7.2393,123.0715,4.33,,100.2,49.5
2024-06-05,7.2475,122.9014,4.29,,100.2,49.5
2024-06-06,7.2451,122.7416,4.28,,100.2,49.5
2024-06-07,7.2466,123.8707,4.43,,100.2,49.5
2024-06-10,7.2475,124.2232,4.47,,100.2,49.5
2024-06-11,7.2544,124.345,4.39,,100.2,49.5
2024-06-12,7.2544,124.1411,4.31,,100.2,49.5
2024-06-13,7.2519,124.3287,4.24,,100.2,49.5
2024-06-14,7.2557,124.4755,4.2,,100.2,49.5
2024-06-17,7.2561,124.5427,4.28,,100.2,49.5
2024-06-18,7.2543,124.2835,4.22,,100.2,49.5
2024-06-19,,,,,100.2,49.5
2024-06-20,7.2604,124.496,4.25,,100.2,49.5
2024-06-21,7.2609,124.4247,4.25,,100.2,49.5
2024-06-24,7.2586,124.0379,4.25,,100.2,49.5
2024-06-25,7.2629,124.26,4.23,,100.2,49.5
2024-06-26,7.2666,124.5696,4.32,,100.2,49.5
2024-06-27,7.2688,124.6406,4.29,,100.2,49.5
2024-06-28,7.2672,124.5172,4.36,,100.2,49.5
2024-07-01,7.2683,124.7723,4.48,313.566,100.5,49.4
2024-07-02,7.2712,124.608,4.43,,100.5,49.4
2024-07-03,7.2699,124.1096,4.36,,100.5,49.4
2024-07-04,,,,,100.5,49.4
2024-07-05,7.268,123.8192,4.28,,100.5,49.4
2024-07-08,7.2683,123.706,4.28,,100.5,49.4
2024-07-09,7.2725,123.7559,4.3,,100.5,49.4
2024-07-10,7.2758,123.5508,4.28,,100.5,49.4
2024-07-11,7.2573,123.1267,4.2,,100.5,49.4
2024-07-12,7.2495,122.8093,4.18,,100.5,49.4
2024-07-15,7.2592,123.0059,4.23,,100.5,49.4
2024-07-16,7.2685,123.1024,4.17,,100.5,49.4
2024-07-17,7.2607,122.892,4.16,,100.5,49.4
2024-07-18,7.26,123.1548,4.2,,100.5,49.4
2024-07-19,7.2695,123.5033,4.25,,100.5,49.4
2024-07-22,7.2736,123.5735,4.26,,100.5,49.4
2024-07-23,7.2748,123.7296,4.25,,100.5,49.4
2024-07-24,7.2622,123.8784,4.28,,100.5,49.4
2024-07-25,7.231,123.8341,4.27,,100.5,49.4
2024-07-26,7.2502,123.9862,4.2,,100.5,49.4
2024-07-29,7.2597,124.4412,4.17,,100.5,49.4
2024-07-30,7.2511,124.576,4.15,,100.5,49.4
2024-07-31,7.2193,123.9223,4.09,,100.5,49.4
2024-08-01,7.2441,124.1551,3.99,314.131,100.6,49.1
2024-08-02,7.16,123.7169,3.8,,100.6,49.1
2024-08-05,7.13,123.7919,3.78,,100.6,49.1
2024-08-06,7.1563,123.8794,3.9,,100.6,49.1
2024-08-07,7.176,123.8126,3.96,,100.6,49.1
2024-08-08,7.1747,123.6961,3.99,,100.6,49.1
2024-08-09,7.166,123.1964,3.94,,100.6,49.1
2024-08-12,7.1744,123.4942,3.9,,100.6,49.1
2024-08-13,7.1558,123.2819,3.85,,100.6,49.1
2024-08-14,7.1382,122.7057,3.83,,100.6,49.1
2024-08-15,7.1734,122.8791,3.92,,100.6,49.1
2024-08-16,7.1644,122.6944,3.89,,100.6,49.1
2024-08-19,7.1393,122.1762,3.86,,100.6,49.1
2024-08-20,7.132,122.0677,3.82,,100.6,49.1
2024-08-21,7.1344,122.1407,3.79,,100.6,49.1
2024-08-22,7.144,122.6371,3.86,,100.6,49.1
2024-08-23,7.1244,121.7525,3.81,,100.6,49.1
2024-08-26,7.1212,121.9678,3.82,,100.6,49.1
2024-08-27,7.1244,122.1318,3.83,,100.6,49.1
2024-08-28,7.1245,122.1586,3.84,,100.6,49.1
2024-08-29,7.0972,122.4706,3.87,,100.6,49.1
2024-08-30,7.09,122.5582,3.91,,100.6,49.1
2024-09-01,,,,314.851,100.4,49.8
2024-09-02,,,,,100.4,49.8
2024-09-03,7.1209,123.0052,3.84,,100.4,49.8
2024-09-04,7.1119,122.7434,3.77,,100.4,49.8
2024-09-05,7.0921,122.6747,3.73,,100.4,49.8
2024-09-06,7.0876,122.7145,3.72,,100.4,49.8
2024-09-09,7.1133,122.9408,3.7,,100.4,49.8
2024-09-10,7.1205,123.2266,3.65,,100.4,49.8
2024-09-11,7.1192,123.0007,3.65,,100.4,49.8
2024-09-12,7.1173,122.684,3.68,,100.4,49.8
2024-09-13,7.093,121.9128,3.66,,100.4,49.8
2024-09-16,7.0958,121.7684,3.63,,100.4,49.8
2024-09-17,7.0958,121.8724,3.65,,100.4,49.8
2024-09-18,7.0812,121.8295,3.7,,100.4,49.8
2024-09-19,7.0675,121.5773,3.73,,100.4,49.8
2024-09-20,7.0505,121.6673,3.73,,100.4,49.8
2024-09-23,7.0508,121.687,3.75,,100.4,49.8
2024-09-24,7.0318,121.3868,3.74,,100.4,49.8
2024-09-25,7.0315,121.6868,3.79,,100.4,49.8
2024-09-26,7.0106,121.3274,3.79,,100.4,49.8
2024-09-27,7.0111,121.356,3.75,,100.4,49.8
2024-09-30,7.0176,121.5298,3.81,,100.4,49.8
2024-10-01,7.0175,121.9152,3.74,315.564,100.3,50.1
2024-10-02,7.0175,121.8154,3.79,,100.3,50.1
2024-10-03,7.0175,122.3469,3.85,,100.3,50.1
2024-10-04,7.0175,122.4533,3.98,,100.3,50.1
2024-10-07,7.0175,122.6545,4.03,,100.3,50.1
2024-10-08,7.0595,122.9111,4.04,,100.3,50.1
2024-10-09,7.0818,123.1373,4.06,,100.3,50.1
2024-10-10,7.0794,123.3431,4.09,,100.3,50.1
2024-10-11,7.0667,123.2275,4.08,,100.3,50.1
2024-10-14,,,,,100.3,50.1
2024-10-15,7.1192,123.773,4.03,,100.3,50.1
2024-10-16,7.1192,124.1606,4.02,,100.3,50.1
2024-10-17,7.1216,124.3466,4.09,,100.3,50.1
2024-10-18,7.1015,124.1511,4.08,,100.3,50.1
2024-10-21,7.1189,124.7004,4.19,,100.3,50.1
2024-10-22,7.123,124.6396,4.2,,100.3,50.1
2024-10-23,7.1252,124.9181,4.24,,100.3,50.1
2024-10-24,7.119,124.743,4.21,,100.3,50.1
2024-10-25,7.1199,124.8418,4.25,,100.3,50.1
2024-10-28,7.1254,125.0385,4.28,,100.3,50.1
2024-10-29,7.1301,125.0952,4.28,,100.3,50.1
2024-10-30,7.1229,125.0444,4.29,,100.3,50.1
2024-10-31,7.1178,125.0247,4.28,,100.3,50.1
2024-11-01,7.1214,125.0403,4.37,316.449,100.2,50.3
2024-11-04,7.0995,124.8168,4.31,,100.2,50.3
2024-11-05,7.1047,124.7803,4.26,,100.2,50.3
2024-11-06,7.1782,125.9311,4.42,,100.2,50.3
2024-11-07,7.1412,125.016,4.31,,100.2,50.3
2024-11-08,7.1785,125.8066,4.3,,100.2,50.3
2024-11-11,,,,,100.2,50.3
2024-11-12,7.232,126.987,4.43,,100.2,50.3
2024-11-13,7.2245,127.1591,4.44,,100.2,50.3
2024-11-14,7.2272,127.2123,4.43,,100.2,50.3
2024-11-15,7.2288,127.1021,4.43,,100.2,50.3
2024-11-18,7.2364,126.8336,4.42,,100.2,50.3
2024-11-19,7.2392,126.6361,4.39,,100.2,50.3
2024-11-20,7.2459,127.1023,4.41,,100.2,50.3
2024-11-21,7.2368,127.3063,4.43,,100.2,50.3
2024-11-22,7.2455,127.6683,4.41,,100.2,50.3
2024-11-25,7.2395,127.211,4.27,,100.2,50.3
2024-11-26,7.252,127.6435,4.3,,100.2,50.3
2024-11-27,7.2458,127.0601,4.25,,100.2,50.3
2024-11-28,,,,,100.2,50.3
2024-11-29,7.2423,126.8114,4.18,,100.2,50.3
2024-12-01,,,,317.603,100.1,50.1
2024-12-02,7.2714,127.3499,4.19,,100.1,50.1
2024-12-03,7.2858,127.1983,4.23,,100.1,50.1
2024-12-04,7.2632,126.9956,4.19,,100.1,50.1
2024-12-05,7.2558,126.6638,4.17,,100.1,50.1
2024-12-06,7.27,126.9271,4.15,,100.1,50.1
2024-12-09,7.2604,126.8394,4.2,,100.1,50.1
2024-12-10,7.25,127.1884,4.22,,100.1,50.1
2024-12-11,7.2605,127.095,4.26,,100.1,50.1
2024-12-12,7.2685,127.2039,4.32,,100.1,50.1
2024-12-13,7.2756,127.5569,4.4,,100.1,50.1
2024-12-16,7.2836,127.5235,4.39,,100.1,50.1
2024-12-17,7.2846,127.7565,4.4,,100.1,50.1
2024-12-18,7.2864,127.8936,4.5,,100.1,50.1
2024-12-19,7.2965,128.8598,4.57,,100.1,50.1
2024-12-20,7.2953,128.1411,4.52,,100.1,50.1
2024-12-23,7.2977,128.5356,4.59,,100.1,50.1
2024-12-24,7.2946,128.5651,4.59,,100.1,50.1
2024-12-25,,,,,100.1,50.1
2024-12-26,7.2981,128.5679,4.58,,100.1,50.1
2024-12-27,7.298,128.6972,4.62,,100.1,50.1
2024-12-30,7.2993,129.0474,4.55,,100.1,50.1
2024-12-31,7.2993,129.488,4.58,,100.1,50.1
2025-01-01,,,,319.086,100.5,49.1
2025-01-02,7.2994,129.6666,4.57,,100.5,49.1
2025-01-03,7.3199,129.6721,4.6,,100.5,49.1
2025-01-06,7.3223,128.7878,4.62,,100.5,49.1
2025-01-07,7.3264,128.8574,4.67,,100.5,49.1
2025-01-08,7.3316,129.3038,4.67,,100.5,49.1
2025-01-09,7.3321,129.4927,4.68,,100.5,49.1
2025-01-10,7.3326,130.0513,4.77,,100.5,49.1
2025-01-13,7.3319,130.2142,4.79,,100.5,49.1
2025-01-14,7.3311,129.5812,4.78,,100.5,49.1
2025-01-15,7.3304,129.4107,4.66,,100.5,49.1
2025-01-16,7.3316,129.6284,4.61,,100.5,49.1
2025-01-17,7.3249,129.6771,4.61,,100.5,49.1
2025-01-20,,,,,100.5,49.1
2025-01-21,7.2712,128.61,4.57,,100.5,49.1
2025-01-22,7.2728,128.5428,4.6,,100.5,49.1
2025-01-23,7.288,128.4336,4.65,,100.5,49.1
2025-01-24,7.244,127.6833,4.63,,100.5,49.1
2025-01-27,7.2507,128.2856,4.53,,100.5,49.1
2025-01-28,7.2422,128.471,4.55,,100.5,49.1
2025-01-29,7.2422,128.5324,4.55,,100.5,49.1
2025-01-30,7.2422,128.2958,4.52,,100.5,49.1
2025-01-31,7.2422,128.6686,4.58,,100.5,49.1
2025-02-01,,,,319.775,99.3,50.2
2025-02-03,7.2422,129.2815,4.54,,99.3,50.2
2025-02-04,7.2422,128.2993,4.52,,99.3,50.2
2025-02-05,7.272,128.1725,4.43,,99.3,50.2
2025-02-06,7.2883,128.3958,4.45,,99.3,50.2
2025-02-07,7.2943,128.6144,4.49,,99.3,50.2
2025-02-10,7.3045,128.8215,4.51,,99.3,50.2
2025-02-11,7.3072,128.629,4.54,,99.3,50.2
2025-02-12,7.3088,128.5321,4.62,,99.3,50.2
2025-02-13,7.2888,128.0821,4.52,,99.3,50.2
2025-02-14,7.253,127.3505,4.47,,99.3,50.2
2025-02-17,,,,,99.3,50.2
2025-02-18,7.2786,127.501,4.55,,99.3,50.2
2025-02-19,7.2833,127.9207,4.53,,99.3,50.2
2025-02-20,7.2555,127.3057,4.5,,99.3,50.2
2025-02-21,7.2501,127.3285,4.42,,99.3,50.2
2025-02-24,7.2476,127.3749,4.4,,99.3,50.2
2025-02-25,7.2512,127.5544,4.3,,99.3,50.2
2025-02-26,7.2595,127.4762,4.25,,99.3,50.2
2025-02-27,7.2853,128.1589,4.29,,99.3,50.2
2025-02-28,7.2828,128.4646,4.24,,99.3,50.2
2025-03-01,,,,319.615,99.9,50.5
2025-03-03,7.2843,127.9558,4.16,,99.9,50.5
2025-03-04,7.2651,128.1864,4.22,,99.9,50.5
2025-03-05,7.2506,126.7441,4.28,,99.9,50.5
2025-03-06,7.2468,126.3526,4.29,,99.9,50.5
2025-03-07,7.234,126.2243,4.32,,99.9,50.5
2025-03-10,7.2591,126.5199,4.22,,99.9,50.5
2025-03-11,7.2278,126.2896,4.28,,99.9,50.5
2025-03-12,7.2372,126.1251,4.32,,99.9,50.5
2025-03-13,7.2439,126.2551,4.27,,99.9,50.5
2025-03-14,7.2377,125.9538,4.31,,99.9,50.5
2025-03-17,7.2327,125.6291,4.31,,99.9,50.5
2025-03-18,7.2273,125.7402,4.29,,99.9,50.5
2025-03-19,7.23,126.0515,4.25,,99.9,50.5
2025-03-20,7.2477,126.237,4.24,,99.9,50.5
2025-03-21,7.2486,126.509,4.25,,99.9,50.5
2025-03-24,7.2531,126.4403,4.34,,99.9,50.5
2025-03-25,7.2569,126.3075,4.31,,99.9,50.5
2025-03-26,7.2675,126.4839,4.35,,99.9,50.5
2025-03-27,7.2645,126.6098,4.38,,99.9,50.5
2025-03-28,7.2628,126.6599,4.27,,99.9,50.5
2025-03-31,7.2567,126.9402,4.23,,99.9,50.5
2025-04-01,7.2697,126.6783,4.17,320.321,99.9,49.0
2025-04-02,7.2675,126.6284,4.2,,99.9,49.0
2025-04-03,7.2813,125.0254,4.06,,99.9,49.0
2025-04-04,7.2803,126.0693,4.01,,99.9,49.0
2025-04-07,7.3081,127.0629,4.15,,99.9,49.0
2025-04-08,7.3388,127.1122,4.26,,99.9,49.0
2025-04-09,7.3499,126.8819,4.34,,99.9,49.0
2025-04-10,7.314,125.3694,4.4,,99.9,49.0
2025-04-11,7.2915,124.3156,4.48,,99.9,49.0
2025-04-14,7.3119,123.9908,4.38,,99.9,49.0
2025-04-15,7.315,124.1129,4.35,,99.9,49.0
2025-04-16,7.3053,123.6167,4.29,,99.9,49.0
2025-04-17,7.299,123.4733,4.34,,99.9,49.0
2025-04-18,7.2996,123.3365,,,99.9,49.0
2025-04-21,7.2914,122.677,4.42,,99.9,49.0
2025-04-22,7.3118,122.7879,4.41,,99.9,49.0
2025-04-23,7.286,123.375,4.4,,99.9,49.0
2025-04-24,7.2879,123.285,4.32,,99.9,49.0
2025-04-25,7.2864,123.2454,4.29,,99.9,49.0
2025-04-28,7.2942,123.0856,4.23,,99.9,49.0
2025-04-29,7.269,122.9514,4.19,,99.9,49.0
2025-04-30,7.2706,122.944,4.17,,99.9,49.0
2025-05-01,7.2706,123.4811,4.25,320.58,99.9,49.5
2025-05-02,7.2706,122.859,4.33,,99.9,49.5
2025-05-05,7.2706,122.6335,4.36,,99.9,49.5
2025-05-06,7.2164,122.3907,4.3,,99.9,49.5
2025-05-07,7.225,122.4652,4.26,,99.9,49.5
2025-05-08,7.234,123.1019,4.37,,99.9,49.5
2025-05-09,7.2364,122.879,4.37,,99.9,49.5
2025-05-12,7.2018,123.7948,4.45,,99.9,49.5
2025-05-13,7.2057,123.2905,4.49,,99.9,49.5
2025-05-14,7.208,123.0145,4.53,,99.9,49.5
2025-05-15,7.2067,123.1492,4.45,,99.9,49.5
2025-05-16,7.209,123.3969,4.43,,99.9,49.5
2025-05-19,7.2144,122.7649,4.46,,99.9,49.5
2025-05-20,7.2194,122.673,4.48,,99.9,49.5
2025-05-21,7.2019,122.1012,4.58,,99.9,49.5
2025-05-22,7.2037,122.3865,4.54,,99.9,49.5
2025-05-23,7.1798,121.7283,4.51,,99.9,49.5
2025-05-26,,,,,99.9,49.5
2025-05-27,7.195,121.9634,4.43,,99.9,49.5
2025-05-28,7.1941,122.3295,4.47,,99.9,49.5
2025-05-29,7.1855,121.9108,4.43,,99.9,49.5
2025-05-30,7.1991,122.1112,4.41,,99.9,49.5
2025-06-01,,,,321.5,100.1,49.7
2025-06-02,7.1975,121.549,4.46,,100.1,49.7
2025-06-03,7.1872,121.808,4.46,,100.1,49.7
2025-06-04,7.1844,121.4093,4.37,,100.1,49.7
2025-06-05,7.175,121.3178,4.4,,100.1,49.7
2025-06-06,7.1886,121.5217,4.51,,100.1,49.7
2025-06-09,7.1802,121.2757,4.49,,100.1,49.7
2025-06-10,7.187,121.4134,4.47,,100.1,49.7
2025-06-11,7.1928,120.9763,4.41,,100.1,49.7
2025-06-12,7.1726,120.565,4.36,,100.1,49.7
2025-06-13,7.181,120.7131,4.41,,100.1,49.7
2025-06-16,7.179,120.5449,4.46,,100.1,49.7
2025-06-17,7.1845,120.8862,4.39,,100.1,49.7
2025-06-18,7.1888,121.1093,4.38,,100.1,49.7
2025-06-19,,,,,100.1,49.7
2025-06-20,7.1785,121.411,4.38,,100.1,49.7
2025-06-23,7.179,121.5412,4.34,,100.1,49.7
2025-06-24,7.1713,120.7549,4.3,,100.1,49.7
2025-06-25,7.1764,120.7333,4.29,,100.1,49.7
2025-06-26,7.1675,120.0587,4.26,,100.1,49.7
2025-06-27,7.1721,120.0786,4.29,,100.1,49.7
2025-06-30,7.1636,119.8269,4.24,,100.1,49.7
2025-07-01,7.1647,119.7678,4.26,322.132,100.0,49.3
2025-07-02,7.1649,119.7289,4.3,,100.0,49.3
2025-07-03,7.1684,119.6678,4.35,,100.0,49.3
2025-07-04,,,,,100.0,49.3
2025-07-07,7.1744,120.0481,4.4,,100.0,49.3
2025-07-08,7.1738,120.2589,4.42,,100.0,49.3
2025-07-09,7.18,120.1608,4.34,,100.0,49.3
2025-07-10,7.1748,120.253,4.35,,100.0,49.3
2025-07-11,7.1681,120.3354,4.43,,100.0,49.3
2025-07-14,7.167,120.6252,4.43,,100.0,49.3
2025-07-15,7.1729,120.9095,4.5,,100.0,49.3
2025-07-16,7.1791,120.8232,4.46,,100.0,49.3
2025-07-17,7.1832,121.0417,4.47,,100.0,49.3
2025-07-18,7.1776,120.7674,4.44,,100.0,49.3
2025-07-21,7.176,120.4157,4.38,,100.0,49.3
2025-07-22,7.1748,120.1036,4.35,,100.0,49.3
2025-07-23,7.1599,119.9888,4.4,,100.0,49.3
2025-07-24,7.1541,119.9892,4.43,,100.0,49.3
2025-07-25,7.1679,120.4082,4.4,,100.0,49.3
2025-07-28,7.1778,121.0228,4.42,,100.0,49.3
2025-07-29,7.1769,121.3652,4.34,,100.0,49.3
2025-07-30,7.1934,121.7944,4.38,,100.0,49.3
2025-07-31,7.2002,122.1088,4.37,,100.0,49.3
2025-08-01,7.2116,121.6148,4.23,323.364,99.6,49.4
2025-08-04,7.178,121.3757,4.22,,99.6,49.4
2025-08-05,7.1835,121.3068,4.22,,99.6,49.4
2025-08-06,7.1822,120.9198,4.22,,99.6,49.4
2025-08-07,7.1806,120.9142,4.23,,99.6,49.4
2025-08-08,7.1839,120.7562,4.27,,99.6,49.4
2025-08-11,7.1884,121.1021,4.27,,99.6,49.4
2025-08-12,7.1785,120.6964,4.29,,99.6,49.4
2025-08-13,7.1744,120.5533,4.24,,99.6,49.4
2025-08-14,7.1795,121.0518,4.29,,99.6,49.4
2025-08-15,7.1817,120.7606,4.33,,99.6,49.4
2025-08-18,7.1847,120.9792,4.34,,99.6,49.4
2025-08-19,7.1819,121.137,4.3,,99.6,49.4
2025-08-20,7.1757,121.1828,4.29,,99.6,49.4
2025-08-21,7.1793,121.485,4.33,,99.6,49.4
2025-08-22,7.1651,120.6974,4.26,,99.6,49.4
2025-08-25,7.151,120.8298,4.28,,99.6,49.4
2025-08-26,7.152,120.9304,4.26,,99.6,49.4
2025-08-27,7.1536,121.1236,4.24,,99.6,49.4
2025-08-28,7.1306,120.6537,4.22,,99.6,49.4
2025-08-29,7.1304,120.6028,4.23,,99.6,49.4
2025-09-01,,,,324.368,99.7,49.8
2025-09-02,7.139,121.0716,4.28,,99.7,49.8
2025-09-03,7.1415,120.9032,4.22,,99.7,49.8
2025-09-04,7.1414,121.1565,4.17,,99.7,49.8
2025-09-05,7.1323,120.5394,4.1,,99.7,49.8
2025-09-08,7.1293,120.5152,4.05,,99.7,49.8
2025-09-09,7.1209,120.5746,4.08,,99.7,49.8
2025-09-10,7.1207,120.5447,4.04,,99.7,49.8
2025-09-11,7.1184,120.381,4.01,,99.7,49.8
2025-09-12,7.1242,120.4905,4.06,,99.7,49.8
2025-09-15,7.1186,120.0042,4.05,,99.7,49.8
2025-09-16,7.1142,119.586,4.04,,99.7,49.8
2025-09-17,7.1033,119.6063,4.06,,99.7,49.8
2025-09-18,7.1125,120.0986,4.11,,99.7,49.8
2025-09-19,7.1142,120.2166,4.14,,99.7,49.8
2025-09-22,7.114,120.2461,4.15,,99.7,49.8
2025-09-23,7.1116,120.0568,4.12,,99.7,49.8
2025-09-24,7.1315,120.6024,4.16,,99.7,49.8
2025-09-25,7.1338,120.9635,4.18,,99.7,49.8
2025-09-26,7.1328,120.8615,4.2,,99.7,49.8
2025-09-29,7.1194,120.5403,4.15,,99.7,49.8
2025-09-30,7.119,120.5624,4.16,,99.7,49.8
2025-10-01,7.12,120.5782,4.12,,100.2,49.0
2025-10-02,7.12,120.844,4.1,,100.2,49.0
2025-10-03,7.12,120.5163,4.13,,100.2,49.0
2025-10-06,7.12,120.7028,4.18,,100.2,49.0
2025-10-07,7.12,120.9097,4.14,,100.2,49.0
2025-10-08,7.12,121.1884,4.13,,100.2,49.0
2025-10-09,7.1275,121.4965,4.14,,100.2,49.0
2025-10-10,7.134,121.5217,4.05,,100.2,49.0
2025-10-13,,,,,100.2,49.0
2025-10-14,7.1384,121.5815,4.03,,100.2,49.0
2025-10-15,7.1262,121.2669,4.05,,100.2,49.0
2025-10-16,7.123,121.0834,3.99,,100.2,49.0
2025-10-17,7.1264,121.1218,4.02,,100.2,49.0
2025-10-20,7.1195,121.0394,4.0,,100.2,49.0
2025-10-21,7.1218,121.302,3.98,,100.2,49.0
2025-10-22,7.1257,121.3075,3.97,,100.2,49.0
2025-10-23,7.1221,121.3633,4.01,,100.2,49.0
2025-10-24,7.1211,121.342,4.02,,100.2,49.0
2025-10-27,7.1102,121.2002,4.01,,100.2,49.0
2025-10-28,7.0988,121.0349,3.99,,100.2,49.0
2025-10-29,7.098,120.929,4.08,,100.2,49.0
2025-10-30,7.1097,121.665,4.11,,100.2,49.0
2025-10-31,7.1169,121.7715,4.11,,100.2,49.0
2025-11-03,7.1222,121.8422,4.13,,,
2025-11-04,7.1295,122.2066,4.1,,,
2025-11-05,7.126,122.2295,4.17,,,
2025-11-06,7.1195,122.0788,4.11,,,
2025-11-07,7.1219,121.7835,4.11,,,
2025-11-10,7.1193,121.6932,4.13,,,
2025-11-11,,,,,,
2025-11-12,7.112,121.4459,4.08,,,
2025-11-13,7.095,121.1756,4.11,,,
2025-11-14,7.0992,121.363,4.14,,,
2025-11-17,7.1075,121.5131,4.13,,,
2025-11-18,7.1074,121.6042,4.12,,,
2025-11-19,7.1106,121.8845,4.13,,,
2025-11-20,7.1098,122.0735,4.1,,,
2025-11-21,7.1066,122.235,4.06,,,
2025-11-24,7.102,122.2833,4.04,,,
2025-11-25,7.0845,122.0044,4.01,,,
2025-11-26,7.0758,121.6225,4.0,,,
2025-11-27,,,,,,
2025-11-28,7.0751,121.4288,4.02,,,
2025-12-01,7.0717,121.3615,4.09,,,
2025-12-02,7.07,121.5149,4.09,,,
2025-12-03,7.0636,121.1131,4.06,,,
2025-12-04,7.0714,121.0614,4.11,,,
2025-12-05,7.0696,121.0615,4.14,,,
2025-12-08,,,4.17,,,
2025-12-09,,,4.18,,,
2025-12-10,,,4.13,,,
2025-12-11,,,4.14,,,
