ts_code,symbol,name,area,industry,fullname,market,exchange,list_status,list_date
000001.SZ,000001,平安银行,深圳,银行,平安银行股份有限公司,主板,SZSE,L,1991-04-03
000002.SZ,000002,万科A,深圳,全国地产,万科企业股份有限公司,主板,SZSE,L,1991-01-29
000004.SZ,000004,国华网安,深圳,软件服务,深圳国华网安科技股份有限公司,主板,SZSE,L,1991-01-14
000006.SZ,000006,深振业A,深圳,区域地产,深圳市振业(集团)股份有限公司,主板,SZSE,L,1992-04-27
000007.SZ,000007,*ST全新,深圳,其他商业,深圳市全新好股份有限公司,主板,SZSE,L,1992-04-13
000008.SZ,000008,神州高铁,北京,运输设备,神州高铁技术股份有限公司,主板,SZSE,L,1992-05-07
000009.SZ,000009,中国宝安,深圳,电气设备,中国宝安集团股份有限公司,主板,SZSE,L,1991-06-25
000010.SZ,000010,美丽生态,深圳,建筑工程,深圳美丽生态股份有限公司,主板,SZSE,L,1995-10-27
000011.SZ,000011,深物业A,深圳,区域地产,深圳市物业发展(集团)股份有限公司,主板,SZSE,L,1992-03-30
000012.SZ,000012,南玻A,深圳,玻璃,中国南玻集团股份有限公司,主板,SZSE,L,1992-02-28
000014.SZ,000014,沙河股份,深圳,全国地产,沙河实业股份有限公司,主板,SZSE,L,1992-06-02
000016.SZ,000016,深康佳A,深圳,家用电器,康佳集团股份有限公司,主板,SZSE,L,1992-03-27
000017.SZ,000017,深中华A,深圳,服饰,深圳中华自行车(集团)股份有限公司,主板,SZSE,L,1992-03-31
000019.SZ,000019,深粮控股,深圳,农业综合,深圳市深粮控股股份有限公司,主板,SZSE,L,1992-10-12
000020.SZ,000020,深华发A,深圳,元器件,深圳中恒华发股份有限公司,主板,SZSE,L,1992-04-28
000021.SZ,000021,深科技,深圳,元器件,深圳长城开发科技股份有限公司,主板,SZSE,L,1994-02-02
000023.SZ,000023,*ST深天,深圳,水泥,深圳市天地(集团)股份有限公司,主板,SZSE,L,1993-04-29
000025.SZ,000025,特力A,深圳,汽车服务,深圳市特力(集团)股份有限公司,主板,SZSE,L,1993-06-21
000026.SZ,000026,飞亚达,深圳,服饰,飞亚达精密科技股份有限公司,主板,SZSE,L,1993-06-03
000027.SZ,000027,深圳能源,深圳,火力发电,深圳能源集团股份有限公司,主板,SZSE,L,1993-09-03
000028.SZ,000028,国药一致,深圳,医药商业,国药集团一致药业股份有限公司,主板,SZSE,L,1993-08-09
000029.SZ,000029,深深房A,深圳,区域地产,深圳经济特区房地产(集团)股份有限公司,主板,SZSE,L,1993-09-15
000030.SZ,000030,富奥股份,吉林,汽车配件,富奥汽车零部件股份有限公司,主板,SZSE,L,1993-09-29
000031.SZ,000031,大悦城,深圳,全国地产,大悦城控股集团股份有限公司,主板,SZSE,L,1993-10-08
000032.SZ,000032,深桑达A,深圳,建筑工程,深圳市桑达实业股份有限公司,主板,SZSE,L,1993-10-28
000034.SZ,000034,神州数码,深圳,软件服务,神州数码集团股份有限公司,主板,SZSE,L,1994-05-09
000035.SZ,000035,中国天楹,江苏,环境保护,中国天楹股份有限公司,主板,SZSE,L,1994-04-08
000036.SZ,000036,华联控股,深圳,全国地产,华联控股股份有限公司,主板,SZSE,L,1994-06-17
000037.SZ,000037,深南电A,深圳,火力发电,深圳南山热电股份有限公司,主板,SZSE,L,1994-07-01
000039.SZ,000039,中集集团,深圳,运输设备,中国国际海运集装箱(集团)股份有限公司,主板,SZSE,L,1994-04-08
000040.SZ,000040,东旭蓝天,深圳,新型电力,东旭蓝天新能源股份有限公司,主板,SZSE,L,1994-08-08
000042.SZ,000042,中洲控股,深圳,全国地产,深圳市中洲投资控股股份有限公司,主板,SZSE,L,1994-09-21
000045.SZ,000045,深纺织A,深圳,元器件,深圳市纺织(集团)股份有限公司,主板,SZSE,L,1994-08-15
000048.SZ,000048,京基智农,深圳,区域地产,深圳市京基智农时代股份有限公司,主板,SZSE,L,1994-11-01
000049.SZ,000049,德赛电池,深圳,电气设备,深圳市德赛电池科技股份有限公司,主板,SZSE,L,1995-03-20
000050.SZ,000050,深天马A,深圳,元器件,天马微电子股份有限公司,主板,SZSE,L,1995-03-15
000055.SZ,000055,方大集团,深圳,装修装饰,方大集团股份有限公司,主板,SZSE,L,1996-04-15
000056.SZ,000056,皇庭国际,深圳,房产服务,深圳市皇庭国际企业股份有限公司,主板,SZSE,L,1996-07-08
000058.SZ,000058,深赛格,深圳,商品城,深圳赛格股份有限公司,主板,SZSE,L,1996-12-26
000059.SZ,000059,华锦股份,辽宁,石油加工,北方华锦化学工业股份有限公司,主板,SZSE,L,1997-01-30
000060.SZ,000060,中金岭南,深圳,铅锌,深圳市中金岭南有色金属股份有限公司,主板,SZSE,L,1997-01-23
000061.SZ,000061,农产品,深圳,农业综合,深圳市农产品集团股份有限公司,主板,SZSE,L,1997-01-10
000062.SZ,000062,深圳华强,深圳,元器件,深圳华强实业股份有限公司,主板,SZSE,L,1997-01-30
000063.SZ,000063,中兴通讯,深圳,通信设备,中兴通讯股份有限公司,主板,SZSE,L,1997-11-18
000065.SZ,000065,北方国际,北京,建筑工程,北方国际合作股份有限公司,主板,SZSE,L,1998-06-05
000066.SZ,000066,中国长城,深圳,IT设备,中国长城科技集团股份有限公司,主板,SZSE,L,1997-06-26
000068.SZ,000068,华控赛格,深圳,环境保护,深圳华控赛格股份有限公司,主板,SZSE,L,1997-06-11
000069.SZ,000069,华侨城A,深圳,全国地产,深圳华侨城股份有限公司,主板,SZSE,L,1997-09-10
000070.SZ,000070,特发信息,深圳,通信设备,深圳市特发信息股份有限公司,主板,SZSE,L,2000-05-11
000078.SZ,000078,海王生物,深圳,医药商业,深圳市海王生物工程股份有限公司,主板,SZSE,L,1998-12-18
000088.SZ,000088,盐田港,深圳,港口,深圳市盐田港股份有限公司,主板,SZSE,L,1997-07-28
000089.SZ,000089,深圳机场,深圳,机场,深圳市机场股份有限公司,主板,SZSE,L,1998-04-20
000090.SZ,000090,天健集团,深圳,建筑工程,深圳市天健(集团)股份有限公司,主板,SZSE,L,1999-07-21
000096.SZ,000096,广聚能源,深圳,石油贸易,深圳市广聚能源股份有限公司,主板,SZSE,L,2000-07-24
000099.SZ,000099,中信海直,深圳,空运,中信海洋直升机股份有限公司,主板,SZSE,L,2000-07-31
000100.SZ,000100,TCL科技,广东,元器件,TCL科技集团股份有限公司,主板,SZSE,L,2004-01-30
000151.SZ,000151,中成股份,北京,商贸代理,中成进出口股份有限公司,主板,SZSE,L,2000-09-06
000153.SZ,000153,丰原药业,安徽,化学制药,安徽丰原药业股份有限公司,主板,SZSE,L,2000-09-20
000155.SZ,000155,川能动力,四川,新型电力,四川省新能源动力股份有限公司,主板,SZSE,L,2000-09-26
000156.SZ,000156,华数传媒,浙江,影视音像,华数传媒控股股份有限公司,主板,SZSE,L,2000-09-06
000157.SZ,000157,中联重科,湖南,工程机械,中联重科股份有限公司,主板,SZSE,L,2000-10-12
000158.SZ,000158,常山北明,河北,软件服务,石家庄常山北明科技股份有限公司,主板,SZSE,L,2000-07-24
000159.SZ,000159,国际实业,新疆,石油贸易,新疆国际实业股份有限公司,主板,SZSE,L,2000-09-26
000166.SZ,000166,申万宏源,新疆,证券,申万宏源集团股份有限公司,主板,SZSE,L,2015-01-26
000301.SZ,000301,东方盛虹,江苏,化纤,江苏东方盛虹股份有限公司,主板,SZSE,L,2000-05-29
000333.SZ,000333,美的集团,广东,家用电器,美的集团股份有限公司,主板,SZSE,L,2013-09-18
000338.SZ,000338,潍柴动力,山东,汽车配件,潍柴动力股份有限公司,主板,SZSE,L,2007-04-30
000400.SZ,000400,许继电气,河南,电气设备,许继电气股份有限公司,主板,SZSE,L,1997-04-18
000401.SZ,000401,冀东水泥,河北,水泥,唐山冀东水泥股份有限公司,主板,SZSE,L,1996-06-14
000402.SZ,000402,金融街,北京,全国地产,金融街控股股份有限公司,主板,SZSE,L,1996-06-26
000403.SZ,000403,派林生物,山西,生物制药,派斯双林生物制药股份有限公司,主板,SZSE,L,1996-06-28
000404.SZ,000404,长虹华意,江西,家用电器,长虹华意压缩机股份有限公司,主板,SZSE,L,1996-06-19
000407.SZ,000407,胜利股份,山东,供气供热,山东胜利股份有限公司,主板,SZSE,L,1996-07-03
000408.SZ,000408,藏格矿业,青海,农药化肥,藏格矿业股份有限公司,主板,SZSE,L,1996-06-28
000409.SZ,000409,云鼎科技,山东,软件服务,云鼎科技股份有限公司,主板,SZSE,L,1996-06-27
000410.SZ,000410,沈阳机床,辽宁,机床制造,沈阳机床股份有限公司,主板,SZSE,L,1996-07-18
000411.SZ,000411,英特集团,浙江,医药商业,浙江英特集团股份有限公司,主板,SZSE,L,1996-07-16
000413.SZ,000413,东旭光电,河北,元器件,东旭光电科技股份有限公司,主板,SZSE,L,1996-09-25
000415.SZ,000415,渤海租赁,新疆,多元金融,渤海租赁股份有限公司,主板,SZSE,L,1996-07-16
000416.SZ,000416,*ST民控,山东,多元金融,民生控股股份有限公司,主板,SZSE,L,1996-07-19
000417.SZ,000417,合肥百货,安徽,百货,合肥百货大楼集团股份有限公司,主板,SZSE,L,1996-08-12
000419.SZ,000419,通程控股,湖南,百货,长沙通程控股股份有限公司,主板,SZSE,L,1996-08-16
000420.SZ,000420,吉林化纤,吉林,化纤,吉林化纤股份有限公司,主板,SZSE,L,1996-08-02
000421.SZ,000421,南京公用,江苏,供气供热,南京公用发展股份有限公司,主板,SZSE,L,1996-08-06
000422.SZ,000422,湖北宜化,湖北,农药化肥,湖北宜化化工股份有限公司,主板,SZSE,L,1996-08-15
000423.SZ,000423,东阿阿胶,山东,中成药,东阿阿胶股份有限公司,主板,SZSE,L,1996-07-29
000425.SZ,000425,徐工机械,江苏,工程机械,徐工集团工程机械股份有限公司,主板,SZSE,L,1996-08-28
000426.SZ,000426,兴业银锡,内蒙,铅锌,内蒙古兴业银锡矿业股份有限公司,主板,SZSE,L,1996-08-28
000428.SZ,000428,华天酒店,湖南,酒店餐饮,华天酒店集团股份有限公司,主板,SZSE,L,1996-08-08
000429.SZ,000429,粤高速A,广东,路桥,广东省高速公路发展股份有限公司,主板,SZSE,L,1998-02-20
000430.SZ,000430,张家界,湖南,旅游景点,张家界旅游集团股份有限公司,主板,SZSE,L,1996-08-29
000488.SZ,000488,晨鸣纸业,山东,造纸,山东晨鸣纸业集团股份有限公司,主板,SZSE,L,2000-11-20
000498.SZ,000498,山东路桥,山东,建筑工程,山东高速路桥集团股份有限公司,主板,SZSE,L,1997-06-09
000501.SZ,000501,武商集团,湖北,百货,武商集团股份有限公司,主板,SZSE,L,1992-11-20
000503.SZ,000503,国新健康,山东,软件服务,国新健康保障服务集团股份有限公司,主板,SZSE,L,1992-11-30
000504.SZ,000504,南华生物,湖南,医疗保健,南华生物医药股份有限公司,主板,SZSE,L,1992-12-08
000505.SZ,000505,京粮控股,海南,食品,海南京粮控股股份有限公司,主板,SZSE,L,1992-12-21
000506.SZ,000506,*ST中润,山东,黄金,中润资源投资股份有限公司,主板,SZSE,L,1993-03-12
000507.SZ,000507,珠海港,广东,港口,珠海港股份有限公司,主板,SZSE,L,1993-03-26
000509.SZ,000509,华塑控股,四川,元器件,华塑控股股份有限公司,主板,SZSE,L,1993-05-07
000510.SZ,000510,新金路,四川,化工原料,四川新金路集团股份有限公司,主板,SZSE,L,1993-05-07
000513.SZ,000513,丽珠集团,广东,化学制药,丽珠医药集团股份有限公司,主板,SZSE,L,1993-10-28
000514.SZ,000514,渝开发,重庆,区域地产,重庆渝开发股份有限公司,主板,SZSE,L,1993-07-12
000516.SZ,000516,国际医学,陕西,医疗保健,西安国际医学投资股份有限公司,主板,SZSE,L,1993-08-09
000517.SZ,000517,荣安地产,浙江,区域地产,荣安地产股份有限公司,主板,SZSE,L,1993-08-06
000518.SZ,000518,四环生物,江苏,生物制药,江苏四环生物股份有限公司,主板,SZSE,L,1993-09-08
000519.SZ,000519,中兵红箭,湖南,专用机械,中兵红箭股份有限公司,主板,SZSE,L,1993-10-08
000520.SZ,000520,凤凰航运,湖北,水运,凤凰航运(武汉)股份有限公司,主板,SZSE,L,1993-10-25
000521.SZ,000521,长虹美菱,安徽,家用电器,长虹美菱股份有限公司,主板,SZSE,L,1993-10-18
000523.SZ,000523,红棉股份,广东,日用化工,广州市红棉智汇科创股份有限公司,主板,SZSE,L,1993-11-08
000524.SZ,000524,岭南控股,广东,旅游服务,广州岭南集团控股股份有限公司,主板,SZSE,L,1993-11-18
000525.SZ,000525,ST红太阳,江苏,农药化肥,南京红太阳股份有限公司,主板,SZSE,L,1993-10-28
000526.SZ,000526,学大教育,福建,文教休闲,学大(厦门)教育科技集团股份有限公司,主板,SZSE,L,1993-11-01
000528.SZ,000528,柳工,广西,工程机械,广西柳工机械股份有限公司,主板,SZSE,L,1993-11-18
000529.SZ,000529,广弘控股,广东,食品,广东广弘控股股份有限公司,主板,SZSE,L,1993-11-18
000530.SZ,000530,冰山冷热,辽宁,机械基件,冰山冷热科技股份有限公司,主板,SZSE,L,1993-12-08
000531.SZ,000531,穗恒运A,广东,火力发电,广州恒运企业集团股份有限公司,主板,SZSE,L,1994-01-06
000532.SZ,000532,华金资本,广东,多元金融,珠海华金资本股份有限公司,主板,SZSE,L,1994-01-03
000533.SZ,000533,顺钠股份,广东,电气设备,广东顺钠电气股份有限公司,主板,SZSE,L,1994-01-03
000534.SZ,000534,万泽股份,广东,生物制药,万泽实业股份有限公司,主板,SZSE,L,1994-01-10
000536.SZ,000536,华映科技,福建,元器件,华映科技(集团)股份有限公司,主板,SZSE,L,1993-11-26
000537.SZ,000537,中绿电,天津,新型电力,天津中绿电投资股份有限公司,主板,SZSE,L,1993-12-10
000538.SZ,000538,云南白药,云南,中成药,云南白药集团股份有限公司,主板,SZSE,L,1993-12-15
000539.SZ,000539,粤电力A,广东,火力发电,广东电力发展股份有限公司,主板,SZSE,L,1993-11-26
000541.SZ,000541,佛山照明,广东,家用电器,佛山电器照明股份有限公司,主板,SZSE,L,1993-11-23
000543.SZ,000543,皖能电力,安徽,火力发电,安徽省皖能股份有限公司,主板,SZSE,L,1993-12-20
000544.SZ,000544,中原环保,河南,环境保护,中原环保股份有限公司,主板,SZSE,L,1993-12-08
000545.SZ,000545,金浦钛业,吉林,化工原料,金浦钛业股份有限公司,主板,SZSE,L,1993-12-15
000546.SZ,000546,金圆股份,吉林,环境保护,金圆环保股份有限公司,主板,SZSE,L,1993-12-15
000547.SZ,000547,航天发展,福建,通信设备,航天工业发展股份有限公司,主板,SZSE,L,1993-11-30
000548.SZ,000548,湖南投资,湖南,路桥,湖南投资集团股份有限公司,主板,SZSE,L,1993-12-20
000550.SZ,000550,江铃汽车,江西,汽车整车,江铃汽车股份有限公司,主板,SZSE,L,1993-12-01
000551.SZ,000551,创元科技,江苏,专用机械,创元科技股份有限公司,主板,SZSE,L,1994-01-06
000552.SZ,000552,甘肃能化,甘肃,煤炭开采,甘肃能化股份有限公司,主板,SZSE,L,1994-01-06
000553.SZ,000553,安道麦A,湖北,农药化肥,安道麦股份有限公司,主板,SZSE,L,1993-12-03
000554.SZ,000554,泰山石油,山东,石油贸易,中国石化山东泰山石油股份有限公司,主板,SZSE,L,1993-12-15
000555.SZ,000555,神州信息,深圳,软件服务,神州数码信息服务集团股份有限公司,主板,SZSE,L,1994-04-08
000557.SZ,000557,西部创业,宁夏,铁路,宁夏西部创业实业股份有限公司,主板,SZSE,L,1994-06-17
000558.SZ,000558,莱茵体育,四川,文教休闲,莱茵达体育发展股份有限公司,主板,SZSE,L,1994-05-09
000559.SZ,000559,万向钱潮,浙江,汽车配件,万向钱潮股份公司,主板,SZSE,L,1994-01-10
000560.SZ,000560,我爱我家,云南,房产服务,我爱我家控股集团股份有限公司,主板,SZSE,L,1994-02-02
000561.SZ,000561,烽火电子,陕西,通信设备,陕西烽火电子股份有限公司,主板,SZSE,L,1994-05-09
000563.SZ,000563,陕国投A,陕西,多元金融,陕西省国际信托股份有限公司,主板,SZSE,L,1994-01-10
000564.SZ,000564,ST大集,陕西,百货,供销大集集团股份有限公司,主板,SZSE,L,1994-01-10
000565.SZ,000565,渝三峡A,重庆,染料涂料,重庆三峡油漆股份有限公司,主板,SZSE,L,1994-04-08
000566.SZ,000566,海南海药,海南,化学制药,海南海药股份有限公司,主板,SZSE,L,1994-05-25
000567.SZ,000567,海德股份,海南,多元金融,海南海德资本管理股份有限公司,主板,SZSE,L,1994-05-25
000568.SZ,000568,泸州老窖,四川,白酒,泸州老窖股份有限公司,主板,SZSE,L,1994-05-09
000570.SZ,000570,苏常柴A,江苏,农用机械,常柴股份有限公司,主板,SZSE,L,1994-07-01
000571.SZ,000571,新大洲A,海南,煤炭开采,新大洲控股股份有限公司,主板,SZSE,L,1994-05-25
000572.SZ,000572,海马汽车,海南,汽车整车,海马汽车股份有限公司,主板,SZSE,L,1994-08-08
000573.SZ,000573,粤宏远A,广东,电气设备,东莞宏远工业区股份有限公司,主板,SZSE,L,1994-08-15
000576.SZ,000576,甘化科工,广东,食品,广东甘化科工股份有限公司,主板,SZSE,L,1994-09-07
000581.SZ,000581,威孚高科,江苏,汽车配件,无锡威孚高科技集团股份有限公司,主板,SZSE,L,1998-09-24
000582.SZ,000582,北部湾港,广西,港口,北部湾港股份有限公司,主板,SZSE,L,1995-11-02
000584.SZ,000584,*ST工智,江苏,专用机械,江苏哈工智能机器人股份有限公司,主板,SZSE,L,1995-11-28
000586.SZ,000586,汇源通信,四川,通信设备,四川汇源光通信股份有限公司,主板,SZSE,L,1995-12-20
000589.SZ,000589,贵州轮胎,贵州,汽车配件,贵州轮胎股份有限公司,主板,SZSE,L,1996-03-08
000590.SZ,000590,启迪药业,湖南,中成药,启迪药业集团股份公司,主板,SZSE,L,1996-01-19
000591.SZ,000591,太阳能,重庆,新型电力,中节能太阳能股份有限公司,主板,SZSE,L,1996-02-08
000592.SZ,000592,平潭发展,福建,林业,中福海峡(平潭)发展股份有限公司,主板,SZSE,L,1996-03-27
000593.SZ,000593,德龙汇能,四川,供气供热,德龙汇能集团股份有限公司,主板,SZSE,L,1996-03-12
000595.SZ,000595,宝塔实业,宁夏,机械基件,宝塔实业股份有限公司,主板,SZSE,L,1996-04-19
000596.SZ,000596,古井贡酒,安徽,白酒,安徽古井贡酒股份有限公司,主板,SZSE,L,1996-09-27
000597.SZ,000597,东北制药,辽宁,化学制药,东北制药集团股份有限公司,主板,SZSE,L,1996-05-23
000598.SZ,000598,兴蓉环境,四川,水务,成都市兴蓉环境股份有限公司,主板,SZSE,L,1996-05-29
000599.SZ,000599,青岛双星,山东,汽车配件,青岛双星股份有限公司,主板,SZSE,L,1996-04-30
000600.SZ,000600,建投能源,河北,火力发电,河北建投能源投资股份有限公司,主板,SZSE,L,1996-06-06
000601.SZ,000601,韶能股份,广东,水力发电,广东韶能集团股份有限公司,主板,SZSE,L,1996-08-30
000603.SZ,000603,盛达资源,北京,铅锌,盛达金属资源股份有限公司,主板,SZSE,L,1996-08-23
000605.SZ,000605,渤海股份,北京,供气供热,渤海水业股份有限公司,主板,SZSE,L,1996-09-13
000607.SZ,000607,华媒控股,浙江,广告包装,浙江华媒控股股份有限公司,主板,SZSE,L,1996-08-30
000608.SZ,000608,阳光股份,广西,区域地产,阳光新业地产股份有限公司,主板,SZSE,L,1996-09-19
000609.SZ,000609,*ST中迪,北京,区域地产,北京中迪投资股份有限公司,主板,SZSE,L,1996-10-10
000610.SZ,000610,西安旅游,陕西,旅游服务,西安旅游股份有限公司,主板,SZSE,L,1996-09-26
000612.SZ,000612,焦作万方,河南,铝,焦作万方铝业股份有限公司,主板,SZSE,L,1996-09-26
000615.SZ,000615,*ST美谷,湖北,医疗保健,奥园美谷科技股份有限公司,主板,SZSE,L,1996-10-16
000617.SZ,000617,中油资本,新疆,多元金融,中国石油集团资本股份有限公司,主板,SZSE,L,1996-10-22
000619.SZ,000619,海螺新材,安徽,其他建材,海螺(安徽)节能环保新材料股份有限公司,主板,SZSE,L,1996-10-23
000620.SZ,000620,*ST新联,北京,全国地产,新华联文化旅游发展股份有限公司,主板,SZSE,L,1996-10-29
000622.SZ,000622,*ST恒立,湖南,批发业,恒立实业发展集团股份有限公司,主板,SZSE,L,1996-11-07
000623.SZ,000623,吉林敖东,吉林,中成药,吉林敖东药业集团股份有限公司,主板,SZSE,L,1996-10-28
000625.SZ,000625,长安汽车,重庆,汽车整车,重庆长安汽车股份有限公司,主板,SZSE,L,1997-06-10
000626.SZ,000626,远大控股,江苏,商贸代理,远大产业控股股份有限公司,主板,SZSE,L,1996-11-28
000627.SZ,000627,天茂集团,湖北,保险,天茂实业集团股份有限公司,主板,SZSE,L,1996-11-12
000628.SZ,000628,高新发展,四川,建筑工程,成都高新发展股份有限公司,主板,SZSE,L,1996-11-18
000629.SZ,000629,钒钛股份,四川,小金属,攀钢集团钒钛资源股份有限公司,主板,SZSE,L,1996-11-15
000630.SZ,000630,铜陵有色,安徽,铜,铜陵有色金属集团股份有限公司,主板,SZSE,L,1996-11-20
000631.SZ,000631,顺发恒业,浙江,综合类,顺发恒业股份公司,主板,SZSE,L,1996-11-22
000632.SZ,000632,三木集团,福建,综合类,福建三木集团股份有限公司,主板,SZSE,L,1996-11-21
000633.SZ,000633,合金投资,新疆,小金属,新疆合金投资股份有限公司,主板,SZSE,L,1996-11-12
000635.SZ,000635,英力特,宁夏,化工原料,宁夏英力特化工股份有限公司,主板,SZSE,L,1996-11-20
000636.SZ,000636,风华高科,广东,元器件,广东风华高新科技股份有限公司,主板,SZSE,L,1996-11-29
000637.SZ,000637,ST实华,广东,石油加工,茂名石化实华股份有限公司,主板,SZSE,L,1996-11-14
000638.SZ,000638,万方发展,吉林,农业综合,万方城镇投资发展股份有限公司,主板,SZSE,L,1996-11-26
000639.SZ,000639,西王食品,山东,食品,西王食品股份有限公司,主板,SZSE,L,1996-11-26
000650.SZ,000650,仁和药业,江西,中成药,仁和药业股份有限公司,主板,SZSE,L,1996-12-10
000651.SZ,000651,格力电器,广东,家用电器,珠海格力电器股份有限公司,主板,SZSE,L,1996-11-18
000652.SZ,000652,泰达股份,天津,批发业,天津泰达股份有限公司,主板,SZSE,L,1996-11-28
000655.SZ,000655,金岭矿业,山东,普钢,山东金岭矿业股份有限公司,主板,SZSE,L,1996-11-28
000656.SZ,000656,*ST金科,重庆,全国地产,金科地产集团股份有限公司,主板,SZSE,L,1996-11-28
000657.SZ,000657,中钨高新,海南,小金属,中钨高新材料股份有限公司,主板,SZSE,L,1996-12-05
000659.SZ,000659,珠海中富,广东,广告包装,珠海中富实业股份有限公司,主板,SZSE,L,1996-12-03
000661.SZ,000661,长春高新,吉林,生物制药,长春高新技术产业(集团)股份有限公司,主板,SZSE,L,1996-12-18
000663.SZ,000663,永安林业,福建,林业,福建省永安林业(集团)股份有限公司,主板,SZSE,L,1996-12-06
000665.SZ,000665,湖北广电,湖北,影视音像,湖北省广播电视信息网络股份有限公司,主板,SZSE,L,1996-12-10
000668.SZ,000668,荣丰控股,山东,医药商业,荣丰控股集团股份有限公司,主板,SZSE,L,1996-12-10
000669.SZ,000669,ST金鸿,吉林,供气供热,金鸿控股集团股份有限公司,主板,SZSE,L,1996-12-10
000670.SZ,000670,盈方微,湖北,元器件,盈方微电子股份有限公司,主板,SZSE,L,1996-12-17
000672.SZ,000672,上峰水泥,甘肃,水泥,甘肃上峰水泥股份有限公司,主板,SZSE,L,1996-12-18
000676.SZ,000676,智度股份,广东,互联网,智度科技股份有限公司,主板,SZSE,L,1996-12-24
000677.SZ,000677,恒天海龙,山东,化纤,恒天海龙股份有限公司,主板,SZSE,L,1996-12-26
000678.SZ,000678,襄阳轴承,湖北,汽车配件,襄阳汽车轴承股份有限公司,主板,SZSE,L,1997-01-06
000679.SZ,000679,大连友谊,辽宁,百货,大连友谊(集团)股份有限公司,主板,SZSE,L,1997-01-24
000680.SZ,000680,山推股份,山东,工程机械,山推工程机械股份有限公司,主板,SZSE,L,1997-01-22
000681.SZ,000681,视觉中国,江苏,互联网,视觉(中国)文化发展股份有限公司,主板,SZSE,L,1997-01-21
000682.SZ,000682,东方电子,山东,电气设备,东方电子股份有限公司,主板,SZSE,L,1997-01-21
000683.SZ,000683,远兴能源,内蒙,化工原料,内蒙古远兴能源股份有限公司,主板,SZSE,L,1997-01-31
000685.SZ,000685,中山公用,广东,水务,中山公用事业集团股份有限公司,主板,SZSE,L,1997-01-23
000686.SZ,000686,东北证券,吉林,证券,东北证券股份有限公司,主板,SZSE,L,1997-02-27
000688.SZ,000688,国城矿业,四川,铅锌,国城矿业股份有限公司,主板,SZSE,L,1997-01-20
000690.SZ,000690,宝新能源,广东,火力发电,广东宝丽华新能源股份有限公司,主板,SZSE,L,1997-01-28
000691.SZ,000691,亚太实业,甘肃,化工原料,甘肃亚太实业发展股份有限公司,主板,SZSE,L,1997-02-28
000692.SZ,000692,*ST惠天,辽宁,供气供热,沈阳惠天热电股份有限公司,主板,SZSE,L,1997-02-27
000695.SZ,000695,滨海能源,天津,广告包装,天津滨海能源发展股份有限公司,主板,SZSE,L,1997-02-18
000697.SZ,000697,*ST炼石,陕西,航空,炼石航空科技股份有限公司,主板,SZSE,L,1997-03-25
000698.SZ,000698,沈阳化工,辽宁,石油加工,沈阳化工股份有限公司,主板,SZSE,L,1997-02-20
000700.SZ,000700,模塑科技,江苏,汽车配件,江南模塑科技股份有限公司,主板,SZSE,L,1997-02-28
000701.SZ,000701,厦门信达,福建,商贸代理,厦门信达股份有限公司,主板,SZSE,L,1997-02-26
000702.SZ,000702,正虹科技,湖南,饲料,湖南正虹科技发展股份有限公司,主板,SZSE,L,1997-03-18
000703.SZ,000703,恒逸石化,广西,化纤,恒逸石化股份有限公司,主板,SZSE,L,1997-03-28
000705.SZ,000705,浙江震元,浙江,医药商业,浙江震元股份有限公司,主板,SZSE,L,1997-04-10
000707.SZ,000707,双环科技,湖北,化工原料,湖北双环科技股份有限公司,主板,SZSE,L,1997-04-15
000708.SZ,000708,中信特钢,湖北,特种钢,中信泰富特钢集团股份有限公司,主板,SZSE,L,1997-03-26
000709.SZ,000709,河钢股份,河北,普钢,河钢股份有限公司,主板,SZSE,L,1997-04-16
000710.SZ,000710,贝瑞基因,四川,医疗保健,成都市贝瑞和康基因技术股份有限公司,主板,SZSE,L,1997-04-22
000711.SZ,000711,*ST京蓝,黑龙江,环境保护,京蓝科技股份有限公司,主板,SZSE,L,1997-04-11
000712.SZ,000712,锦龙股份,广东,证券,广东锦龙发展股份有限公司,主板,SZSE,L,1997-04-15
000713.SZ,000713,丰乐种业,安徽,种植业,合肥丰乐种业股份有限公司,主板,SZSE,L,1997-04-22
000715.SZ,000715,中兴商业,辽宁,百货,中兴-沈阳商业大厦(集团)股份有限公司,主板,SZSE,L,1997-05-08
000716.SZ,000716,黑芝麻,广西,食品,南方黑芝麻集团股份有限公司,主板,SZSE,L,1997-04-18
000717.SZ,000717,中南股份,广东,普钢,广东中南钢铁股份有限公司,主板,SZSE,L,1997-05-08
000718.SZ,000718,苏宁环球,吉林,区域地产,苏宁环球股份有限公司,主板,SZSE,L,1997-04-08
000719.SZ,000719,中原传媒,河南,出版业,中原大地传媒股份有限公司,主板,SZSE,L,1997-03-31
000720.SZ,000720,新能泰山,山东,电气设备,山东新能泰山发电股份有限公司,主板,SZSE,L,1997-05-09
000721.SZ,000721,西安饮食,陕西,酒店餐饮,西安饮食股份有限公司,主板,SZSE,L,1997-04-30
000722.SZ,000722,湖南发展,湖南,其他建材,湖南发展集团股份有限公司,主板,SZSE,L,1997-05-22
000723.SZ,000723,美锦能源,山西,焦炭加工,山西美锦能源股份有限公司,主板,SZSE,L,1997-05-15
000725.SZ,000725,京东方A,北京,元器件,京东方科技集团股份有限公司,主板,SZSE,L,2001-01-12
000726.SZ,000726,鲁泰A,山东,纺织,鲁泰纺织股份有限公司,主板,SZSE,L,2000-12-25
000727.SZ,000727,冠捷科技,江苏,元器件,冠捷电子科技股份有限公司,主板,SZSE,L,1997-05-20
000728.SZ,000728,国元证券,安徽,证券,国元证券股份有限公司,主板,SZSE,L,1997-06-16
000729.SZ,000729,燕京啤酒,北京,啤酒,北京燕京啤酒股份有限公司,主板,SZSE,L,1997-07-16
000731.SZ,000731,四川美丰,四川,农药化肥,四川美丰化工股份有限公司,主板,SZSE,L,1997-06-17
000733.SZ,000733,振华科技,贵州,元器件,中国振华(集团)科技股份有限公司,主板,SZSE,L,1997-07-03
000735.SZ,000735,罗牛山,海南,农业综合,罗牛山股份有限公司,主板,SZSE,L,1997-06-11
000736.SZ,000736,中交地产,重庆,全国地产,中交地产股份有限公司,主板,SZSE,L,1997-04-25
000737.SZ,000737,北方铜业,山西,铜,北方铜业股份有限公司,主板,SZSE,L,1997-04-28
000738.SZ,000738,航发控制,江苏,航空,中国航发动力控制股份有限公司,主板,SZSE,L,1997-06-26
000739.SZ,000739,普洛药业,浙江,化学制药,普洛药业股份有限公司,主板,SZSE,L,1997-05-09
000750.SZ,000750,国海证券,广西,证券,国海证券股份有限公司,主板,SZSE,L,1997-07-09
000751.SZ,000751,锌业股份,辽宁,铅锌,葫芦岛锌业股份有限公司,主板,SZSE,L,1997-06-26
000752.SZ,000752,*ST西发,西藏,啤酒,西藏发展股份有限公司,主板,SZSE,L,1997-06-25
000753.SZ,000753,漳州发展,福建,汽车服务,福建漳州发展股份有限公司,主板,SZSE,L,1997-06-26
000755.SZ,000755,山西高速,山西,路桥,山西高速集团股份有限公司,主板,SZSE,L,1997-06-27
000756.SZ,000756,新华制药,山东,化学制药,山东新华制药股份有限公司,主板,SZSE,L,1997-08-06
000757.SZ,000757,浩物股份,四川,汽车服务,四川浩物机电股份有限公司,主板,SZSE,L,1997-06-27
000758.SZ,000758,中色股份,北京,铅锌,中国有色金属建设股份有限公司,主板,SZSE,L,1997-04-16
000759.SZ,000759,中百集团,湖北,超市连锁,中百控股集团股份有限公司,主板,SZSE,L,1997-05-19
000761.SZ,000761,本钢板材,辽宁,普钢,本钢板材股份有限公司,主板,SZSE,L,1998-01-15
000762.SZ,000762,西藏矿业,西藏,小金属,西藏矿业发展股份有限公司,主板,SZSE,L,1997-07-08
000766.SZ,000766,通化金马,吉林,化学制药,通化金马药业集团股份有限公司,主板,SZSE,L,1997-04-30
000767.SZ,000767,晋控电力,山西,火力发电,晋能控股山西电力股份有限公司,主板,SZSE,L,1997-06-09
000768.SZ,000768,中航西飞,陕西,航空,中航西安飞机工业集团股份有限公司,主板,SZSE,L,1997-06-26
000776.SZ,000776,广发证券,广东,证券,广发证券股份有限公司,主板,SZSE,L,1997-06-11
000777.SZ,000777,中核科技,江苏,机械基件,中核苏阀科技实业股份有限公司,主板,SZSE,L,1997-07-10
000778.SZ,000778,新兴铸管,河北,钢加工,新兴铸管股份有限公司,主板,SZSE,L,1997-06-06
000779.SZ,000779,甘咨询,甘肃,建筑工程,甘肃工程咨询集团股份有限公司,主板,SZSE,L,1997-05-28
000782.SZ,000782,美达股份,广东,化纤,广东新会美达锦纶股份有限公司,主板,SZSE,L,1997-06-19
000783.SZ,000783,长江证券,湖北,证券,长江证券股份有限公司,主板,SZSE,L,1997-07-31
000785.SZ,000785,居然之家,湖北,百货,居然之家新零售集团股份有限公司,主板,SZSE,L,1997-07-11
000786.SZ,000786,北新建材,北京,其他建材,北新集团建材股份有限公司,主板,SZSE,L,1997-06-06
000788.SZ,000788,北大医药,重庆,化学制药,北大医药股份有限公司,主板,SZSE,L,1997-06-16
000789.SZ,000789,万年青,江西,水泥,江西万年青水泥股份有限公司,主板,SZSE,L,1997-09-23
000790.SZ,000790,华神科技,四川,中成药,成都华神科技集团股份有限公司,主板,SZSE,L,1998-03-27
000791.SZ,000791,甘肃能源,甘肃,水力发电,甘肃电投能源发展股份有限公司,主板,SZSE,L,1997-10-14
000792.SZ,000792,盐湖股份,青海,农药化肥,青海盐湖工业股份有限公司,主板,SZSE,L,1997-09-04
000793.SZ,000793,华闻集团,海南,出版业,华闻传媒投资集团股份有限公司,主板,SZSE,L,1997-07-29
000795.SZ,000795,英洛华,浙江,矿物制品,英洛华科技股份有限公司,主板,SZSE,L,1997-08-08
000796.SZ,000796,*ST凯撒,海南,旅游服务,凯撒同盛发展股份有限公司,主板,SZSE,L,1997-07-03
000797.SZ,000797,中国武夷,福建,全国地产,中国武夷实业股份有限公司,主板,SZSE,L,1997-07-15
000798.SZ,000798,中水渔业,北京,渔业,中水集团远洋股份有限公司,主板,SZSE,L,1998-02-12
000799.SZ,000799,酒鬼酒,湖南,白酒,酒鬼酒股份有限公司,主板,SZSE,L,1997-07-18
000800.SZ,000800,一汽解放,吉林,汽车整车,一汽解放集团股份有限公司,主板,SZSE,L,1997-06-18
000801.SZ,000801,四川九洲,四川,家用电器,四川九洲电器股份有限公司,主板,SZSE,L,1998-05-06
000802.SZ,000802,北京文化,北京,影视音像,北京京西文化旅游股份有限公司,主板,SZSE,L,1998-01-08
000803.SZ,000803,山高环能,四川,环境保护,山高环能集团股份有限公司,主板,SZSE,L,1998-03-03
000807.SZ,000807,云铝股份,云南,铝,云南铝业股份有限公司,主板,SZSE,L,1998-04-08
000809.SZ,000809,*ST新城,辽宁,区域地产,铁岭新城投资控股(集团)股份有限公司,主板,SZSE,L,1998-06-16
000810.SZ,000810,创维数字,四川,家用电器,创维数字股份有限公司,主板,SZSE,L,1998-06-02
000811.SZ,000811,冰轮环境,山东,工程机械,冰轮环境技术股份有限公司,主板,SZSE,L,1998-05-28
000812.SZ,000812,陕西金叶,陕西,广告包装,陕西金叶科教集团股份有限公司,主板,SZSE,L,1998-06-23
000813.SZ,000813,德展健康,新疆,化学制药,德展大健康股份有限公司,主板,SZSE,L,1998-05-19
000815.SZ,000815,美利云,宁夏,造纸,中冶美利云产业投资股份有限公司,主板,SZSE,L,1998-06-09
000816.SZ,000816,智慧农业,江苏,农用机械,江苏农华智慧农业科技股份有限公司,主板,SZSE,L,1997-08-18
000818.SZ,000818,航锦科技,辽宁,化工原料,航锦科技股份有限公司,主板,SZSE,L,1997-10-17
000819.SZ,000819,岳阳兴长,湖南,石油加工,岳阳兴长石化股份有限公司,主板,SZSE,L,1997-06-25
000820.SZ,000820,神雾节能,江西,环境保护,神雾节能股份有限公司,主板,SZSE,L,1998-06-30
000821.SZ,000821,京山轻机,湖北,电气设备,湖北京山轻工机械股份有限公司,主板,SZSE,L,1998-06-26
000822.SZ,000822,山东海化,山东,化工原料,山东海化股份有限公司,主板,SZSE,L,1998-07-03
000823.SZ,000823,超声电子,广东,元器件,广东汕头超声电子股份有限公司,主板,SZSE,L,1997-10-08
000825.SZ,000825,太钢不锈,山西,特种钢,山西太钢不锈钢股份有限公司,主板,SZSE,L,1998-10-21
000826.SZ,000826,启迪环境,湖北,环境保护,启迪环境科技发展股份有限公司,主板,SZSE,L,1998-02-25
000828.SZ,000828,东莞控股,广东,路桥,东莞发展控股股份有限公司,主板,SZSE,L,1997-06-17
000829.SZ,000829,天音控股,江西,其他商业,天音通信控股股份有限公司,主板,SZSE,L,1997-12-02
000830.SZ,000830,鲁西化工,山东,农药化肥,鲁西化工集团股份有限公司,主板,SZSE,L,1998-08-07
000831.SZ,000831,中国稀土,江西,小金属,中国稀土集团资源科技股份有限公司,主板,SZSE,L,1998-09-11
000833.SZ,000833,粤桂股份,广西,综合类,广西粤桂广业控股股份有限公司,主板,SZSE,L,1998-11-11
000836.SZ,000836,ST富通,天津,通信设备,天津富通信息科技股份有限公司,主板,SZSE,L,1997-09-29
000837.SZ,000837,秦川机床,陕西,机床制造,秦川机床工具集团股份公司,主板,SZSE,L,1998-09-28
000838.SZ,000838,财信发展,重庆,区域地产,财信地产发展集团股份有限公司,主板,SZSE,L,1997-06-26
000839.SZ,000839,ST国安,北京,综合类,中信国安信息产业股份有限公司,主板,SZSE,L,1997-10-31
000848.SZ,000848,承德露露,河北,软饮料,承德露露股份公司,主板,SZSE,L,1997-11-13
000850.SZ,000850,华茂股份,安徽,纺织,安徽华茂纺织股份有限公司,主板,SZSE,L,1998-10-07
000851.SZ,000851,ST高鸿,贵州,通信设备,大唐高鸿网络股份有限公司,主板,SZSE,L,1998-06-09
000852.SZ,000852,石化机械,湖北,化工机械,中石化石油机械股份有限公司,主板,SZSE,L,1998-11-26
000856.SZ,000856,冀东装备,河北,专用机械,唐山冀东装备工程股份有限公司,主板,SZSE,L,1998-08-13
000858.SZ,000858,五粮液,四川,白酒,宜宾五粮液股份有限公司,主板,SZSE,L,1998-04-27
000859.SZ,000859,国风新材,安徽,塑料,安徽国风新材料股份有限公司,主板,SZSE,L,1998-11-19
000860.SZ,000860,顺鑫农业,北京,白酒,北京顺鑫农业股份有限公司,主板,SZSE,L,1998-11-04
000861.SZ,000861,海印股份,广东,其他商业,广东海印集团股份有限公司,主板,SZSE,L,1998-10-28
000862.SZ,000862,银星能源,宁夏,新型电力,宁夏银星能源股份有限公司,主板,SZSE,L,1998-09-15
000863.SZ,000863,三湘印象,上海,区域地产,三湘印象股份有限公司,主板,SZSE,L,1997-09-25
000868.SZ,000868,安凯客车,安徽,汽车整车,安徽安凯汽车股份有限公司,主板,SZSE,L,1997-07-25
000869.SZ,000869,张裕A,山东,红黄酒,烟台张裕葡萄酿酒股份有限公司,主板,SZSE,L,2000-10-26
000875.SZ,000875,吉电股份,吉林,火力发电,吉林电力股份有限公司,主板,SZSE,L,2002-09-26
000876.SZ,000876,新希望,四川,饲料,新希望六和股份有限公司,主板,SZSE,L,1998-03-11
000877.SZ,000877,天山股份,新疆,水泥,天山材料股份有限公司,主板,SZSE,L,1999-01-07
000878.SZ,000878,云南铜业,云南,铜,云南铜业股份有限公司,主板,SZSE,L,1998-06-02
000880.SZ,000880,潍柴重机,山东,专用机械,潍柴重机股份有限公司,主板,SZSE,L,1998-04-02
000881.SZ,000881,中广核技,辽宁,综合类,中广核核技术发展股份有限公司,主板,SZSE,L,1998-09-02
000882.SZ,000882,华联股份,北京,其他商业,北京华联商厦股份有限公司,主板,SZSE,L,1998-06-16
000883.SZ,000883,湖北能源,湖北,火力发电,湖北能源集团股份有限公司,主板,SZSE,L,1998-05-19
000885.SZ,000885,城发环境,河南,环境保护,城发环境股份有限公司,主板,SZSE,L,1999-03-19
000886.SZ,000886,海南高速,海南,区域地产,海南高速公路股份有限公司,主板,SZSE,L,1998-01-23
000887.SZ,000887,中鼎股份,安徽,汽车配件,安徽中鼎密封件股份有限公司,主板,SZSE,L,1998-12-03
000888.SZ,000888,峨眉山A,四川,旅游景点,峨眉山旅游股份有限公司,主板,SZSE,L,1997-10-21
000889.SZ,000889,ST中嘉,河北,通信设备,中嘉博创信息技术股份有限公司,主板,SZSE,L,1997-12-18
000890.SZ,000890,法尔胜,江苏,环境保护,江苏法尔胜股份有限公司,主板,SZSE,L,1999-01-19
000892.SZ,000892,欢瑞世纪,重庆,影视音像,欢瑞世纪联合股份有限公司,主板,SZSE,L,1999-01-15
000893.SZ,000893,亚钾国际,广东,农药化肥,亚钾国际投资(广州)股份有限公司,主板,SZSE,L,1998-12-24
000895.SZ,000895,双汇发展,河南,食品,河南双汇投资发展股份有限公司,主板,SZSE,L,1998-12-10
000897.SZ,000897,津滨发展,天津,区域地产,天津津滨发展股份有限公司,主板,SZSE,L,1999-04-22
000898.SZ,000898,鞍钢股份,辽宁,普钢,鞍钢股份有限公司,主板,SZSE,L,1997-12-25
000899.SZ,000899,赣能股份,江西,火力发电,江西赣能股份有限公司,主板,SZSE,L,1997-11-26
000900.SZ,000900,现代投资,湖南,路桥,现代投资股份有限公司,主板,SZSE,L,1999-01-28
000901.SZ,000901,航天科技,黑龙江,汽车配件,航天科技控股集团股份有限公司,主板,SZSE,L,1999-04-01
000902.SZ,000902,新洋丰,湖北,农药化肥,新洋丰农业科技股份有限公司,主板,SZSE,L,1999-04-08
000903.SZ,000903,云内动力,云南,汽车配件,昆明云内动力股份有限公司,主板,SZSE,L,1999-04-15
000905.SZ,000905,厦门港务,福建,港口,厦门港务发展股份有限公司,主板,SZSE,L,1999-04-29
000906.SZ,000906,浙商中拓,浙江,仓储物流,浙商中拓集团股份有限公司,主板,SZSE,L,1999-07-07
000908.SZ,000908,*ST景峰,湖南,化学制药,湖南景峰医药股份有限公司,主板,SZSE,L,1999-02-03
000909.SZ,000909,ST数源,浙江,综合类,数源科技股份有限公司,主板,SZSE,L,1999-05-07
000910.SZ,000910,大亚圣象,江苏,家居用品,大亚圣象家居股份有限公司,主板,SZSE,L,1999-06-30
000911.SZ,000911,广农糖业,广西,食品,广西农投糖业集团股份有限公司,主板,SZSE,L,1999-05-27
000912.SZ,000912,泸天化,四川,农药化肥,四川泸天化股份有限公司,主板,SZSE,L,1999-06-03
000913.SZ,000913,钱江摩托,浙江,摩托车,浙江钱江摩托股份有限公司,主板,SZSE,L,1999-05-14
000915.SZ,000915,华特达因,山东,化学制药,山东华特达因健康股份有限公司,主板,SZSE,L,1999-06-09
000917.SZ,000917,电广传媒,湖南,影视音像,湖南电广传媒股份有限公司,主板,SZSE,L,1999-03-25
000919.SZ,000919,金陵药业,江苏,化学制药,金陵药业股份有限公司,主板,SZSE,L,1999-11-18
000920.SZ,000920,沃顿科技,贵州,环境保护,沃顿科技股份有限公司,主板,SZSE,L,1999-06-16
000921.SZ,000921,海信家电,广东,家用电器,海信家电集团股份有限公司,主板,SZSE,L,1999-07-13
000922.SZ,000922,佳电股份,黑龙江,电气设备,哈尔滨电气集团佳木斯电机股份有限公司,主板,SZSE,L,1999-06-18
000923.SZ,000923,河钢资源,河北,普钢,河钢资源股份有限公司,主板,SZSE,L,1999-07-14
000925.SZ,000925,众合科技,浙江,运输设备,浙江众合科技股份有限公司,主板,SZSE,L,1999-06-11
000926.SZ,000926,福星股份,湖北,区域地产,湖北福星科技股份有限公司,主板,SZSE,L,1999-06-18
000927.SZ,000927,中国铁物,天津,仓储物流,中国铁路物资股份有限公司,主板,SZSE,L,1999-07-27
000928.SZ,000928,中钢国际,吉林,建筑工程,中钢国际工程技术股份有限公司,主板,SZSE,L,1999-03-12
000929.SZ,000929,兰州黄河,甘肃,啤酒,兰州黄河企业股份有限公司,主板,SZSE,L,1999-06-23
000930.SZ,000930,中粮科技,安徽,农业综合,中粮生物科技股份有限公司,主板,SZSE,L,1999-07-12
000931.SZ,000931,中关村,北京,化学制药,北京中关村科技发展(控股)股份有限公司,主板,SZSE,L,1999-07-12
000932.SZ,000932,华菱钢铁,湖南,普钢,湖南华菱钢铁股份有限公司,主板,SZSE,L,1999-08-03
000933.SZ,000933,神火股份,河南,铝,河南神火煤电股份有限公司,主板,SZSE,L,1999-08-31
000935.SZ,000935,四川双马,四川,水泥,四川和谐双马股份有限公司,主板,SZSE,L,1999-08-24
000936.SZ,000936,华西股份,江苏,化纤,江苏华西村股份有限公司,主板,SZSE,L,1999-08-10
000937.SZ,000937,冀中能源,河北,煤炭开采,冀中能源股份有限公司,主板,SZSE,L,1999-09-09
000938.SZ,000938,紫光股份,北京,软件服务,紫光股份有限公司,主板,SZSE,L,1999-11-04
000948.SZ,000948,南天信息,云南,软件服务,云南南天电子信息产业股份有限公司,主板,SZSE,L,1999-10-14
000949.SZ,000949,新乡化纤,河南,化纤,新乡化纤股份有限公司,主板,SZSE,L,1999-10-21
000950.SZ,000950,重药控股,重庆,医药商业,重药控股股份有限公司,主板,SZSE,L,1999-09-16
000951.SZ,000951,中国重汽,山东,汽车整车,中国重汽集团济南卡车股份有限公司,主板,SZSE,L,1999-11-25
000952.SZ,000952,广济药业,湖北,化学制药,湖北广济药业股份有限公司,主板,SZSE,L,1999-11-12
000953.SZ,000953,河化股份,广西,化学制药,广西河池化工股份有限公司,主板,SZSE,L,1999-12-02
000955.SZ,000955,欣龙控股,海南,纺织,欣龙控股(集团)股份有限公司,主板,SZSE,L,1999-12-09
000957.SZ,000957,中通客车,山东,汽车整车,中通客车股份有限公司,主板,SZSE,L,2000-01-13
000958.SZ,000958,电投产融,河北,多元金融,国家电投集团产融控股股份有限公司,主板,SZSE,L,1999-12-23
000959.SZ,000959,首钢股份,北京,普钢,北京首钢股份有限公司,主板,SZSE,L,1999-12-16
000960.SZ,000960,锡业股份,云南,小金属,云南锡业股份有限公司,主板,SZSE,L,2000-02-21
000961.SZ,000961,ST中南,江苏,全国地产,江苏中南建设集团股份有限公司,主板,SZSE,L,2000-03-01
000962.SZ,000962,东方钽业,宁夏,小金属,宁夏东方钽业股份有限公司,主板,SZSE,L,2000-01-20
000963.SZ,000963,华东医药,浙江,化学制药,华东医药股份有限公司,主板,SZSE,L,2000-01-27
000965.SZ,000965,天保基建,天津,区域地产,天津天保基建股份有限公司,主板,SZSE,L,2000-04-06
000966.SZ,000966,长源电力,湖北,火力发电,国家能源集团长源电力股份有限公司,主板,SZSE,L,2000-03-16
000967.SZ,000967,盈峰环境,浙江,环境保护,盈峰环境科技集团股份有限公司,主板,SZSE,L,2000-03-30
000968.SZ,000968,蓝焰控股,山西,石油开采,山西蓝焰控股股份有限公司,主板,SZSE,L,2000-06-22
000969.SZ,000969,安泰科技,北京,小金属,安泰科技股份有限公司,主板,SZSE,L,2000-05-29
000970.SZ,000970,中科三环,北京,矿物制品,北京中科三环高技术股份有限公司,主板,SZSE,L,2000-04-20
000971.SZ,000971,*ST高升,湖北,互联网,高升控股股份有限公司,主板,SZSE,L,2000-04-27
000972.SZ,000972,中基健康,新疆,食品,中基健康产业股份有限公司,主板,SZSE,L,2000-09-26
000973.SZ,000973,佛塑科技,广东,塑料,佛山佛塑科技集团股份有限公司,主板,SZSE,L,2000-05-25
000975.SZ,000975,银泰黄金,内蒙,黄金,银泰黄金股份有限公司,主板,SZSE,L,2000-06-08
000976.SZ,000976,ST华铁,广东,运输设备,广东华铁通达高铁装备股份有限公司,主板,SZSE,L,2000-06-01
000977.SZ,000977,浪潮信息,山东,IT设备,浪潮电子信息产业股份有限公司,主板,SZSE,L,2000-06-08
000978.SZ,000978,桂林旅游,广西,旅游景点,桂林旅游股份有限公司,主板,SZSE,L,2000-05-18
000980.SZ,000980,众泰汽车,浙江,汽车配件,众泰汽车股份有限公司,主板,SZSE,L,2000-06-16
000981.SZ,000981,山子高科,甘肃,汽车配件,山子高科技股份有限公司,主板,SZSE,L,2000-06-22
000982.SZ,000982,中银绒业,宁夏,电气设备,宁夏中银绒业股份有限公司,主板,SZSE,L,2000-07-06
000983.SZ,000983,山西焦煤,山西,煤炭开采,山西焦煤能源集团股份有限公司,主板,SZSE,L,2000-07-26
000985.SZ,000985,大庆华科,黑龙江,化工原料,大庆华科股份有限公司,主板,SZSE,L,2000-07-26
000987.SZ,000987,越秀资本,广东,多元金融,广州越秀资本控股集团股份有限公司,主板,SZSE,L,2000-07-18
000988.SZ,000988,华工科技,湖北,专用机械,华工科技产业股份有限公司,主板,SZSE,L,2000-06-08
000989.SZ,000989,ST九芝,湖南,中成药,九芝堂股份有限公司,主板,SZSE,L,2000-06-28
000990.SZ,000990,诚志股份,江西,化工原料,诚志股份有限公司,主板,SZSE,L,2000-07-06
000993.SZ,000993,闽东电力,福建,水力发电,福建闽东电力股份有限公司,主板,SZSE,L,2000-07-31
000995.SZ,000995,皇台酒业,甘肃,白酒,甘肃皇台酒业股份有限公司,主板,SZSE,L,2000-08-07
000996.SZ,000996,*ST中期,北京,汽车服务,中国中期投资股份有限公司,主板,SZSE,L,2000-07-18
000997.SZ,000997,新大陆,福建,IT设备,新大陆数字技术股份有限公司,主板,SZSE,L,2000-08-07
000998.SZ,000998,隆平高科,湖南,种植业,袁隆平农业高科技股份有限公司,主板,SZSE,L,2000-12-11
000999.SZ,000999,华润三九,深圳,中成药,华润三九医药股份有限公司,主板,SZSE,L,2000-03-09
001201.SZ,001201,东瑞股份,广东,农业综合,东瑞食品集团股份有限公司,主板,SZSE,L,2021-04-28
001202.SZ,001202,炬申股份,广东,仓储物流,广东炬申物流股份有限公司,主板,SZSE,L,2021-04-29
001203.SZ,001203,大中矿业,内蒙,普钢,内蒙古大中矿业股份有限公司,主板,SZSE,L,2021-05-10
001205.SZ,001205,盛航股份,江苏,水运,南京盛航海运股份有限公司,主板,SZSE,L,2021-05-13
001206.SZ,001206,依依股份,天津,造纸,天津市依依卫生用品股份有限公司,主板,SZSE,L,2021-05-18
001207.SZ,001207,联科科技,山东,化工原料,山东联科科技股份有限公司,主板,SZSE,L,2021-06-23
001208.SZ,001208,华菱线缆,湖南,电气设备,湖南华菱线缆股份有限公司,主板,SZSE,L,2021-06-24
001209.SZ,001209,洪兴股份,广东,服饰,广东洪兴实业股份有限公司,主板,SZSE,L,2021-07-23
001210.SZ,001210,金房能源,北京,供气供热,金房能源集团股份有限公司,主板,SZSE,L,2021-07-29
001211.SZ,001211,双枪科技,浙江,家居用品,双枪科技股份有限公司,主板,SZSE,L,2021-08-05
001212.SZ,001212,中旗新材,广东,其他建材,广东中旗新材料股份有限公司,主板,SZSE,L,2021-08-23
001213.SZ,001213,中铁特货,北京,仓储物流,中铁特货物流股份有限公司,主板,SZSE,L,2021-09-08
001215.SZ,001215,千味央厨,河南,食品,郑州千味央厨食品股份有限公司,主板,SZSE,L,2021-09-06
001216.SZ,001216,华瓷股份,湖南,家居用品,湖南华联瓷业股份有限公司,主板,SZSE,L,2021-10-19
001217.SZ,001217,华尔泰,安徽,化工原料,安徽华尔泰化工股份有限公司,主板,SZSE,L,2021-09-29
001218.SZ,001218,丽臣实业,湖南,化工原料,湖南丽臣实业股份有限公司,主板,SZSE,L,2021-10-15
001219.SZ,001219,青岛食品,山东,食品,青岛食品股份有限公司,主板,SZSE,L,2021-10-21
001222.SZ,001222,源飞宠物,浙江,文教休闲,温州源飞宠物玩具制品股份有限公司,主板,SZSE,L,2022-08-18
001223.SZ,001223,欧克科技,江西,专用机械,欧克科技股份有限公司,主板,SZSE,L,2022-12-12
001225.SZ,001225,和泰机电,浙江,专用机械,杭州和泰机电股份有限公司,主板,SZSE,L,2023-02-22
001226.SZ,001226,拓山重工,安徽,工程机械,安徽拓山重工股份有限公司,主板,SZSE,L,2022-06-22
001227.SZ,001227,兰州银行,甘肃,银行,兰州银行股份有限公司,主板,SZSE,L,2022-01-17
001228.SZ,001228,永泰运,浙江,仓储物流,永泰运化工物流股份有限公司,主板,SZSE,L,2022-04-29
001229.SZ,001229,魅视科技,广东,IT设备,广东魅视科技股份有限公司,主板,SZSE,L,2022-08-08
001230.SZ,001230,劲旅环境,安徽,环境保护,劲旅环境科技股份有限公司,主板,SZSE,L,2022-07-15
001231.SZ,001231,农心科技,陕西,农药化肥,农心作物科技股份有限公司,主板,SZSE,L,2022-08-19
001234.SZ,001234,泰慕士,江苏,服饰,江苏泰慕士针纺科技股份有限公司,主板,SZSE,L,2022-01-11
001236.SZ,001236,弘业期货,江苏,多元金融,弘业期货股份有限公司,主板,SZSE,L,2022-08-05
001238.SZ,001238,浙江正特,浙江,家居用品,浙江正特股份有限公司,主板,SZSE,L,2022-09-19
001239.SZ,001239,永达股份,湖南,工程机械,湘潭永达机械制造股份有限公司,主板,SZSE,L,2023-12-12
001255.SZ,001255,博菲电气,浙江,化工原料,浙江博菲电气股份有限公司,主板,SZSE,L,2022-09-30
001256.SZ,001256,炜冈科技,浙江,轻工机械,浙江炜冈科技股份有限公司,主板,SZSE,L,2022-12-05
001258.SZ,001258,立新能源,新疆,新型电力,新疆立新能源股份有限公司,主板,SZSE,L,2022-07-27
001259.SZ,001259,利仁科技,北京,家用电器,北京利仁科技股份有限公司,主板,SZSE,L,2022-08-31
001260.SZ,001260,坤泰股份,山东,汽车配件,山东坤泰新材料科技股份有限公司,主板,SZSE,L,2023-02-16
001266.SZ,001266,宏英智能,上海,电器仪表,上海宏英智能科技股份有限公司,主板,SZSE,L,2022-02-28
001267.SZ,001267,汇绿生态,湖北,建筑工程,汇绿生态科技集团股份有限公司,主板,SZSE,L,2021-11-17
001268.SZ,001268,联合精密,广东,机械基件,广东扬山联合精密制造股份有限公司,主板,SZSE,L,2022-06-30
001269.SZ,001269,欧晶科技,内蒙,矿物制品,内蒙古欧晶科技股份有限公司,主板,SZSE,L,2022-09-30
001270.SZ,001270,铖昌科技,浙江,半导体,浙江铖昌科技股份有限公司,主板,SZSE,L,2022-06-06
001278.SZ,001278,一彬科技,浙江,汽车配件,宁波一彬电子科技股份有限公司,主板,SZSE,L,2023-03-08
001282.SZ,001282,三联锻造,安徽,汽车配件,芜湖三联锻造股份有限公司,主板,SZSE,L,2023-05-24
001283.SZ,001283,豪鹏科技,深圳,电气设备,深圳市豪鹏科技股份有限公司,主板,SZSE,L,2022-09-05
001286.SZ,001286,陕西能源,陕西,火力发电,陕西能源投资股份有限公司,主板,SZSE,L,2023-04-10
001287.SZ,001287,中电港,深圳,元器件,深圳中电港技术股份有限公司,主板,SZSE,L,2023-04-10
001288.SZ,001288,运机集团,四川,专用机械,四川省自贡运输机械集团股份有限公司,主板,SZSE,L,2021-11-01
001289.SZ,001289,龙源电力,北京,新型电力,龙源电力集团股份有限公司,主板,SZSE,L,2022-01-24
001296.SZ,001296,长江材料,重庆,其他建材,重庆长江造型材料(集团)股份有限公司,主板,SZSE,L,2021-12-24
001298.SZ,001298,好上好,深圳,元器件,深圳市好上好信息科技股份有限公司,主板,SZSE,L,2022-10-31
001299.SZ,001299,美能能源,陕西,供气供热,陕西美能清洁能源集团股份有限公司,主板,SZSE,L,2022-10-31
001300.SZ,001300,三柏硕,山东,文教休闲,青岛三柏硕健康科技股份有限公司,主板,SZSE,L,2022-10-19
001301.SZ,001301,尚太科技,河北,电气设备,石家庄尚太科技股份有限公司,主板,SZSE,L,2022-12-28
001306.SZ,001306,夏厦精密,浙江,机械基件,浙江夏厦精密制造股份有限公司,主板,SZSE,L,2023-11-16
001308.SZ,001308,康冠科技,深圳,元器件,深圳市康冠科技股份有限公司,主板,SZSE,L,2022-03-18
001309.SZ,001309,德明利,深圳,半导体,深圳市德明利技术股份有限公司,主板,SZSE,L,2022-07-01
001311.SZ,001311,多利科技,安徽,汽车配件,滁州多利汽车科技股份有限公司,主板,SZSE,L,2023-02-27
001313.SZ,001313,粤海饲料,广东,饲料,广东粤海饲料集团股份有限公司,主板,SZSE,L,2022-02-16
001314.SZ,001314,亿道信息,深圳,元器件,深圳市亿道信息股份有限公司,主板,SZSE,L,2023-02-14
001316.SZ,001316,润贝航科,深圳,批发业,润贝航空科技股份有限公司,主板,SZSE,L,2022-06-24
001317.SZ,001317,三羊马,重庆,仓储物流,三羊马(重庆)物流股份有限公司,主板,SZSE,L,2021-11-30
001318.SZ,001318,阳光乳业,江西,乳制品,江西阳光乳业股份有限公司,主板,SZSE,L,2022-05-20
001319.SZ,001319,铭科精技,广东,汽车配件,铭科精技控股股份有限公司,主板,SZSE,L,2022-05-12
001322.SZ,001322,箭牌家居,广东,家居用品,箭牌家居集团股份有限公司,主板,SZSE,L,2022-10-26
001323.SZ,001323,慕思股份,广东,家居用品,慕思健康睡眠股份有限公司,主板,SZSE,L,2022-06-23
001324.SZ,001324,长青科技,江苏,运输设备,常州长青科技股份有限公司,主板,SZSE,L,2023-05-22
001326.SZ,001326,联域股份,深圳,电气设备,深圳市联域光电股份有限公司,主板,SZSE,L,2023-11-09
001328.SZ,001328,登康口腔,重庆,日用化工,重庆登康口腔护理用品股份有限公司,主板,SZSE,L,2023-04-10
001330.SZ,001330,博纳影业,新疆,影视音像,博纳影业集团股份有限公司,主板,SZSE,L,2022-08-18
001331.SZ,001331,胜通能源,山东,仓储物流,胜通能源股份有限公司,主板,SZSE,L,2022-09-08
001332.SZ,001332,锡装股份,江苏,专用机械,无锡化工装备股份有限公司,主板,SZSE,L,2022-09-20
001333.SZ,001333,光华股份,浙江,化工原料,浙江光华科技股份有限公司,主板,SZSE,L,2022-12-08
001336.SZ,001336,楚环科技,浙江,专用机械,杭州楚环科技股份有限公司,主板,SZSE,L,2022-07-25
001337.SZ,001337,四川黄金,四川,黄金,四川容大黄金股份有限公司,主板,SZSE,L,2023-03-03
001338.SZ,001338,永顺泰,广东,啤酒,粤海永顺泰集团股份有限公司,主板,SZSE,L,2022-11-16
001339.SZ,001339,智微智能,深圳,IT设备,深圳市智微智能科技股份有限公司,主板,SZSE,L,2022-08-15
001358.SZ,001358,兴欣新材,浙江,化工原料,绍兴兴欣新材料股份有限公司,主板,SZSE,L,2023-12-21
001359.SZ,001359,平安电工,湖北,矿物制品,湖北平安电工科技股份公司,主板,SZSE,L,2024-03-28
001360.SZ,001360,南矿集团,江西,工程机械,南昌矿机集团股份有限公司,主板,SZSE,L,2023-04-10
001366.SZ,001366,播恩集团,江西,饲料,播恩集团股份有限公司,主板,SZSE,L,2023-03-07
001367.SZ,001367,海森药业,浙江,化学制药,浙江海森药业股份有限公司,主板,SZSE,L,2023-04-10
001368.SZ,001368,通达创智,福建,文教休闲,通达创智(厦门)股份有限公司,主板,SZSE,L,2023-03-13
001373.SZ,001373,翔腾新材,江苏,元器件,江苏翔腾新材料股份有限公司,主板,SZSE,L,2023-06-01
001376.SZ,001376,百通能源,江西,供气供热,江西百通能源股份有限公司,主板,SZSE,L,2023-11-03
001378.SZ,001378,德冠新材,广东,塑料,广东德冠薄膜新材料股份有限公司,主板,SZSE,L,2023-10-30
001379.SZ,001379,腾达科技,山东,机械基件,山东腾达紧固科技股份有限公司,主板,SZSE,L,2024-01-19
001380.SZ,001380,华纬科技,浙江,汽车配件,华纬科技股份有限公司,主板,SZSE,L,2023-05-16
001387.SZ,001387,雪祺电气,安徽,家用电器,合肥雪祺电气股份有限公司,主板,SZSE,L,2024-01-11
001389.SZ,001389,广合科技,广东,元器件,广州广合科技股份有限公司,主板,SZSE,L,2024-04-02
001696.SZ,001696,宗申动力,重庆,摩托车,重庆宗申动力机械股份有限公司,主板,SZSE,L,1997-03-06
001872.SZ,001872,招商港口,深圳,港口,招商局港口集团股份有限公司,主板,SZSE,L,1993-05-05
001896.SZ,001896,豫能控股,河南,火力发电,河南豫能控股股份有限公司,主板,SZSE,L,1998-01-22
001914.SZ,001914,招商积余,深圳,房产服务,招商局积余产业运营服务股份有限公司,主板,SZSE,L,1994-09-28
001965.SZ,001965,招商公路,天津,路桥,招商局公路网络科技控股股份有限公司,主板,SZSE,L,2017-12-25
001979.SZ,001979,招商蛇口,深圳,全国地产,招商局蛇口工业区控股股份有限公司,主板,SZSE,L,2015-12-30
002001.SZ,002001,新和成,浙江,化学制药,浙江新和成股份有限公司,主板,SZSE,L,2004-06-25
002003.SZ,002003,伟星股份,浙江,服饰,浙江伟星实业发展股份有限公司,主板,SZSE,L,2004-06-25
002004.SZ,002004,华邦健康,重庆,农药化肥,华邦生命健康股份有限公司,主板,SZSE,L,2004-06-25
002005.SZ,002005,ST德豪,安徽,家用电器,安徽德豪润达电气股份有限公司,主板,SZSE,L,2004-06-25
002006.SZ,002006,精工科技,浙江,专用机械,浙江精工集成科技股份有限公司,主板,SZSE,L,2004-06-25
002007.SZ,002007,华兰生物,河南,生物制药,华兰生物工程股份有限公司,主板,SZSE,L,2004-06-25
002008.SZ,002008,大族激光,深圳,专用机械,大族激光科技产业集团股份有限公司,主板,SZSE,L,2004-06-25
002009.SZ,002009,天奇股份,江苏,工程机械,天奇自动化工程股份有限公司,主板,SZSE,L,2004-06-29
002010.SZ,002010,传化智联,浙江,仓储物流,传化智联股份有限公司,主板,SZSE,L,2004-06-29
002011.SZ,002011,盾安环境,浙江,家用电器,浙江盾安人工环境股份有限公司,主板,SZSE,L,2004-07-05
002012.SZ,002012,凯恩股份,浙江,造纸,浙江凯恩特种材料股份有限公司,主板,SZSE,L,2004-07-05
002014.SZ,002014,永新股份,安徽,塑料,黄山永新股份有限公司,主板,SZSE,L,2004-07-08
002015.SZ,002015,协鑫能科,江苏,新型电力,协鑫能源科技股份有限公司,主板,SZSE,L,2004-07-08
002016.SZ,002016,世荣兆业,广东,区域地产,广东世荣兆业股份有限公司,主板,SZSE,L,2004-07-08
002017.SZ,002017,东信和平,广东,通信设备,东信和平科技股份有限公司,主板,SZSE,L,2004-07-13
002019.SZ,002019,亿帆医药,浙江,化学制药,亿帆医药股份有限公司,主板,SZSE,L,2004-07-13
002020.SZ,002020,京新药业,浙江,化学制药,浙江京新药业股份有限公司,主板,SZSE,L,2004-07-15
002021.SZ,002021,*ST中捷,浙江,纺织机械,中捷资源投资股份有限公司,主板,SZSE,L,2004-07-15
002022.SZ,002022,科华生物,上海,医疗保健,上海科华生物工程股份有限公司,主板,SZSE,L,2004-07-21
002023.SZ,002023,海特高新,四川,航空,四川海特高新技术股份有限公司,主板,SZSE,L,2004-07-21
002024.SZ,002024,ST易购,江苏,电器连锁,苏宁易购集团股份有限公司,主板,SZSE,L,2004-07-21
002025.SZ,002025,航天电器,贵州,元器件,贵州航天电器股份有限公司,主板,SZSE,L,2004-07-26
002026.SZ,002026,山东威达,山东,机械基件,山东威达机械股份有限公司,主板,SZSE,L,2004-07-27
002027.SZ,002027,分众传媒,广东,广告包装,分众传媒信息技术股份有限公司,主板,SZSE,L,2004-08-04
002028.SZ,002028,思源电气,上海,电气设备,思源电气股份有限公司,主板,SZSE,L,2004-08-05
002029.SZ,002029,七匹狼,福建,服饰,福建七匹狼实业股份有限公司,主板,SZSE,L,2004-08-06
002030.SZ,002030,达安基因,广东,医疗保健,广州达安基因股份有限公司,主板,SZSE,L,2004-08-09
002031.SZ,002031,巨轮智能,广东,汽车配件,巨轮智能装备股份有限公司,主板,SZSE,L,2004-08-16
002032.SZ,002032,苏泊尔,浙江,家用电器,浙江苏泊尔股份有限公司,主板,SZSE,L,2004-08-17
002033.SZ,002033,丽江股份,云南,旅游景点,丽江玉龙旅游股份有限公司,主板,SZSE,L,2004-08-25
002034.SZ,002034,旺能环境,浙江,环境保护,旺能环境股份有限公司,主板,SZSE,L,2004-08-26
002035.SZ,002035,华帝股份,广东,家用电器,华帝股份有限公司,主板,SZSE,L,2004-09-01
002036.SZ,002036,联创电子,江西,元器件,联创电子科技股份有限公司,主板,SZSE,L,2004-09-03
002037.SZ,002037,保利联合,贵州,化工原料,保利联合化工控股集团股份有限公司,主板,SZSE,L,2004-09-08
002038.SZ,002038,双鹭药业,北京,生物制药,北京双鹭药业股份有限公司,主板,SZSE,L,2004-09-09
002039.SZ,002039,黔源电力,贵州,水力发电,贵州黔源电力股份有限公司,主板,SZSE,L,2005-03-03
002040.SZ,002040,南京港,江苏,港口,南京港股份有限公司,主板,SZSE,L,2005-03-25
002041.SZ,002041,登海种业,山东,种植业,山东登海种业股份有限公司,主板,SZSE,L,2005-04-18
002042.SZ,002042,华孚时尚,安徽,纺织,华孚时尚股份有限公司,主板,SZSE,L,2005-04-27
002043.SZ,002043,兔宝宝,浙江,其他建材,德华兔宝宝装饰新材股份有限公司,主板,SZSE,L,2005-05-10
002044.SZ,002044,美年健康,江苏,医疗保健,美年大健康产业控股股份有限公司,主板,SZSE,L,2005-05-18
002045.SZ,002045,国光电器,广东,元器件,国光电器股份有限公司,主板,SZSE,L,2005-05-23
002046.SZ,002046,国机精工,河南,机械基件,国机精工集团股份有限公司,主板,SZSE,L,2005-05-26
002047.SZ,002047,宝鹰股份,深圳,装修装饰,深圳市宝鹰建设控股集团股份有限公司,主板,SZSE,L,2005-05-31
002048.SZ,002048,宁波华翔,浙江,汽车配件,宁波华翔电子股份有限公司,主板,SZSE,L,2005-06-03
002049.SZ,002049,紫光国微,河北,半导体,紫光国芯微电子股份有限公司,主板,SZSE,L,2005-06-06
002050.SZ,002050,三花智控,浙江,家用电器,浙江三花智能控制股份有限公司,主板,SZSE,L,2005-06-07
002051.SZ,002051,中工国际,北京,建筑工程,中工国际工程股份有限公司,主板,SZSE,L,2006-06-19
002052.SZ,002052,*ST同洲,深圳,电气设备,深圳市同洲电子股份有限公司,主板,SZSE,L,2006-06-27
002053.SZ,002053,云南能投,云南,食品,云南能源投资股份有限公司,主板,SZSE,L,2006-06-27
002054.SZ,002054,德美化工,广东,染料涂料,广东德美精细化工集团股份有限公司,主板,SZSE,L,2006-07-25
002055.SZ,002055,得润电子,深圳,元器件,深圳市得润电子股份有限公司,主板,SZSE,L,2006-07-25
002056.SZ,002056,横店东磁,浙江,电气设备,横店集团东磁股份有限公司,主板,SZSE,L,2006-08-02
002057.SZ,002057,中钢天源,安徽,矿物制品,中钢天源股份有限公司,主板,SZSE,L,2006-08-02
002058.SZ,002058,威尔泰,上海,电器仪表,上海威尔泰工业自动化股份有限公司,主板,SZSE,L,2006-08-02
002059.SZ,002059,云南旅游,云南,旅游景点,云南旅游股份有限公司,主板,SZSE,L,2006-08-10
002060.SZ,002060,广东建工,广东,建筑工程,广东省建筑工程集团股份有限公司,主板,SZSE,L,2006-08-10
002061.SZ,002061,浙江交科,浙江,建筑工程,浙江交通科技股份有限公司,主板,SZSE,L,2006-08-16
002062.SZ,002062,宏润建设,浙江,建筑工程,宏润建设集团股份有限公司,主板,SZSE,L,2006-08-16
002063.SZ,002063,远光软件,广东,软件服务,远光软件股份有限公司,主板,SZSE,L,2006-08-23
002064.SZ,002064,华峰化学,浙江,化纤,华峰化学股份有限公司,主板,SZSE,L,2006-08-23
002065.SZ,002065,东华软件,北京,软件服务,东华软件股份公司,主板,SZSE,L,2006-08-23
002066.SZ,002066,瑞泰科技,北京,其他建材,瑞泰科技股份有限公司,主板,SZSE,L,2006-08-23
002067.SZ,002067,景兴纸业,浙江,造纸,浙江景兴纸业股份有限公司,主板,SZSE,L,2006-09-15
002068.SZ,002068,黑猫股份,江西,化工原料,江西黑猫炭黑股份有限公司,主板,SZSE,L,2006-09-15
002069.SZ,002069,獐子岛,辽宁,渔业,獐子岛集团股份有限公司,主板,SZSE,L,2006-09-28
002072.SZ,002072,凯瑞德,湖北,商贸代理,凯瑞德控股股份有限公司,主板,SZSE,L,2006-10-18
002073.SZ,002073,软控股份,山东,专用机械,软控股份有限公司,主板,SZSE,L,2006-10-18
002074.SZ,002074,国轩高科,安徽,电气设备,国轩高科股份有限公司,主板,SZSE,L,2006-10-18
002075.SZ,002075,沙钢股份,江苏,特种钢,江苏沙钢股份有限公司,主板,SZSE,L,2006-10-25
002076.SZ,002076,星光股份,广东,家用电器,广东星光发展股份有限公司,主板,SZSE,L,2006-10-25
002077.SZ,002077,大港股份,江苏,半导体,江苏大港股份有限公司,主板,SZSE,L,2006-11-16
002078.SZ,002078,太阳纸业,山东,造纸,山东太阳纸业股份有限公司,主板,SZSE,L,2006-11-16
002079.SZ,002079,苏州固锝,江苏,半导体,苏州固锝电子股份有限公司,主板,SZSE,L,2006-11-16
002080.SZ,002080,中材科技,江苏,玻璃,中材科技股份有限公司,主板,SZSE,L,2006-11-20
002081.SZ,002081,金螳螂,江苏,装修装饰,苏州金螳螂建筑装饰股份有限公司,主板,SZSE,L,2006-11-20
002082.SZ,002082,万邦德,浙江,中成药,万邦德医药控股集团股份有限公司,主板,SZSE,L,2006-11-20
002083.SZ,002083,孚日股份,山东,纺织,孚日集团股份有限公司,主板,SZSE,L,2006-11-24
002084.SZ,002084,海鸥住工,广东,家居用品,广州海鸥住宅工业股份有限公司,主板,SZSE,L,2006-11-24
002085.SZ,002085,万丰奥威,浙江,汽车配件,浙江万丰奥威汽轮股份有限公司,主板,SZSE,L,2006-11-28
002086.SZ,002086,*ST东洋,山东,医疗保健,山东东方海洋科技股份有限公司,主板,SZSE,L,2006-11-28
002087.SZ,002087,*ST新纺,河南,纺织,河南新野纺织股份有限公司,主板,SZSE,L,2006-11-30
002088.SZ,002088,鲁阳节能,山东,矿物制品,山东鲁阳节能材料股份有限公司,主板,SZSE,L,2006-11-30
002090.SZ,002090,金智科技,江苏,软件服务,江苏金智科技股份有限公司,主板,SZSE,L,2006-12-08
002091.SZ,002091,江苏国泰,江苏,商贸代理,江苏国泰国际集团股份有限公司,主板,SZSE,L,2006-12-08
002092.SZ,002092,中泰化学,新疆,化工原料,新疆中泰化学股份有限公司,主板,SZSE,L,2006-12-08
002093.SZ,002093,国脉科技,福建,通信设备,国脉科技股份有限公司,主板,SZSE,L,2006-12-15
002094.SZ,002094,青岛金王,山东,日用化工,青岛金王应用化学股份有限公司,主板,SZSE,L,2006-12-15
002095.SZ,002095,生意宝,浙江,互联网,浙江网盛生意宝股份有限公司,主板,SZSE,L,2006-12-15
002096.SZ,002096,易普力,湖南,化工原料,易普力股份有限公司,主板,SZSE,L,2006-12-22
002097.SZ,002097,山河智能,湖南,工程机械,山河智能装备股份有限公司,主板,SZSE,L,2006-12-22
002098.SZ,002098,浔兴股份,福建,服饰,福建浔兴拉链科技股份有限公司,主板,SZSE,L,2006-12-22
002099.SZ,002099,海翔药业,浙江,化学制药,浙江海翔药业股份有限公司,主板,SZSE,L,2006-12-26
002100.SZ,002100,天康生物,新疆,饲料,天康生物股份有限公司,主板,SZSE,L,2006-12-26
002101.SZ,002101,广东鸿图,广东,汽车配件,广东鸿图科技股份有限公司,主板,SZSE,L,2006-12-29
002102.SZ,002102,能特科技,湖北,化学制药,湖北能特科技股份有限公司,主板,SZSE,L,2006-12-29
002103.SZ,002103,广博股份,浙江,文教休闲,广博集团股份有限公司,主板,SZSE,L,2007-01-10
002104.SZ,002104,恒宝股份,江苏,通信设备,恒宝股份有限公司,主板,SZSE,L,2007-01-10
002105.SZ,002105,信隆健康,深圳,摩托车,深圳信隆健康产业发展股份有限公司,主板,SZSE,L,2007-01-12
002106.SZ,002106,莱宝高科,深圳,元器件,深圳莱宝高科技股份有限公司,主板,SZSE,L,2007-01-12
002107.SZ,002107,沃华医药,山东,中成药,山东沃华医药科技股份有限公司,主板,SZSE,L,2007-01-24
002108.SZ,002108,沧州明珠,河北,塑料,沧州明珠塑料股份有限公司,主板,SZSE,L,2007-01-24
002109.SZ,002109,兴化股份,陕西,化工原料,陕西兴化化学股份有限公司,主板,SZSE,L,2007-01-26
002110.SZ,002110,三钢闽光,福建,普钢,福建三钢闽光股份有限公司,主板,SZSE,L,2007-01-26
002111.SZ,002111,威海广泰,山东,航空,威海广泰空港设备股份有限公司,主板,SZSE,L,2007-01-26
002112.SZ,002112,三变科技,浙江,电气设备,三变科技股份有限公司,主板,SZSE,L,2007-02-08
002114.SZ,002114,罗平锌电,云南,铅锌,云南罗平锌电股份有限公司,主板,SZSE,L,2007-02-15
002115.SZ,002115,三维通信,浙江,互联网,三维通信股份有限公司,主板,SZSE,L,2007-02-15
002116.SZ,002116,中国海诚,上海,建筑工程,中国海诚工程科技股份有限公司,主板,SZSE,L,2007-02-15
002117.SZ,002117,东港股份,山东,广告包装,东港股份有限公司,主板,SZSE,L,2007-03-02
002119.SZ,002119,康强电子,浙江,半导体,宁波康强电子股份有限公司,主板,SZSE,L,2007-03-02
002120.SZ,002120,韵达股份,浙江,仓储物流,韵达控股股份有限公司,主板,SZSE,L,2007-03-06
002121.SZ,002121,科陆电子,深圳,电器仪表,深圳市科陆电子科技股份有限公司,主板,SZSE,L,2007-03-06
002122.SZ,002122,汇洲智能,浙江,机械基件,汇洲智能技术集团股份有限公司,主板,SZSE,L,2007-03-28
002123.SZ,002123,梦网科技,辽宁,互联网,梦网云科技集团股份有限公司,主板,SZSE,L,2007-03-28
002124.SZ,002124,ST天邦,浙江,农业综合,天邦食品股份有限公司,主板,SZSE,L,2007-04-03
002125.SZ,002125,湘潭电化,湖南,化工原料,湘潭电化科技股份有限公司,主板,SZSE,L,2007-04-03
002126.SZ,002126,银轮股份,浙江,汽车配件,浙江银轮机械股份有限公司,主板,SZSE,L,2007-04-18
002127.SZ,002127,南极电商,江苏,互联网,南极电商股份有限公司,主板,SZSE,L,2007-04-18
002128.SZ,002128,电投能源,内蒙,铝,内蒙古电投能源股份有限公司,主板,SZSE,L,2007-04-18
002129.SZ,002129,TCL中环,天津,电气设备,TCL中环新能源科技股份有限公司,主板,SZSE,L,2007-04-20
002130.SZ,002130,沃尔核材,深圳,电气设备,深圳市沃尔核材股份有限公司,主板,SZSE,L,2007-04-20
002131.SZ,002131,利欧股份,浙江,互联网,利欧集团股份有限公司,主板,SZSE,L,2007-04-27
002132.SZ,002132,恒星科技,河南,钢加工,河南恒星科技股份有限公司,主板,SZSE,L,2007-04-27
002133.SZ,002133,广宇集团,浙江,全国地产,广宇集团股份有限公司,主板,SZSE,L,2007-04-27
002134.SZ,002134,天津普林,天津,元器件,天津普林电路股份有限公司,主板,SZSE,L,2007-05-16
002135.SZ,002135,东南网架,浙江,钢加工,浙江东南网架股份有限公司,主板,SZSE,L,2007-05-30
002136.SZ,002136,安纳达,安徽,化工原料,安徽安纳达钛业股份有限公司,主板,SZSE,L,2007-05-30
002137.SZ,002137,实益达,深圳,元器件,深圳市实益达科技股份有限公司,主板,SZSE,L,2007-06-13
002138.SZ,002138,顺络电子,深圳,元器件,深圳顺络电子股份有限公司,主板,SZSE,L,2007-06-13
002139.SZ,002139,拓邦股份,深圳,元器件,深圳拓邦股份有限公司,主板,SZSE,L,2007-06-29
002140.SZ,002140,东华科技,安徽,建筑工程,东华工程科技股份有限公司,主板,SZSE,L,2007-07-12
002141.SZ,002141,*ST贤丰,广东,农业综合,贤丰控股股份有限公司,主板,SZSE,L,2007-07-20
002142.SZ,002142,宁波银行,浙江,银行,宁波银行股份有限公司,主板,SZSE,L,2007-07-19
002144.SZ,002144,宏达高科,浙江,纺织,宏达高科控股股份有限公司,主板,SZSE,L,2007-08-03
002145.SZ,002145,中核钛白,甘肃,化工原料,中核华原钛白股份有限公司,主板,SZSE,L,2007-08-03
002146.SZ,002146,荣盛发展,河北,全国地产,荣盛房地产发展股份有限公司,主板,SZSE,L,2007-08-08
002148.SZ,002148,北纬科技,北京,互联网,北京北纬通信科技股份有限公司,主板,SZSE,L,2007-08-10
002149.SZ,002149,西部材料,陕西,小金属,西部金属材料股份有限公司,主板,SZSE,L,2007-08-10
002150.SZ,002150,通润装备,江苏,机械基件,江苏通润装备科技股份有限公司,主板,SZSE,L,2007-08-10
002151.SZ,002151,北斗星通,北京,通信设备,北京北斗星通导航技术股份有限公司,主板,SZSE,L,2007-08-13
002152.SZ,002152,广电运通,广东,IT设备,广电运通集团股份有限公司,主板,SZSE,L,2007-08-13
002153.SZ,002153,石基信息,北京,软件服务,北京中长石基信息技术股份有限公司,主板,SZSE,L,2007-08-13
002154.SZ,002154,报喜鸟,浙江,服饰,报喜鸟控股股份有限公司,主板,SZSE,L,2007-08-16
002155.SZ,002155,湖南黄金,湖南,黄金,湖南黄金股份有限公司,主板,SZSE,L,2007-08-16
002156.SZ,002156,通富微电,江苏,半导体,通富微电子股份有限公司,主板,SZSE,L,2007-08-16
002157.SZ,002157,*ST正邦,江西,农业综合,江西正邦科技股份有限公司,主板,SZSE,L,2007-08-17
002158.SZ,002158,汉钟精机,上海,工程机械,上海汉钟精机股份有限公司,主板,SZSE,L,2007-08-17
002159.SZ,002159,三特索道,湖北,旅游服务,武汉三特索道集团股份有限公司,主板,SZSE,L,2007-08-17
002160.SZ,002160,常铝股份,江苏,铝,江苏常铝铝业集团股份有限公司,主板,SZSE,L,2007-08-21
002161.SZ,002161,远望谷,深圳,通信设备,深圳市远望谷信息技术股份有限公司,主板,SZSE,L,2007-08-21
002162.SZ,002162,悦心健康,上海,陶瓷,上海悦心健康集团股份有限公司,主板,SZSE,L,2007-08-23
002163.SZ,002163,海南发展,深圳,装修装饰,海控南海发展股份有限公司,主板,SZSE,L,2007-08-23
002164.SZ,002164,宁波东力,浙江,机械基件,宁波东力股份有限公司,主板,SZSE,L,2007-08-23
002165.SZ,002165,红宝丽,江苏,化工原料,红宝丽集团股份有限公司,主板,SZSE,L,2007-09-13
002166.SZ,002166,莱茵生物,广西,中成药,桂林莱茵生物科技股份有限公司,主板,SZSE,L,2007-09-13
002167.SZ,002167,东方锆业,广东,小金属,广东东方锆业科技股份有限公司,主板,SZSE,L,2007-09-13
002168.SZ,002168,惠程科技,重庆,互联网,重庆惠程信息科技股份有限公司,主板,SZSE,L,2007-09-19
002169.SZ,002169,智光电气,广东,电气设备,广州智光电气股份有限公司,主板,SZSE,L,2007-09-19
002170.SZ,002170,芭田股份,深圳,农药化肥,深圳市芭田生态工程股份有限公司,主板,SZSE,L,2007-09-19
002171.SZ,002171,楚江新材,安徽,铜,安徽楚江科技新材料股份有限公司,主板,SZSE,L,2007-09-21
002172.SZ,002172,澳洋健康,江苏,医疗保健,江苏澳洋健康产业股份有限公司,主板,SZSE,L,2007-09-21
002173.SZ,002173,创新医疗,浙江,医疗保健,创新医疗管理股份有限公司,主板,SZSE,L,2007-09-25
002174.SZ,002174,游族网络,福建,互联网,游族网络股份有限公司,主板,SZSE,L,2007-09-25
002175.SZ,002175,东方智造,广西,电器仪表,广西东方智造科技股份有限公司,主板,SZSE,L,2007-10-12
002176.SZ,002176,江特电机,江西,小金属,江西特种电机股份有限公司,主板,SZSE,L,2007-10-12
002177.SZ,002177,御银股份,广东,其他商业,广州御银科技股份有限公司,主板,SZSE,L,2007-11-01
002178.SZ,002178,延华智能,上海,软件服务,上海延华智能科技(集团)股份有限公司,主板,SZSE,L,2007-11-01
002179.SZ,002179,中航光电,河南,元器件,中航光电科技股份有限公司,主板,SZSE,L,2007-11-01
002180.SZ,002180,纳思达,广东,IT设备,纳思达股份有限公司,主板,SZSE,L,2007-11-13
002181.SZ,002181,粤传媒,广东,出版业,广东广州日报传媒股份有限公司,主板,SZSE,L,2007-11-16
002182.SZ,002182,宝武镁业,江苏,小金属,宝武镁业科技股份有限公司,主板,SZSE,L,2007-11-13
002183.SZ,002183,怡亚通,深圳,仓储物流,深圳市怡亚通供应链股份有限公司,主板,SZSE,L,2007-11-13
002184.SZ,002184,海得控制,上海,软件服务,上海海得控制系统股份有限公司,主板,SZSE,L,2007-11-16
002185.SZ,002185,华天科技,甘肃,半导体,天水华天科技股份有限公司,主板,SZSE,L,2007-11-20
002186.SZ,002186,全聚德,北京,酒店餐饮,中国全聚德(集团)股份有限公司,主板,SZSE,L,2007-11-20
002187.SZ,002187,广百股份,广东,百货,广州市广百股份有限公司,主板,SZSE,L,2007-11-22
002188.SZ,002188,中天服务,浙江,房产服务,中天服务股份有限公司,主板,SZSE,L,2007-11-22
002189.SZ,002189,中光学,河南,元器件,中光学集团股份有限公司,主板,SZSE,L,2007-12-03
002190.SZ,002190,成飞集成,四川,汽车配件,四川成飞集成科技股份有限公司,主板,SZSE,L,2007-12-03
002191.SZ,002191,劲嘉股份,深圳,广告包装,深圳劲嘉集团股份有限公司,主板,SZSE,L,2007-12-05
002192.SZ,002192,融捷股份,广东,小金属,融捷股份有限公司,主板,SZSE,L,2007-12-05
002193.SZ,002193,如意集团,山东,纺织,山东如意毛纺服装集团股份有限公司,主板,SZSE,L,2007-12-07
002194.SZ,002194,武汉凡谷,湖北,通信设备,武汉凡谷电子技术股份有限公司,主板,SZSE,L,2007-12-07
002195.SZ,002195,岩山科技,上海,软件服务,上海岩山科技股份有限公司,主板,SZSE,L,2007-12-12
002196.SZ,002196,方正电机,浙江,纺织机械,浙江方正电机股份有限公司,主板,SZSE,L,2007-12-12
002197.SZ,002197,ST证通,深圳,IT设备,深圳市证通电子股份有限公司,主板,SZSE,L,2007-12-18
002198.SZ,002198,嘉应制药,广东,中成药,广东嘉应制药股份有限公司,主板,SZSE,L,2007-12-18
002199.SZ,002199,东晶电子,浙江,元器件,浙江东晶电子股份有限公司,主板,SZSE,L,2007-12-21
002200.SZ,002200,ST交投,云南,建筑工程,云南交投生态科技股份有限公司,主板,SZSE,L,2007-12-21
002201.SZ,002201,正威新材,江苏,玻璃,江苏正威新材料股份有限公司,主板,SZSE,L,2007-12-26
002202.SZ,002202,金风科技,新疆,电气设备,金风科技股份有限公司,主板,SZSE,L,2007-12-26
002203.SZ,002203,海亮股份,浙江,铜,浙江海亮股份有限公司,主板,SZSE,L,2008-01-16
002204.SZ,002204,大连重工,辽宁,专用机械,大连华锐重工集团股份有限公司,主板,SZSE,L,2008-01-16
002205.SZ,002205,国统股份,新疆,其他建材,新疆国统管道股份有限公司,主板,SZSE,L,2008-01-23
002206.SZ,002206,海利得,浙江,化纤,浙江海利得新材料股份有限公司,主板,SZSE,L,2008-01-23
002207.SZ,002207,准油股份,新疆,石油开采,新疆准东石油技术股份有限公司,主板,SZSE,L,2008-01-28
002208.SZ,002208,合肥城建,安徽,区域地产,合肥城建发展股份有限公司,主板,SZSE,L,2008-01-28
002209.SZ,002209,达意隆,广东,轻工机械,广州达意隆包装机械股份有限公司,主板,SZSE,L,2008-01-30
002210.SZ,002210,飞马国际,深圳,环境保护,深圳市飞马国际供应链股份有限公司,主板,SZSE,L,2008-01-30
002211.SZ,002211,宏达新材,上海,橡胶,上海宏达新材料股份有限公司,主板,SZSE,L,2008-02-01
002212.SZ,002212,天融信,广东,软件服务,天融信科技集团股份有限公司,主板,SZSE,L,2008-02-01
002213.SZ,002213,大为股份,深圳,半导体,深圳市大为创新科技股份有限公司,主板,SZSE,L,2008-02-01
002214.SZ,002214,大立科技,浙江,电器仪表,浙江大立科技股份有限公司,主板,SZSE,L,2008-02-18
002215.SZ,002215,诺普信,深圳,农药化肥,深圳诺普信作物科学股份有限公司,主板,SZSE,L,2008-02-18
002216.SZ,002216,三全食品,河南,食品,三全食品股份有限公司,主板,SZSE,L,2008-02-20
002217.SZ,002217,*ST合泰,福建,元器件,合力泰科技股份有限公司,主板,SZSE,L,2008-02-20
002218.SZ,002218,拓日新能,深圳,电气设备,深圳市拓日新能源科技股份有限公司,主板,SZSE,L,2008-02-28
002219.SZ,002219,新里程,甘肃,医疗保健,新里程健康科技集团股份有限公司,主板,SZSE,L,2008-03-06
002221.SZ,002221,东华能源,江苏,石油贸易,东华能源股份有限公司,主板,SZSE,L,2008-03-06
002222.SZ,002222,福晶科技,福建,元器件,福建福晶科技股份有限公司,主板,SZSE,L,2008-03-19
002223.SZ,002223,鱼跃医疗,江苏,医疗保健,江苏鱼跃医疗设备股份有限公司,主板,SZSE,L,2008-04-18
002224.SZ,002224,三力士,浙江,橡胶,三力士股份有限公司,主板,SZSE,L,2008-04-25
002225.SZ,002225,濮耐股份,河南,其他建材,濮阳濮耐高温材料(集团)股份有限公司,主板,SZSE,L,2008-04-25
002226.SZ,002226,江南化工,安徽,化工原料,安徽江南化工股份有限公司,主板,SZSE,L,2008-05-06
002227.SZ,002227,奥特迅,深圳,电气设备,深圳奥特迅电力设备股份有限公司,主板,SZSE,L,2008-05-06
002228.SZ,002228,合兴包装,福建,广告包装,厦门合兴包装印刷股份有限公司,主板,SZSE,L,2008-05-08
002229.SZ,002229,鸿博股份,福建,广告包装,鸿博股份有限公司,主板,SZSE,L,2008-05-08
002230.SZ,002230,科大讯飞,安徽,软件服务,科大讯飞股份有限公司,主板,SZSE,L,2008-05-12
002231.SZ,002231,奥维通信,辽宁,通信设备,奥维通信股份有限公司,主板,SZSE,L,2008-05-12
002232.SZ,002232,启明信息,吉林,软件服务,启明信息技术股份有限公司,主板,SZSE,L,2008-05-09
002233.SZ,002233,塔牌集团,广东,水泥,广东塔牌集团股份有限公司,主板,SZSE,L,2008-05-16
002234.SZ,002234,民和股份,山东,农业综合,山东民和牧业股份有限公司,主板,SZSE,L,2008-05-16
002235.SZ,002235,安妮股份,福建,造纸,厦门安妮股份有限公司,主板,SZSE,L,2008-05-16
002236.SZ,002236,大华股份,浙江,IT设备,浙江大华技术股份有限公司,主板,SZSE,L,2008-05-20
002237.SZ,002237,恒邦股份,山东,黄金,山东恒邦冶炼股份有限公司,主板,SZSE,L,2008-05-20
002238.SZ,002238,天威视讯,深圳,影视音像,深圳市天威视讯股份有限公司,主板,SZSE,L,2008-05-26
002239.SZ,002239,奥特佳,江苏,汽车配件,奥特佳新能源科技股份有限公司,主板,SZSE,L,2008-05-22
002240.SZ,002240,盛新锂能,四川,小金属,盛新锂能集团股份有限公司,主板,SZSE,L,2008-05-23
002241.SZ,002241,歌尔股份,山东,元器件,歌尔股份有限公司,主板,SZSE,L,2008-05-22
002242.SZ,002242,九阳股份,山东,家用电器,九阳股份有限公司,主板,SZSE,L,2008-05-28
002243.SZ,002243,力合科创,深圳,塑料,深圳市力合科创股份有限公司,主板,SZSE,L,2008-05-28
002244.SZ,002244,滨江集团,浙江,区域地产,杭州滨江房产集团股份有限公司,主板,SZSE,L,2008-05-29
002245.SZ,002245,蔚蓝锂芯,江苏,电气设备,江苏蔚蓝锂芯股份有限公司,主板,SZSE,L,2008-06-05
002246.SZ,002246,北化股份,四川,化工原料,北方化学工业股份有限公司,主板,SZSE,L,2008-06-05
002247.SZ,002247,聚力文化,浙江,其他建材,浙江聚力文化发展股份有限公司,主板,SZSE,L,2008-06-12
002248.SZ,002248,华东数控,山东,机床制造,威海华东数控股份有限公司,主板,SZSE,L,2008-06-12
002249.SZ,002249,大洋电机,广东,电气设备,中山大洋电机股份有限公司,主板,SZSE,L,2008-06-19
002250.SZ,002250,联化科技,浙江,化工原料,联化科技股份有限公司,主板,SZSE,L,2008-06-19
002251.SZ,002251,*ST步高,湖南,超市连锁,步步高商业连锁股份有限公司,主板,SZSE,L,2008-06-19
002252.SZ,002252,上海莱士,上海,生物制药,上海莱士血液制品股份有限公司,主板,SZSE,L,2008-06-23
002253.SZ,002253,川大智胜,四川,软件服务,四川川大智胜软件股份有限公司,主板,SZSE,L,2008-06-23
002254.SZ,002254,泰和新材,山东,化纤,泰和新材集团股份有限公司,主板,SZSE,L,2008-06-25
002255.SZ,002255,海陆重工,江苏,专用机械,苏州海陆重工股份有限公司,主板,SZSE,L,2008-06-25
002256.SZ,002256,兆新股份,深圳,新型电力,深圳市兆新能源股份有限公司,主板,SZSE,L,2008-06-25
002258.SZ,002258,利尔化学,四川,农药化肥,利尔化学股份有限公司,主板,SZSE,L,2008-07-08
002259.SZ,002259,ST升达,四川,供气供热,四川升达林业产业股份有限公司,主板,SZSE,L,2008-07-16
002261.SZ,002261,拓维信息,湖南,软件服务,拓维信息系统股份有限公司,主板,SZSE,L,2008-07-23
002262.SZ,002262,恩华药业,江苏,化学制药,江苏恩华药业股份有限公司,主板,SZSE,L,2008-07-23
002263.SZ,002263,大东南,浙江,塑料,浙江大东南股份有限公司,主板,SZSE,L,2008-07-28
002264.SZ,002264,新华都,福建,互联网,新华都科技股份有限公司,主板,SZSE,L,2008-07-31
002265.SZ,002265,建设工业,云南,专用机械,建设工业集团(云南)股份有限公司,主板,SZSE,L,2008-08-06
002266.SZ,002266,浙富控股,浙江,环境保护,浙富控股集团股份有限公司,主板,SZSE,L,2008-08-06
002267.SZ,002267,陕天然气,陕西,供气供热,陕西省天然气股份有限公司,主板,SZSE,L,2008-08-13
002268.SZ,002268,电科网安,四川,软件服务,中电科网络安全科技股份有限公司,主板,SZSE,L,2008-08-11
002269.SZ,002269,美邦服饰,上海,服饰,上海美特斯邦威服饰股份有限公司,主板,SZSE,L,2008-08-28
002270.SZ,002270,华明装备,山东,电气设备,华明电力装备股份有限公司,主板,SZSE,L,2008-09-05
002271.SZ,002271,东方雨虹,北京,其他建材,北京东方雨虹防水技术股份有限公司,主板,SZSE,L,2008-09-10
002272.SZ,002272,川润股份,四川,机械基件,四川川润股份有限公司,主板,SZSE,L,2008-09-19
002273.SZ,002273,水晶光电,浙江,元器件,浙江水晶光电科技股份有限公司,主板,SZSE,L,2008-09-19
002274.SZ,002274,华昌化工,江苏,农药化肥,江苏华昌化工股份有限公司,主板,SZSE,L,2008-09-25
002275.SZ,002275,桂林三金,广西,中成药,桂林三金药业股份有限公司,主板,SZSE,L,2009-07-10
002276.SZ,002276,万马股份,浙江,电气设备,浙江万马股份有限公司,主板,SZSE,L,2009-07-10
002277.SZ,002277,友阿股份,湖南,百货,湖南友谊阿波罗商业股份有限公司,主板,SZSE,L,2009-07-17
002278.SZ,002278,神开股份,上海,化工机械,上海神开石油化工装备股份有限公司,主板,SZSE,L,2009-08-11
002279.SZ,002279,久其软件,北京,软件服务,北京久其软件股份有限公司,主板,SZSE,L,2009-08-11
002280.SZ,002280,ST联络,浙江,软件服务,杭州联络互动信息科技股份有限公司,主板,SZSE,L,2009-08-21
002281.SZ,002281,光迅科技,湖北,通信设备,武汉光迅科技股份有限公司,主板,SZSE,L,2009-08-21
002282.SZ,002282,博深股份,河北,机械基件,博深股份有限公司,主板,SZSE,L,2009-08-21
002283.SZ,002283,天润工业,山东,汽车配件,天润工业技术股份有限公司,主板,SZSE,L,2009-08-21
002284.SZ,002284,亚太股份,浙江,汽车配件,浙江亚太机电股份有限公司,主板,SZSE,L,2009-08-28
002285.SZ,002285,世联行,深圳,房产服务,深圳世联行集团股份有限公司,主板,SZSE,L,2009-08-28
002286.SZ,002286,保龄宝,山东,食品,保龄宝生物股份有限公司,主板,SZSE,L,2009-08-28
002287.SZ,002287,奇正藏药,西藏,中成药,西藏奇正藏药股份有限公司,主板,SZSE,L,2009-08-28
002288.SZ,002288,*ST超华,广东,元器件,广东超华科技股份有限公司,主板,SZSE,L,2009-09-03
002289.SZ,002289,ST宇顺,深圳,元器件,深圳市宇顺电子股份有限公司,主板,SZSE,L,2009-09-03
002290.SZ,002290,禾盛新材,江苏,家用电器,苏州禾盛新型材料股份有限公司,主板,SZSE,L,2009-09-03
002291.SZ,002291,遥望科技,广东,广告包装,佛山遥望科技股份有限公司,主板,SZSE,L,2009-09-03
002292.SZ,002292,奥飞娱乐,广东,影视音像,奥飞娱乐股份有限公司,主板,SZSE,L,2009-09-10
002293.SZ,002293,罗莱生活,江苏,纺织,罗莱生活科技股份有限公司,主板,SZSE,L,2009-09-10
002294.SZ,002294,信立泰,深圳,化学制药,深圳信立泰药业股份有限公司,主板,SZSE,L,2009-09-10
002295.SZ,002295,精艺股份,广东,铜,广东精艺金属股份有限公司,主板,SZSE,L,2009-09-29
002296.SZ,002296,辉煌科技,河南,通信设备,河南辉煌科技股份有限公司,主板,SZSE,L,2009-09-29
002297.SZ,002297,博云新材,湖南,航空,湖南博云新材料股份有限公司,主板,SZSE,L,2009-09-29
002298.SZ,002298,中电兴发,安徽,软件服务,安徽中电兴发与鑫龙科技股份有限公司,主板,SZSE,L,2009-09-29
002299.SZ,002299,圣农发展,福建,农业综合,福建圣农发展股份有限公司,主板,SZSE,L,2009-10-21
002300.SZ,002300,太阳电缆,福建,电气设备,福建南平太阳电缆股份有限公司,主板,SZSE,L,2009-10-21
002301.SZ,002301,齐心集团,深圳,文教休闲,深圳齐心集团股份有限公司,主板,SZSE,L,2009-10-21
002302.SZ,002302,西部建设,新疆,水泥,中建西部建设股份有限公司,主板,SZSE,L,2009-11-03
002303.SZ,002303,美盈森,深圳,造纸,美盈森集团股份有限公司,主板,SZSE,L,2009-11-03
002304.SZ,002304,洋河股份,江苏,白酒,江苏洋河酒厂股份有限公司,主板,SZSE,L,2009-11-06
002305.SZ,002305,南国置业,湖北,区域地产,南国置业股份有限公司,主板,SZSE,L,2009-11-06
002306.SZ,002306,中科云网,北京,酒店餐饮,中科云网科技集团股份有限公司,主板,SZSE,L,2009-11-11
002307.SZ,002307,北新路桥,新疆,建筑工程,新疆北新路桥集团股份有限公司,主板,SZSE,L,2009-11-11
002308.SZ,002308,威创股份,广东,IT设备,威创集团股份有限公司,主板,SZSE,L,2009-11-27
002309.SZ,002309,*ST中利,江苏,电气设备,江苏中利集团股份有限公司,主板,SZSE,L,2009-11-27
002310.SZ,002310,*ST东园,北京,建筑工程,北京东方园林环境股份有限公司,主板,SZSE,L,2009-11-27
002311.SZ,002311,海大集团,广东,饲料,广东海大集团股份有限公司,主板,SZSE,L,2009-11-27
002312.SZ,002312,川发龙蟒,四川,化工原料,四川发展龙蟒股份有限公司,主板,SZSE,L,2009-12-03
002313.SZ,002313,日海智能,深圳,通信设备,日海智能科技股份有限公司,主板,SZSE,L,2009-12-03
002314.SZ,002314,南山控股,深圳,区域地产,深圳市新南山控股(集团)股份有限公司,主板,SZSE,L,2009-12-03
002315.SZ,002315,焦点科技,江苏,互联网,焦点科技股份有限公司,主板,SZSE,L,2009-12-09
002316.SZ,002316,亚联发展,吉林,软件服务,吉林亚联发展科技股份有限公司,主板,SZSE,L,2009-12-09
002317.SZ,002317,众生药业,广东,中成药,广东众生药业股份有限公司,主板,SZSE,L,2009-12-11
002318.SZ,002318,久立特材,浙江,特种钢,浙江久立特材科技股份有限公司,主板,SZSE,L,2009-12-11
002319.SZ,002319,乐通股份,广东,染料涂料,珠海市乐通化工股份有限公司,主板,SZSE,L,2009-12-11
002320.SZ,002320,海峡股份,海南,水运,海南海峡航运股份有限公司,主板,SZSE,L,2009-12-16
002321.SZ,002321,华英农业,河南,农业综合,河南华英农业发展股份有限公司,主板,SZSE,L,2009-12-16
002322.SZ,002322,理工能科,浙江,软件服务,宁波理工环境能源科技股份有限公司,主板,SZSE,L,2009-12-18
002323.SZ,002323,雅博股份,山东,建筑工程,山东雅博科技股份有限公司,主板,SZSE,L,2009-12-18
002324.SZ,002324,普利特,上海,塑料,上海普利特复合材料股份有限公司,主板,SZSE,L,2009-12-18
002325.SZ,002325,*ST洪涛,深圳,装修装饰,深圳洪涛集团股份有限公司,主板,SZSE,L,2009-12-22
002326.SZ,002326,永太科技,浙江,化工原料,浙江永太科技股份有限公司,主板,SZSE,L,2009-12-22
002327.SZ,002327,富安娜,深圳,纺织,深圳市富安娜家居用品股份有限公司,主板,SZSE,L,2009-12-30
002328.SZ,002328,新朋股份,上海,汽车配件,上海新朋实业股份有限公司,主板,SZSE,L,2009-12-30
002329.SZ,002329,皇氏集团,广西,乳制品,皇氏集团股份有限公司,主板,SZSE,L,2010-01-06
002330.SZ,002330,得利斯,山东,食品,山东得利斯食品股份有限公司,主板,SZSE,L,2010-01-06
002331.SZ,002331,皖通科技,安徽,软件服务,安徽皖通科技股份有限公司,主板,SZSE,L,2010-01-06
002332.SZ,002332,仙琚制药,浙江,化学制药,浙江仙琚制药股份有限公司,主板,SZSE,L,2010-01-12
002333.SZ,002333,罗普斯金,江苏,其他建材,中亿丰罗普斯金材料科技股份有限公司,主板,SZSE,L,2010-01-12
002334.SZ,002334,英威腾,深圳,电气设备,深圳市英威腾电气股份有限公司,主板,SZSE,L,2010-01-13
002335.SZ,002335,科华数据,福建,电气设备,科华数据股份有限公司,主板,SZSE,L,2010-01-13
002336.SZ,002336,*ST人乐,深圳,超市连锁,人人乐连锁商业集团股份有限公司,主板,SZSE,L,2010-01-13
002337.SZ,002337,赛象科技,天津,化工机械,天津赛象科技股份有限公司,主板,SZSE,L,2010-01-15
002338.SZ,002338,奥普光电,吉林,电器仪表,长春奥普光电技术股份有限公司,主板,SZSE,L,2010-01-15
002339.SZ,002339,积成电子,山东,电气设备,积成电子股份有限公司,主板,SZSE,L,2010-01-22
002340.SZ,002340,格林美,深圳,小金属,格林美股份有限公司,主板,SZSE,L,2010-01-22
002341.SZ,002341,ST新纶,深圳,化工原料,新纶新材料股份有限公司,主板,SZSE,L,2010-01-22
002342.SZ,002342,巨力索具,河北,机械基件,巨力索具股份有限公司,主板,SZSE,L,2010-01-26
002343.SZ,002343,慈文传媒,江西,影视音像,慈文传媒股份有限公司,主板,SZSE,L,2010-01-26
002344.SZ,002344,海宁皮城,浙江,商品城,海宁中国皮革城股份有限公司,主板,SZSE,L,2010-01-26
002345.SZ,002345,潮宏基,广东,服饰,广东潮宏基实业股份有限公司,主板,SZSE,L,2010-01-28
002346.SZ,002346,柘中股份,上海,电气设备,上海柘中集团股份有限公司,主板,SZSE,L,2010-01-28
002347.SZ,002347,泰尔股份,安徽,机械基件,泰尔重工股份有限公司,主板,SZSE,L,2010-01-28
002348.SZ,002348,高乐股份,广东,文教休闲,广东高乐股份有限公司,主板,SZSE,L,2010-02-03
002349.SZ,002349,精华制药,江苏,中成药,精华制药集团股份有限公司,主板,SZSE,L,2010-02-03
002350.SZ,002350,北京科锐,北京,电气设备,北京科锐配电自动化股份有限公司,主板,SZSE,L,2010-02-03
002351.SZ,002351,漫步者,深圳,IT设备,深圳市漫步者科技股份有限公司,主板,SZSE,L,2010-02-05
002352.SZ,002352,顺丰控股,深圳,仓储物流,顺丰控股股份有限公司,主板,SZSE,L,2010-02-05
002353.SZ,002353,杰瑞股份,山东,化工机械,烟台杰瑞石油服务集团股份有限公司,主板,SZSE,L,2010-02-05
002354.SZ,002354,天娱数科,辽宁,互联网,天娱数字科技(大连)集团股份有限公司,主板,SZSE,L,2010-02-09
002355.SZ,002355,兴民智通,山东,汽车配件,兴民智通(集团)股份有限公司,主板,SZSE,L,2010-02-09
002356.SZ,002356,赫美集团,深圳,其他商业,深圳赫美集团股份有限公司,主板,SZSE,L,2010-02-09
002357.SZ,002357,富临运业,四川,公路,四川富临运业集团股份有限公司,主板,SZSE,L,2010-02-10
002358.SZ,002358,森源电气,河南,电气设备,河南森源电气股份有限公司,主板,SZSE,L,2010-02-10
002360.SZ,002360,同德化工,山西,化工原料,山西同德化工股份有限公司,主板,SZSE,L,2010-03-03
002361.SZ,002361,神剑股份,安徽,化工原料,安徽神剑新材料股份有限公司,主板,SZSE,L,2010-03-03
002362.SZ,002362,汉王科技,北京,软件服务,汉王科技股份有限公司,主板,SZSE,L,2010-03-03
002363.SZ,002363,隆基机械,山东,汽车配件,山东隆基机械股份有限公司,主板,SZSE,L,2010-03-05
002364.SZ,002364,中恒电气,浙江,电气设备,杭州中恒电气股份有限公司,主板,SZSE,L,2010-03-05
002365.SZ,002365,永安药业,湖北,化学制药,潜江永安药业股份有限公司,主板,SZSE,L,2010-03-05
002366.SZ,002366,融发核电,四川,专用机械,融发核电设备股份有限公司,主板,SZSE,L,2010-03-12
002367.SZ,002367,康力电梯,江苏,运输设备,康力电梯股份有限公司,主板,SZSE,L,2010-03-12
002368.SZ,002368,太极股份,北京,软件服务,太极计算机股份有限公司,主板,SZSE,L,2010-03-12
002369.SZ,002369,卓翼科技,深圳,通信设备,深圳市卓翼科技股份有限公司,主板,SZSE,L,2010-03-16
002370.SZ,002370,亚太药业,浙江,化学制药,浙江亚太药业股份有限公司,主板,SZSE,L,2010-03-16
002371.SZ,002371,北方华创,北京,半导体,北方华创科技集团股份有限公司,主板,SZSE,L,2010-03-16
002372.SZ,002372,伟星新材,浙江,其他建材,浙江伟星新型建材股份有限公司,主板,SZSE,L,2010-03-18
002373.SZ,002373,千方科技,北京,软件服务,北京千方科技股份有限公司,主板,SZSE,L,2010-03-18
002374.SZ,002374,中锐股份,山东,广告包装,山东中锐产业发展股份有限公司,主板,SZSE,L,2010-03-18
002375.SZ,002375,亚厦股份,浙江,装修装饰,浙江亚厦装饰股份有限公司,主板,SZSE,L,2010-03-23
002376.SZ,002376,新北洋,山东,IT设备,山东新北洋信息技术股份有限公司,主板,SZSE,L,2010-03-23
002377.SZ,002377,国创高新,湖北,其他建材,湖北国创高新材料股份有限公司,主板,SZSE,L,2010-03-23
002378.SZ,002378,章源钨业,江西,小金属,崇义章源钨业股份有限公司,主板,SZSE,L,2010-03-31
002379.SZ,002379,宏创控股,山东,铝,山东宏创铝业控股股份有限公司,主板,SZSE,L,2010-03-31
002380.SZ,002380,科远智慧,江苏,软件服务,南京科远智慧科技集团股份有限公司,主板,SZSE,L,2010-03-31
002381.SZ,002381,双箭股份,浙江,橡胶,浙江双箭橡胶股份有限公司,主板,SZSE,L,2010-04-02
002382.SZ,002382,蓝帆医疗,山东,医疗保健,蓝帆医疗股份有限公司,主板,SZSE,L,2010-04-02
002383.SZ,002383,合众思壮,北京,通信设备,北京合众思壮科技股份有限公司,主板,SZSE,L,2010-04-02
002384.SZ,002384,东山精密,江苏,元器件,苏州东山精密制造股份有限公司,主板,SZSE,L,2010-04-09
002385.SZ,002385,大北农,北京,饲料,北京大北农科技集团股份有限公司,主板,SZSE,L,2010-04-09
002386.SZ,002386,天原股份,四川,化工原料,宜宾天原集团股份有限公司,主板,SZSE,L,2010-04-09
002387.SZ,002387,维信诺,江苏,元器件,维信诺科技股份有限公司,主板,SZSE,L,2010-04-13
002388.SZ,002388,新亚制程,浙江,元器件,新亚制程(浙江)股份有限公司,主板,SZSE,L,2010-04-13
002389.SZ,002389,航天彩虹,浙江,航空,航天彩虹无人机股份有限公司,主板,SZSE,L,2010-04-13
002390.SZ,002390,信邦制药,贵州,医药商业,贵州信邦制药股份有限公司,主板,SZSE,L,2010-04-16
002391.SZ,002391,长青股份,江苏,农药化肥,江苏长青农化股份有限公司,主板,SZSE,L,2010-04-16
002392.SZ,002392,北京利尔,北京,其他建材,北京利尔高温材料股份有限公司,主板,SZSE,L,2010-04-23
002393.SZ,002393,力生制药,天津,化学制药,天津力生制药股份有限公司,主板,SZSE,L,2010-04-23
002394.SZ,002394,联发股份,江苏,纺织,江苏联发纺织股份有限公司,主板,SZSE,L,2010-04-23
002395.SZ,002395,双象股份,江苏,塑料,无锡双象超纤材料股份有限公司,主板,SZSE,L,2010-04-29
002396.SZ,002396,星网锐捷,福建,通信设备,福建星网锐捷通讯股份有限公司,主板,SZSE,L,2010-06-23
002397.SZ,002397,梦洁股份,湖南,纺织,湖南梦洁家纺股份有限公司,主板,SZSE,L,2010-04-29
002398.SZ,002398,垒知集团,福建,其他建材,垒知控股集团股份有限公司,主板,SZSE,L,2010-05-06
002399.SZ,002399,海普瑞,深圳,化学制药,深圳市海普瑞药业集团股份有限公司,主板,SZSE,L,2010-05-06
002400.SZ,002400,省广集团,广东,广告包装,广东省广告集团股份有限公司,主板,SZSE,L,2010-05-06
002401.SZ,002401,中远海科,上海,软件服务,中远海运科技股份有限公司,主板,SZSE,L,2010-05-06
002402.SZ,002402,和而泰,深圳,元器件,深圳和而泰智能控制股份有限公司,主板,SZSE,L,2010-05-11
002403.SZ,002403,爱仕达,浙江,家用电器,爱仕达股份有限公司,主板,SZSE,L,2010-05-11
002404.SZ,002404,嘉欣丝绸,浙江,纺织,浙江嘉欣丝绸股份有限公司,主板,SZSE,L,2010-05-11
002405.SZ,002405,四维图新,北京,软件服务,北京四维图新科技股份有限公司,主板,SZSE,L,2010-05-18
002406.SZ,002406,远东传动,河南,汽车配件,许昌远东传动轴股份有限公司,主板,SZSE,L,2010-05-18
002407.SZ,002407,多氟多,河南,化工原料,多氟多新材料股份有限公司,主板,SZSE,L,2010-05-18
002408.SZ,002408,齐翔腾达,山东,化工原料,淄博齐翔腾达化工股份有限公司,主板,SZSE,L,2010-05-18
002409.SZ,002409,雅克科技,江苏,半导体,江苏雅克科技股份有限公司,主板,SZSE,L,2010-05-25
002410.SZ,002410,广联达,北京,软件服务,广联达科技股份有限公司,主板,SZSE,L,2010-05-25
002412.SZ,002412,汉森制药,湖南,中成药,湖南汉森制药股份有限公司,主板,SZSE,L,2010-05-25
002413.SZ,002413,雷科防务,北京,通信设备,北京雷科防务科技股份有限公司,主板,SZSE,L,2010-05-28
002414.SZ,002414,高德红外,湖北,电器仪表,武汉高德红外股份有限公司,主板,SZSE,L,2010-07-16
002415.SZ,002415,海康威视,浙江,IT设备,杭州海康威视数字技术股份有限公司,主板,SZSE,L,2010-05-28
002416.SZ,002416,爱施德,深圳,电器连锁,深圳市爱施德股份有限公司,主板,SZSE,L,2010-05-28
002418.SZ,002418,康盛股份,浙江,家用电器,浙江康盛股份有限公司,主板,SZSE,L,2010-06-01
002419.SZ,002419,天虹股份,深圳,百货,天虹数科商业股份有限公司,主板,SZSE,L,2010-06-01
002420.SZ,002420,毅昌科技,广东,家用电器,广州毅昌科技股份有限公司,主板,SZSE,L,2010-06-01
002421.SZ,002421,达实智能,深圳,软件服务,深圳达实智能股份有限公司,主板,SZSE,L,2010-06-03
002422.SZ,002422,科伦药业,四川,化学制药,四川科伦药业股份有限公司,主板,SZSE,L,2010-06-03
002423.SZ,002423,中粮资本,河南,多元金融,中粮资本控股股份有限公司,主板,SZSE,L,2010-06-03
002424.SZ,002424,ST百灵,贵州,中成药,贵州百灵企业集团制药股份有限公司,主板,SZSE,L,2010-06-03
002425.SZ,002425,凯撒文化,广东,互联网,凯撒(中国)文化股份有限公司,主板,SZSE,L,2010-06-08
002426.SZ,002426,胜利精密,江苏,元器件,苏州胜利精密制造科技股份有限公司,主板,SZSE,L,2010-06-08
002427.SZ,002427,尤夫股份,浙江,化纤,浙江尤夫高新纤维股份有限公司,主板,SZSE,L,2010-06-08
002428.SZ,002428,云南锗业,云南,小金属,云南临沧鑫圆锗业股份有限公司,主板,SZSE,L,2010-06-08
002429.SZ,002429,兆驰股份,深圳,家用电器,深圳市兆驰股份有限公司,主板,SZSE,L,2010-06-10
002430.SZ,002430,杭氧股份,浙江,化工机械,杭氧集团股份有限公司,主板,SZSE,L,2010-06-10
002431.SZ,002431,棕榈股份,河南,建筑工程,棕榈生态城镇发展股份有限公司,主板,SZSE,L,2010-06-10
002432.SZ,002432,九安医疗,天津,医疗保健,天津九安医疗电子股份有限公司,主板,SZSE,L,2010-06-10
002433.SZ,002433,*ST太安,广东,中成药,广东太安堂药业股份有限公司,主板,SZSE,L,2010-06-18
002434.SZ,002434,万里扬,浙江,汽车配件,浙江万里扬股份有限公司,主板,SZSE,L,2010-06-18
002435.SZ,002435,ST长康,江苏,化学制药,长江润发健康产业股份有限公司,主板,SZSE,L,2010-06-18
002436.SZ,002436,兴森科技,深圳,元器件,深圳市兴森快捷电路科技股份有限公司,主板,SZSE,L,2010-06-18
002437.SZ,002437,誉衡药业,黑龙江,化学制药,哈尔滨誉衡药业股份有限公司,主板,SZSE,L,2010-06-23
002438.SZ,002438,江苏神通,江苏,机械基件,江苏神通阀门股份有限公司,主板,SZSE,L,2010-06-23
002439.SZ,002439,启明星辰,北京,软件服务,启明星辰信息技术集团股份有限公司,主板,SZSE,L,2010-06-23
002440.SZ,002440,闰土股份,浙江,染料涂料,浙江闰土股份有限公司,主板,SZSE,L,2010-07-06
002441.SZ,002441,众业达,广东,电气设备,众业达电气股份有限公司,主板,SZSE,L,2010-07-06
002442.SZ,002442,龙星化工,河北,化工原料,龙星化工股份有限公司,主板,SZSE,L,2010-07-06
002443.SZ,002443,金洲管道,浙江,钢加工,浙江金洲管道科技股份有限公司,主板,SZSE,L,2010-07-06
002444.SZ,002444,巨星科技,浙江,轻工机械,杭州巨星科技股份有限公司,主板,SZSE,L,2010-07-13
002445.SZ,002445,中南文化,江苏,钢加工,中南红文化集团股份有限公司,主板,SZSE,L,2010-07-13
002446.SZ,002446,盛路通信,广东,通信设备,广东盛路通信科技股份有限公司,主板,SZSE,L,2010-07-13
002448.SZ,002448,中原内配,河南,汽车配件,中原内配集团股份有限公司,主板,SZSE,L,2010-07-16
002449.SZ,002449,国星光电,广东,半导体,佛山市国星光电股份有限公司,主板,SZSE,L,2010-07-16
002451.SZ,002451,摩恩电气,上海,电气设备,上海摩恩电气股份有限公司,主板,SZSE,L,2010-07-20
002452.SZ,002452,长高电新,湖南,电气设备,长高电新科技股份公司,主板,SZSE,L,2010-07-20
002453.SZ,002453,华软科技,江苏,化工原料,金陵华软科技股份有限公司,主板,SZSE,L,2010-07-20
002454.SZ,002454,松芝股份,上海,汽车配件,上海加冷松芝汽车空调股份有限公司,主板,SZSE,L,2010-07-20
002455.SZ,002455,百川股份,江苏,化工原料,江苏百川高科新材料股份有限公司,主板,SZSE,L,2010-08-03
002456.SZ,002456,欧菲光,深圳,元器件,欧菲光集团股份有限公司,主板,SZSE,L,2010-08-03
002457.SZ,002457,青龙管业,宁夏,塑料,宁夏青龙管业集团股份有限公司,主板,SZSE,L,2010-08-03
002458.SZ,002458,益生股份,山东,农业综合,山东益生种畜禽股份有限公司,主板,SZSE,L,2010-08-10
002459.SZ,002459,晶澳科技,河北,电气设备,晶澳太阳能科技股份有限公司,主板,SZSE,L,2010-08-10
002460.SZ,002460,赣锋锂业,江西,小金属,江西赣锋锂业集团股份有限公司,主板,SZSE,L,2010-08-10
002461.SZ,002461,珠江啤酒,广东,啤酒,广州珠江啤酒股份有限公司,主板,SZSE,L,2010-08-18
002462.SZ,002462,嘉事堂,北京,医药商业,嘉事堂药业股份有限公司,主板,SZSE,L,2010-08-18
002463.SZ,002463,沪电股份,江苏,元器件,沪士电子股份有限公司,主板,SZSE,L,2010-08-18
002465.SZ,002465,海格通信,广东,通信设备,广州海格通信集团股份有限公司,主板,SZSE,L,2010-08-31
002466.SZ,002466,天齐锂业,四川,小金属,天齐锂业股份有限公司,主板,SZSE,L,2010-08-31
002467.SZ,002467,二六三,北京,互联网,二六三网络通信股份有限公司,主板,SZSE,L,2010-09-08
002468.SZ,002468,申通快递,浙江,仓储物流,申通快递股份有限公司,主板,SZSE,L,2010-09-08
002469.SZ,002469,三维化学,山东,化工原料,山东三维化学集团股份有限公司,主板,SZSE,L,2010-09-08
002470.SZ,002470,金正大,山东,农药化肥,金正大生态工程集团股份有限公司,主板,SZSE,L,2010-09-08
002471.SZ,002471,中超控股,江苏,电气设备,江苏中超控股股份有限公司,主板,SZSE,L,2010-09-10
002472.SZ,002472,双环传动,浙江,汽车配件,浙江双环传动机械股份有限公司,主板,SZSE,L,2010-09-10
002474.SZ,002474,榕基软件,福建,软件服务,福建榕基软件股份有限公司,主板,SZSE,L,2010-09-15
002475.SZ,002475,立讯精密,深圳,元器件,立讯精密工业股份有限公司,主板,SZSE,L,2010-09-15
002476.SZ,002476,宝莫股份,山东,化工原料,山东宝莫生物化工股份有限公司,主板,SZSE,L,2010-09-15
002478.SZ,002478,常宝股份,江苏,钢加工,江苏常宝钢管股份有限公司,主板,SZSE,L,2010-09-21
002479.SZ,002479,富春环保,浙江,环境保护,浙江富春江环保热电股份有限公司,主板,SZSE,L,2010-09-21
002480.SZ,002480,新筑股份,四川,机械基件,成都市新筑路桥机械股份有限公司,主板,SZSE,L,2010-09-21
002481.SZ,002481,双塔食品,山东,食品,烟台双塔食品股份有限公司,主板,SZSE,L,2010-09-21
002482.SZ,002482,*ST广田,深圳,装修装饰,深圳广田集团股份有限公司,主板,SZSE,L,2010-09-29
002483.SZ,002483,润邦股份,江苏,工程机械,江苏润邦重工股份有限公司,主板,SZSE,L,2010-09-29
002484.SZ,002484,江海股份,江苏,元器件,南通江海电容器股份有限公司,主板,SZSE,L,2010-09-29
002485.SZ,002485,ST雪发,山东,商贸代理,雪松发展股份有限公司,主板,SZSE,L,2010-10-15
002486.SZ,002486,嘉麟杰,上海,服饰,上海嘉麟杰纺织品股份有限公司,主板,SZSE,L,2010-10-15
002487.SZ,002487,大金重工,辽宁,电气设备,大金重工股份有限公司,主板,SZSE,L,2010-10-15
002488.SZ,002488,金固股份,浙江,汽车配件,浙江金固股份有限公司,主板,SZSE,L,2010-10-21
002489.SZ,002489,浙江永强,浙江,家居用品,浙江永强集团股份有限公司,主板,SZSE,L,2010-10-21
002490.SZ,002490,ST墨龙,山东,化工机械,山东墨龙石油机械股份有限公司,主板,SZSE,L,2010-10-21
002491.SZ,002491,通鼎互联,江苏,通信设备,通鼎互联信息股份有限公司,主板,SZSE,L,2010-10-21
002492.SZ,002492,恒基达鑫,广东,仓储物流,珠海恒基达鑫国际化工仓储股份有限公司,主板,SZSE,L,2010-11-02
002493.SZ,002493,荣盛石化,浙江,化纤,荣盛石化股份有限公司,主板,SZSE,L,2010-11-02
002494.SZ,002494,华斯股份,河北,服饰,华斯控股股份有限公司,主板,SZSE,L,2010-11-02
002495.SZ,002495,佳隆股份,广东,食品,广东佳隆食品股份有限公司,主板,SZSE,L,2010-11-02
002496.SZ,002496,辉丰股份,江苏,农药化肥,江苏辉丰生物农业股份有限公司,主板,SZSE,L,2010-11-09
002497.SZ,002497,雅化集团,四川,小金属,四川雅化实业集团股份有限公司,主板,SZSE,L,2010-11-09
002498.SZ,002498,汉缆股份,山东,电气设备,青岛汉缆股份有限公司,主板,SZSE,L,2010-11-09
002500.SZ,002500,山西证券,山西,证券,山西证券股份有限公司,主板,SZSE,L,2010-11-15
002501.SZ,002501,利源股份,吉林,铝,吉林利源精制股份有限公司,主板,SZSE,L,2010-11-17
002502.SZ,002502,ST鼎龙,广东,互联网,鼎龙文化股份有限公司,主板,SZSE,L,2010-11-17
002505.SZ,002505,鹏都农牧,湖南,商贸代理,鹏都农牧股份有限公司,主板,SZSE,L,2010-11-18
002506.SZ,002506,协鑫集成,上海,电气设备,协鑫集成科技股份有限公司,主板,SZSE,L,2010-11-18
002507.SZ,002507,涪陵榨菜,重庆,食品,重庆市涪陵榨菜集团股份有限公司,主板,SZSE,L,2010-11-23
002508.SZ,002508,老板电器,浙江,家用电器,杭州老板电器股份有限公司,主板,SZSE,L,2010-11-23
002510.SZ,002510,天汽模,天津,汽车配件,天津汽车模具股份有限公司,主板,SZSE,L,2010-11-25
002511.SZ,002511,中顺洁柔,广东,造纸,中顺洁柔纸业股份有限公司,主板,SZSE,L,2010-11-25
002512.SZ,002512,达华智能,福建,元器件,福州达华智能科技股份有限公司,主板,SZSE,L,2010-12-03
002513.SZ,002513,蓝丰生化,江苏,农药化肥,江苏蓝丰生物化工股份有限公司,主板,SZSE,L,2010-12-03
002514.SZ,002514,宝馨科技,江苏,机械基件,江苏宝馨科技股份有限公司,主板,SZSE,L,2010-12-03
002515.SZ,002515,金字火腿,浙江,食品,金字火腿股份有限公司,主板,SZSE,L,2010-12-03
002516.SZ,002516,旷达科技,江苏,汽车配件,旷达科技集团股份有限公司,主板,SZSE,L,2010-12-07
002517.SZ,002517,恺英网络,福建,互联网,恺英网络股份有限公司,主板,SZSE,L,2010-12-07
002518.SZ,002518,科士达,深圳,电气设备,深圳科士达科技股份有限公司,主板,SZSE,L,2010-12-07
002519.SZ,002519,银河电子,江苏,通信设备,江苏银河电子股份有限公司,主板,SZSE,L,2010-12-07
002520.SZ,002520,日发精机,浙江,机床制造,浙江日发精密机械股份有限公司,主板,SZSE,L,2010-12-10
002521.SZ,002521,齐峰新材,山东,造纸,齐峰新材料股份有限公司,主板,SZSE,L,2010-12-10
002522.SZ,002522,浙江众成,浙江,塑料,浙江众成包装材料股份有限公司,主板,SZSE,L,2010-12-10
002523.SZ,002523,天桥起重,湖南,工程机械,株洲天桥起重机股份有限公司,主板,SZSE,L,2010-12-10
002524.SZ,002524,光正眼科,新疆,医疗保健,光正眼科医院集团股份有限公司,主板,SZSE,L,2010-12-17
002526.SZ,002526,山东矿机,山东,工程机械,山东矿机集团股份有限公司,主板,SZSE,L,2010-12-17
002527.SZ,002527,新时达,上海,电器仪表,上海新时达电气股份有限公司,主板,SZSE,L,2010-12-24
002528.SZ,002528,ST英飞拓,深圳,IT设备,深圳英飞拓科技股份有限公司,主板,SZSE,L,2010-12-24
002529.SZ,002529,海源复材,江西,专用机械,江西海源复合材料科技股份有限公司,主板,SZSE,L,2010-12-24
002530.SZ,002530,金财互联,江苏,专用机械,金财互联控股股份有限公司,主板,SZSE,L,2010-12-31
002531.SZ,002531,天顺风能,江苏,电气设备,天顺风能(苏州)股份有限公司,主板,SZSE,L,2010-12-31
002532.SZ,002532,天山铝业,浙江,铝,天山铝业集团股份有限公司,主板,SZSE,L,2010-12-31
002533.SZ,002533,金杯电工,湖南,电气设备,金杯电工股份有限公司,主板,SZSE,L,2010-12-31
002534.SZ,002534,西子洁能,浙江,专用机械,西子清洁能源装备制造股份有限公司,主板,SZSE,L,2011-01-10
002535.SZ,002535,林州重机,河南,工程机械,林州重机集团股份有限公司,主板,SZSE,L,2011-01-11
002536.SZ,002536,飞龙股份,河南,汽车配件,飞龙汽车部件股份有限公司,主板,SZSE,L,2011-01-11
002537.SZ,002537,海联金汇,山东,汽车配件,海联金汇科技股份有限公司,主板,SZSE,L,2011-01-10
002538.SZ,002538,司尔特,安徽,农药化肥,安徽省司尔特肥业股份有限公司,主板,SZSE,L,2011-01-18
002539.SZ,002539,云图控股,四川,农药化肥,成都云图控股股份有限公司,主板,SZSE,L,2011-01-18
002540.SZ,002540,亚太科技,江苏,铝,江苏亚太轻合金科技股份有限公司,主板,SZSE,L,2011-01-18
002541.SZ,002541,鸿路钢构,安徽,钢加工,安徽鸿路钢结构(集团)股份有限公司,主板,SZSE,L,2011-01-18
002542.SZ,002542,中化岩土,北京,建筑工程,中化岩土集团股份有限公司,主板,SZSE,L,2011-01-28
002543.SZ,002543,万和电气,广东,家用电器,广东万和新电气股份有限公司,主板,SZSE,L,2011-01-28
002544.SZ,002544,普天科技,广东,通信设备,中电科普天科技股份有限公司,主板,SZSE,L,2011-01-28
002545.SZ,002545,东方铁塔,山东,农药化肥,青岛东方铁塔股份有限公司,主板,SZSE,L,2011-02-11
002546.SZ,002546,新联电子,江苏,电气设备,南京新联电子股份有限公司,主板,SZSE,L,2011-02-11
002547.SZ,002547,春兴精工,江苏,汽车配件,苏州春兴精工股份有限公司,主板,SZSE,L,2011-02-18
002548.SZ,002548,金新农,深圳,饲料,深圳市金新农科技股份有限公司,主板,SZSE,L,2011-02-18
002549.SZ,002549,凯美特气,湖南,环境保护,湖南凯美特气体股份有限公司,主板,SZSE,L,2011-02-18
002550.SZ,002550,千红制药,江苏,生物制药,常州千红生化制药股份有限公司,主板,SZSE,L,2011-02-18
002551.SZ,002551,尚荣医疗,深圳,医疗保健,深圳市尚荣医疗股份有限公司,主板,SZSE,L,2011-02-25
002552.SZ,002552,宝鼎科技,浙江,元器件,宝鼎科技股份有限公司,主板,SZSE,L,2011-02-25
002553.SZ,002553,南方精工,江苏,汽车配件,江苏南方精工股份有限公司,主板,SZSE,L,2011-02-25
002554.SZ,002554,惠博普,湖南,石油开采,华油惠博普科技股份有限公司,主板,SZSE,L,2011-02-25
002555.SZ,002555,三七互娱,安徽,互联网,三七互娱网络科技集团股份有限公司,主板,SZSE,L,2011-03-02
002556.SZ,002556,辉隆股份,安徽,农药化肥,安徽辉隆农资集团股份有限公司,主板,SZSE,L,2011-03-02
002557.SZ,002557,洽洽食品,安徽,食品,洽洽食品股份有限公司,主板,SZSE,L,2011-03-02
002558.SZ,002558,巨人网络,重庆,互联网,巨人网络集团股份有限公司,主板,SZSE,L,2011-03-02
002559.SZ,002559,亚威股份,江苏,机床制造,江苏亚威机床股份有限公司,主板,SZSE,L,2011-03-03
002560.SZ,002560,通达股份,河南,电气设备,河南通达电缆股份有限公司,主板,SZSE,L,2011-03-03
002561.SZ,002561,徐家汇,上海,百货,上海徐家汇商城股份有限公司,主板,SZSE,L,2011-03-03
002562.SZ,002562,兄弟科技,浙江,化学制药,兄弟科技股份有限公司,主板,SZSE,L,2011-03-10
002563.SZ,002563,森马服饰,浙江,服饰,浙江森马服饰股份有限公司,主板,SZSE,L,2011-03-11
002564.SZ,002564,*ST天沃,江苏,化工机械,苏州天沃科技股份有限公司,主板,SZSE,L,2011-03-10
002565.SZ,002565,顺灏股份,上海,造纸,上海顺灏新材料科技股份有限公司,主板,SZSE,L,2011-03-18
002566.SZ,002566,益盛药业,吉林,中成药,吉林省集安益盛药业股份有限公司,主板,SZSE,L,2011-03-18
002567.SZ,002567,唐人神,湖南,饲料,唐人神集团股份有限公司,主板,SZSE,L,2011-03-25
002568.SZ,002568,百润股份,上海,红黄酒,上海百润投资控股集团股份有限公司,主板,SZSE,L,2011-03-25
002569.SZ,002569,ST步森,浙江,服饰,浙江步森服饰股份有限公司,主板,SZSE,L,2011-04-12
002570.SZ,002570,贝因美,浙江,乳制品,贝因美股份有限公司,主板,SZSE,L,2011-04-12
002571.SZ,002571,德力股份,安徽,家居用品,安徽德力日用玻璃股份有限公司,主板,SZSE,L,2011-04-12
002572.SZ,002572,索菲亚,广东,家居用品,索菲亚家居股份有限公司,主板,SZSE,L,2011-04-12
002573.SZ,002573,清新环境,北京,环境保护,北京清新环境技术股份有限公司,主板,SZSE,L,2011-04-22
002574.SZ,002574,明牌珠宝,浙江,服饰,浙江明牌珠宝股份有限公司,主板,SZSE,L,2011-04-22
002575.SZ,002575,群兴玩具,广东,文教休闲,广东群兴玩具股份有限公司,主板,SZSE,L,2011-04-22
002576.SZ,002576,通达动力,江苏,电气设备,江苏通达动力科技股份有限公司,主板,SZSE,L,2011-04-28
002577.SZ,002577,雷柏科技,深圳,IT设备,深圳雷柏科技股份有限公司,主板,SZSE,L,2011-04-28
002578.SZ,002578,闽发铝业,福建,铝,福建省闽发铝业股份有限公司,主板,SZSE,L,2011-04-28
002579.SZ,002579,中京电子,广东,元器件,惠州中京电子科技股份有限公司,主板,SZSE,L,2011-05-06
002580.SZ,002580,圣阳股份,山东,电气设备,山东圣阳电源股份有限公司,主板,SZSE,L,2011-05-06
002581.SZ,002581,未名医药,山东,生物制药,山东未名生物医药股份有限公司,主板,SZSE,L,2011-05-20
002582.SZ,002582,好想你,河南,食品,好想你健康食品股份有限公司,主板,SZSE,L,2011-05-20
002583.SZ,002583,海能达,深圳,通信设备,海能达通信股份有限公司,主板,SZSE,L,2011-05-27
002584.SZ,002584,西陇科学,广东,化工原料,西陇科学股份有限公司,主板,SZSE,L,2011-06-02
002585.SZ,002585,双星新材,江苏,塑料,江苏双星彩塑新材料股份有限公司,主板,SZSE,L,2011-06-02
002586.SZ,002586,*ST围海,浙江,建筑工程,浙江省围海建设集团股份有限公司,主板,SZSE,L,2011-06-02
002587.SZ,002587,奥拓电子,深圳,元器件,深圳市奥拓电子股份有限公司,主板,SZSE,L,2011-06-10
002588.SZ,002588,史丹利,山东,农药化肥,史丹利农业集团股份有限公司,主板,SZSE,L,2011-06-10
002589.SZ,002589,瑞康医药,山东,医药商业,瑞康医药集团股份有限公司,主板,SZSE,L,2011-06-10
002590.SZ,002590,万安科技,浙江,汽车配件,浙江万安科技股份有限公司,主板,SZSE,L,2011-06-10
002591.SZ,002591,恒大高新,江西,环境保护,江西恒大高新技术股份有限公司,主板,SZSE,L,2011-06-21
002592.SZ,002592,ST八菱,广西,汽车配件,南宁八菱科技股份有限公司,主板,SZSE,L,2011-11-11
002593.SZ,002593,日上集团,福建,钢加工,厦门日上集团股份有限公司,主板,SZSE,L,2011-06-28
002594.SZ,002594,比亚迪,深圳,汽车整车,比亚迪股份有限公司,主板,SZSE,L,2011-06-30
002595.SZ,002595,豪迈科技,山东,专用机械,山东豪迈机械科技股份有限公司,主板,SZSE,L,2011-06-28
002596.SZ,002596,海南瑞泽,海南,其他建材,海南瑞泽新型建材股份有限公司,主板,SZSE,L,2011-07-07
002597.SZ,002597,金禾实业,安徽,食品,安徽金禾实业股份有限公司,主板,SZSE,L,2011-07-07
002598.SZ,002598,山东章鼓,山东,机械基件,山东省章丘鼓风机股份有限公司,主板,SZSE,L,2011-07-07
002599.SZ,002599,盛通股份,北京,广告包装,北京盛通印刷股份有限公司,主板,SZSE,L,2011-07-15
002600.SZ,002600,领益智造,广东,元器件,广东领益智造股份有限公司,主板,SZSE,L,2011-07-15
002601.SZ,002601,龙佰集团,河南,化工原料,龙佰集团股份有限公司,主板,SZSE,L,2011-07-15
002602.SZ,002602,世纪华通,浙江,互联网,浙江世纪华通集团股份有限公司,主板,SZSE,L,2011-07-28
002603.SZ,002603,以岭药业,河北,中成药,石家庄以岭药业股份有限公司,主板,SZSE,L,2011-07-28
002605.SZ,002605,姚记科技,上海,互联网,上海姚记科技股份有限公司,主板,SZSE,L,2011-08-05
002606.SZ,002606,大连电瓷,辽宁,电气设备,大连电瓷集团股份有限公司,主板,SZSE,L,2011-08-05
002607.SZ,002607,中公教育,安徽,文教休闲,中公教育科技股份有限公司,主板,SZSE,L,2011-08-10
002608.SZ,002608,江苏国信,江苏,火力发电,江苏国信股份有限公司,主板,SZSE,L,2011-08-10
002609.SZ,002609,捷顺科技,深圳,软件服务,深圳市捷顺科技实业股份有限公司,主板,SZSE,L,2011-08-15
002610.SZ,002610,ST爱康,浙江,电气设备,浙江爱康新能源科技股份有限公司,主板,SZSE,L,2011-08-15
002611.SZ,002611,东方精工,广东,轻工机械,广东东方精工科技股份有限公司,主板,SZSE,L,2011-08-30
002612.SZ,002612,朗姿股份,北京,服饰,朗姿股份有限公司,主板,SZSE,L,2011-08-30
002613.SZ,002613,北玻股份,河南,专用机械,洛阳北方玻璃技术股份有限公司,主板,SZSE,L,2011-08-30
002614.SZ,002614,奥佳华,福建,家用电器,奥佳华智能健康科技集团股份有限公司,主板,SZSE,L,2011-09-09
002615.SZ,002615,哈尔斯,浙江,家居用品,浙江哈尔斯真空器皿股份有限公司,主板,SZSE,L,2011-09-09
002616.SZ,002616,长青集团,广东,环境保护,广东长青(集团)股份有限公司,主板,SZSE,L,2011-09-20
002617.SZ,002617,露笑科技,浙江,电气设备,露笑科技股份有限公司,主板,SZSE,L,2011-09-20
002620.SZ,002620,瑞和股份,深圳,装修装饰,深圳瑞和建筑装饰股份有限公司,主板,SZSE,L,2011-09-29
002621.SZ,002621,*ST美吉,辽宁,文教休闲,大连美吉姆教育科技股份有限公司,主板,SZSE,L,2011-09-29
002622.SZ,002622,皓宸医疗,吉林,医疗保健,皓宸医疗科技股份有限公司,主板,SZSE,L,2011-10-18
002623.SZ,002623,亚玛顿,江苏,玻璃,常州亚玛顿股份有限公司,主板,SZSE,L,2011-10-13
002624.SZ,002624,完美世界,浙江,互联网,完美世界股份有限公司,主板,SZSE,L,2011-10-28
002625.SZ,002625,光启技术,深圳,航空,光启技术股份有限公司,主板,SZSE,L,2011-11-03
002626.SZ,002626,金达威,福建,医疗保健,厦门金达威集团股份有限公司,主板,SZSE,L,2011-10-28
002627.SZ,002627,三峡旅游,湖北,旅游景点,湖北三峡旅游集团股份有限公司,主板,SZSE,L,2011-11-03
002628.SZ,002628,成都路桥,四川,建筑工程,成都市路桥工程股份有限公司,主板,SZSE,L,2011-11-03
002629.SZ,002629,仁智股份,浙江,石油开采,浙江仁智股份有限公司,主板,SZSE,L,2011-11-03
002630.SZ,002630,华西能源,四川,专用机械,华西能源工业股份有限公司,主板,SZSE,L,2011-11-11
002631.SZ,002631,德尔未来,江苏,家居用品,德尔未来科技控股集团股份有限公司,主板,SZSE,L,2011-11-11
002632.SZ,002632,道明光学,浙江,塑料,道明光学股份有限公司,主板,SZSE,L,2011-11-22
002633.SZ,002633,申科股份,浙江,机械基件,申科滑动轴承股份有限公司,主板,SZSE,L,2011-11-22
002634.SZ,002634,棒杰股份,浙江,服饰,浙江棒杰控股集团股份有限公司,主板,SZSE,L,2011-12-05
002635.SZ,002635,安洁科技,江苏,元器件,苏州安洁科技股份有限公司,主板,SZSE,L,2011-11-25
002636.SZ,002636,金安国纪,上海,元器件,金安国纪集团股份有限公司,主板,SZSE,L,2011-11-25
002637.SZ,002637,赞宇科技,浙江,日用化工,赞宇科技集团股份有限公司,主板,SZSE,L,2011-11-25
002638.SZ,002638,勤上股份,广东,半导体,东莞勤上光电股份有限公司,主板,SZSE,L,2011-11-25
002639.SZ,002639,雪人股份,福建,专用机械,福建雪人股份有限公司,主板,SZSE,L,2011-12-05
002640.SZ,002640,跨境通,山西,互联网,跨境通宝电子商务股份有限公司,主板,SZSE,L,2011-12-08
002641.SZ,002641,公元股份,浙江,塑料,公元股份有限公司,主板,SZSE,L,2011-12-08
002642.SZ,002642,荣联科技,北京,软件服务,荣联科技集团股份有限公司,主板,SZSE,L,2011-12-20
002643.SZ,002643,万润股份,山东,化工原料,中节能万润股份有限公司,主板,SZSE,L,2011-12-20
002644.SZ,002644,佛慈制药,甘肃,中成药,兰州佛慈制药股份有限公司,主板,SZSE,L,2011-12-22
002645.SZ,002645,华宏科技,江苏,专用机械,江苏华宏科技股份有限公司,主板,SZSE,L,2011-12-20
002646.SZ,002646,天佑德酒,青海,白酒,青海互助天佑德青稞酒股份有限公司,主板,SZSE,L,2011-12-22
002647.SZ,002647,仁东控股,广东,多元金融,仁东控股股份有限公司,主板,SZSE,L,2011-12-28
002648.SZ,002648,卫星化学,浙江,化工原料,卫星化学股份有限公司,主板,SZSE,L,2011-12-28
002649.SZ,002649,博彦科技,北京,软件服务,博彦科技股份有限公司,主板,SZSE,L,2012-01-06
002650.SZ,002650,ST加加,湖南,食品,加加食品集团股份有限公司,主板,SZSE,L,2012-01-06
002651.SZ,002651,利君股份,四川,专用机械,成都利君实业股份有限公司,主板,SZSE,L,2012-01-06
002652.SZ,002652,扬子新材,江苏,其他建材,苏州扬子江新型材料股份有限公司,主板,SZSE,L,2012-01-19
002653.SZ,002653,海思科,西藏,化学制药,海思科医药集团股份有限公司,主板,SZSE,L,2012-01-17
002654.SZ,002654,万润科技,深圳,互联网,深圳万润科技股份有限公司,主板,SZSE,L,2012-02-17
002655.SZ,002655,共达电声,山东,元器件,共达电声股份有限公司,主板,SZSE,L,2012-02-17
002656.SZ,002656,ST摩登,广东,服饰,摩登大道时尚集团股份有限公司,主板,SZSE,L,2012-02-28
002657.SZ,002657,中科金财,北京,软件服务,北京中科金财科技股份有限公司,主板,SZSE,L,2012-02-28
002658.SZ,002658,雪迪龙,北京,环境保护,北京雪迪龙科技股份有限公司,主板,SZSE,L,2012-03-09
002659.SZ,002659,凯文教育,北京,文教休闲,北京凯文德信教育科技股份有限公司,主板,SZSE,L,2012-03-09
002660.SZ,002660,茂硕电源,深圳,电气设备,茂硕电源科技股份有限公司,主板,SZSE,L,2012-03-16
002661.SZ,002661,克明食品,湖南,食品,陈克明食品股份有限公司,主板,SZSE,L,2012-03-16
002662.SZ,002662,京威股份,北京,汽车配件,北京威卡威汽车零部件股份有限公司,主板,SZSE,L,2012-03-09
002663.SZ,002663,普邦股份,广东,建筑工程,广州普邦园林股份有限公司,主板,SZSE,L,2012-03-16
002664.SZ,002664,信质集团,浙江,汽车配件,信质集团股份有限公司,主板,SZSE,L,2012-03-16
002665.SZ,002665,ST航高,甘肃,电气设备,首航高科能源技术股份有限公司,主板,SZSE,L,2012-03-27
002666.SZ,002666,德联集团,广东,化工原料,广东德联集团股份有限公司,主板,SZSE,L,2012-03-27
002667.SZ,002667,威领股份,湖南,小金属,威领新能源股份有限公司,主板,SZSE,L,2012-03-29
002668.SZ,002668,奥马电器,广东,家用电器,广东奥马电器股份有限公司,主板,SZSE,L,2012-04-16
002669.SZ,002669,康达新材,上海,化工原料,康达新材料(集团)股份有限公司,主板,SZSE,L,2012-04-16
002670.SZ,002670,国盛金控,江西,证券,国盛金融控股集团股份有限公司,主板,SZSE,L,2012-04-16
002671.SZ,002671,龙泉股份,山东,水泥,山东龙泉管业股份有限公司,主板,SZSE,L,2012-04-26
002672.SZ,002672,东江环保,深圳,环境保护,东江环保股份有限公司,主板,SZSE,L,2012-04-26
002673.SZ,002673,西部证券,陕西,证券,西部证券股份有限公司,主板,SZSE,L,2012-05-03
002674.SZ,002674,兴业科技,福建,纺织,兴业皮革科技股份有限公司,主板,SZSE,L,2012-05-07
002675.SZ,002675,东诚药业,山东,化学制药,烟台东诚药业集团股份有限公司,主板,SZSE,L,2012-05-25
002676.SZ,002676,顺威股份,广东,家用电器,广东顺威精密塑料股份有限公司,主板,SZSE,L,2012-05-25
002677.SZ,002677,浙江美大,浙江,家用电器,浙江美大实业股份有限公司,主板,SZSE,L,2012-05-25
002678.SZ,002678,珠江钢琴,广东,文教休闲,广州珠江钢琴集团股份有限公司,主板,SZSE,L,2012-05-30
002679.SZ,002679,福建金森,福建,林业,福建金森林业股份有限公司,主板,SZSE,L,2012-06-05
002681.SZ,002681,奋达科技,深圳,元器件,深圳市奋达科技股份有限公司,主板,SZSE,L,2012-06-05
002682.SZ,002682,龙洲股份,福建,仓储物流,龙洲集团股份有限公司,主板,SZSE,L,2012-06-12
002683.SZ,002683,广东宏大,广东,化工原料,广东宏大控股集团股份有限公司,主板,SZSE,L,2012-06-12
002685.SZ,002685,华东重机,江苏,机床制造,无锡华东重型机械股份有限公司,主板,SZSE,L,2012-06-12
002686.SZ,002686,亿利达,浙江,专用机械,浙江亿利达风机股份有限公司,主板,SZSE,L,2012-07-03
002687.SZ,002687,乔治白,浙江,服饰,浙江乔治白服饰股份有限公司,主板,SZSE,L,2012-07-13
002688.SZ,002688,金河生物,内蒙,农业综合,金河生物科技股份有限公司,主板,SZSE,L,2012-07-13
002689.SZ,002689,远大智能,辽宁,运输设备,沈阳远大智能工业集团股份有限公司,主板,SZSE,L,2012-07-17
002690.SZ,002690,美亚光电,安徽,专用机械,合肥美亚光电技术股份有限公司,主板,SZSE,L,2012-07-31
002691.SZ,002691,冀凯股份,河北,专用机械,冀凯装备制造股份有限公司,主板,SZSE,L,2012-07-31
002692.SZ,002692,远程股份,江苏,电气设备,远程电缆股份有限公司,主板,SZSE,L,2012-08-08
002693.SZ,002693,双成药业,海南,生物制药,海南双成药业股份有限公司,主板,SZSE,L,2012-08-08
002694.SZ,002694,顾地科技,湖北,塑料,顾地科技股份有限公司,主板,SZSE,L,2012-08-16
002695.SZ,002695,煌上煌,江西,食品,江西煌上煌集团食品股份有限公司,主板,SZSE,L,2012-09-05
002696.SZ,002696,百洋股份,广西,饲料,百洋产业投资集团股份有限公司,主板,SZSE,L,2012-09-05
002697.SZ,002697,红旗连锁,四川,超市连锁,成都红旗连锁股份有限公司,主板,SZSE,L,2012-09-05
002698.SZ,002698,博实股份,黑龙江,化工机械,哈尔滨博实自动化股份有限公司,主板,SZSE,L,2012-09-11
002699.SZ,002699,*ST美盛,浙江,影视音像,美盛文化创意股份有限公司,主板,SZSE,L,2012-09-11
002700.SZ,002700,ST浩源,新疆,供气供热,新疆浩源天然气股份有限公司,主板,SZSE,L,2012-09-21
002701.SZ,002701,奥瑞金,北京,广告包装,奥瑞金科技股份有限公司,主板,SZSE,L,2012-10-11
002702.SZ,002702,海欣食品,福建,食品,海欣食品股份有限公司,主板,SZSE,L,2012-10-11
002703.SZ,002703,浙江世宝,浙江,汽车配件,浙江世宝股份有限公司,主板,SZSE,L,2012-11-02
002705.SZ,002705,新宝股份,广东,家用电器,广东新宝电器股份有限公司,主板,SZSE,L,2014-01-21
002706.SZ,002706,良信股份,上海,电气设备,上海良信电器股份有限公司,主板,SZSE,L,2014-01-21
002707.SZ,002707,众信旅游,北京,旅游服务,众信旅游集团股份有限公司,主板,SZSE,L,2014-01-23
002708.SZ,002708,光洋股份,江苏,汽车配件,常州光洋轴承股份有限公司,主板,SZSE,L,2014-01-21
002709.SZ,002709,天赐材料,广东,化工原料,广州天赐高新材料股份有限公司,主板,SZSE,L,2014-01-23
002712.SZ,002712,思美传媒,浙江,广告包装,思美传媒股份有限公司,主板,SZSE,L,2014-01-23
002713.SZ,002713,东易日盛,北京,装修装饰,东易日盛家居装饰集团股份有限公司,主板,SZSE,L,2014-02-19
002714.SZ,002714,牧原股份,河南,农业综合,牧原食品股份有限公司,主板,SZSE,L,2014-01-28
002715.SZ,002715,登云股份,广东,汽车配件,怀集登云汽配股份有限公司,主板,SZSE,L,2014-02-19
002716.SZ,002716,湖南白银,湖南,小金属,湖南白银股份有限公司,主板,SZSE,L,2014-01-28
002717.SZ,002717,岭南股份,广东,环境保护,岭南生态文旅股份有限公司,主板,SZSE,L,2014-02-19
002718.SZ,002718,友邦吊顶,浙江,其他建材,浙江友邦集成吊顶股份有限公司,主板,SZSE,L,2014-01-28
002719.SZ,002719,麦趣尔,新疆,乳制品,麦趣尔集团股份有限公司,主板,SZSE,L,2014-01-28
002721.SZ,002721,*ST金一,北京,服饰,北京金一文化发展股份有限公司,主板,SZSE,L,2014-01-27
002722.SZ,002722,物产金轮,江苏,纺织机械,物产中大金轮蓝海股份有限公司,主板,SZSE,L,2014-01-28
002723.SZ,002723,小崧股份,广东,家用电器,广东小崧科技股份有限公司,主板,SZSE,L,2014-01-29
002724.SZ,002724,海洋王,深圳,元器件,海洋王照明科技股份有限公司,主板,SZSE,L,2014-11-04
002725.SZ,002725,跃岭股份,浙江,汽车配件,浙江跃岭股份有限公司,主板,SZSE,L,2014-01-29
002726.SZ,002726,龙大美食,山东,食品,山东龙大美食股份有限公司,主板,SZSE,L,2014-06-26
002727.SZ,002727,一心堂,云南,医药商业,一心堂药业集团股份有限公司,主板,SZSE,L,2014-07-02
002728.SZ,002728,特一药业,广东,中成药,特一药业集团股份有限公司,主板,SZSE,L,2014-07-31
002729.SZ,002729,好利科技,福建,元器件,好利来(中国)电子科技股份有限公司,主板,SZSE,L,2014-09-12
002730.SZ,002730,电光科技,浙江,专用机械,电光防爆科技股份有限公司,主板,SZSE,L,2014-10-09
002731.SZ,002731,萃华珠宝,辽宁,服饰,沈阳萃华金银珠宝股份有限公司,主板,SZSE,L,2014-11-04
002732.SZ,002732,燕塘乳业,广东,乳制品,广东燕塘乳业股份有限公司,主板,SZSE,L,2014-12-05
002733.SZ,002733,雄韬股份,深圳,电气设备,深圳市雄韬电源科技股份有限公司,主板,SZSE,L,2014-12-03
002734.SZ,002734,利民股份,江苏,农药化肥,利民控股集团股份有限公司,主板,SZSE,L,2015-01-27
002735.SZ,002735,王子新材,深圳,塑料,深圳王子新材料股份有限公司,主板,SZSE,L,2014-12-03
002736.SZ,002736,国信证券,深圳,证券,国信证券股份有限公司,主板,SZSE,L,2014-12-29
002737.SZ,002737,葵花药业,黑龙江,中成药,葵花药业集团股份有限公司,主板,SZSE,L,2014-12-30
002738.SZ,002738,中矿资源,北京,小金属,中矿资源集团股份有限公司,主板,SZSE,L,2014-12-30
002739.SZ,002739,万达电影,北京,影视音像,万达电影股份有限公司,主板,SZSE,L,2015-01-22
002741.SZ,002741,光华科技,广东,化工原料,广东光华科技股份有限公司,主板,SZSE,L,2015-02-16
002742.SZ,002742,ST三圣,重庆,其他建材,重庆三圣实业股份有限公司,主板,SZSE,L,2015-02-17
002743.SZ,002743,富煌钢构,安徽,钢加工,安徽富煌钢构股份有限公司,主板,SZSE,L,2015-02-17
002745.SZ,002745,木林森,广东,元器件,木林森股份有限公司,主板,SZSE,L,2015-02-17
002746.SZ,002746,仙坛股份,山东,农业综合,山东仙坛股份有限公司,主板,SZSE,L,2015-02-16
002747.SZ,002747,埃斯顿,江苏,机械基件,南京埃斯顿自动化股份有限公司,主板,SZSE,L,2015-03-20
002748.SZ,002748,世龙实业,江西,化工原料,江西世龙实业股份有限公司,主板,SZSE,L,2015-03-19
002749.SZ,002749,国光股份,四川,农药化肥,四川国光农化股份有限公司,主板,SZSE,L,2015-03-20
002750.SZ,002750,*ST龙津,云南,中成药,昆明龙津药业股份有限公司,主板,SZSE,L,2015-03-24
002752.SZ,002752,昇兴股份,福建,广告包装,昇兴集团股份有限公司,主板,SZSE,L,2015-04-22
002753.SZ,002753,永东股份,山西,化工原料,山西永东化工股份有限公司,主板,SZSE,L,2015-05-19
002755.SZ,002755,奥赛康,北京,化学制药,北京奥赛康药业股份有限公司,主板,SZSE,L,2015-05-15
002756.SZ,002756,永兴材料,浙江,小金属,永兴特种材料科技股份有限公司,主板,SZSE,L,2015-05-15
002757.SZ,002757,南兴股份,广东,专用机械,南兴装备股份有限公司,主板,SZSE,L,2015-05-27
002758.SZ,002758,浙农股份,浙江,汽车服务,浙农集团股份有限公司,主板,SZSE,L,2015-05-27
002759.SZ,002759,天际股份,广东,家用电器,天际新能源科技股份有限公司,主板,SZSE,L,2015-05-28
002760.SZ,002760,凤形股份,江西,机械基件,凤形股份有限公司,主板,SZSE,L,2015-06-11
002761.SZ,002761,浙江建投,浙江,建筑工程,浙江省建设投资集团股份有限公司,主板,SZSE,L,2015-06-10
002762.SZ,002762,金发拉比,广东,服饰,金发拉比妇婴童用品股份有限公司,主板,SZSE,L,2015-06-10
002763.SZ,002763,汇洁股份,深圳,服饰,深圳汇洁集团股份有限公司,主板,SZSE,L,2015-06-10
002765.SZ,002765,蓝黛科技,重庆,元器件,蓝黛科技集团股份有限公司,主板,SZSE,L,2015-06-12
002766.SZ,002766,索菱股份,深圳,汽车配件,深圳市索菱实业股份有限公司,主板,SZSE,L,2015-06-11
002767.SZ,002767,先锋电子,浙江,电器仪表,杭州先锋电子技术股份有限公司,主板,SZSE,L,2015-06-12
002768.SZ,002768,国恩股份,山东,塑料,青岛国恩科技股份有限公司,主板,SZSE,L,2015-06-30
002769.SZ,002769,普路通,深圳,仓储物流,深圳市普路通供应链管理股份有限公司,主板,SZSE,L,2015-06-29
002771.SZ,002771,真视通,北京,软件服务,北京真视通科技股份有限公司,主板,SZSE,L,2015-06-29
002772.SZ,002772,众兴菌业,甘肃,种植业,天水众兴菌业科技股份有限公司,主板,SZSE,L,2015-06-26
002773.SZ,002773,康弘药业,四川,化学制药,成都康弘药业集团股份有限公司,主板,SZSE,L,2015-06-26
002774.SZ,002774,快意电梯,广东,运输设备,快意电梯股份有限公司,主板,SZSE,L,2017-03-24
002775.SZ,002775,文科股份,广东,建筑工程,广东文科绿色科技股份有限公司,主板,SZSE,L,2015-06-29
002777.SZ,002777,久远银海,四川,软件服务,四川久远银海软件股份有限公司,主板,SZSE,L,2015-12-31
002778.SZ,002778,中晟高科,江苏,环境保护,江苏中晟高科环境股份有限公司,主板,SZSE,L,2016-01-06
002779.SZ,002779,中坚科技,浙江,农用机械,浙江中坚科技股份有限公司,主板,SZSE,L,2015-12-09
002780.SZ,002780,三夫户外,北京,服饰,北京三夫户外用品股份有限公司,主板,SZSE,L,2015-12-09
002782.SZ,002782,可立克,深圳,电气设备,深圳可立克科技股份有限公司,主板,SZSE,L,2015-12-22
002783.SZ,002783,凯龙股份,湖北,化工原料,湖北凯龙化工集团股份有限公司,主板,SZSE,L,2015-12-09
002785.SZ,002785,万里石,福建,其他建材,厦门万里石股份有限公司,主板,SZSE,L,2015-12-23
002786.SZ,002786,银宝山新,深圳,专用机械,深圳市银宝山新科技股份有限公司,主板,SZSE,L,2015-12-23
002787.SZ,002787,华源控股,江苏,广告包装,苏州华源控股股份有限公司,主板,SZSE,L,2015-12-31
002788.SZ,002788,鹭燕医药,福建,医药商业,鹭燕医药股份有限公司,主板,SZSE,L,2016-02-18
002789.SZ,002789,建艺集团,深圳,装修装饰,深圳市建艺装饰集团股份有限公司,主板,SZSE,L,2016-03-11
002790.SZ,002790,瑞尔特,福建,家居用品,厦门瑞尔特卫浴科技股份有限公司,主板,SZSE,L,2016-03-08
002791.SZ,002791,坚朗五金,广东,其他建材,广东坚朗五金制品股份有限公司,主板,SZSE,L,2016-03-29
002792.SZ,002792,通宇通讯,广东,通信设备,广东通宇通讯股份有限公司,主板,SZSE,L,2016-03-28
002793.SZ,002793,罗欣药业,山东,化学制药,罗欣药业集团股份有限公司,主板,SZSE,L,2016-04-15
002795.SZ,002795,永和智控,浙江,机械基件,永和流体智控股份有限公司,主板,SZSE,L,2016-04-28
002796.SZ,002796,世嘉科技,江苏,通信设备,苏州市世嘉科技股份有限公司,主板,SZSE,L,2016-05-10
002797.SZ,002797,第一创业,深圳,证券,第一创业证券股份有限公司,主板,SZSE,L,2016-05-11
002798.SZ,002798,帝欧家居,四川,家居用品,帝欧家居集团股份有限公司,主板,SZSE,L,2016-05-25
002799.SZ,002799,环球印务,陕西,广告包装,西安环球印务股份有限公司,主板,SZSE,L,2016-06-08
002800.SZ,002800,ST天顺,新疆,仓储物流,新疆天顺供应链股份有限公司,主板,SZSE,L,2016-05-30
002801.SZ,002801,微光股份,浙江,电气设备,杭州微光电子股份有限公司,主板,SZSE,L,2016-06-22
002802.SZ,002802,洪汇新材,江苏,化工原料,无锡洪汇新材料科技股份有限公司,主板,SZSE,L,2016-06-29
002803.SZ,002803,吉宏股份,福建,互联网,厦门吉宏科技股份有限公司,主板,SZSE,L,2016-07-12
002805.SZ,002805,丰元股份,山东,电气设备,山东丰元化学股份有限公司,主板,SZSE,L,2016-07-07
002806.SZ,002806,华锋股份,广东,汽车配件,广东华锋新能源科技股份有限公司,主板,SZSE,L,2016-07-26
002807.SZ,002807,江阴银行,江苏,银行,江苏江阴农村商业银行股份有限公司,主板,SZSE,L,2016-09-02
002808.SZ,002808,ST恒久,江苏,元器件,苏州恒久光电科技股份有限公司,主板,SZSE,L,2016-08-12
002809.SZ,002809,红墙股份,广东,化工原料,广东红墙新材料股份有限公司,主板,SZSE,L,2016-08-23
002810.SZ,002810,山东赫达,山东,化工原料,山东赫达集团股份有限公司,主板,SZSE,L,2016-08-26
002811.SZ,002811,郑中设计,深圳,装修装饰,深圳市郑中设计股份有限公司,主板,SZSE,L,2016-09-08
002812.SZ,002812,恩捷股份,云南,电气设备,云南恩捷新材料股份有限公司,主板,SZSE,L,2016-09-14
002813.SZ,002813,路畅科技,深圳,汽车配件,深圳市路畅科技股份有限公司,主板,SZSE,L,2016-10-12
002815.SZ,002815,崇达技术,深圳,元器件,崇达技术股份有限公司,主板,SZSE,L,2016-10-12
002816.SZ,002816,*ST和科,深圳,专用机械,深圳市和科达精密清洗设备股份有限公司,主板,SZSE,L,2016-10-25
002817.SZ,002817,黄山胶囊,安徽,化学制药,安徽黄山胶囊股份有限公司,主板,SZSE,L,2016-10-25
002818.SZ,002818,富森美,四川,其他商业,成都富森美家居股份有限公司,主板,SZSE,L,2016-11-09
002819.SZ,002819,东方中科,北京,电器仪表,北京东方中科集成科技股份有限公司,主板,SZSE,L,2016-11-11
002820.SZ,002820,桂发祥,天津,食品,天津桂发祥十八街麻花食品股份有限公司,主板,SZSE,L,2016-11-18
002821.SZ,002821,凯莱英,天津,生物制药,凯莱英医药集团(天津)股份有限公司,主板,SZSE,L,2016-11-18
002822.SZ,002822,ST中装,深圳,装修装饰,深圳市中装建设集团股份有限公司,主板,SZSE,L,2016-11-29
002823.SZ,002823,凯中精密,深圳,机械基件,深圳市凯中精密技术股份有限公司,主板,SZSE,L,2016-11-24
002824.SZ,002824,和胜股份,广东,铝,广东和胜工业铝材股份有限公司,主板,SZSE,L,2017-01-12
002825.SZ,002825,纳尔股份,上海,化工原料,上海纳尔实业股份有限公司,主板,SZSE,L,2016-11-29
002826.SZ,002826,易明医药,西藏,化学制药,西藏易明西雅医药科技股份有限公司,主板,SZSE,L,2016-12-09
002827.SZ,002827,高争民爆,西藏,化工原料,西藏高争民爆股份有限公司,主板,SZSE,L,2016-12-09
002828.SZ,002828,贝肯能源,新疆,石油开采,新疆贝肯能源工程股份有限公司,主板,SZSE,L,2016-12-08
002829.SZ,002829,星网宇达,北京,航空,北京星网宇达科技股份有限公司,主板,SZSE,L,2016-12-13
002830.SZ,002830,名雕股份,深圳,装修装饰,深圳市名雕装饰股份有限公司,主板,SZSE,L,2016-12-13
002831.SZ,002831,裕同科技,深圳,广告包装,深圳市裕同包装科技股份有限公司,主板,SZSE,L,2016-12-16
002832.SZ,002832,比音勒芬,广东,服饰,比音勒芬服饰股份有限公司,主板,SZSE,L,2016-12-23
002833.SZ,002833,弘亚数控,广东,专用机械,广州弘亚数控机械股份有限公司,主板,SZSE,L,2016-12-28
002835.SZ,002835,同为股份,深圳,IT设备,深圳市同为数码科技股份有限公司,主板,SZSE,L,2016-12-28
002836.SZ,002836,新宏泽,广东,广告包装,广东新宏泽包装股份有限公司,主板,SZSE,L,2016-12-29
002837.SZ,002837,英维克,深圳,专用机械,深圳市英维克科技股份有限公司,主板,SZSE,L,2016-12-29
002838.SZ,002838,道恩股份,山东,塑料,山东道恩高分子材料股份有限公司,主板,SZSE,L,2017-01-06
002839.SZ,002839,张家港行,江苏,银行,江苏张家港农村商业银行股份有限公司,主板,SZSE,L,2017-01-24
002840.SZ,002840,华统股份,浙江,食品,浙江华统肉制品股份有限公司,主板,SZSE,L,2017-01-10
002841.SZ,002841,视源股份,广东,元器件,广州视源电子科技股份有限公司,主板,SZSE,L,2017-01-19
002842.SZ,002842,翔鹭钨业,广东,小金属,广东翔鹭钨业股份有限公司,主板,SZSE,L,2017-01-19
002843.SZ,002843,泰嘉股份,湖南,钢加工,湖南泰嘉新材料科技股份有限公司,主板,SZSE,L,2017-01-20
002845.SZ,002845,同兴达,深圳,元器件,深圳同兴达科技股份有限公司,主板,SZSE,L,2017-01-25
002846.SZ,002846,英联股份,广东,广告包装,广东英联包装股份有限公司,主板,SZSE,L,2017-02-07
002847.SZ,002847,盐津铺子,湖南,食品,盐津铺子食品股份有限公司,主板,SZSE,L,2017-02-08
002848.SZ,002848,高斯贝尔,湖南,家用电器,高斯贝尔数码科技股份有限公司,主板,SZSE,L,2017-02-13
002849.SZ,002849,威星智能,浙江,电器仪表,浙江威星智能仪表股份有限公司,主板,SZSE,L,2017-02-17
002850.SZ,002850,科达利,深圳,电气设备,深圳市科达利实业股份有限公司,主板,SZSE,L,2017-03-02
002851.SZ,002851,麦格米特,深圳,电气设备,深圳麦格米特电气股份有限公司,主板,SZSE,L,2017-03-06
002852.SZ,002852,道道全,湖南,食品,道道全粮油股份有限公司,主板,SZSE,L,2017-03-10
002853.SZ,002853,皮阿诺,广东,家居用品,广东皮阿诺科学艺术家居股份有限公司,主板,SZSE,L,2017-03-10
002855.SZ,002855,捷荣技术,广东,元器件,东莞捷荣技术股份有限公司,主板,SZSE,L,2017-03-21
002856.SZ,002856,美芝股份,深圳,装修装饰,深圳市美芝装饰设计工程股份有限公司,主板,SZSE,L,2017-03-20
002857.SZ,002857,三晖电气,河南,电器仪表,郑州三晖电气股份有限公司,主板,SZSE,L,2017-03-23
002858.SZ,002858,力盛体育,上海,文教休闲,力盛云动(上海)体育科技股份有限公司,主板,SZSE,L,2017-03-24
002859.SZ,002859,洁美科技,浙江,元器件,浙江洁美电子科技股份有限公司,主板,SZSE,L,2017-04-07
002860.SZ,002860,星帅尔,浙江,家用电器,杭州星帅尔电器股份有限公司,主板,SZSE,L,2017-04-12
002861.SZ,002861,瀛通通讯,湖北,元器件,瀛通通讯股份有限公司,主板,SZSE,L,2017-04-13
002862.SZ,002862,实丰文化,广东,文教休闲,实丰文化发展股份有限公司,主板,SZSE,L,2017-04-11
002863.SZ,002863,今飞凯达,浙江,汽车配件,浙江今飞凯达轮毂股份有限公司,主板,SZSE,L,2017-04-18
002864.SZ,002864,盘龙药业,陕西,中成药,陕西盘龙药业集团股份有限公司,主板,SZSE,L,2017-11-16
002865.SZ,002865,钧达股份,海南,电气设备,海南钧达新能源科技股份有限公司,主板,SZSE,L,2017-04-25
002866.SZ,002866,传艺科技,江苏,IT设备,江苏传艺科技股份有限公司,主板,SZSE,L,2017-04-26
002867.SZ,002867,周大生,深圳,服饰,周大生珠宝股份有限公司,主板,SZSE,L,2017-04-27
002868.SZ,002868,绿康生化,福建,农业综合,绿康生化股份有限公司,主板,SZSE,L,2017-05-03
002869.SZ,002869,金溢科技,深圳,通信设备,深圳市金溢科技股份有限公司,主板,SZSE,L,2017-05-15
002870.SZ,002870,香山股份,广东,汽车配件,广东香山衡器集团股份有限公司,主板,SZSE,L,2017-05-15
002871.SZ,002871,伟隆股份,山东,机械基件,青岛伟隆阀门股份有限公司,主板,SZSE,L,2017-05-11
002872.SZ,002872,ST天圣,重庆,医药商业,天圣制药集团股份有限公司,主板,SZSE,L,2017-05-19
002873.SZ,002873,新天药业,贵州,中成药,贵阳新天药业股份有限公司,主板,SZSE,L,2017-05-19
002875.SZ,002875,安奈儿,深圳,服饰,深圳市安奈儿股份有限公司,主板,SZSE,L,2017-06-01
002876.SZ,002876,三利谱,深圳,元器件,深圳市三利谱光电科技股份有限公司,主板,SZSE,L,2017-05-25
002877.SZ,002877,智能自控,江苏,机械基件,无锡智能自控工程股份有限公司,主板,SZSE,L,2017-06-05
002878.SZ,002878,元隆雅图,北京,广告包装,北京元隆雅图文化传播股份有限公司,主板,SZSE,L,2017-06-06
002879.SZ,002879,长缆科技,湖南,电气设备,长缆科技集团股份有限公司,主板,SZSE,L,2017-07-07
002880.SZ,002880,卫光生物,深圳,生物制药,深圳市卫光生物制品股份有限公司,主板,SZSE,L,2017-06-16
002881.SZ,002881,美格智能,深圳,通信设备,美格智能技术股份有限公司,主板,SZSE,L,2017-06-22
002882.SZ,002882,金龙羽,深圳,电气设备,金龙羽集团股份有限公司,主板,SZSE,L,2017-07-17
002883.SZ,002883,中设股份,江苏,建筑工程,江苏中设集团股份有限公司,主板,SZSE,L,2017-06-20
002884.SZ,002884,凌霄泵业,广东,机械基件,广东凌霄泵业股份有限公司,主板,SZSE,L,2017-07-11
002885.SZ,002885,京泉华,深圳,元器件,深圳市京泉华科技股份有限公司,主板,SZSE,L,2017-06-27
002886.SZ,002886,沃特股份,深圳,塑料,深圳市沃特新材料股份有限公司,主板,SZSE,L,2017-06-27
002887.SZ,002887,绿茵生态,天津,环境保护,天津绿茵景观生态建设股份有限公司,主板,SZSE,L,2017-08-01
002888.SZ,002888,惠威科技,广东,元器件,广州惠威电声科技股份有限公司,主板,SZSE,L,2017-07-21
002889.SZ,002889,东方嘉盛,深圳,仓储物流,深圳市东方嘉盛供应链股份有限公司,主板,SZSE,L,2017-07-31
002890.SZ,002890,弘宇股份,山东,农用机械,山东弘宇精机股份有限公司,主板,SZSE,L,2017-08-02
002891.SZ,002891,中宠股份,山东,饲料,烟台中宠食品股份有限公司,主板,SZSE,L,2017-08-21
002892.SZ,002892,科力尔,湖南,电气设备,科力尔电机集团股份有限公司,主板,SZSE,L,2017-08-17
002893.SZ,002893,京能热力,北京,供气供热,北京京能热力股份有限公司,主板,SZSE,L,2017-09-15
002895.SZ,002895,川恒股份,贵州,化工原料,贵州川恒化工股份有限公司,主板,SZSE,L,2017-08-25
002896.SZ,002896,中大力德,浙江,机械基件,宁波中大力德智能传动股份有限公司,主板,SZSE,L,2017-08-29
002897.SZ,002897,意华股份,浙江,元器件,温州意华接插件股份有限公司,主板,SZSE,L,2017-09-07
002898.SZ,002898,赛隆药业,广东,化学制药,赛隆药业集团股份有限公司,主板,SZSE,L,2017-09-12
002899.SZ,002899,英派斯,山东,文教休闲,青岛英派斯健康科技股份有限公司,主板,SZSE,L,2017-09-15
002900.SZ,002900,哈三联,黑龙江,化学制药,哈尔滨三联药业股份有限公司,主板,SZSE,L,2017-09-22
002901.SZ,002901,大博医疗,福建,医疗保健,大博医疗科技股份有限公司,主板,SZSE,L,2017-09-22
002902.SZ,002902,铭普光磁,广东,通信设备,东莞铭普光磁股份有限公司,主板,SZSE,L,2017-09-29
002903.SZ,002903,宇环数控,湖南,机床制造,宇环数控机床股份有限公司,主板,SZSE,L,2017-10-13
002905.SZ,002905,金逸影视,广东,影视音像,广州金逸影视传媒股份有限公司,主板,SZSE,L,2017-10-16
002906.SZ,002906,华阳集团,广东,汽车配件,惠州市华阳集团股份有限公司,主板,SZSE,L,2017-10-13
002907.SZ,002907,华森制药,重庆,中成药,重庆华森制药股份有限公司,主板,SZSE,L,2017-10-20
002908.SZ,002908,德生科技,广东,元器件,广东德生科技股份有限公司,主板,SZSE,L,2017-10-20
002909.SZ,002909,集泰股份,广东,化工原料,广州集泰化工股份有限公司,主板,SZSE,L,2017-10-26
002910.SZ,002910,庄园牧场,甘肃,乳制品,兰州庄园牧场股份有限公司,主板,SZSE,L,2017-10-31
002911.SZ,002911,佛燃能源,广东,供气供热,佛燃能源集团股份有限公司,主板,SZSE,L,2017-11-22
002912.SZ,002912,中新赛克,深圳,IT设备,深圳市中新赛克科技股份有限公司,主板,SZSE,L,2017-11-21
002913.SZ,002913,奥士康,湖南,元器件,奥士康科技股份有限公司,主板,SZSE,L,2017-12-01
002915.SZ,002915,中欣氟材,浙江,化工原料,浙江中欣氟材股份有限公司,主板,SZSE,L,2017-12-05
002916.SZ,002916,深南电路,深圳,元器件,深南电路股份有限公司,主板,SZSE,L,2017-12-13
002917.SZ,002917,金奥博,深圳,化工原料,深圳市金奥博科技股份有限公司,主板,SZSE,L,2017-12-08
002918.SZ,002918,蒙娜丽莎,广东,陶瓷,蒙娜丽莎集团股份有限公司,主板,SZSE,L,2017-12-19
002919.SZ,002919,名臣健康,广东,互联网,名臣健康用品股份有限公司,主板,SZSE,L,2017-12-18
002920.SZ,002920,德赛西威,广东,汽车配件,惠州市德赛西威汽车电子股份有限公司,主板,SZSE,L,2017-12-26
002921.SZ,002921,联诚精密,山东,汽车配件,山东联诚精密制造股份有限公司,主板,SZSE,L,2017-12-27
002922.SZ,002922,伊戈尔,广东,电气设备,伊戈尔电气股份有限公司,主板,SZSE,L,2017-12-29
002923.SZ,002923,润都股份,广东,化学制药,珠海润都制药股份有限公司,主板,SZSE,L,2018-01-05
002925.SZ,002925,盈趣科技,福建,元器件,厦门盈趣科技股份有限公司,主板,SZSE,L,2018-01-15
002926.SZ,002926,华西证券,四川,证券,华西证券股份有限公司,主板,SZSE,L,2018-02-05
002927.SZ,002927,泰永长征,贵州,电气设备,贵州泰永长征技术股份有限公司,主板,SZSE,L,2018-02-23
002928.SZ,002928,华夏航空,贵州,空运,华夏航空股份有限公司,主板,SZSE,L,2018-03-02
002929.SZ,002929,润建股份,广西,通信设备,润建股份有限公司,主板,SZSE,L,2018-03-01
002930.SZ,002930,宏川智慧,广东,仓储物流,广东宏川智慧物流股份有限公司,主板,SZSE,L,2018-03-28
002931.SZ,002931,锋龙股份,浙江,机械基件,浙江锋龙电气股份有限公司,主板,SZSE,L,2018-04-03
002932.SZ,002932,明德生物,湖北,医疗保健,武汉明德生物科技股份有限公司,主板,SZSE,L,2018-07-10
002933.SZ,002933,新兴装备,北京,航空,北京新兴东方航空装备股份有限公司,主板,SZSE,L,2018-08-28
002935.SZ,002935,天奥电子,四川,航空,成都天奥电子股份有限公司,主板,SZSE,L,2018-09-03
002936.SZ,002936,郑州银行,河南,银行,郑州银行股份有限公司,主板,SZSE,L,2018-09-19
002937.SZ,002937,兴瑞科技,浙江,元器件,宁波兴瑞电子科技股份有限公司,主板,SZSE,L,2018-09-26
002938.SZ,002938,鹏鼎控股,深圳,元器件,鹏鼎控股(深圳)股份有限公司,主板,SZSE,L,2018-09-18
002939.SZ,002939,长城证券,深圳,证券,长城证券股份有限公司,主板,SZSE,L,2018-10-26
002940.SZ,002940,昂利康,浙江,化学制药,浙江昂利康制药股份有限公司,主板,SZSE,L,2018-10-23
002941.SZ,002941,新疆交建,新疆,建筑工程,新疆交通建设集团股份有限公司,主板,SZSE,L,2018-11-28
002942.SZ,002942,新农股份,浙江,农药化肥,浙江新农化工股份有限公司,主板,SZSE,L,2018-12-05
002943.SZ,002943,宇晶股份,湖南,机床制造,湖南宇晶机器股份有限公司,主板,SZSE,L,2018-11-29
002945.SZ,002945,华林证券,西藏,证券,华林证券股份有限公司,主板,SZSE,L,2019-01-17
002946.SZ,002946,新乳业,四川,乳制品,新希望乳业股份有限公司,主板,SZSE,L,2019-01-25
002947.SZ,002947,恒铭达,江苏,元器件,苏州恒铭达电子科技股份有限公司,主板,SZSE,L,2019-02-01
002948.SZ,002948,青岛银行,山东,银行,青岛银行股份有限公司,主板,SZSE,L,2019-01-16
002949.SZ,002949,华阳国际,深圳,建筑工程,深圳市华阳国际工程设计股份有限公司,主板,SZSE,L,2019-02-26
002950.SZ,002950,奥美医疗,湖北,医疗保健,奥美医疗用品股份有限公司,主板,SZSE,L,2019-03-11
002951.SZ,002951,*ST金时,四川,广告包装,四川金时科技股份有限公司,主板,SZSE,L,2019-03-15
002952.SZ,002952,亚世光电,辽宁,元器件,亚世光电(集团)股份有限公司,主板,SZSE,L,2019-03-28
002953.SZ,002953,日丰股份,广东,电气设备,广东日丰电缆股份有限公司,主板,SZSE,L,2019-05-09
002955.SZ,002955,鸿合科技,深圳,IT设备,鸿合科技股份有限公司,主板,SZSE,L,2019-05-23
002956.SZ,002956,西麦食品,广西,食品,桂林西麦食品股份有限公司,主板,SZSE,L,2019-06-19
002957.SZ,002957,科瑞技术,深圳,专用机械,深圳科瑞技术股份有限公司,主板,SZSE,L,2019-07-26
002958.SZ,002958,青农商行,山东,银行,青岛农村商业银行股份有限公司,主板,SZSE,L,2019-03-26
002959.SZ,002959,小熊电器,广东,家用电器,小熊电器股份有限公司,主板,SZSE,L,2019-08-23
002960.SZ,002960,青鸟消防,河北,专用机械,青鸟消防股份有限公司,主板,SZSE,L,2019-08-09
002961.SZ,002961,瑞达期货,福建,多元金融,瑞达期货股份有限公司,主板,SZSE,L,2019-09-05
002962.SZ,002962,五方光电,湖北,元器件,湖北五方光电股份有限公司,主板,SZSE,L,2019-09-17
002963.SZ,002963,豪尔赛,北京,装修装饰,豪尔赛科技集团股份有限公司,主板,SZSE,L,2019-10-28
002965.SZ,002965,祥鑫科技,广东,汽车配件,祥鑫科技股份有限公司,主板,SZSE,L,2019-10-25
002966.SZ,002966,苏州银行,江苏,银行,苏州银行股份有限公司,主板,SZSE,L,2019-08-02
002967.SZ,002967,广电计量,广东,电器仪表,广电计量检测集团股份有限公司,主板,SZSE,L,2019-11-08
002968.SZ,002968,新大正,重庆,房产服务,新大正物业集团股份有限公司,主板,SZSE,L,2019-12-03
002969.SZ,002969,嘉美包装,安徽,广告包装,嘉美食品包装(滁州)股份有限公司,主板,SZSE,L,2019-12-02
002970.SZ,002970,锐明技术,深圳,IT设备,深圳市锐明技术股份有限公司,主板,SZSE,L,2019-12-17
002971.SZ,002971,和远气体,湖北,化工原料,湖北和远气体股份有限公司,主板,SZSE,L,2020-01-13
002972.SZ,002972,科安达,深圳,运输设备,深圳科安达电子科技股份有限公司,主板,SZSE,L,2019-12-27
002973.SZ,002973,侨银股份,广东,环境保护,侨银城市管理股份有限公司,主板,SZSE,L,2020-01-06
002975.SZ,002975,博杰股份,广东,专用机械,珠海博杰电子股份有限公司,主板,SZSE,L,2020-02-05
002976.SZ,002976,瑞玛精密,江苏,汽车配件,苏州瑞玛精密工业股份有限公司,主板,SZSE,L,2020-03-06
002977.SZ,002977,天箭科技,四川,通信设备,成都天箭科技股份有限公司,主板,SZSE,L,2020-03-17
002978.SZ,002978,安宁股份,四川,小金属,四川安宁铁钛股份有限公司,主板,SZSE,L,2020-04-17
002979.SZ,002979,雷赛智能,深圳,专用机械,深圳市雷赛智能控制股份有限公司,主板,SZSE,L,2020-04-08
002980.SZ,002980,华盛昌,深圳,电器仪表,深圳市华盛昌科技实业股份有限公司,主板,SZSE,L,2020-04-15
002981.SZ,002981,朝阳科技,广东,元器件,广东朝阳电子科技股份有限公司,主板,SZSE,L,2020-04-17
002982.SZ,002982,湘佳股份,湖南,农业综合,湖南湘佳牧业股份有限公司,主板,SZSE,L,2020-04-24
002983.SZ,002983,芯瑞达,安徽,元器件,安徽芯瑞达科技股份有限公司,主板,SZSE,L,2020-04-28
002984.SZ,002984,森麒麟,山东,汽车配件,青岛森麒麟轮胎股份有限公司,主板,SZSE,L,2020-09-11
002985.SZ,002985,北摩高科,北京,航空,北京北摩高科摩擦材料股份有限公司,主板,SZSE,L,2020-04-29
002986.SZ,002986,宇新股份,广东,化工原料,广东宇新能源科技股份有限公司,主板,SZSE,L,2020-06-02
002987.SZ,002987,京北方,北京,软件服务,京北方信息技术股份有限公司,主板,SZSE,L,2020-05-07
002988.SZ,002988,豪美新材,广东,铝,广东豪美新材股份有限公司,主板,SZSE,L,2020-05-18
002989.SZ,002989,中天精装,深圳,装修装饰,深圳中天精装股份有限公司,主板,SZSE,L,2020-06-10
002990.SZ,002990,盛视科技,深圳,软件服务,盛视科技股份有限公司,主板,SZSE,L,2020-05-25
002991.SZ,002991,甘源食品,江西,食品,甘源食品股份有限公司,主板,SZSE,L,2020-07-31
002992.SZ,002992,宝明科技,深圳,元器件,深圳市宝明科技股份有限公司,主板,SZSE,L,2020-08-03
002993.SZ,002993,奥海科技,广东,元器件,东莞市奥海科技股份有限公司,主板,SZSE,L,2020-08-17
002995.SZ,002995,天地在线,北京,互联网,北京全时天地在线网络信息股份有限公司,主板,SZSE,L,2020-08-05
002996.SZ,002996,顺博合金,重庆,铝,重庆顺博铝合金股份有限公司,主板,SZSE,L,2020-08-28
002997.SZ,002997,瑞鹄模具,安徽,专用机械,瑞鹄汽车模具股份有限公司,主板,SZSE,L,2020-09-03
002998.SZ,002998,优彩资源,江苏,化纤,优彩环保资源科技股份有限公司,主板,SZSE,L,2020-09-25
002999.SZ,002999,天禾股份,广东,批发业,广东天禾农资股份有限公司,主板,SZSE,L,2020-09-03
003000.SZ,003000,劲仔食品,湖南,食品,劲仔食品集团股份有限公司,主板,SZSE,L,2020-09-14
003001.SZ,003001,中岩大地,北京,建筑工程,北京中岩大地科技股份有限公司,主板,SZSE,L,2020-10-13
003002.SZ,003002,壶化股份,山西,化工原料,山西壶化集团股份有限公司,主板,SZSE,L,2020-09-22
003003.SZ,003003,天元股份,广东,广告包装,广东天元实业集团股份有限公司,主板,SZSE,L,2020-09-21
003004.SZ,003004,声迅股份,北京,软件服务,北京声迅电子股份有限公司,主板,SZSE,L,2020-11-26
003005.SZ,003005,竞业达,北京,软件服务,北京竞业达数码科技股份有限公司,主板,SZSE,L,2020-09-22
003006.SZ,003006,百亚股份,重庆,造纸,重庆百亚卫生用品股份有限公司,主板,SZSE,L,2020-09-21
003007.SZ,003007,直真科技,北京,软件服务,北京直真科技股份有限公司,主板,SZSE,L,2020-09-23
003008.SZ,003008,开普检测,河南,电气设备,许昌开普检测研究院股份有限公司,主板,SZSE,L,2020-09-23
003009.SZ,003009,中天火箭,陕西,航空,陕西中天火箭技术股份有限公司,主板,SZSE,L,2020-09-25
003010.SZ,003010,若羽臣,广东,互联网,广州若羽臣科技股份有限公司,主板,SZSE,L,2020-09-25
003011.SZ,003011,海象新材,浙江,家居用品,浙江海象新材料股份有限公司,主板,SZSE,L,2020-09-30
003012.SZ,003012,东鹏控股,广东,陶瓷,广东东鹏控股股份有限公司,主板,SZSE,L,2020-10-19
003013.SZ,003013,地铁设计,广东,建筑工程,广州地铁设计研究院股份有限公司,主板,SZSE,L,2020-10-22
003015.SZ,003015,日久光电,江苏,元器件,江苏日久光电股份有限公司,主板,SZSE,L,2020-10-21
003016.SZ,003016,欣贺股份,福建,服饰,欣贺股份有限公司,主板,SZSE,L,2020-10-26
003017.SZ,003017,大洋生物,浙江,化工原料,浙江大洋生物科技集团股份有限公司,主板,SZSE,L,2020-10-26
003018.SZ,003018,金富科技,广东,塑料,金富科技股份有限公司,主板,SZSE,L,2020-11-06
003019.SZ,003019,宸展光电,福建,元器件,宸展光电(厦门)股份有限公司,主板,SZSE,L,2020-11-17
003020.SZ,003020,立方制药,安徽,化学制药,合肥立方制药股份有限公司,主板,SZSE,L,2020-12-15
003021.SZ,003021,兆威机电,深圳,元器件,深圳市兆威机电股份有限公司,主板,SZSE,L,2020-12-04
003022.SZ,003022,联泓新科,山东,化工原料,联泓新材料科技股份有限公司,主板,SZSE,L,2020-12-08
003023.SZ,003023,彩虹集团,四川,家用电器,成都彩虹电器(集团)股份有限公司,主板,SZSE,L,2020-12-11
003025.SZ,003025,思进智能,浙江,机床制造,思进智能成形装备股份有限公司,主板,SZSE,L,2020-12-11
003026.SZ,003026,中晶科技,浙江,半导体,浙江中晶科技股份有限公司,主板,SZSE,L,2020-12-18
003027.SZ,003027,同兴环保,安徽,环境保护,同兴环保科技股份有限公司,主板,SZSE,L,2020-12-18
003028.SZ,003028,振邦智能,深圳,元器件,深圳市振邦智能科技股份有限公司,主板,SZSE,L,2020-12-28
003029.SZ,003029,吉大正元,吉林,软件服务,长春吉大正元信息技术股份有限公司,主板,SZSE,L,2020-12-24
003030.SZ,003030,祖名股份,浙江,食品,祖名豆制品股份有限公司,主板,SZSE,L,2021-01-06
003031.SZ,003031,中瓷电子,河北,元器件,河北中瓷电子科技股份有限公司,主板,SZSE,L,2021-01-04
003032.SZ,003032,传智教育,江苏,文教休闲,江苏传智播客教育科技股份有限公司,主板,SZSE,L,2021-01-12
003033.SZ,003033,征和工业,山东,汽车配件,青岛征和工业股份有限公司,主板,SZSE,L,2021-01-11
003035.SZ,003035,南网能源,广东,新型电力,南方电网综合能源股份有限公司,主板,SZSE,L,2021-01-19
003036.SZ,003036,泰坦股份,浙江,纺织机械,浙江泰坦股份有限公司,主板,SZSE,L,2021-01-28
003037.SZ,003037,三和管桩,广东,水泥,广东三和管桩股份有限公司,主板,SZSE,L,2021-02-04
003038.SZ,003038,鑫铂股份,安徽,铝,安徽鑫铂铝业股份有限公司,主板,SZSE,L,2021-02-10
003039.SZ,003039,顺控发展,广东,水务,广东顺控发展股份有限公司,主板,SZSE,L,2021-03-08
003040.SZ,003040,楚天龙,广东,通信设备,楚天龙股份有限公司,主板,SZSE,L,2021-03-22
003041.SZ,003041,真爱美家,浙江,纺织,浙江真爱美家股份有限公司,主板,SZSE,L,2021-04-06
003042.SZ,003042,中农联合,山东,农药化肥,山东中农联合生物科技股份有限公司,主板,SZSE,L,2021-04-06
003043.SZ,003043,华亚智能,江苏,半导体,苏州华亚智能科技股份有限公司,主板,SZSE,L,2021-04-06
003816.SZ,003816,中国广核,深圳,新型电力,中国广核电力股份有限公司,主板,SZSE,L,2019-08-26
300001.SZ,300001,特锐德,山东,电气设备,青岛特锐德电气股份有限公司,创业板,SZSE,L,2009-10-30
300002.SZ,300002,神州泰岳,北京,互联网,北京神州泰岳软件股份有限公司,创业板,SZSE,L,2009-10-30
300003.SZ,300003,乐普医疗,北京,医疗保健,乐普(北京)医疗器械股份有限公司,创业板,SZSE,L,2009-10-30
300004.SZ,300004,南风股份,广东,电气设备,南方风机股份有限公司,创业板,SZSE,L,2009-10-30
300005.SZ,300005,探路者,北京,服饰,探路者控股集团股份有限公司,创业板,SZSE,L,2009-10-30
300006.SZ,300006,莱美药业,重庆,化学制药,重庆莱美药业股份有限公司,创业板,SZSE,L,2009-10-30
300007.SZ,300007,汉威科技,河南,电器仪表,汉威科技集团股份有限公司,创业板,SZSE,L,2009-10-30
300008.SZ,300008,天海防务,上海,船舶,天海融合防务装备技术股份有限公司,创业板,SZSE,L,2009-10-30
300009.SZ,300009,安科生物,安徽,生物制药,安徽安科生物工程(集团)股份有限公司,创业板,SZSE,L,2009-10-30
300010.SZ,300010,*ST豆神,北京,软件服务,豆神教育科技(北京)股份有限公司,创业板,SZSE,L,2009-10-30
300011.SZ,300011,鼎汉技术,北京,运输设备,北京鼎汉技术集团股份有限公司,创业板,SZSE,L,2009-10-30
300012.SZ,300012,华测检测,深圳,电器仪表,华测检测认证集团股份有限公司,创业板,SZSE,L,2009-10-30
300013.SZ,300013,*ST新宁,河南,仓储物流,河南新宁现代物流股份有限公司,创业板,SZSE,L,2009-10-30
300014.SZ,300014,亿纬锂能,广东,电气设备,惠州亿纬锂能股份有限公司,创业板,SZSE,L,2009-10-30
300015.SZ,300015,爱尔眼科,湖南,医疗保健,爱尔眼科医院集团股份有限公司,创业板,SZSE,L,2009-10-30
300016.SZ,300016,北陆药业,北京,化学制药,北京北陆药业股份有限公司,创业板,SZSE,L,2009-10-30
300017.SZ,300017,网宿科技,上海,软件服务,网宿科技股份有限公司,创业板,SZSE,L,2009-10-30
300018.SZ,300018,中元股份,湖北,电气设备,武汉中元华电科技股份有限公司,创业板,SZSE,L,2009-10-30
300019.SZ,300019,硅宝科技,四川,化工原料,成都硅宝科技股份有限公司,创业板,SZSE,L,2009-10-30
300020.SZ,300020,*ST银江,浙江,软件服务,银江技术股份有限公司,创业板,SZSE,L,2009-10-30
300021.SZ,300021,大禹节水,甘肃,建筑工程,大禹节水集团股份有限公司,创业板,SZSE,L,2009-10-30
300022.SZ,300022,吉峰科技,四川,农用机械,吉峰三农科技服务股份有限公司,创业板,SZSE,L,2009-10-30
300024.SZ,300024,机器人,辽宁,专用机械,沈阳新松机器人自动化股份有限公司,创业板,SZSE,L,2009-10-30
300025.SZ,300025,华星创业,浙江,通信设备,杭州华星创业通信技术股份有限公司,创业板,SZSE,L,2009-10-30
300026.SZ,300026,红日药业,天津,中成药,天津红日药业股份有限公司,创业板,SZSE,L,2009-10-30
300027.SZ,300027,华谊兄弟,浙江,影视音像,华谊兄弟传媒股份有限公司,创业板,SZSE,L,2009-10-30
300029.SZ,300029,ST天龙,江苏,电气设备,江苏华盛天龙光电设备股份有限公司,创业板,SZSE,L,2009-12-25
300030.SZ,300030,阳普医疗,广东,医疗保健,阳普医疗科技股份有限公司,创业板,SZSE,L,2009-12-25
300031.SZ,300031,宝通科技,江苏,互联网,无锡宝通科技股份有限公司,创业板,SZSE,L,2009-12-25
300032.SZ,300032,金龙机电,浙江,元器件,金龙机电股份有限公司,创业板,SZSE,L,2009-12-25
300033.SZ,300033,同花顺,浙江,软件服务,浙江核新同花顺网络信息股份有限公司,创业板,SZSE,L,2009-12-25
300034.SZ,300034,钢研高纳,北京,航空,北京钢研高纳科技股份有限公司,创业板,SZSE,L,2009-12-25
300035.SZ,300035,中科电气,湖南,电气设备,湖南中科电气股份有限公司,创业板,SZSE,L,2009-12-25
300036.SZ,300036,超图软件,北京,软件服务,北京超图软件股份有限公司,创业板,SZSE,L,2009-12-25
300037.SZ,300037,新宙邦,深圳,化工原料,深圳新宙邦科技股份有限公司,创业板,SZSE,L,2010-01-08
300039.SZ,300039,上海凯宝,上海,中成药,上海凯宝药业股份有限公司,创业板,SZSE,L,2010-01-08
300040.SZ,300040,九洲集团,黑龙江,电气设备,哈尔滨九洲集团股份有限公司,创业板,SZSE,L,2010-01-08
300041.SZ,300041,回天新材,湖北,化工原料,湖北回天新材料股份有限公司,创业板,SZSE,L,2010-01-08
300042.SZ,300042,朗科科技,深圳,IT设备,深圳市朗科科技股份有限公司,创业板,SZSE,L,2010-01-08
300043.SZ,300043,星辉娱乐,广东,互联网,星辉互动娱乐股份有限公司,创业板,SZSE,L,2010-01-20
300044.SZ,300044,赛为智能,深圳,软件服务,深圳市赛为智能股份有限公司,创业板,SZSE,L,2010-01-20
300045.SZ,300045,华力创通,北京,IT设备,北京华力创通科技股份有限公司,创业板,SZSE,L,2010-01-20
300046.SZ,300046,台基股份,湖北,半导体,湖北台基半导体股份有限公司,创业板,SZSE,L,2010-01-20
300047.SZ,300047,天源迪科,深圳,软件服务,深圳天源迪科信息技术股份有限公司,创业板,SZSE,L,2010-01-20
300048.SZ,300048,合康新能,北京,电气设备,北京合康新能科技股份有限公司,创业板,SZSE,L,2010-01-20
300049.SZ,300049,福瑞股份,内蒙,医疗保健,内蒙古福瑞医疗科技股份有限公司,创业板,SZSE,L,2010-01-20
300050.SZ,300050,世纪鼎利,广东,通信设备,珠海世纪鼎利科技股份有限公司,创业板,SZSE,L,2010-01-20
300051.SZ,300051,琏升科技,江苏,互联网,琏升科技股份有限公司,创业板,SZSE,L,2010-02-11
300052.SZ,300052,中青宝,深圳,互联网,深圳中青宝互动网络股份有限公司,创业板,SZSE,L,2010-02-11
300053.SZ,300053,航宇微,广东,半导体,珠海航宇微科技股份有限公司,创业板,SZSE,L,2010-02-11
300054.SZ,300054,鼎龙股份,湖北,化工原料,湖北鼎龙控股股份有限公司,创业板,SZSE,L,2010-02-11
300055.SZ,300055,万邦达,北京,环境保护,北京万邦达环保技术股份有限公司,创业板,SZSE,L,2010-02-26
300056.SZ,300056,中创环保,福建,环境保护,厦门中创环保科技股份有限公司,创业板,SZSE,L,2010-02-26
300057.SZ,300057,万顺新材,广东,铝,汕头万顺新材集团股份有限公司,创业板,SZSE,L,2010-02-26
300058.SZ,300058,蓝色光标,北京,广告包装,北京蓝色光标数据科技股份有限公司,创业板,SZSE,L,2010-02-26
300059.SZ,300059,东方财富,上海,证券,东方财富信息股份有限公司,创业板,SZSE,L,2010-03-19
300061.SZ,300061,旗天科技,上海,互联网,旗天科技集团股份有限公司,创业板,SZSE,L,2010-03-19
300062.SZ,300062,中能电气,福建,电气设备,中能电气股份有限公司,创业板,SZSE,L,2010-03-19
300063.SZ,300063,天龙集团,广东,互联网,广东天龙科技集团股份有限公司,创业板,SZSE,L,2010-03-26
300065.SZ,300065,海兰信,北京,船舶,北京海兰信数据科技股份有限公司,创业板,SZSE,L,2010-03-26
300066.SZ,300066,三川智慧,江西,电器仪表,三川智慧科技股份有限公司,创业板,SZSE,L,2010-03-26
300067.SZ,300067,安诺其,上海,染料涂料,上海安诺其集团股份有限公司,创业板,SZSE,L,2010-04-21
300068.SZ,300068,南都电源,浙江,电气设备,浙江南都电源动力股份有限公司,创业板,SZSE,L,2010-04-21
300069.SZ,300069,金利华电,山西,电气设备,金利华电气股份有限公司,创业板,SZSE,L,2010-04-21
300070.SZ,300070,碧水源,北京,环境保护,北京碧水源科技股份有限公司,创业板,SZSE,L,2010-04-21
300071.SZ,300071,福石控股,北京,广告包装,北京福石控股发展股份有限公司,创业板,SZSE,L,2010-04-21
300072.SZ,300072,海新能科,北京,环境保护,北京海新能源科技股份有限公司,创业板,SZSE,L,2010-04-27
300073.SZ,300073,当升科技,北京,电气设备,北京当升材料科技股份有限公司,创业板,SZSE,L,2010-04-27
300074.SZ,300074,华平股份,上海,软件服务,华平信息技术股份有限公司,创业板,SZSE,L,2010-04-27
300075.SZ,300075,数字政通,北京,软件服务,北京数字政通科技股份有限公司,创业板,SZSE,L,2010-04-27
300076.SZ,300076,GQY视讯,浙江,IT设备,宁波GQY视讯股份有限公司,创业板,SZSE,L,2010-04-30
300077.SZ,300077,国民技术,深圳,半导体,国民技术股份有限公司,创业板,SZSE,L,2010-04-30
300078.SZ,300078,思创医惠,浙江,软件服务,思创医惠科技股份有限公司,创业板,SZSE,L,2010-04-30
300079.SZ,300079,数码视讯,北京,通信设备,北京数码视讯科技股份有限公司,创业板,SZSE,L,2010-04-30
300080.SZ,300080,易成新能,河南,电气设备,河南易成新能源股份有限公司,创业板,SZSE,L,2010-06-25
300081.SZ,300081,恒信东方,北京,文教休闲,恒信东方文化股份有限公司,创业板,SZSE,L,2010-05-20
300082.SZ,300082,奥克股份,辽宁,化工原料,辽宁奥克化学股份有限公司,创业板,SZSE,L,2010-05-20
300083.SZ,300083,创世纪,广东,机床制造,广东创世纪智能装备集团股份有限公司,创业板,SZSE,L,2010-05-20
300084.SZ,300084,海默科技,甘肃,专用机械,海默科技(集团)股份有限公司,创业板,SZSE,L,2010-05-20
300085.SZ,300085,银之杰,深圳,软件服务,深圳市银之杰科技股份有限公司,创业板,SZSE,L,2010-05-26
300086.SZ,300086,康芝药业,海南,化学制药,康芝药业股份有限公司,创业板,SZSE,L,2010-05-26
300087.SZ,300087,荃银高科,安徽,种植业,安徽荃银高科种业股份有限公司,创业板,SZSE,L,2010-05-26
300088.SZ,300088,长信科技,安徽,元器件,芜湖长信科技股份有限公司,创业板,SZSE,L,2010-05-26
300091.SZ,300091,金通灵,江苏,机械基件,金通灵科技集团股份有限公司,创业板,SZSE,L,2010-06-25
300092.SZ,300092,科新机电,四川,专用机械,四川科新机电股份有限公司,创业板,SZSE,L,2010-07-08
300093.SZ,300093,金刚光伏,甘肃,电气设备,甘肃金刚光伏股份有限公司,创业板,SZSE,L,2010-07-08
300094.SZ,300094,国联水产,广东,渔业,湛江国联水产开发股份有限公司,创业板,SZSE,L,2010-07-08
300095.SZ,300095,华伍股份,江西,电气设备,江西华伍制动器股份有限公司,创业板,SZSE,L,2010-07-28
300096.SZ,300096,ST易联众,福建,软件服务,易联众信息技术股份有限公司,创业板,SZSE,L,2010-07-28
300097.SZ,300097,智云股份,辽宁,专用机械,大连智云自动化装备股份有限公司,创业板,SZSE,L,2010-07-28
300098.SZ,300098,高新兴,广东,软件服务,高新兴科技集团股份有限公司,创业板,SZSE,L,2010-07-28
300099.SZ,300099,尤洛卡,山东,电器仪表,尤洛卡精准信息工程股份有限公司,创业板,SZSE,L,2010-08-06
300100.SZ,300100,双林股份,浙江,汽车服务,宁波双林汽车部件股份有限公司,创业板,SZSE,L,2010-08-06
300101.SZ,300101,振芯科技,四川,通信设备,成都振芯科技股份有限公司,创业板,SZSE,L,2010-08-06
300102.SZ,300102,乾照光电,福建,半导体,厦门乾照光电股份有限公司,创业板,SZSE,L,2010-08-12
300103.SZ,300103,达刚控股,陕西,环境保护,达刚控股集团股份有限公司,创业板,SZSE,L,2010-08-12
300105.SZ,300105,龙源技术,山东,电器仪表,烟台龙源电力技术股份有限公司,创业板,SZSE,L,2010-08-20
300106.SZ,300106,西部牧业,新疆,乳制品,新疆西部牧业股份有限公司,创业板,SZSE,L,2010-08-20
300107.SZ,300107,建新股份,河北,化工原料,河北建新化工股份有限公司,创业板,SZSE,L,2010-08-20
300108.SZ,300108,*ST吉药,吉林,中成药,吉药控股集团股份有限公司,创业板,SZSE,L,2010-08-25
300109.SZ,300109,新开源,河南,化工原料,博爱新开源医疗科技集团股份有限公司,创业板,SZSE,L,2010-08-25
300110.SZ,300110,华仁药业,山东,化学制药,华仁药业股份有限公司,创业板,SZSE,L,2010-08-25
300111.SZ,300111,向日葵,浙江,化学制药,浙江向日葵大健康科技股份有限公司,创业板,SZSE,L,2010-08-27
300112.SZ,300112,万讯自控,深圳,电器仪表,深圳万讯自控股份有限公司,创业板,SZSE,L,2010-08-27
300113.SZ,300113,顺网科技,浙江,互联网,杭州顺网科技股份有限公司,创业板,SZSE,L,2010-08-27
300114.SZ,300114,中航电测,陕西,电器仪表,中航电测仪器股份有限公司,创业板,SZSE,L,2010-08-27
300115.SZ,300115,长盈精密,深圳,元器件,深圳市长盈精密技术股份有限公司,创业板,SZSE,L,2010-09-02
300116.SZ,300116,*ST保力,陕西,电气设备,保力新能源科技股份有限公司,创业板,SZSE,L,2010-09-02
300117.SZ,300117,*ST嘉寓,北京,电气设备,嘉寓控股股份公司,创业板,SZSE,L,2010-09-02
300118.SZ,300118,东方日升,浙江,电气设备,东方日升新能源股份有限公司,创业板,SZSE,L,2010-09-02
300119.SZ,300119,瑞普生物,天津,农业综合,天津瑞普生物技术股份有限公司,创业板,SZSE,L,2010-09-17
300120.SZ,300120,经纬辉开,天津,元器件,天津经纬辉开光电股份有限公司,创业板,SZSE,L,2010-09-17
300121.SZ,300121,阳谷华泰,山东,化工原料,山东阳谷华泰化工股份有限公司,创业板,SZSE,L,2010-09-17
300122.SZ,300122,智飞生物,重庆,生物制药,重庆智飞生物制品股份有限公司,创业板,SZSE,L,2010-09-28
300123.SZ,300123,亚光科技,湖南,半导体,亚光科技集团股份有限公司,创业板,SZSE,L,2010-09-28
300124.SZ,300124,汇川技术,深圳,电器仪表,深圳市汇川技术股份有限公司,创业板,SZSE,L,2010-09-28
300125.SZ,300125,ST聆达,辽宁,电气设备,聆达集团股份有限公司,创业板,SZSE,L,2010-10-13
300126.SZ,300126,锐奇股份,上海,轻工机械,锐奇控股股份有限公司,创业板,SZSE,L,2010-10-13
300127.SZ,300127,银河磁体,四川,矿物制品,成都银河磁体股份有限公司,创业板,SZSE,L,2010-10-13
300128.SZ,300128,锦富技术,江苏,元器件,苏州锦富技术股份有限公司,创业板,SZSE,L,2010-10-13
300129.SZ,300129,泰胜风能,上海,电气设备,上海泰胜风能装备股份有限公司,创业板,SZSE,L,2010-10-19
300130.SZ,300130,新国都,深圳,IT设备,深圳市新国都股份有限公司,创业板,SZSE,L,2010-10-19
300131.SZ,300131,英唐智控,深圳,元器件,深圳市英唐智能控制股份有限公司,创业板,SZSE,L,2010-10-19
300132.SZ,300132,青松股份,福建,化工原料,福建青松股份有限公司,创业板,SZSE,L,2010-10-26
300133.SZ,300133,华策影视,浙江,影视音像,浙江华策影视股份有限公司,创业板,SZSE,L,2010-10-26
300134.SZ,300134,大富科技,安徽,通信设备,大富科技(安徽)股份有限公司,创业板,SZSE,L,2010-10-26
300135.SZ,300135,宝利国际,江苏,化工原料,江苏宝利国际投资股份有限公司,创业板,SZSE,L,2010-10-26
300136.SZ,300136,信维通信,深圳,元器件,深圳市信维通信股份有限公司,创业板,SZSE,L,2010-11-05
300137.SZ,300137,先河环保,河北,环境保护,河北先河环保科技股份有限公司,创业板,SZSE,L,2010-11-05
300138.SZ,300138,晨光生物,河北,食品,晨光生物科技集团股份有限公司,创业板,SZSE,L,2010-11-05
300139.SZ,300139,晓程科技,北京,黄金,北京晓程科技股份有限公司,创业板,SZSE,L,2010-11-12
300140.SZ,300140,节能环境,陕西,环境保护,中节能环境保护股份有限公司,创业板,SZSE,L,2010-11-12
300141.SZ,300141,和顺电气,江苏,电气设备,苏州工业园区和顺电气股份有限公司,创业板,SZSE,L,2010-11-12
300142.SZ,300142,沃森生物,云南,生物制药,云南沃森生物技术股份有限公司,创业板,SZSE,L,2010-11-12
300143.SZ,300143,盈康生命,山东,医疗保健,盈康生命科技股份有限公司,创业板,SZSE,L,2010-12-09
300144.SZ,300144,宋城演艺,浙江,旅游景点,宋城演艺发展股份有限公司,创业板,SZSE,L,2010-12-09
300145.SZ,300145,中金环境,浙江,机械基件,南方中金环境股份有限公司,创业板,SZSE,L,2010-12-09
300146.SZ,300146,汤臣倍健,广东,食品,汤臣倍健股份有限公司,创业板,SZSE,L,2010-12-15
300147.SZ,300147,香雪制药,广东,中成药,广州市香雪制药股份有限公司,创业板,SZSE,L,2010-12-15
300148.SZ,300148,天舟文化,湖南,互联网,天舟文化股份有限公司,创业板,SZSE,L,2010-12-15
300149.SZ,300149,睿智医药,广东,生物制药,睿智医药科技股份有限公司,创业板,SZSE,L,2010-12-22
300150.SZ,300150,世纪瑞尔,北京,软件服务,北京世纪瑞尔技术股份有限公司,创业板,SZSE,L,2010-12-22
300151.SZ,300151,昌红科技,深圳,专用机械,深圳市昌红科技股份有限公司,创业板,SZSE,L,2010-12-22
300152.SZ,300152,新动力,河北,环境保护,雄安新动力科技股份有限公司,创业板,SZSE,L,2010-12-29
300153.SZ,300153,科泰电源,上海,电气设备,上海科泰电源股份有限公司,创业板,SZSE,L,2010-12-29
300154.SZ,300154,瑞凌股份,深圳,机械基件,深圳市瑞凌实业集团股份有限公司,创业板,SZSE,L,2010-12-29
300155.SZ,300155,安居宝,广东,IT设备,广东安居宝数码科技股份有限公司,创业板,SZSE,L,2011-01-07
300157.SZ,300157,新锦动力,北京,石油开采,新锦动力集团股份有限公司,创业板,SZSE,L,2011-01-07
300158.SZ,300158,振东制药,山西,化学制药,山西振东制药股份有限公司,创业板,SZSE,L,2011-01-07
300159.SZ,300159,新研股份,新疆,航空,新疆机械研究院股份有限公司,创业板,SZSE,L,2011-01-07
300160.SZ,300160,秀强股份,江苏,家用电器,江苏秀强玻璃工艺股份有限公司,创业板,SZSE,L,2011-01-13
300161.SZ,300161,华中数控,湖北,机床制造,武汉华中数控股份有限公司,创业板,SZSE,L,2011-01-13
300162.SZ,300162,雷曼光电,深圳,元器件,深圳雷曼光电科技股份有限公司,创业板,SZSE,L,2011-01-13
300163.SZ,300163,ST先锋,浙江,其他建材,宁波先锋新材料股份有限公司,创业板,SZSE,L,2011-01-13
300164.SZ,300164,通源石油,陕西,石油开采,通源石油科技集团股份有限公司,创业板,SZSE,L,2011-01-13
300165.SZ,300165,天瑞仪器,江苏,电器仪表,江苏天瑞仪器股份有限公司,创业板,SZSE,L,2011-01-25
300166.SZ,300166,东方国信,北京,软件服务,北京东方国信科技股份有限公司,创业板,SZSE,L,2011-01-25
300167.SZ,300167,*ST迪威,深圳,软件服务,深圳市迪威迅股份有限公司,创业板,SZSE,L,2011-01-25
300168.SZ,300168,万达信息,上海,软件服务,万达信息股份有限公司,创业板,SZSE,L,2011-01-25
300169.SZ,300169,天晟新材,江苏,塑料,常州天晟新材料集团股份有限公司,创业板,SZSE,L,2011-01-25
300170.SZ,300170,汉得信息,上海,软件服务,上海汉得信息技术股份有限公司,创业板,SZSE,L,2011-02-01
300171.SZ,300171,东富龙,上海,医疗保健,东富龙科技集团股份有限公司,创业板,SZSE,L,2011-02-01
300172.SZ,300172,中电环保,江苏,环境保护,中电环保股份有限公司,创业板,SZSE,L,2011-02-01
300173.SZ,300173,福能东方,广东,轻工机械,福能东方装备科技股份有限公司,创业板,SZSE,L,2011-02-01
300174.SZ,300174,元力股份,福建,化工原料,福建元力活性炭股份有限公司,创业板,SZSE,L,2011-02-01
300175.SZ,300175,朗源股份,山东,食品,朗源股份有限公司,创业板,SZSE,L,2011-02-15
300176.SZ,300176,派生科技,广东,汽车配件,广东派生智能科技股份有限公司,创业板,SZSE,L,2011-02-15
300177.SZ,300177,中海达,广东,通信设备,广州中海达卫星导航技术股份有限公司,创业板,SZSE,L,2011-02-15
300179.SZ,300179,四方达,河南,矿物制品,河南四方达超硬材料股份有限公司,创业板,SZSE,L,2011-02-15
300180.SZ,300180,华峰超纤,上海,化纤,上海华峰超纤科技股份有限公司,创业板,SZSE,L,2011-02-22
300181.SZ,300181,佐力药业,浙江,中成药,浙江佐力药业股份有限公司,创业板,SZSE,L,2011-02-22
300182.SZ,300182,捷成股份,北京,影视音像,北京捷成世纪科技股份有限公司,创业板,SZSE,L,2011-02-22
300183.SZ,300183,东软载波,山东,通信设备,青岛东软载波科技股份有限公司,创业板,SZSE,L,2011-02-22
300184.SZ,300184,力源信息,湖北,元器件,武汉力源信息技术股份有限公司,创业板,SZSE,L,2011-02-22
300185.SZ,300185,通裕重工,山东,工程机械,通裕重工股份有限公司,创业板,SZSE,L,2011-03-08
300187.SZ,300187,永清环保,湖南,环境保护,永清环保股份有限公司,创业板,SZSE,L,2011-03-08
300188.SZ,300188,国投智能,福建,软件服务,国投智能(厦门)信息股份有限公司,创业板,SZSE,L,2011-03-16
300189.SZ,300189,神农科技,海南,种植业,海南神农科技股份有限公司,创业板,SZSE,L,2011-03-16
300190.SZ,300190,维尔利,江苏,环境保护,维尔利环保科技集团股份有限公司,创业板,SZSE,L,2011-03-16
300191.SZ,300191,潜能恒信,北京,石油开采,潜能恒信能源技术股份有限公司,创业板,SZSE,L,2011-03-16
300192.SZ,300192,科德教育,江苏,文教休闲,苏州科德教育科技股份有限公司,创业板,SZSE,L,2011-03-22
300193.SZ,300193,佳士科技,深圳,专用机械,深圳市佳士科技股份有限公司,创业板,SZSE,L,2011-03-22
300194.SZ,300194,福安药业,重庆,化学制药,福安药业(集团)股份有限公司,创业板,SZSE,L,2011-03-22
300195.SZ,300195,长荣股份,天津,轻工机械,天津长荣科技集团股份有限公司,创业板,SZSE,L,2011-03-29
300196.SZ,300196,长海股份,江苏,玻璃,江苏长海复合材料股份有限公司,创业板,SZSE,L,2011-03-29
300197.SZ,300197,节能铁汉,深圳,环境保护,中节能铁汉生态环境股份有限公司,创业板,SZSE,L,2011-03-29
300198.SZ,300198,纳川股份,福建,塑料,福建纳川管材科技股份有限公司,创业板,SZSE,L,2011-04-07
300199.SZ,300199,翰宇药业,深圳,化学制药,深圳翰宇药业股份有限公司,创业板,SZSE,L,2011-04-07
300200.SZ,300200,高盟新材,北京,化工原料,北京高盟新材料股份有限公司,创业板,SZSE,L,2011-04-07
300201.SZ,300201,海伦哲,江苏,工程机械,徐州海伦哲专用车辆股份有限公司,创业板,SZSE,L,2011-04-07
300203.SZ,300203,聚光科技,浙江,环境保护,聚光科技(杭州)股份有限公司,创业板,SZSE,L,2011-04-15
300204.SZ,300204,舒泰神,北京,生物制药,舒泰神(北京)生物制药股份有限公司,创业板,SZSE,L,2011-04-15
300205.SZ,300205,ST天喻,湖北,通信设备,武汉天喻信息产业股份有限公司,创业板,SZSE,L,2011-04-21
300206.SZ,300206,理邦仪器,深圳,医疗保健,深圳市理邦精密仪器股份有限公司,创业板,SZSE,L,2011-04-21
300207.SZ,300207,欣旺达,深圳,电气设备,欣旺达电子股份有限公司,创业板,SZSE,L,2011-04-21
300208.SZ,300208,*ST中程,山东,电气设备,青岛中资中程集团股份有限公司,创业板,SZSE,L,2011-04-26
300209.SZ,300209,*ST有树,湖南,互联网,有棵树科技股份有限公司,创业板,SZSE,L,2011-04-26
300210.SZ,300210,森远股份,辽宁,专用机械,鞍山森远路桥股份有限公司,创业板,SZSE,L,2011-04-26
300211.SZ,300211,亿通科技,江苏,通信设备,江苏亿通高科技股份有限公司,创业板,SZSE,L,2011-05-05
300212.SZ,300212,易华录,北京,软件服务,北京易华录信息技术股份有限公司,创业板,SZSE,L,2011-05-05
300213.SZ,300213,佳讯飞鸿,北京,通信设备,北京佳讯飞鸿电气股份有限公司,创业板,SZSE,L,2011-05-05
300214.SZ,300214,日科化学,山东,化工原料,山东日科化学股份有限公司,创业板,SZSE,L,2011-05-11
300215.SZ,300215,电科院,江苏,电气设备,苏州电器科学研究院股份有限公司,创业板,SZSE,L,2011-05-11
300217.SZ,300217,东方电热,江苏,家用电器,镇江东方电热科技股份有限公司,创业板,SZSE,L,2011-05-18
300218.SZ,300218,安利股份,安徽,塑料,安徽安利材料科技股份有限公司,创业板,SZSE,L,2011-05-18
300219.SZ,300219,鸿利智汇,广东,元器件,鸿利智汇集团股份有限公司,创业板,SZSE,L,2011-05-18
300220.SZ,300220,ST金运,湖北,专用机械,武汉金运激光股份有限公司,创业板,SZSE,L,2011-05-25
300221.SZ,300221,银禧科技,广东,塑料,广东银禧科技股份有限公司,创业板,SZSE,L,2011-05-25
300222.SZ,300222,科大智能,上海,电气设备,科大智能科技股份有限公司,创业板,SZSE,L,2011-05-25
300223.SZ,300223,北京君正,北京,半导体,北京君正集成电路股份有限公司,创业板,SZSE,L,2011-05-31
300224.SZ,300224,正海磁材,山东,矿物制品,烟台正海磁性材料股份有限公司,创业板,SZSE,L,2011-05-31
300225.SZ,300225,金力泰,上海,染料涂料,上海金力泰化工股份有限公司,创业板,SZSE,L,2011-05-31
300226.SZ,300226,上海钢联,上海,互联网,上海钢联电子商务股份有限公司,创业板,SZSE,L,2011-06-08
300227.SZ,300227,光韵达,深圳,专用机械,深圳光韵达光电科技股份有限公司,创业板,SZSE,L,2011-06-08
300228.SZ,300228,富瑞特装,江苏,化工机械,张家港富瑞特种装备股份有限公司,创业板,SZSE,L,2011-06-08
300229.SZ,300229,拓尔思,北京,软件服务,拓尔思信息技术股份有限公司,创业板,SZSE,L,2011-06-15
300230.SZ,300230,永利股份,上海,塑料,上海永利带业股份有限公司,创业板,SZSE,L,2011-06-15
300231.SZ,300231,银信科技,北京,软件服务,北京银信长远科技股份有限公司,创业板,SZSE,L,2011-06-15
300232.SZ,300232,洲明科技,深圳,元器件,深圳市洲明科技股份有限公司,创业板,SZSE,L,2011-06-22
300233.SZ,300233,金城医药,山东,化学制药,山东金城医药集团股份有限公司,创业板,SZSE,L,2011-06-22
300234.SZ,300234,开尔新材,浙江,陶瓷,浙江开尔新材料股份有限公司,创业板,SZSE,L,2011-06-22
300235.SZ,300235,方直科技,深圳,软件服务,深圳市方直科技股份有限公司,创业板,SZSE,L,2011-06-29
300236.SZ,300236,上海新阳,上海,半导体,上海新阳半导体材料股份有限公司,创业板,SZSE,L,2011-06-29
300237.SZ,300237,美晨生态,山东,汽车配件,山东美晨生态环境股份有限公司,创业板,SZSE,L,2011-06-29
300238.SZ,300238,冠昊生物,广东,医疗保健,冠昊生物科技股份有限公司,创业板,SZSE,L,2011-07-06
300239.SZ,300239,东宝生物,内蒙,生物制药,包头东宝生物技术股份有限公司,创业板,SZSE,L,2011-07-06
300240.SZ,300240,飞力达,江苏,仓储物流,江苏飞力达国际物流股份有限公司,创业板,SZSE,L,2011-07-06
300241.SZ,300241,瑞丰光电,深圳,半导体,深圳市瑞丰光电子股份有限公司,创业板,SZSE,L,2011-07-12
300242.SZ,300242,佳云科技,广东,互联网,广东佳兆业佳云科技股份有限公司,创业板,SZSE,L,2011-07-12
300243.SZ,300243,瑞丰高材,山东,化工原料,山东瑞丰高分子材料股份有限公司,创业板,SZSE,L,2011-07-12
300244.SZ,300244,迪安诊断,浙江,医疗保健,迪安诊断技术集团股份有限公司,创业板,SZSE,L,2011-07-19
300245.SZ,300245,天玑科技,上海,软件服务,上海天玑科技股份有限公司,创业板,SZSE,L,2011-07-19
300246.SZ,300246,宝莱特,广东,医疗保健,广东宝莱特医用科技股份有限公司,创业板,SZSE,L,2011-07-19
300247.SZ,300247,融捷健康,安徽,医疗保健,融捷健康科技股份有限公司,创业板,SZSE,L,2011-07-29
300248.SZ,300248,新开普,河南,软件服务,新开普电子股份有限公司,创业板,SZSE,L,2011-07-29
300249.SZ,300249,依米康,四川,IT设备,依米康科技集团股份有限公司,创业板,SZSE,L,2011-08-03
300250.SZ,300250,初灵信息,浙江,软件服务,杭州初灵信息技术股份有限公司,创业板,SZSE,L,2011-08-03
300251.SZ,300251,光线传媒,北京,影视音像,北京光线传媒股份有限公司,创业板,SZSE,L,2011-08-03
300252.SZ,300252,金信诺,深圳,通信设备,深圳金信诺高新技术股份有限公司,创业板,SZSE,L,2011-08-18
300253.SZ,300253,卫宁健康,上海,软件服务,卫宁健康科技集团股份有限公司,创业板,SZSE,L,2011-08-18
300254.SZ,300254,仟源医药,山西,化学制药,山西仟源医药集团股份有限公司,创业板,SZSE,L,2011-08-19
300255.SZ,300255,常山药业,河北,生物制药,河北常山生化药业股份有限公司,创业板,SZSE,L,2011-08-19
300256.SZ,300256,星星科技,江西,元器件,江西星星科技股份有限公司,创业板,SZSE,L,2011-08-19
300257.SZ,300257,开山股份,上海,机械基件,开山集团股份有限公司,创业板,SZSE,L,2011-08-19
300258.SZ,300258,精锻科技,江苏,汽车配件,江苏太平洋精锻科技股份有限公司,创业板,SZSE,L,2011-08-26
300259.SZ,300259,新天科技,河南,电器仪表,新天科技股份有限公司,创业板,SZSE,L,2011-08-31
300260.SZ,300260,新莱应材,江苏,机械基件,昆山新莱洁净应用材料股份有限公司,创业板,SZSE,L,2011-09-06
300261.SZ,300261,雅本化学,江苏,农药化肥,雅本化学股份有限公司,创业板,SZSE,L,2011-09-06
300262.SZ,300262,*ST巴安,上海,水务,上海巴安水务股份有限公司,创业板,SZSE,L,2011-09-16
300263.SZ,300263,隆华科技,河南,专用机械,隆华科技集团(洛阳)股份有限公司,创业板,SZSE,L,2011-09-16
300264.SZ,300264,佳创视讯,深圳,软件服务,深圳市佳创视讯技术股份有限公司,创业板,SZSE,L,2011-09-16
300265.SZ,300265,通光线缆,江苏,电气设备,江苏通光电子线缆股份有限公司,创业板,SZSE,L,2011-09-16
300266.SZ,300266,兴源环境,浙江,环境保护,兴源环境科技股份有限公司,创业板,SZSE,L,2011-09-27
300267.SZ,300267,尔康制药,湖南,化学制药,湖南尔康制药股份有限公司,创业板,SZSE,L,2011-09-27
300268.SZ,300268,*ST佳沃,湖南,农业综合,佳沃食品股份有限公司,创业板,SZSE,L,2011-09-27
300269.SZ,300269,联建光电,深圳,元器件,深圳市联建光电股份有限公司,创业板,SZSE,L,2011-10-12
300270.SZ,300270,中威电子,浙江,IT设备,杭州中威电子股份有限公司,创业板,SZSE,L,2011-10-12
300271.SZ,300271,华宇软件,北京,软件服务,北京华宇软件股份有限公司,创业板,SZSE,L,2011-10-26
300272.SZ,300272,开能健康,上海,家用电器,开能健康科技集团股份有限公司,创业板,SZSE,L,2011-11-02
300274.SZ,300274,阳光电源,安徽,电气设备,阳光电源股份有限公司,创业板,SZSE,L,2011-11-02
300275.SZ,300275,梅安森,重庆,工程机械,重庆梅安森科技股份有限公司,创业板,SZSE,L,2011-11-02
300276.SZ,300276,三丰智能,湖北,专用机械,三丰智能装备集团股份有限公司,创业板,SZSE,L,2011-11-15
300277.SZ,300277,海联讯,浙江,软件服务,杭州海联讯科技股份有限公司,创业板,SZSE,L,2011-11-23
300278.SZ,300278,华昌达,湖北,专用机械,华昌达智能装备集团股份有限公司,创业板,SZSE,L,2011-12-16
300279.SZ,300279,和晶科技,江苏,元器件,无锡和晶科技股份有限公司,创业板,SZSE,L,2011-12-29
300280.SZ,300280,紫天科技,福建,广告包装,福建紫天传媒科技股份有限公司,创业板,SZSE,L,2011-12-29
300281.SZ,300281,金明精机,广东,专用机械,广东金明精机股份有限公司,创业板,SZSE,L,2011-12-29
300282.SZ,300282,*ST三盛,北京,文教休闲,三盛智慧教育科技股份有限公司,创业板,SZSE,L,2011-12-29
300283.SZ,300283,温州宏丰,浙江,电气设备,温州宏丰电工合金股份有限公司,创业板,SZSE,L,2012-01-10
300284.SZ,300284,苏交科,江苏,建筑工程,苏交科集团股份有限公司,创业板,SZSE,L,2012-01-10
300285.SZ,300285,国瓷材料,山东,陶瓷,山东国瓷功能材料股份有限公司,创业板,SZSE,L,2012-01-13
300286.SZ,300286,安科瑞,上海,电器仪表,安科瑞电气股份有限公司,创业板,SZSE,L,2012-01-13
300287.SZ,300287,飞利信,北京,软件服务,北京飞利信科技股份有限公司,创业板,SZSE,L,2012-02-01
300288.SZ,300288,朗玛信息,贵州,软件服务,贵阳朗玛信息技术股份有限公司,创业板,SZSE,L,2012-02-16
300289.SZ,300289,利德曼,北京,医疗保健,北京利德曼生化股份有限公司,创业板,SZSE,L,2012-02-16
300290.SZ,300290,荣科科技,辽宁,软件服务,荣科科技股份有限公司,创业板,SZSE,L,2012-02-16
300291.SZ,300291,百纳千成,北京,影视音像,北京百纳千成影视股份有限公司,创业板,SZSE,L,2012-02-09
300292.SZ,300292,吴通控股,江苏,互联网,吴通控股集团股份有限公司,创业板,SZSE,L,2012-02-29
300293.SZ,300293,蓝英装备,辽宁,专用机械,沈阳蓝英工业自动化装备股份有限公司,创业板,SZSE,L,2012-03-08
300294.SZ,300294,博雅生物,江西,生物制药,华润博雅生物制药集团股份有限公司,创业板,SZSE,L,2012-03-08
300295.SZ,300295,三六五网,江苏,互联网,江苏三六五网络股份有限公司,创业板,SZSE,L,2012-03-15
300296.SZ,300296,利亚德,北京,元器件,利亚德光电股份有限公司,创业板,SZSE,L,2012-03-15
300298.SZ,300298,三诺生物,湖南,医疗保健,三诺生物传感股份有限公司,创业板,SZSE,L,2012-03-19
300299.SZ,300299,富春股份,福建,互联网,富春科技股份有限公司,创业板,SZSE,L,2012-03-19
300300.SZ,300300,海峡创新,福建,软件服务,海峡创新互联网股份有限公司,创业板,SZSE,L,2012-03-19
300301.SZ,300301,*ST长方,深圳,半导体,深圳市长方集团股份有限公司,创业板,SZSE,L,2012-03-21
300302.SZ,300302,同有科技,北京,软件服务,北京同有飞骥科技股份有限公司,创业板,SZSE,L,2012-03-21
300303.SZ,300303,聚飞光电,深圳,半导体,深圳市聚飞光电股份有限公司,创业板,SZSE,L,2012-03-19
300304.SZ,300304,云意电气,江苏,汽车配件,江苏云意电气股份有限公司,创业板,SZSE,L,2012-03-21
300305.SZ,300305,裕兴股份,江苏,塑料,江苏裕兴薄膜科技股份有限公司,创业板,SZSE,L,2012-03-29
300306.SZ,300306,远方信息,浙江,电器仪表,杭州远方光电信息股份有限公司,创业板,SZSE,L,2012-03-29
300307.SZ,300307,慈星股份,浙江,纺织机械,宁波慈星股份有限公司,创业板,SZSE,L,2012-03-29
300308.SZ,300308,中际旭创,山东,通信设备,中际旭创股份有限公司,创业板,SZSE,L,2012-04-10
300310.SZ,300310,宜通世纪,广东,通信设备,宜通世纪科技股份有限公司,创业板,SZSE,L,2012-04-25
300311.SZ,300311,任子行,深圳,软件服务,任子行网络技术股份有限公司,创业板,SZSE,L,2012-04-25
300313.SZ,300313,*ST天山,新疆,农业综合,新疆天山畜牧生物工程股份有限公司,创业板,SZSE,L,2012-04-25
300314.SZ,300314,戴维医疗,浙江,医疗保健,宁波戴维医疗器械股份有限公司,创业板,SZSE,L,2012-05-08
300315.SZ,300315,掌趣科技,北京,互联网,北京掌趣科技股份有限公司,创业板,SZSE,L,2012-05-11
300316.SZ,300316,晶盛机电,浙江,专用机械,浙江晶盛机电股份有限公司,创业板,SZSE,L,2012-05-11
300317.SZ,300317,珈伟新能,深圳,电气设备,珈伟新能源股份有限公司,创业板,SZSE,L,2012-05-11
300318.SZ,300318,博晖创新,北京,医疗保健,北京博晖创新生物技术集团股份有限公司,创业板,SZSE,L,2012-05-23
300319.SZ,300319,麦捷科技,深圳,元器件,深圳市麦捷微电子科技股份有限公司,创业板,SZSE,L,2012-05-23
300320.SZ,300320,海达股份,江苏,橡胶,江阴海达橡塑股份有限公司,创业板,SZSE,L,2012-06-01
300321.SZ,300321,同大股份,山东,塑料,山东同大海岛新材料股份有限公司,创业板,SZSE,L,2012-05-23
300322.SZ,300322,硕贝德,广东,元器件,惠州硕贝德无线科技股份有限公司,创业板,SZSE,L,2012-06-08
300323.SZ,300323,华灿光电,湖北,半导体,华灿光电股份有限公司,创业板,SZSE,L,2012-06-01
300324.SZ,300324,旋极信息,北京,软件服务,北京旋极信息技术股份有限公司,创业板,SZSE,L,2012-06-08
300326.SZ,300326,凯利泰,上海,医疗保健,上海凯利泰医疗科技股份有限公司,创业板,SZSE,L,2012-06-13
300327.SZ,300327,中颖电子,上海,半导体,中颖电子股份有限公司,创业板,SZSE,L,2012-06-13
300328.SZ,300328,宜安科技,广东,小金属,东莞宜安科技股份有限公司,创业板,SZSE,L,2012-06-19
300329.SZ,300329,海伦钢琴,浙江,文教休闲,海伦钢琴股份有限公司,创业板,SZSE,L,2012-06-19
300331.SZ,300331,苏大维格,江苏,元器件,苏州苏大维格科技集团股份有限公司,创业板,SZSE,L,2012-06-28
300332.SZ,300332,天壕能源,北京,供气供热,天壕能源股份有限公司,创业板,SZSE,L,2012-06-28
300333.SZ,300333,兆日科技,深圳,IT设备,深圳兆日科技股份有限公司,创业板,SZSE,L,2012-06-28
300334.SZ,300334,津膜科技,天津,水务,天津膜天膜科技股份有限公司,创业板,SZSE,L,2012-07-05
300335.SZ,300335,迪森股份,广东,供气供热,广州迪森热能技术股份有限公司,创业板,SZSE,L,2012-07-10
300337.SZ,300337,银邦股份,江苏,铝,银邦金属复合材料股份有限公司,创业板,SZSE,L,2012-07-18
300338.SZ,300338,*ST开元,湖南,文教休闲,开元教育科技集团股份有限公司,创业板,SZSE,L,2012-07-26
300339.SZ,300339,润和软件,江苏,软件服务,江苏润和软件股份有限公司,创业板,SZSE,L,2012-07-18
300340.SZ,300340,科恒股份,广东,电气设备,江门市科恒实业股份有限公司,创业板,SZSE,L,2012-07-26
300341.SZ,300341,麦克奥迪,福建,电气设备,麦克奥迪(厦门)电气股份有限公司,创业板,SZSE,L,2012-07-26
300342.SZ,300342,天银机电,江苏,家用电器,常熟市天银机电股份有限公司,创业板,SZSE,L,2012-07-26
300343.SZ,300343,联创股份,山东,化工原料,山东联创产业发展集团股份有限公司,创业板,SZSE,L,2012-08-01
300344.SZ,300344,立方数科,安徽,软件服务,立方数科股份有限公司,创业板,SZSE,L,2012-08-01
300345.SZ,300345,华民股份,湖南,机械基件,湖南华民控股集团股份有限公司,创业板,SZSE,L,2012-08-01
300346.SZ,300346,南大光电,江苏,半导体,江苏南大光电材料股份有限公司,创业板,SZSE,L,2012-08-07
300347.SZ,300347,泰格医药,浙江,医疗保健,杭州泰格医药科技股份有限公司,创业板,SZSE,L,2012-08-17
300348.SZ,300348,长亮科技,深圳,软件服务,深圳市长亮科技股份有限公司,创业板,SZSE,L,2012-08-17
300349.SZ,300349,金卡智能,浙江,电器仪表,金卡智能集团股份有限公司,创业板,SZSE,L,2012-08-17
300350.SZ,300350,华鹏飞,深圳,软件服务,华鹏飞股份有限公司,创业板,SZSE,L,2012-08-21
300351.SZ,300351,永贵电器,浙江,运输设备,浙江永贵电器股份有限公司,创业板,SZSE,L,2012-09-20
300352.SZ,300352,北信源,北京,软件服务,北京北信源软件股份有限公司,创业板,SZSE,L,2012-09-12
300353.SZ,300353,东土科技,北京,通信设备,北京东土科技股份有限公司,创业板,SZSE,L,2012-09-27
300354.SZ,300354,东华测试,江苏,电器仪表,江苏东华测试技术股份有限公司,创业板,SZSE,L,2012-09-20
300355.SZ,300355,蒙草生态,内蒙,环境保护,蒙草生态环境(集团)股份有限公司,创业板,SZSE,L,2012-09-27
300357.SZ,300357,我武生物,浙江,生物制药,浙江我武生物科技股份有限公司,创业板,SZSE,L,2014-01-21
300358.SZ,300358,楚天科技,湖南,医疗保健,楚天科技股份有限公司,创业板,SZSE,L,2014-01-21
300359.SZ,300359,全通教育,广东,文教休闲,全通教育集团(广东)股份有限公司,创业板,SZSE,L,2014-01-21
300360.SZ,300360,炬华科技,浙江,电器仪表,杭州炬华科技股份有限公司,创业板,SZSE,L,2014-01-21
300363.SZ,300363,博腾股份,重庆,化学制药,重庆博腾制药科技股份有限公司,创业板,SZSE,L,2014-01-29
300364.SZ,300364,中文在线,北京,出版业,中文在线集团股份有限公司,创业板,SZSE,L,2015-01-21
300365.SZ,300365,恒华科技,北京,软件服务,北京恒华伟业科技股份有限公司,创业板,SZSE,L,2014-01-23
300366.SZ,300366,创意信息,四川,软件服务,创意信息技术股份有限公司,创业板,SZSE,L,2014-01-27
300368.SZ,300368,汇金股份,河北,IT设备,河北汇金集团股份有限公司,创业板,SZSE,L,2014-01-23
300369.SZ,300369,绿盟科技,北京,软件服务,绿盟科技集团股份有限公司,创业板,SZSE,L,2014-01-29
300370.SZ,300370,安控科技,四川,电器仪表,四川安控科技股份有限公司,创业板,SZSE,L,2014-01-23
300371.SZ,300371,汇中股份,河北,电器仪表,汇中仪表股份有限公司,创业板,SZSE,L,2014-01-23
300373.SZ,300373,扬杰科技,江苏,半导体,扬州扬杰电子科技股份有限公司,创业板,SZSE,L,2014-01-23
300374.SZ,300374,中铁装配,北京,其他建材,中铁装配式建筑股份有限公司,创业板,SZSE,L,2015-03-19
300375.SZ,300375,鹏翎股份,天津,汽车配件,天津鹏翎集团股份有限公司,创业板,SZSE,L,2014-01-27
300376.SZ,300376,易事特,广东,电气设备,易事特集团股份有限公司,创业板,SZSE,L,2014-01-27
300377.SZ,300377,赢时胜,深圳,软件服务,深圳市赢时胜信息技术股份有限公司,创业板,SZSE,L,2014-01-27
300378.SZ,300378,鼎捷软件,上海,软件服务,鼎捷软件股份有限公司,创业板,SZSE,L,2014-01-27
300379.SZ,300379,东方通,北京,软件服务,北京东方通科技股份有限公司,创业板,SZSE,L,2014-01-28
300380.SZ,300380,安硕信息,上海,软件服务,上海安硕信息技术股份有限公司,创业板,SZSE,L,2014-01-28
300381.SZ,300381,溢多利,广东,化学制药,广东溢多利生物科技股份有限公司,创业板,SZSE,L,2014-01-28
300382.SZ,300382,斯莱克,江苏,专用机械,苏州斯莱克精密设备股份有限公司,创业板,SZSE,L,2014-01-29
300383.SZ,300383,光环新网,北京,软件服务,北京光环新网科技股份有限公司,创业板,SZSE,L,2014-01-29
300384.SZ,300384,三联虹普,北京,建筑工程,北京三联虹普新合纤技术服务股份有限公司,创业板,SZSE,L,2014-08-01
300385.SZ,300385,雪浪环境,江苏,环境保护,无锡雪浪环境科技股份有限公司,创业板,SZSE,L,2014-06-26
300386.SZ,300386,飞天诚信,北京,软件服务,飞天诚信科技股份有限公司,创业板,SZSE,L,2014-06-26
300387.SZ,300387,富邦股份,湖北,农药化肥,湖北富邦科技股份有限公司,创业板,SZSE,L,2014-07-02
300388.SZ,300388,节能国祯,安徽,环境保护,中节能国祯环保科技股份有限公司,创业板,SZSE,L,2014-08-01
300389.SZ,300389,艾比森,深圳,元器件,深圳市艾比森光电股份有限公司,创业板,SZSE,L,2014-08-01
300390.SZ,300390,天华新能,江苏,电气设备,苏州天华新能源科技股份有限公司,创业板,SZSE,L,2014-07-31
300391.SZ,300391,长药控股,湖北,中成药,长江医药控股股份有限公司,创业板,SZSE,L,2014-08-01
300393.SZ,300393,中来股份,江苏,塑料,苏州中来光伏新材股份有限公司,创业板,SZSE,L,2014-09-12
300394.SZ,300394,天孚通信,江苏,通信设备,苏州天孚光通信股份有限公司,创业板,SZSE,L,2015-02-17
300395.SZ,300395,菲利华,湖北,玻璃,湖北菲利华石英玻璃股份有限公司,创业板,SZSE,L,2014-09-10
300396.SZ,300396,迪瑞医疗,吉林,医疗保健,迪瑞医疗科技股份有限公司,创业板,SZSE,L,2014-09-10
300397.SZ,300397,天和防务,陕西,通信设备,西安天和防务技术股份有限公司,创业板,SZSE,L,2014-09-10
300398.SZ,300398,飞凯材料,上海,化工原料,上海飞凯材料科技股份有限公司,创业板,SZSE,L,2014-10-09
300399.SZ,300399,天利科技,江西,互联网,江西天利科技股份有限公司,创业板,SZSE,L,2014-10-09
300400.SZ,300400,劲拓股份,深圳,专用机械,深圳市劲拓自动化设备股份有限公司,创业板,SZSE,L,2014-10-10
300401.SZ,300401,花园生物,浙江,化学制药,浙江花园生物医药股份有限公司,创业板,SZSE,L,2014-10-09
300402.SZ,300402,宝色股份,江苏,专用机械,南京宝色股份公司,创业板,SZSE,L,2014-10-10
300403.SZ,300403,汉宇集团,广东,家用电器,汉宇集团股份有限公司,创业板,SZSE,L,2014-10-30
300404.SZ,300404,博济医药,广东,医疗保健,博济医药科技股份有限公司,创业板,SZSE,L,2015-04-24
300405.SZ,300405,科隆股份,辽宁,化工原料,辽宁科隆精细化工股份有限公司,创业板,SZSE,L,2014-10-30
300406.SZ,300406,九强生物,北京,医疗保健,北京九强生物技术股份有限公司,创业板,SZSE,L,2014-10-30
300407.SZ,300407,凯发电气,天津,电气设备,天津凯发电气股份有限公司,创业板,SZSE,L,2014-12-03
300408.SZ,300408,三环集团,广东,元器件,潮州三环(集团)股份有限公司,创业板,SZSE,L,2014-12-03
300409.SZ,300409,道氏技术,广东,电气设备,广东道氏技术股份有限公司,创业板,SZSE,L,2014-12-03
300410.SZ,300410,正业科技,广东,电气设备,广东正业科技股份有限公司,创业板,SZSE,L,2014-12-31
300411.SZ,300411,金盾股份,浙江,专用机械,浙江金盾风机股份有限公司,创业板,SZSE,L,2014-12-31
300412.SZ,300412,迦南科技,浙江,医疗保健,浙江迦南科技股份有限公司,创业板,SZSE,L,2014-12-31
300413.SZ,300413,芒果超媒,湖南,影视音像,芒果超媒股份有限公司,创业板,SZSE,L,2015-01-21
300414.SZ,300414,中光防雷,四川,通信设备,四川中光防雷科技股份有限公司,创业板,SZSE,L,2015-05-13
300415.SZ,300415,伊之密,广东,专用机械,伊之密股份有限公司,创业板,SZSE,L,2015-01-23
300416.SZ,300416,苏试试验,江苏,电器仪表,苏州苏试试验集团股份有限公司,创业板,SZSE,L,2015-01-22
300417.SZ,300417,南华仪器,广东,电器仪表,佛山市南华仪器股份有限公司,创业板,SZSE,L,2015-01-23
300418.SZ,300418,昆仑万维,北京,互联网,昆仑万维科技股份有限公司,创业板,SZSE,L,2015-01-21
300419.SZ,300419,浩丰科技,北京,软件服务,北京浩丰创源科技股份有限公司,创业板,SZSE,L,2015-01-22
300420.SZ,300420,五洋自控,江苏,机械基件,江苏五洋自控技术股份有限公司,创业板,SZSE,L,2015-02-17
300421.SZ,300421,力星股份,江苏,机械基件,江苏力星通用钢球股份有限公司,创业板,SZSE,L,2015-02-17
300422.SZ,300422,博世科,安徽,环境保护,安徽博世科环保科技股份有限公司,创业板,SZSE,L,2015-02-17
300423.SZ,300423,昇辉科技,山东,电气设备,昇辉智能科技股份有限公司,创业板,SZSE,L,2015-02-17
300424.SZ,300424,航新科技,广东,航空,广州航新航空科技股份有限公司,创业板,SZSE,L,2015-04-22
300425.SZ,300425,中建环能,四川,环境保护,中建环能科技股份有限公司,创业板,SZSE,L,2015-02-16
300426.SZ,300426,唐德影视,浙江,影视音像,浙江唐德影视股份有限公司,创业板,SZSE,L,2015-02-17
300427.SZ,300427,*ST红相,福建,电气设备,红相股份有限公司,创业板,SZSE,L,2015-02-17
300428.SZ,300428,立中集团,河北,汽车配件,立中四通轻合金集团股份有限公司,创业板,SZSE,L,2015-03-19
300429.SZ,300429,强力新材,江苏,化工原料,常州强力电子新材料股份有限公司,创业板,SZSE,L,2015-03-24
300430.SZ,300430,诚益通,北京,电器仪表,北京诚益通控制工程科技股份有限公司,创业板,SZSE,L,2015-03-19
300432.SZ,300432,富临精工,四川,汽车配件,富临精工股份有限公司,创业板,SZSE,L,2015-03-19
300433.SZ,300433,蓝思科技,湖南,元器件,蓝思科技股份有限公司,创业板,SZSE,L,2015-03-18
300434.SZ,300434,金石亚药,四川,化学制药,四川金石亚洲医药股份有限公司,创业板,SZSE,L,2015-04-24
300435.SZ,300435,中泰股份,浙江,供气供热,杭州中泰深冷技术股份有限公司,创业板,SZSE,L,2015-03-26
300436.SZ,300436,广生堂,福建,化学制药,福建广生堂药业股份有限公司,创业板,SZSE,L,2015-04-22
300437.SZ,300437,清水源,河南,化工原料,河南清水源科技股份有限公司,创业板,SZSE,L,2015-04-23
300438.SZ,300438,鹏辉能源,广东,电气设备,广州鹏辉能源科技股份有限公司,创业板,SZSE,L,2015-04-24
300439.SZ,300439,美康生物,浙江,医疗保健,美康生物科技股份有限公司,创业板,SZSE,L,2015-04-22
300440.SZ,300440,运达科技,四川,软件服务,成都运达科技股份有限公司,创业板,SZSE,L,2015-04-23
300441.SZ,300441,鲍斯股份,浙江,机床制造,宁波鲍斯能源装备股份有限公司,创业板,SZSE,L,2015-04-23
300442.SZ,300442,润泽科技,上海,软件服务,润泽智算科技集团股份有限公司,创业板,SZSE,L,2015-04-24
300443.SZ,300443,金雷股份,山东,电气设备,金雷科技股份公司,创业板,SZSE,L,2015-04-22
300444.SZ,300444,双杰电气,北京,电气设备,北京双杰电气股份有限公司,创业板,SZSE,L,2015-04-23
300445.SZ,300445,康斯特,北京,电器仪表,北京康斯特仪表科技股份有限公司,创业板,SZSE,L,2015-04-24
300446.SZ,300446,航天智造,河北,汽车配件,航天智造科技股份有限公司,创业板,SZSE,L,2015-04-23
300447.SZ,300447,全信股份,江苏,电气设备,南京全信传输科技股份有限公司,创业板,SZSE,L,2015-04-22
300448.SZ,300448,浩云科技,广东,软件服务,浩云科技股份有限公司,创业板,SZSE,L,2015-04-24
300449.SZ,300449,汉邦高科,北京,IT设备,北京汉邦高科数字技术股份有限公司,创业板,SZSE,L,2015-04-22
300450.SZ,300450,先导智能,江苏,专用机械,无锡先导智能装备股份有限公司,创业板,SZSE,L,2015-05-18
300451.SZ,300451,创业慧康,浙江,软件服务,创业慧康科技股份有限公司,创业板,SZSE,L,2015-05-14
300452.SZ,300452,山河药辅,安徽,化学制药,安徽山河药用辅料股份有限公司,创业板,SZSE,L,2015-05-15
300453.SZ,300453,三鑫医疗,江西,医疗保健,江西三鑫医疗科技股份有限公司,创业板,SZSE,L,2015-05-15
300454.SZ,300454,深信服,深圳,软件服务,深信服科技股份有限公司,创业板,SZSE,L,2018-05-16
300455.SZ,300455,航天智装,北京,IT设备,北京航天神舟智能装备科技股份有限公司,创业板,SZSE,L,2015-05-15
300456.SZ,300456,赛微电子,北京,半导体,北京赛微电子股份有限公司,创业板,SZSE,L,2015-05-14
300457.SZ,300457,赢合科技,深圳,专用机械,深圳市赢合科技股份有限公司,创业板,SZSE,L,2015-05-14
300458.SZ,300458,全志科技,广东,半导体,珠海全志科技股份有限公司,创业板,SZSE,L,2015-05-15
300459.SZ,300459,汤姆猫,浙江,互联网,浙江金科汤姆猫文化产业股份有限公司,创业板,SZSE,L,2015-05-15
300460.SZ,300460,惠伦晶体,广东,元器件,广东惠伦晶体科技股份有限公司,创业板,SZSE,L,2015-05-15
300461.SZ,300461,田中精机,浙江,专用机械,浙江田中精机股份有限公司,创业板,SZSE,L,2015-05-19
300462.SZ,300462,华铭智能,上海,IT设备,上海华铭智能终端设备股份有限公司,创业板,SZSE,L,2015-05-27
300463.SZ,300463,迈克生物,四川,医疗保健,迈克生物股份有限公司,创业板,SZSE,L,2015-05-28
300464.SZ,300464,星徽股份,广东,机械基件,广东星徽精密制造股份有限公司,创业板,SZSE,L,2015-06-10
300465.SZ,300465,高伟达,北京,软件服务,高伟达软件股份有限公司,创业板,SZSE,L,2015-05-28
300466.SZ,300466,赛摩智能,江苏,电器仪表,赛摩智能科技集团股份有限公司,创业板,SZSE,L,2015-05-28
300467.SZ,300467,迅游科技,四川,互联网,四川迅游网络科技股份有限公司,创业板,SZSE,L,2015-05-27
300468.SZ,300468,四方精创,深圳,软件服务,深圳四方精创资讯股份有限公司,创业板,SZSE,L,2015-05-27
300469.SZ,300469,信息发展,浙江,软件服务,交信(浙江)信息发展股份有限公司,创业板,SZSE,L,2015-06-11
300470.SZ,300470,中密控股,四川,机械基件,中密控股股份有限公司,创业板,SZSE,L,2015-06-12
300471.SZ,300471,厚普股份,四川,专用机械,厚普清洁能源(集团)股份有限公司,创业板,SZSE,L,2015-06-11
300472.SZ,300472,新元科技,江西,专用机械,万向新元科技股份有限公司,创业板,SZSE,L,2015-06-11
300473.SZ,300473,德尔股份,辽宁,汽车配件,阜新德尔汽车部件股份有限公司,创业板,SZSE,L,2015-06-12
300474.SZ,300474,景嘉微,湖南,元器件,长沙景嘉微电子股份有限公司,创业板,SZSE,L,2016-03-31
300475.SZ,300475,香农芯创,安徽,元器件,香农芯创科技股份有限公司,创业板,SZSE,L,2015-06-10
300476.SZ,300476,胜宏科技,广东,元器件,胜宏科技(惠州)股份有限公司,创业板,SZSE,L,2015-06-11
300477.SZ,300477,合纵科技,湖南,电气设备,合纵科技股份有限公司,创业板,SZSE,L,2015-06-10
300478.SZ,300478,杭州高新,浙江,塑料,杭州高新材料科技股份有限公司,创业板,SZSE,L,2015-06-10
300479.SZ,300479,神思电子,山东,软件服务,神思电子技术股份有限公司,创业板,SZSE,L,2015-06-12
300480.SZ,300480,光力科技,河南,专用机械,光力科技股份有限公司,创业板,SZSE,L,2015-07-02
300481.SZ,300481,濮阳惠成,河南,化工原料,濮阳惠成电子材料股份有限公司,创业板,SZSE,L,2015-06-30
300482.SZ,300482,万孚生物,广东,医疗保健,广州万孚生物技术股份有限公司,创业板,SZSE,L,2015-06-30
300483.SZ,300483,首华燃气,上海,石油开采,首华燃气科技(上海)股份有限公司,创业板,SZSE,L,2015-06-30
300484.SZ,300484,蓝海华腾,深圳,电气设备,深圳市蓝海华腾技术股份有限公司,创业板,SZSE,L,2016-03-22
300485.SZ,300485,赛升药业,北京,生物制药,北京赛升药业股份有限公司,创业板,SZSE,L,2015-06-26
300486.SZ,300486,东杰智能,山西,专用机械,东杰智能科技集团股份有限公司,创业板,SZSE,L,2015-06-30
300487.SZ,300487,蓝晓科技,陕西,化工原料,西安蓝晓科技新材料股份有限公司,创业板,SZSE,L,2015-07-02
300488.SZ,300488,恒锋工具,浙江,机械基件,恒锋工具股份有限公司,创业板,SZSE,L,2015-07-01
300489.SZ,300489,光智科技,黑龙江,元器件,光智科技股份有限公司,创业板,SZSE,L,2015-07-01
300490.SZ,300490,华自科技,湖南,电气设备,华自科技股份有限公司,创业板,SZSE,L,2015-12-31
300491.SZ,300491,通合科技,河北,电气设备,石家庄通合电子科技股份有限公司,创业板,SZSE,L,2015-12-31
300492.SZ,300492,华图山鼎,四川,建筑工程,华图山鼎设计股份有限公司,创业板,SZSE,L,2015-12-23
300493.SZ,300493,润欣科技,上海,元器件,上海润欣科技股份有限公司,创业板,SZSE,L,2015-12-10
300494.SZ,300494,盛天网络,湖北,互联网,湖北盛天网络技术股份有限公司,创业板,SZSE,L,2015-12-31
300495.SZ,300495,*ST美尚,深圳,环境保护,美尚生态景观股份有限公司,创业板,SZSE,L,2015-12-22
300496.SZ,300496,中科创达,北京,软件服务,中科创达软件股份有限公司,创业板,SZSE,L,2015-12-10
300497.SZ,300497,富祥药业,江西,化学制药,江西富祥药业股份有限公司,创业板,SZSE,L,2015-12-22
300498.SZ,300498,温氏股份,广东,农业综合,温氏食品集团股份有限公司,创业板,SZSE,L,2015-11-02
300499.SZ,300499,高澜股份,广东,专用机械,广州高澜节能技术股份有限公司,创业板,SZSE,L,2016-02-02
300500.SZ,300500,启迪设计,江苏,建筑工程,启迪设计集团股份有限公司,创业板,SZSE,L,2016-02-04
300501.SZ,300501,海顺新材,上海,广告包装,上海海顺新型药用包装材料股份有限公司,创业板,SZSE,L,2016-02-04
300502.SZ,300502,新易盛,四川,通信设备,成都新易盛通信技术股份有限公司,创业板,SZSE,L,2016-03-03
300503.SZ,300503,昊志机电,广东,机床制造,广州市昊志机电股份有限公司,创业板,SZSE,L,2016-03-09
300504.SZ,300504,天邑股份,四川,通信设备,四川天邑康和通信股份有限公司,创业板,SZSE,L,2018-03-30
300505.SZ,300505,川金诺,云南,农药化肥,昆明川金诺化工股份有限公司,创业板,SZSE,L,2016-03-15
300506.SZ,300506,*ST名家,深圳,建筑工程,深圳市名家汇科技股份有限公司,创业板,SZSE,L,2016-03-24
300507.SZ,300507,苏奥传感,江苏,汽车配件,江苏奥力威传感高科股份有限公司,创业板,SZSE,L,2016-04-29
300508.SZ,300508,维宏股份,上海,软件服务,上海维宏电子科技股份有限公司,创业板,SZSE,L,2016-04-19
300509.SZ,300509,新美星,江苏,专用机械,江苏新美星包装机械股份有限公司,创业板,SZSE,L,2016-04-25
300510.SZ,300510,金冠股份,吉林,电气设备,吉林省金冠电气股份有限公司,创业板,SZSE,L,2016-05-06
300511.SZ,300511,雪榕生物,上海,种植业,上海雪榕生物科技股份有限公司,创业板,SZSE,L,2016-05-04
300512.SZ,300512,中亚股份,浙江,专用机械,杭州中亚机械股份有限公司,创业板,SZSE,L,2016-05-26
300513.SZ,300513,恒实科技,北京,软件服务,北京恒泰实达科技股份有限公司,创业板,SZSE,L,2016-05-30
300514.SZ,300514,友讯达,深圳,电器仪表,深圳友讯达科技股份有限公司,创业板,SZSE,L,2017-04-26
300515.SZ,300515,三德科技,湖南,电器仪表,湖南三德科技股份有限公司,创业板,SZSE,L,2016-06-08
300516.SZ,300516,久之洋,湖北,电器仪表,湖北久之洋红外系统股份有限公司,创业板,SZSE,L,2016-06-02
300517.SZ,300517,海波重科,湖北,建筑工程,海波重型工程科技股份有限公司,创业板,SZSE,L,2016-07-19
300518.SZ,300518,新迅达,广西,互联网,广西新迅达科技集团股份公司,创业板,SZSE,L,2016-06-24
300519.SZ,300519,新光药业,浙江,中成药,浙江新光药业股份有限公司,创业板,SZSE,L,2016-06-24
300520.SZ,300520,科大国创,安徽,软件服务,科大国创软件股份有限公司,创业板,SZSE,L,2016-07-08
300521.SZ,300521,爱司凯,广东,专用机械,爱司凯科技股份有限公司,创业板,SZSE,L,2016-07-05
300522.SZ,300522,世名科技,江苏,染料涂料,苏州世名科技股份有限公司,创业板,SZSE,L,2016-07-05
300523.SZ,300523,辰安科技,北京,软件服务,北京辰安科技股份有限公司,创业板,SZSE,L,2016-07-26
300525.SZ,300525,博思软件,福建,软件服务,福建博思软件股份有限公司,创业板,SZSE,L,2016-07-26
300527.SZ,300527,中船应急,湖北,专用机械,中国船舶重工集团应急预警与救援装备股份有限公司,创业板,SZSE,L,2016-08-05
300528.SZ,300528,幸福蓝海,江苏,影视音像,幸福蓝海影视文化集团股份有限公司,创业板,SZSE,L,2016-08-08
300529.SZ,300529,健帆生物,广东,医疗保健,健帆生物科技集团股份有限公司,创业板,SZSE,L,2016-08-02
300530.SZ,300530,领湃科技,湖南,电气设备,湖南领湃科技集团股份有限公司,创业板,SZSE,L,2016-08-09
300531.SZ,300531,优博讯,深圳,通信设备,深圳市优博讯科技股份有限公司,创业板,SZSE,L,2016-08-09
300532.SZ,300532,今天国际,深圳,软件服务,深圳市今天国际物流技术股份有限公司,创业板,SZSE,L,2016-08-18
300533.SZ,300533,冰川网络,深圳,互联网,深圳冰川网络股份有限公司,创业板,SZSE,L,2016-08-18
300534.SZ,300534,陇神戎发,甘肃,中成药,甘肃陇神戎发药业股份有限公司,创业板,SZSE,L,2016-09-13
300535.SZ,300535,达威股份,四川,化工原料,四川达威科技股份有限公司,创业板,SZSE,L,2016-08-12
300536.SZ,300536,*ST农尚,湖北,建筑工程,武汉农尚环境股份有限公司,创业板,SZSE,L,2016-09-20
300537.SZ,300537,广信材料,江苏,染料涂料,江苏广信感光新材料股份有限公司,创业板,SZSE,L,2016-08-30
300538.SZ,300538,同益股份,深圳,塑料,深圳市同益实业股份有限公司,创业板,SZSE,L,2016-08-26
300539.SZ,300539,横河精密,浙江,塑料,宁波横河精密工业股份有限公司,创业板,SZSE,L,2016-08-30
300540.SZ,300540,蜀道装备,四川,专用机械,四川蜀道装备科技股份有限公司,创业板,SZSE,L,2016-08-23
300541.SZ,300541,先进数通,北京,软件服务,北京先进数通信息技术股份公司,创业板,SZSE,L,2016-09-13
300542.SZ,300542,新晨科技,北京,软件服务,新晨科技股份有限公司,创业板,SZSE,L,2016-09-20
300543.SZ,300543,朗科智能,深圳,元器件,深圳市朗科智能电气股份有限公司,创业板,SZSE,L,2016-09-08
300545.SZ,300545,联得装备,深圳,专用机械,深圳市联得自动化装备股份有限公司,创业板,SZSE,L,2016-09-28
300546.SZ,300546,雄帝科技,深圳,IT设备,深圳市雄帝科技股份有限公司,创业板,SZSE,L,2016-09-28
300547.SZ,300547,川环科技,四川,汽车配件,四川川环科技股份有限公司,创业板,SZSE,L,2016-09-30
300548.SZ,300548,博创科技,浙江,通信设备,博创科技股份有限公司,创业板,SZSE,L,2016-10-12
300549.SZ,300549,优德精密,江苏,专用机械,优德精密工业(昆山)股份有限公司,创业板,SZSE,L,2016-09-30
300550.SZ,300550,和仁科技,浙江,软件服务,浙江和仁科技股份有限公司,创业板,SZSE,L,2016-10-18
300551.SZ,300551,古鳌科技,上海,软件服务,上海古鳌电子科技股份有限公司,创业板,SZSE,L,2016-10-18
300552.SZ,300552,万集科技,北京,IT设备,北京万集科技股份有限公司,创业板,SZSE,L,2016-10-21
300553.SZ,300553,集智股份,浙江,电器仪表,杭州集智机电股份有限公司,创业板,SZSE,L,2016-10-21
300554.SZ,300554,三超新材,江苏,矿物制品,南京三超新材料股份有限公司,创业板,SZSE,L,2017-04-21
300555.SZ,300555,ST路通,江苏,通信设备,无锡路通视信网络股份有限公司,创业板,SZSE,L,2016-10-18
300556.SZ,300556,丝路视觉,深圳,软件服务,丝路视觉科技股份有限公司,创业板,SZSE,L,2016-11-04
300557.SZ,300557,理工光科,湖北,电器仪表,武汉理工光科股份有限公司,创业板,SZSE,L,2016-11-01
300558.SZ,300558,贝达药业,浙江,化学制药,贝达药业股份有限公司,创业板,SZSE,L,2016-11-07
300559.SZ,300559,佳发教育,四川,软件服务,成都佳发安泰教育科技股份有限公司,创业板,SZSE,L,2016-11-01
300560.SZ,300560,中富通,福建,通信设备,中富通集团股份有限公司,创业板,SZSE,L,2016-11-01
300561.SZ,300561,汇金科技,广东,软件服务,珠海汇金科技股份有限公司,创业板,SZSE,L,2016-11-17
300562.SZ,300562,乐心医疗,广东,医疗保健,广东乐心医疗电子股份有限公司,创业板,SZSE,L,2016-11-16
300563.SZ,300563,神宇股份,江苏,通信设备,神宇通信科技股份公司,创业板,SZSE,L,2016-11-14
300564.SZ,300564,筑博设计,西藏,建筑工程,筑博设计股份有限公司,创业板,SZSE,L,2019-11-08
300565.SZ,300565,科信技术,深圳,通信设备,深圳市科信通信技术股份有限公司,创业板,SZSE,L,2016-11-22
300566.SZ,300566,激智科技,浙江,元器件,宁波激智科技股份有限公司,创业板,SZSE,L,2016-11-15
300567.SZ,300567,精测电子,湖北,电器仪表,武汉精测电子集团股份有限公司,创业板,SZSE,L,2016-11-22
300568.SZ,300568,星源材质,深圳,化工原料,深圳市星源材质科技股份有限公司,创业板,SZSE,L,2016-12-01
300569.SZ,300569,天能重工,山东,电气设备,青岛天能重工股份有限公司,创业板,SZSE,L,2016-11-25
300570.SZ,300570,太辰光,深圳,通信设备,深圳太辰光通信股份有限公司,创业板,SZSE,L,2016-12-06
300571.SZ,300571,平治信息,浙江,互联网,杭州平治信息技术股份有限公司,创业板,SZSE,L,2016-12-13
300572.SZ,300572,安车检测,深圳,电器仪表,深圳市安车检测股份有限公司,创业板,SZSE,L,2016-12-06
300573.SZ,300573,兴齐眼药,辽宁,化学制药,沈阳兴齐眼药股份有限公司,创业板,SZSE,L,2016-12-08
300575.SZ,300575,中旗股份,江苏,农药化肥,江苏中旗科技股份有限公司,创业板,SZSE,L,2016-12-20
300576.SZ,300576,容大感光,深圳,染料涂料,深圳市容大感光科技股份有限公司,创业板,SZSE,L,2016-12-20
300577.SZ,300577,开润股份,安徽,纺织,安徽开润股份有限公司,创业板,SZSE,L,2016-12-21
300578.SZ,300578,会畅通讯,上海,通信设备,上海会畅通讯股份有限公司,创业板,SZSE,L,2017-01-25
300579.SZ,300579,数字认证,北京,软件服务,北京数字认证股份有限公司,创业板,SZSE,L,2016-12-23
300580.SZ,300580,贝斯特,江苏,汽车配件,无锡贝斯特精机股份有限公司,创业板,SZSE,L,2017-01-11
300581.SZ,300581,晨曦航空,陕西,航空,西安晨曦航空科技股份有限公司,创业板,SZSE,L,2016-12-20
300582.SZ,300582,英飞特,浙江,元器件,英飞特电子(杭州)股份有限公司,创业板,SZSE,L,2016-12-28
300583.SZ,300583,赛托生物,山东,化学制药,山东赛托生物科技股份有限公司,创业板,SZSE,L,2017-01-06
300584.SZ,300584,海辰药业,江苏,化学制药,南京海辰药业股份有限公司,创业板,SZSE,L,2017-01-12
300585.SZ,300585,奥联电子,江苏,汽车配件,南京奥联汽车电子电器股份有限公司,创业板,SZSE,L,2016-12-29
300586.SZ,300586,美联新材,广东,化工原料,广东美联新材料股份有限公司,创业板,SZSE,L,2017-01-04
300587.SZ,300587,天铁股份,浙江,橡胶,浙江天铁实业股份有限公司,创业板,SZSE,L,2017-01-05
300588.SZ,300588,熙菱信息,新疆,软件服务,新疆熙菱信息技术股份有限公司,创业板,SZSE,L,2017-01-05
300589.SZ,300589,江龙船艇,广东,船舶,江龙船艇科技股份有限公司,创业板,SZSE,L,2017-01-13
300590.SZ,300590,移为通信,上海,通信设备,上海移为通信技术股份有限公司,创业板,SZSE,L,2017-01-11
300591.SZ,300591,万里马,广东,服饰,广东万里马实业股份有限公司,创业板,SZSE,L,2017-01-10
300592.SZ,300592,华凯易佰,湖南,互联网,华凯易佰科技股份有限公司,创业板,SZSE,L,2017-01-20
300593.SZ,300593,新雷能,北京,电气设备,北京新雷能科技股份有限公司,创业板,SZSE,L,2017-01-13
300594.SZ,300594,朗进科技,山东,运输设备,山东朗进科技股份有限公司,创业板,SZSE,L,2019-06-21
300595.SZ,300595,欧普康视,安徽,医疗保健,欧普康视科技股份有限公司,创业板,SZSE,L,2017-01-17
300596.SZ,300596,利安隆,天津,化工原料,天津利安隆新材料股份有限公司,创业板,SZSE,L,2017-01-19
300597.SZ,300597,吉大通信,吉林,通信设备,吉林吉大通信设计院股份有限公司,创业板,SZSE,L,2017-01-23
300598.SZ,300598,诚迈科技,江苏,软件服务,诚迈科技(南京)股份有限公司,创业板,SZSE,L,2017-01-20
300599.SZ,300599,雄塑科技,广东,塑料,广东雄塑科技集团股份有限公司,创业板,SZSE,L,2017-01-23
300600.SZ,300600,国瑞科技,江苏,船舶,常熟市国瑞科技股份有限公司,创业板,SZSE,L,2017-01-25
300601.SZ,300601,康泰生物,深圳,生物制药,深圳康泰生物制品股份有限公司,创业板,SZSE,L,2017-02-07
300602.SZ,300602,飞荣达,深圳,元器件,深圳市飞荣达科技股份有限公司,创业板,SZSE,L,2017-01-26
300603.SZ,300603,立昂技术,新疆,通信设备,立昂技术股份有限公司,创业板,SZSE,L,2017-01-26
300604.SZ,300604,长川科技,浙江,半导体,杭州长川科技股份有限公司,创业板,SZSE,L,2017-04-17
300605.SZ,300605,恒锋信息,福建,软件服务,恒锋信息科技股份有限公司,创业板,SZSE,L,2017-02-08
300606.SZ,300606,金太阳,广东,机械基件,东莞金太阳研磨股份有限公司,创业板,SZSE,L,2017-02-08
300607.SZ,300607,拓斯达,广东,专用机械,广东拓斯达科技股份有限公司,创业板,SZSE,L,2017-02-09
300608.SZ,300608,思特奇,北京,软件服务,北京思特奇信息技术股份有限公司,创业板,SZSE,L,2017-02-13
300609.SZ,300609,汇纳科技,上海,软件服务,汇纳科技股份有限公司,创业板,SZSE,L,2017-02-15
300610.SZ,300610,晨化股份,江苏,化工原料,扬州晨化新材料股份有限公司,创业板,SZSE,L,2017-02-13
300611.SZ,300611,美力科技,浙江,汽车配件,浙江美力科技股份有限公司,创业板,SZSE,L,2017-02-20
300612.SZ,300612,宣亚国际,北京,广告包装,宣亚国际营销科技(北京)股份有限公司,创业板,SZSE,L,2017-02-15
300613.SZ,300613,富瀚微,上海,半导体,上海富瀚微电子股份有限公司,创业板,SZSE,L,2017-02-20
300614.SZ,300614,百川畅银,河南,环境保护,河南百川畅银环保能源股份有限公司,创业板,SZSE,L,2021-05-25
300615.SZ,300615,欣天科技,深圳,通信设备,深圳市欣天科技股份有限公司,创业板,SZSE,L,2017-02-15
300616.SZ,300616,尚品宅配,广东,家居用品,广州尚品宅配家居股份有限公司,创业板,SZSE,L,2017-03-07
300617.SZ,300617,安靠智电,江苏,电气设备,江苏安靠智电股份有限公司,创业板,SZSE,L,2017-02-28
300618.SZ,300618,寒锐钴业,江苏,小金属,南京寒锐钴业股份有限公司,创业板,SZSE,L,2017-03-06
300619.SZ,300619,金银河,广东,专用机械,佛山市金银河智能装备股份有限公司,创业板,SZSE,L,2017-03-01
300620.SZ,300620,光库科技,广东,通信设备,珠海光库科技股份有限公司,创业板,SZSE,L,2017-03-10
300621.SZ,300621,维业股份,深圳,装修装饰,维业建设集团股份有限公司,创业板,SZSE,L,2017-03-16
300622.SZ,300622,博士眼镜,深圳,其他商业,博士眼镜连锁股份有限公司,创业板,SZSE,L,2017-03-15
300623.SZ,300623,捷捷微电,江苏,半导体,江苏捷捷微电子股份有限公司,创业板,SZSE,L,2017-03-14
300624.SZ,300624,万兴科技,西藏,软件服务,万兴科技集团股份有限公司,创业板,SZSE,L,2018-01-18
300625.SZ,300625,三雄极光,广东,家用电器,广东三雄极光照明股份有限公司,创业板,SZSE,L,2017-03-17
300626.SZ,300626,华瑞股份,浙江,电气设备,华瑞电器股份有限公司,创业板,SZSE,L,2017-03-20
300627.SZ,300627,华测导航,上海,通信设备,上海华测导航技术股份有限公司,创业板,SZSE,L,2017-03-21
300628.SZ,300628,亿联网络,福建,通信设备,厦门亿联网络技术股份有限公司,创业板,SZSE,L,2017-03-17
300629.SZ,300629,新劲刚,广东,元器件,广东新劲刚科技股份有限公司,创业板,SZSE,L,2017-03-24
300630.SZ,300630,普利制药,海南,化学制药,海南普利制药股份有限公司,创业板,SZSE,L,2017-03-28
300631.SZ,300631,久吾高科,江苏,水务,江苏久吾高科技股份有限公司,创业板,SZSE,L,2017-03-23
300632.SZ,300632,光莆股份,福建,半导体,厦门光莆电子股份有限公司,创业板,SZSE,L,2017-04-06
300633.SZ,300633,开立医疗,深圳,医疗保健,深圳开立生物医疗科技股份有限公司,创业板,SZSE,L,2017-04-06
300634.SZ,300634,彩讯股份,深圳,软件服务,彩讯科技股份有限公司,创业板,SZSE,L,2018-03-23
300635.SZ,300635,中达安,广东,建筑工程,中达安股份有限公司,创业板,SZSE,L,2017-03-31
300636.SZ,300636,同和药业,江西,化学制药,江西同和药业股份有限公司,创业板,SZSE,L,2017-03-31
300637.SZ,300637,扬帆新材,浙江,化工原料,浙江扬帆新材料股份有限公司,创业板,SZSE,L,2017-04-12
300638.SZ,300638,广和通,深圳,通信设备,深圳市广和通无线股份有限公司,创业板,SZSE,L,2017-04-13
300639.SZ,300639,凯普生物,广东,医疗保健,广东凯普生物科技股份有限公司,创业板,SZSE,L,2017-04-12
300640.SZ,300640,德艺文创,福建,家居用品,德艺文化创意集团股份有限公司,创业板,SZSE,L,2017-04-17
300641.SZ,300641,正丹股份,江苏,化工原料,江苏正丹化学工业股份有限公司,创业板,SZSE,L,2017-04-18
300642.SZ,300642,透景生命,上海,医疗保健,上海透景生命科技股份有限公司,创业板,SZSE,L,2017-04-21
300643.SZ,300643,万通智控,浙江,汽车配件,万通智控科技股份有限公司,创业板,SZSE,L,2017-05-05
300644.SZ,300644,南京聚隆,江苏,塑料,南京聚隆科技股份有限公司,创业板,SZSE,L,2018-02-06
300645.SZ,300645,正元智慧,浙江,软件服务,正元智慧集团股份有限公司,创业板,SZSE,L,2017-04-21
300647.SZ,300647,超频三,深圳,元器件,深圳市超频三科技股份有限公司,创业板,SZSE,L,2017-05-03
300648.SZ,300648,星云股份,福建,电气设备,福建星云电子股份有限公司,创业板,SZSE,L,2017-04-25
300649.SZ,300649,杭州园林,浙江,建筑工程,杭州园林设计院股份有限公司,创业板,SZSE,L,2017-05-05
300650.SZ,300650,太龙股份,福建,元器件,太龙电子股份有限公司,创业板,SZSE,L,2017-05-03
300651.SZ,300651,金陵体育,江苏,文教休闲,江苏金陵体育器材股份有限公司,创业板,SZSE,L,2017-05-09
300652.SZ,300652,雷迪克,浙江,汽车配件,杭州雷迪克节能科技股份有限公司,创业板,SZSE,L,2017-05-16
300653.SZ,300653,正海生物,山东,医疗保健,烟台正海生物科技股份有限公司,创业板,SZSE,L,2017-05-16
300654.SZ,300654,世纪天鸿,山东,出版业,世纪天鸿教育科技股份有限公司,创业板,SZSE,L,2017-09-26
300655.SZ,300655,晶瑞电材,江苏,半导体,晶瑞电子材料股份有限公司,创业板,SZSE,L,2017-05-23
300656.SZ,300656,民德电子,深圳,IT设备,深圳市民德电子科技股份有限公司,创业板,SZSE,L,2017-05-19
300657.SZ,300657,弘信电子,福建,元器件,厦门弘信电子科技集团股份有限公司,创业板,SZSE,L,2017-05-23
300658.SZ,300658,延江股份,福建,纺织,厦门延江新材料股份有限公司,创业板,SZSE,L,2017-06-02
300659.SZ,300659,中孚信息,山东,软件服务,中孚信息股份有限公司,创业板,SZSE,L,2017-05-26
300660.SZ,300660,江苏雷利,江苏,电气设备,江苏雷利电机股份有限公司,创业板,SZSE,L,2017-06-02
300661.SZ,300661,圣邦股份,北京,半导体,圣邦微电子(北京)股份有限公司,创业板,SZSE,L,2017-06-06
300662.SZ,300662,科锐国际,北京,文教休闲,北京科锐国际人力资源股份有限公司,创业板,SZSE,L,2017-06-08
300663.SZ,300663,科蓝软件,北京,软件服务,北京科蓝软件系统股份有限公司,创业板,SZSE,L,2017-06-08
300664.SZ,300664,鹏鹞环保,江苏,环境保护,鹏鹞环保股份有限公司,创业板,SZSE,L,2018-01-05
300665.SZ,300665,飞鹿股份,湖南,染料涂料,株洲飞鹿高新材料技术股份有限公司,创业板,SZSE,L,2017-06-13
300666.SZ,300666,江丰电子,浙江,半导体,宁波江丰电子材料股份有限公司,创业板,SZSE,L,2017-06-15
300667.SZ,300667,必创科技,北京,电器仪表,北京必创科技股份有限公司,创业板,SZSE,L,2017-06-19
300668.SZ,300668,杰恩设计,深圳,装修装饰,深圳市杰恩创意设计股份有限公司,创业板,SZSE,L,2017-06-19
300669.SZ,300669,沪宁股份,浙江,运输设备,杭州沪宁电梯部件股份有限公司,创业板,SZSE,L,2017-06-29
300670.SZ,300670,大烨智能,江苏,电气设备,江苏大烨智能电气股份有限公司,创业板,SZSE,L,2017-07-03
300671.SZ,300671,富满微,深圳,半导体,富满微电子集团股份有限公司,创业板,SZSE,L,2017-07-05
300672.SZ,300672,国科微,湖南,半导体,湖南国科微电子股份有限公司,创业板,SZSE,L,2017-07-12
300673.SZ,300673,佩蒂股份,浙江,饲料,佩蒂动物营养科技股份有限公司,创业板,SZSE,L,2017-07-11
300674.SZ,300674,宇信科技,北京,软件服务,北京宇信科技集团股份有限公司,创业板,SZSE,L,2018-11-07
300675.SZ,300675,建科院,深圳,建筑工程,深圳市建筑科学研究院股份有限公司,创业板,SZSE,L,2017-07-19
300676.SZ,300676,华大基因,深圳,医疗保健,深圳华大基因股份有限公司,创业板,SZSE,L,2017-07-14
300677.SZ,300677,英科医疗,山东,医疗保健,英科医疗科技股份有限公司,创业板,SZSE,L,2017-07-21
300678.SZ,300678,中科信息,四川,软件服务,中科院成都信息技术股份有限公司,创业板,SZSE,L,2017-07-28
300679.SZ,300679,电连技术,深圳,元器件,电连技术股份有限公司,创业板,SZSE,L,2017-07-31
300680.SZ,300680,隆盛科技,江苏,汽车配件,无锡隆盛科技股份有限公司,创业板,SZSE,L,2017-07-25
300681.SZ,300681,英搏尔,广东,汽车配件,珠海英搏尔电气股份有限公司,创业板,SZSE,L,2017-07-25
300682.SZ,300682,朗新集团,江苏,软件服务,朗新科技集团股份有限公司,创业板,SZSE,L,2017-08-01
300683.SZ,300683,海特生物,湖北,生物制药,武汉海特生物制药股份有限公司,创业板,SZSE,L,2017-08-08
300684.SZ,300684,中石科技,北京,元器件,北京中石伟业科技股份有限公司,创业板,SZSE,L,2017-12-27
300685.SZ,300685,艾德生物,福建,医疗保健,厦门艾德生物医药科技股份有限公司,创业板,SZSE,L,2017-08-02
300686.SZ,300686,智动力,深圳,元器件,深圳市智动力精密技术股份有限公司,创业板,SZSE,L,2017-08-04
300687.SZ,300687,赛意信息,广东,软件服务,广州赛意信息科技股份有限公司,创业板,SZSE,L,2017-08-03
300688.SZ,300688,创业黑马,北京,文教休闲,创业黑马科技集团股份有限公司,创业板,SZSE,L,2017-08-10
300689.SZ,300689,澄天伟业,深圳,通信设备,深圳市澄天伟业科技股份有限公司,创业板,SZSE,L,2017-08-09
300690.SZ,300690,双一科技,山东,电气设备,山东双一科技股份有限公司,创业板,SZSE,L,2017-08-08
300691.SZ,300691,联合光电,广东,元器件,中山联合光电科技股份有限公司,创业板,SZSE,L,2017-08-11
300692.SZ,300692,中环环保,安徽,环境保护,安徽中环环保科技股份有限公司,创业板,SZSE,L,2017-08-21
300693.SZ,300693,盛弘股份,深圳,电气设备,深圳市盛弘电气股份有限公司,创业板,SZSE,L,2017-08-22
300694.SZ,300694,蠡湖股份,江苏,汽车配件,无锡蠡湖增压技术股份有限公司,创业板,SZSE,L,2018-10-15
300695.SZ,300695,兆丰股份,浙江,汽车配件,浙江兆丰机电股份有限公司,创业板,SZSE,L,2017-09-08
300696.SZ,300696,爱乐达,四川,航空,成都爱乐达航空制造股份有限公司,创业板,SZSE,L,2017-08-22
300697.SZ,300697,电工合金,江苏,铜,江阴电工合金股份有限公司,创业板,SZSE,L,2017-09-07
300698.SZ,300698,万马科技,浙江,通信设备,万马科技股份有限公司,创业板,SZSE,L,2017-08-31
300699.SZ,300699,光威复材,山东,化纤,威海光威复合材料股份有限公司,创业板,SZSE,L,2017-09-01
300700.SZ,300700,岱勒新材,湖南,矿物制品,长沙岱勒新材料科技股份有限公司,创业板,SZSE,L,2017-09-12
300701.SZ,300701,森霸传感,河南,元器件,森霸传感科技股份有限公司,创业板,SZSE,L,2017-09-15
300702.SZ,300702,天宇股份,浙江,化学制药,浙江天宇药业股份有限公司,创业板,SZSE,L,2017-09-19
300703.SZ,300703,创源股份,浙江,文教休闲,宁波创源文化发展股份有限公司,创业板,SZSE,L,2017-09-19
300705.SZ,300705,九典制药,湖南,化学制药,湖南九典制药股份有限公司,创业板,SZSE,L,2017-10-10
300706.SZ,300706,阿石创,福建,元器件,福建阿石创新材料股份有限公司,创业板,SZSE,L,2017-09-26
300707.SZ,300707,威唐工业,江苏,专用机械,无锡威唐工业技术股份有限公司,创业板,SZSE,L,2017-10-10
300708.SZ,300708,聚灿光电,江苏,半导体,聚灿光电科技股份有限公司,创业板,SZSE,L,2017-10-16
300709.SZ,300709,精研科技,江苏,元器件,江苏精研科技股份有限公司,创业板,SZSE,L,2017-10-19
300710.SZ,300710,万隆光电,浙江,通信设备,杭州万隆光电设备股份有限公司,创业板,SZSE,L,2017-10-19
300711.SZ,300711,广哈通信,广东,通信设备,广州广哈通信股份有限公司,创业板,SZSE,L,2017-11-01
300712.SZ,300712,永福股份,福建,建筑工程,福建永福电力设计股份有限公司,创业板,SZSE,L,2017-10-31
300713.SZ,300713,英可瑞,深圳,电气设备,深圳市英可瑞科技股份有限公司,创业板,SZSE,L,2017-11-01
300715.SZ,300715,凯伦股份,江苏,其他建材,江苏凯伦建材股份有限公司,创业板,SZSE,L,2017-10-26
300716.SZ,300716,泉为科技,广东,塑料,广东泉为科技股份有限公司,创业板,SZSE,L,2017-11-09
300717.SZ,300717,华信新材,江苏,塑料,江苏华信新材料股份有限公司,创业板,SZSE,L,2017-11-06
300718.SZ,300718,长盛轴承,浙江,机械基件,浙江长盛滑动轴承股份有限公司,创业板,SZSE,L,2017-11-06
300719.SZ,300719,安达维尔,北京,航空,北京安达维尔科技股份有限公司,创业板,SZSE,L,2017-11-09
300720.SZ,300720,海川智能,广东,电器仪表,广东海川智能机器股份有限公司,创业板,SZSE,L,2017-11-06
300721.SZ,300721,怡达股份,江苏,化工原料,江苏怡达化学股份有限公司,创业板,SZSE,L,2017-11-15
300722.SZ,300722,新余国科,江西,航空,江西新余国科科技股份有限公司,创业板,SZSE,L,2017-11-10
300723.SZ,300723,一品红,广东,化学制药,一品红药业股份有限公司,创业板,SZSE,L,2017-11-16
300724.SZ,300724,捷佳伟创,深圳,专用机械,深圳市捷佳伟创新能源装备股份有限公司,创业板,SZSE,L,2018-08-10
300725.SZ,300725,药石科技,江苏,化学制药,南京药石科技股份有限公司,创业板,SZSE,L,2017-11-10
300726.SZ,300726,宏达电子,湖南,元器件,株洲宏达电子股份有限公司,创业板,SZSE,L,2017-11-21
300727.SZ,300727,润禾材料,浙江,化工原料,宁波润禾高新材料科技股份有限公司,创业板,SZSE,L,2017-11-27
300729.SZ,300729,乐歌股份,浙江,家居用品,乐歌人体工学科技股份有限公司,创业板,SZSE,L,2017-12-01
300730.SZ,300730,科创信息,湖南,软件服务,湖南科创信息技术股份有限公司,创业板,SZSE,L,2017-12-05
300731.SZ,300731,科创新源,深圳,橡胶,深圳科创新源新材料股份有限公司,创业板,SZSE,L,2017-12-08
300732.SZ,300732,设研院,河南,建筑工程,河南省交通规划设计研究院股份有限公司,创业板,SZSE,L,2017-12-12
300733.SZ,300733,西菱动力,四川,汽车配件,成都西菱动力科技股份有限公司,创业板,SZSE,L,2018-01-16
300735.SZ,300735,光弘科技,广东,元器件,惠州光弘科技股份有限公司,创业板,SZSE,L,2017-12-29
300736.SZ,300736,百邦科技,北京,通信设备,北京百华悦邦科技股份有限公司,创业板,SZSE,L,2018-01-09
300737.SZ,300737,科顺股份,广东,其他建材,科顺防水科技股份有限公司,创业板,SZSE,L,2018-01-25
300738.SZ,300738,奥飞数据,广东,软件服务,广东奥飞数据科技股份有限公司,创业板,SZSE,L,2018-01-19
300739.SZ,300739,明阳电路,深圳,元器件,深圳明阳电路科技股份有限公司,创业板,SZSE,L,2018-02-01
300740.SZ,300740,水羊股份,湖南,日用化工,水羊集团股份有限公司,创业板,SZSE,L,2018-02-08
300741.SZ,300741,华宝股份,西藏,食品,华宝香精股份有限公司,创业板,SZSE,L,2018-03-01
300742.SZ,300742,*ST越博,江苏,汽车配件,南京越博动力系统股份有限公司,创业板,SZSE,L,2018-05-08
300743.SZ,300743,天地数码,浙江,IT设备,杭州天地数码科技股份有限公司,创业板,SZSE,L,2018-04-27
300745.SZ,300745,欣锐科技,深圳,汽车配件,深圳欣锐科技股份有限公司,创业板,SZSE,L,2018-05-23
300746.SZ,300746,汉嘉设计,浙江,建筑工程,汉嘉设计集团股份有限公司,创业板,SZSE,L,2018-05-25
300747.SZ,300747,锐科激光,湖北,专用机械,武汉锐科光纤激光技术股份有限公司,创业板,SZSE,L,2018-06-25
300748.SZ,300748,金力永磁,江西,矿物制品,江西金力永磁科技股份有限公司,创业板,SZSE,L,2018-09-21
300749.SZ,300749,顶固集创,广东,家居用品,广东顶固集创家居股份有限公司,创业板,SZSE,L,2018-09-25
300750.SZ,300750,宁德时代,福建,电气设备,宁德时代新能源科技股份有限公司,创业板,SZSE,L,2018-06-11
300751.SZ,300751,迈为股份,江苏,专用机械,苏州迈为科技股份有限公司,创业板,SZSE,L,2018-11-09
300752.SZ,300752,隆利科技,深圳,元器件,深圳市隆利科技股份有限公司,创业板,SZSE,L,2018-11-30
300753.SZ,300753,爱朋医疗,江苏,医疗保健,江苏爱朋医疗科技股份有限公司,创业板,SZSE,L,2018-12-13
300755.SZ,300755,华致酒行,云南,其他商业,华致酒行连锁管理股份有限公司,创业板,SZSE,L,2019-01-29
300756.SZ,300756,金马游乐,广东,旅游服务,广东金马游乐股份有限公司,创业板,SZSE,L,2018-12-28
300757.SZ,300757,罗博特科,江苏,专用机械,罗博特科智能科技股份有限公司,创业板,SZSE,L,2019-01-08
300758.SZ,300758,七彩化学,辽宁,染料涂料,鞍山七彩化学股份有限公司,创业板,SZSE,L,2019-02-22
300759.SZ,300759,康龙化成,北京,化学制药,康龙化成(北京)新药技术股份有限公司,创业板,SZSE,L,2019-01-28
300760.SZ,300760,迈瑞医疗,深圳,医疗保健,深圳迈瑞生物医疗电子股份有限公司,创业板,SZSE,L,2018-10-16
300761.SZ,300761,立华股份,江苏,农业综合,江苏立华牧业股份有限公司,创业板,SZSE,L,2019-02-18
300762.SZ,300762,上海瀚讯,上海,通信设备,上海瀚讯信息技术股份有限公司,创业板,SZSE,L,2019-03-14
300763.SZ,300763,锦浪科技,浙江,电气设备,锦浪科技股份有限公司,创业板,SZSE,L,2019-03-19
300765.SZ,300765,新诺威,河北,食品,石药创新制药股份有限公司,创业板,SZSE,L,2019-03-22
300766.SZ,300766,每日互动,浙江,互联网,每日互动股份有限公司,创业板,SZSE,L,2019-03-25
300767.SZ,300767,震安科技,云南,橡胶,震安科技股份有限公司,创业板,SZSE,L,2019-03-29
300768.SZ,300768,迪普科技,浙江,软件服务,杭州迪普科技股份有限公司,创业板,SZSE,L,2019-04-12
300769.SZ,300769,德方纳米,深圳,化工原料,深圳市德方纳米科技股份有限公司,创业板,SZSE,L,2019-04-15
300770.SZ,300770,新媒股份,广东,影视音像,广东南方新媒体股份有限公司,创业板,SZSE,L,2019-04-19
300771.SZ,300771,智莱科技,深圳,IT设备,深圳市智莱科技股份有限公司,创业板,SZSE,L,2019-04-22
300772.SZ,300772,运达股份,浙江,电气设备,运达能源科技集团股份有限公司,创业板,SZSE,L,2019-04-26
300773.SZ,300773,拉卡拉,北京,软件服务,拉卡拉支付股份有限公司,创业板,SZSE,L,2019-04-25
300774.SZ,300774,倍杰特,北京,环境保护,倍杰特集团股份有限公司,创业板,SZSE,L,2021-08-04
300775.SZ,300775,三角防务,陕西,航空,西安三角防务股份有限公司,创业板,SZSE,L,2019-05-21
300776.SZ,300776,帝尔激光,湖北,专用机械,武汉帝尔激光科技股份有限公司,创业板,SZSE,L,2019-05-17
300777.SZ,300777,中简科技,江苏,化纤,中简科技股份有限公司,创业板,SZSE,L,2019-05-16
300778.SZ,300778,新城市,深圳,建筑工程,深圳市新城市规划建筑设计股份有限公司,创业板,SZSE,L,2019-05-10
300779.SZ,300779,惠城环保,山东,环境保护,青岛惠城环保科技集团股份有限公司,创业板,SZSE,L,2019-05-22
300780.SZ,300780,德恩精工,四川,机械基件,四川德恩精工科技股份有限公司,创业板,SZSE,L,2019-05-31
300781.SZ,300781,因赛集团,广东,广告包装,广东因赛品牌营销集团股份有限公司,创业板,SZSE,L,2019-06-06
300782.SZ,300782,卓胜微,江苏,半导体,江苏卓胜微电子股份有限公司,创业板,SZSE,L,2019-06-18
300783.SZ,300783,三只松鼠,安徽,食品,三只松鼠股份有限公司,创业板,SZSE,L,2019-07-12
300785.SZ,300785,值得买,北京,互联网,北京值得买科技股份有限公司,创业板,SZSE,L,2019-07-15
300786.SZ,300786,国林科技,山东,环境保护,青岛国林科技集团股份有限公司,创业板,SZSE,L,2019-07-23
300787.SZ,300787,海能实业,江西,元器件,安福县海能实业股份有限公司,创业板,SZSE,L,2019-08-15
300788.SZ,300788,中信出版,北京,出版业,中信出版集团股份有限公司,创业板,SZSE,L,2019-07-05
300789.SZ,300789,唐源电气,四川,软件服务,成都唐源电气股份有限公司,创业板,SZSE,L,2019-08-28
300790.SZ,300790,宇瞳光学,广东,元器件,东莞市宇瞳光学科技股份有限公司,创业板,SZSE,L,2019-09-20
300791.SZ,300791,仙乐健康,广东,医疗保健,仙乐健康科技股份有限公司,创业板,SZSE,L,2019-09-25
300792.SZ,300792,壹网壹创,浙江,互联网,杭州壹网壹创科技股份有限公司,创业板,SZSE,L,2019-09-27
300793.SZ,300793,佳禾智能,广东,IT设备,佳禾智能科技股份有限公司,创业板,SZSE,L,2019-10-18
300795.SZ,300795,米奥会展,浙江,文教休闲,浙江米奥兰特商务会展股份有限公司,创业板,SZSE,L,2019-10-22
300796.SZ,300796,贝斯美,浙江,农药化肥,绍兴贝斯美化工股份有限公司,创业板,SZSE,L,2019-11-15
300797.SZ,300797,钢研纳克,北京,电器仪表,钢研纳克检测技术股份有限公司,创业板,SZSE,L,2019-11-01
300798.SZ,300798,锦鸡股份,江苏,染料涂料,江苏锦鸡实业股份有限公司,创业板,SZSE,L,2019-11-22
300799.SZ,300799,*ST左江,北京,软件服务,北京左江科技股份有限公司,创业板,SZSE,L,2019-10-29
300800.SZ,300800,力合科技,湖南,环境保护,力合科技(湖南)股份有限公司,创业板,SZSE,L,2019-11-06
300801.SZ,300801,泰和科技,山东,化工原料,山东泰和科技股份有限公司,创业板,SZSE,L,2019-11-28
300802.SZ,300802,矩子科技,上海,专用机械,上海矩子科技股份有限公司,创业板,SZSE,L,2019-11-14
300803.SZ,300803,指南针,北京,软件服务,北京指南针科技发展股份有限公司,创业板,SZSE,L,2019-11-18
300804.SZ,300804,广康生化,广东,农药化肥,广东广康生化科技股份有限公司,创业板,SZSE,L,2023-06-27
300805.SZ,300805,电声股份,广东,广告包装,广东电声市场营销股份有限公司,创业板,SZSE,L,2019-11-21
300806.SZ,300806,斯迪克,江苏,塑料,江苏斯迪克新材料科技股份有限公司,创业板,SZSE,L,2019-11-25
300807.SZ,300807,天迈科技,河南,软件服务,郑州天迈科技股份有限公司,创业板,SZSE,L,2019-12-19
300808.SZ,300808,久量股份,广东,家用电器,广东久量股份有限公司,创业板,SZSE,L,2019-11-29
300809.SZ,300809,华辰装备,江苏,机床制造,华辰精密装备(昆山)股份有限公司,创业板,SZSE,L,2019-12-04
300810.SZ,300810,中科海讯,北京,船舶,北京中科海讯数字科技股份有限公司,创业板,SZSE,L,2019-12-06
300811.SZ,300811,铂科新材,深圳,矿物制品,深圳市铂科新材料股份有限公司,创业板,SZSE,L,2019-12-30
300812.SZ,300812,易天股份,深圳,专用机械,深圳市易天自动化设备股份有限公司,创业板,SZSE,L,2020-01-09
300813.SZ,300813,泰林生物,浙江,医疗保健,浙江泰林生物技术股份有限公司,创业板,SZSE,L,2020-01-14
300814.SZ,300814,中富电路,深圳,元器件,深圳中富电路股份有限公司,创业板,SZSE,L,2021-08-12
300815.SZ,300815,玉禾田,安徽,环境保护,玉禾田环境发展集团股份有限公司,创业板,SZSE,L,2020-01-23
300816.SZ,300816,艾可蓝,安徽,环境保护,安徽艾可蓝环保股份有限公司,创业板,SZSE,L,2020-02-10
300817.SZ,300817,双飞集团,浙江,机械基件,双飞无油轴承集团股份有限公司,创业板,SZSE,L,2020-02-18
300818.SZ,300818,耐普矿机,江西,专用机械,江西耐普矿机股份有限公司,创业板,SZSE,L,2020-02-12
300819.SZ,300819,聚杰微纤,江苏,纺织,江苏聚杰微纤科技集团股份有限公司,创业板,SZSE,L,2020-03-12
300820.SZ,300820,英杰电气,四川,电气设备,四川英杰电气股份有限公司,创业板,SZSE,L,2020-02-13
300821.SZ,300821,东岳硅材,山东,化工原料,山东东岳有机硅材料股份有限公司,创业板,SZSE,L,2020-03-12
300822.SZ,300822,贝仕达克,深圳,元器件,深圳贝仕达克技术股份有限公司,创业板,SZSE,L,2020-03-13
300823.SZ,300823,建科机械,天津,专用机械,建科机械(天津)股份有限公司,创业板,SZSE,L,2020-03-19
300824.SZ,300824,北鼎股份,深圳,家用电器,深圳市北鼎晶辉科技股份有限公司,创业板,SZSE,L,2020-06-19
300825.SZ,300825,阿尔特,北京,汽车服务,阿尔特汽车技术股份有限公司,创业板,SZSE,L,2020-03-27
300826.SZ,300826,测绘股份,江苏,建筑工程,南京市测绘勘察研究院股份有限公司,创业板,SZSE,L,2020-04-03
300827.SZ,300827,上能电气,江苏,电气设备,上能电气股份有限公司,创业板,SZSE,L,2020-04-10
300828.SZ,300828,锐新科技,天津,机械基件,天津锐新昌科技股份有限公司,创业板,SZSE,L,2020-04-21
300829.SZ,300829,金丹科技,河南,食品,河南金丹乳酸科技股份有限公司,创业板,SZSE,L,2020-04-22
300830.SZ,300830,金现代,山东,软件服务,金现代信息产业股份有限公司,创业板,SZSE,L,2020-05-06
300831.SZ,300831,派瑞股份,陕西,半导体,西安派瑞功率半导体变流技术股份有限公司,创业板,SZSE,L,2020-05-07
300832.SZ,300832,新产业,深圳,医疗保健,深圳市新产业生物医学工程股份有限公司,创业板,SZSE,L,2020-05-12
300833.SZ,300833,浩洋股份,广东,专用机械,广州市浩洋电子股份有限公司,创业板,SZSE,L,2020-05-20
300834.SZ,300834,星辉环材,广东,化工原料,星辉环保材料股份有限公司,创业板,SZSE,L,2022-01-13
300835.SZ,300835,龙磁科技,安徽,矿物制品,安徽龙磁科技股份有限公司,创业板,SZSE,L,2020-05-25
300836.SZ,300836,佰奥智能,江苏,专用机械,昆山佰奥智能装备股份有限公司,创业板,SZSE,L,2020-05-28
300837.SZ,300837,浙矿股份,浙江,专用机械,浙矿重工股份有限公司,创业板,SZSE,L,2020-06-05
300838.SZ,300838,浙江力诺,浙江,机械基件,浙江力诺流体控制科技股份有限公司,创业板,SZSE,L,2020-06-08
300839.SZ,300839,博汇股份,浙江,石油加工,宁波博汇化工科技股份有限公司,创业板,SZSE,L,2020-06-30
300840.SZ,300840,酷特智能,山东,服饰,青岛酷特智能股份有限公司,创业板,SZSE,L,2020-07-08
300841.SZ,300841,康华生物,四川,生物制药,成都康华生物制品股份有限公司,创业板,SZSE,L,2020-06-16
300842.SZ,300842,帝科股份,江苏,电气设备,无锡帝科电子材料股份有限公司,创业板,SZSE,L,2020-06-18
300843.SZ,300843,胜蓝股份,广东,元器件,胜蓝科技股份有限公司,创业板,SZSE,L,2020-07-02
300844.SZ,300844,山水比德,广东,建筑工程,广州山水比德设计股份有限公司,创业板,SZSE,L,2021-08-13
300845.SZ,300845,捷安高科,河南,软件服务,郑州捷安高科股份有限公司,创业板,SZSE,L,2020-07-03
300846.SZ,300846,首都在线,北京,软件服务,北京首都在线科技股份有限公司,创业板,SZSE,L,2020-07-01
300847.SZ,300847,中船汉光,河北,化工原料,中船汉光科技股份有限公司,创业板,SZSE,L,2020-07-09
300848.SZ,300848,美瑞新材,山东,化工原料,美瑞新材料股份有限公司,创业板,SZSE,L,2020-07-20
300849.SZ,300849,锦盛新材,浙江,塑料,浙江锦盛新材料股份有限公司,创业板,SZSE,L,2020-07-10
300850.SZ,300850,新强联,河南,机械基件,洛阳新强联回转支承股份有限公司,创业板,SZSE,L,2020-07-13
300851.SZ,300851,交大思诺,北京,运输设备,北京交大思诺科技股份有限公司,创业板,SZSE,L,2020-07-17
300852.SZ,300852,四会富仕,广东,元器件,四会富仕电子科技股份有限公司,创业板,SZSE,L,2020-07-13
300853.SZ,300853,申昊科技,浙江,专用机械,杭州申昊科技股份有限公司,创业板,SZSE,L,2020-07-24
300854.SZ,300854,中兰环保,深圳,环境保护,中兰环保科技股份有限公司,创业板,SZSE,L,2021-09-16
300855.SZ,300855,图南股份,江苏,小金属,江苏图南合金股份有限公司,创业板,SZSE,L,2020-07-23
300856.SZ,300856,科思股份,江苏,日用化工,南京科思化学股份有限公司,创业板,SZSE,L,2020-07-22
300857.SZ,300857,协创数据,深圳,IT设备,协创数据技术股份有限公司,创业板,SZSE,L,2020-07-27
300858.SZ,300858,科拓生物,北京,食品,北京科拓恒通生物技术股份有限公司,创业板,SZSE,L,2020-07-27
300859.SZ,300859,*ST西域,新疆,旅游服务,西域旅游开发股份有限公司,创业板,SZSE,L,2020-08-06
300860.SZ,300860,锋尚文化,北京,文教休闲,锋尚文化集团股份有限公司,创业板,SZSE,L,2020-08-24
300861.SZ,300861,美畅股份,陕西,矿物制品,杨凌美畅新材料股份有限公司,创业板,SZSE,L,2020-08-24
300862.SZ,300862,蓝盾光电,安徽,电器仪表,安徽蓝盾光电子股份有限公司,创业板,SZSE,L,2020-08-24
300863.SZ,300863,卡倍亿,浙江,汽车配件,宁波卡倍亿电气技术股份有限公司,创业板,SZSE,L,2020-08-24
300864.SZ,300864,南大环境,江苏,环境保护,南京大学环境规划设计研究院集团股份公司,创业板,SZSE,L,2020-08-24
300865.SZ,300865,大宏立,四川,专用机械,成都大宏立机器股份有限公司,创业板,SZSE,L,2020-08-24
300866.SZ,300866,安克创新,湖南,元器件,安克创新科技股份有限公司,创业板,SZSE,L,2020-08-24
300867.SZ,300867,圣元环保,福建,环境保护,圣元环保股份有限公司,创业板,SZSE,L,2020-08-24
300868.SZ,300868,杰美特,深圳,元器件,深圳市杰美特科技股份有限公司,创业板,SZSE,L,2020-08-24
300869.SZ,300869,康泰医学,河北,医疗保健,康泰医学系统(秦皇岛)股份有限公司,创业板,SZSE,L,2020-08-24
300870.SZ,300870,欧陆通,深圳,电气设备,深圳欧陆通电子股份有限公司,创业板,SZSE,L,2020-08-24
300871.SZ,300871,回盛生物,湖北,农业综合,武汉回盛生物科技股份有限公司,创业板,SZSE,L,2020-08-24
300872.SZ,300872,天阳科技,西藏,软件服务,天阳宏业科技股份有限公司,创业板,SZSE,L,2020-08-24
300873.SZ,300873,海晨股份,江苏,仓储物流,江苏海晨物流股份有限公司,创业板,SZSE,L,2020-08-24
300875.SZ,300875,捷强装备,天津,专用机械,天津捷强动力装备股份有限公司,创业板,SZSE,L,2020-08-24
300876.SZ,300876,蒙泰高新,广东,化纤,广东蒙泰高新纤维股份有限公司,创业板,SZSE,L,2020-08-24
300877.SZ,300877,金春股份,安徽,纺织,安徽金春无纺布股份有限公司,创业板,SZSE,L,2020-08-24
300878.SZ,300878,维康药业,浙江,中成药,浙江维康药业股份有限公司,创业板,SZSE,L,2020-08-24
300879.SZ,300879,大叶股份,浙江,农用机械,宁波大叶园林设备股份有限公司,创业板,SZSE,L,2020-09-01
300880.SZ,300880,迦南智能,浙江,电器仪表,宁波迦南智能电气股份有限公司,创业板,SZSE,L,2020-09-01
300881.SZ,300881,盛德鑫泰,江苏,钢加工,盛德鑫泰新材料股份有限公司,创业板,SZSE,L,2020-09-01
300882.SZ,300882,万胜智能,浙江,电器仪表,浙江万胜智能科技股份有限公司,创业板,SZSE,L,2020-09-10
300883.SZ,300883,龙利得,安徽,造纸,龙利得智能科技股份有限公司,创业板,SZSE,L,2020-09-10
300884.SZ,300884,狄耐克,福建,IT设备,厦门狄耐克智能科技股份有限公司,创业板,SZSE,L,2020-11-12
300885.SZ,300885,海昌新材,江苏,机械基件,扬州海昌新材股份有限公司,创业板,SZSE,L,2020-09-10
300886.SZ,300886,华业香料,安徽,化工原料,安徽华业香料股份有限公司,创业板,SZSE,L,2020-09-16
300887.SZ,300887,谱尼测试,北京,电器仪表,谱尼测试集团股份有限公司,创业板,SZSE,L,2020-09-16
300888.SZ,300888,稳健医疗,深圳,医疗保健,稳健医疗用品股份有限公司,创业板,SZSE,L,2020-09-17
300889.SZ,300889,爱克股份,深圳,电气设备,深圳爱克莱特科技股份有限公司,创业板,SZSE,L,2020-09-16
300890.SZ,300890,翔丰华,上海,电气设备,上海市翔丰华科技股份有限公司,创业板,SZSE,L,2020-09-17
300891.SZ,300891,惠云钛业,广东,化工原料,广东惠云钛业股份有限公司,创业板,SZSE,L,2020-09-17
300892.SZ,300892,品渥食品,上海,乳制品,品渥食品股份有限公司,创业板,SZSE,L,2020-09-24
300893.SZ,300893,松原股份,浙江,汽车配件,浙江松原汽车安全系统股份有限公司,创业板,SZSE,L,2020-09-24
300894.SZ,300894,火星人,浙江,家用电器,火星人厨具股份有限公司,创业板,SZSE,L,2020-12-31
300895.SZ,300895,铜牛信息,北京,软件服务,北京铜牛信息科技股份有限公司,创业板,SZSE,L,2020-09-24
300896.SZ,300896,爱美客,北京,医疗保健,爱美客技术发展股份有限公司,创业板,SZSE,L,2020-09-28
300897.SZ,300897,山科智能,浙江,电器仪表,杭州山科智能科技股份有限公司,创业板,SZSE,L,2020-09-28
300898.SZ,300898,熊猫乳品,浙江,乳制品,熊猫乳品集团股份有限公司,创业板,SZSE,L,2020-10-16
300899.SZ,300899,上海凯鑫,上海,环境保护,上海凯鑫分离技术股份有限公司,创业板,SZSE,L,2020-10-16
300900.SZ,300900,广联航空,黑龙江,航空,广联航空工业股份有限公司,创业板,SZSE,L,2020-10-29
300901.SZ,300901,中胤时尚,浙江,服饰,浙江中胤时尚股份有限公司,创业板,SZSE,L,2020-10-29
300902.SZ,300902,国安达,福建,专用机械,国安达股份有限公司,创业板,SZSE,L,2020-10-29
300903.SZ,300903,科翔股份,广东,元器件,广东科翔电子科技股份有限公司,创业板,SZSE,L,2020-11-05
300904.SZ,300904,威力传动,宁夏,电气设备,银川威力传动技术股份有限公司,创业板,SZSE,L,2023-08-09
300905.SZ,300905,宝丽迪,江苏,染料涂料,苏州宝丽迪材料科技股份有限公司,创业板,SZSE,L,2020-11-05
300906.SZ,300906,日月明,江西,电器仪表,江西日月明测控科技股份有限公司,创业板,SZSE,L,2020-11-05
300907.SZ,300907,康平科技,江苏,电气设备,康平科技(苏州)股份有限公司,创业板,SZSE,L,2020-11-18
300908.SZ,300908,仲景食品,河南,食品,仲景食品股份有限公司,创业板,SZSE,L,2020-11-23
300909.SZ,300909,汇创达,深圳,元器件,深圳市汇创达科技股份有限公司,创业板,SZSE,L,2020-11-18
300910.SZ,300910,瑞丰新材,河南,化工原料,新乡市瑞丰新材料股份有限公司,创业板,SZSE,L,2020-11-27
300911.SZ,300911,亿田智能,浙江,家用电器,浙江亿田智能厨电股份有限公司,创业板,SZSE,L,2020-12-03
300912.SZ,300912,凯龙高科,江苏,环境保护,凯龙高科技股份有限公司,创业板,SZSE,L,2020-12-07
300913.SZ,300913,兆龙互连,浙江,通信设备,浙江兆龙互连科技股份有限公司,创业板,SZSE,L,2020-12-07
300915.SZ,300915,海融科技,上海,乳制品,上海海融食品科技股份有限公司,创业板,SZSE,L,2020-12-02
300916.SZ,300916,朗特智能,深圳,元器件,深圳朗特智能控制股份有限公司,创业板,SZSE,L,2020-12-02
300917.SZ,300917,特发服务,深圳,房产服务,深圳市特发服务股份有限公司,创业板,SZSE,L,2020-12-21
300918.SZ,300918,南山智尚,山东,纺织,山东南山智尚科技股份有限公司,创业板,SZSE,L,2020-12-22
300919.SZ,300919,中伟股份,贵州,电气设备,中伟新材料股份有限公司,创业板,SZSE,L,2020-12-23
300920.SZ,300920,润阳科技,浙江,塑料,浙江润阳新材料科技股份有限公司,创业板,SZSE,L,2020-12-25
300921.SZ,300921,南凌科技,深圳,互联网,南凌科技股份有限公司,创业板,SZSE,L,2020-12-22
300922.SZ,300922,天秦装备,河北,专用机械,秦皇岛天秦装备制造股份有限公司,创业板,SZSE,L,2020-12-25
300923.SZ,300923,研奥股份,吉林,运输设备,研奥电气股份有限公司,创业板,SZSE,L,2020-12-24
300925.SZ,300925,法本信息,深圳,软件服务,深圳市法本信息技术股份有限公司,创业板,SZSE,L,2020-12-30
300926.SZ,300926,博俊科技,江苏,汽车配件,江苏博俊工业科技股份有限公司,创业板,SZSE,L,2021-01-07
300927.SZ,300927,江天化学,江苏,化工原料,南通江天化学股份有限公司,创业板,SZSE,L,2021-01-07
300928.SZ,300928,华安鑫创,北京,汽车配件,华安鑫创控股(北京)股份有限公司,创业板,SZSE,L,2021-01-06
300929.SZ,300929,华骐环保,安徽,环境保护,安徽华骐环保科技股份有限公司,创业板,SZSE,L,2021-01-20
300930.SZ,300930,屹通新材,浙江,小金属,杭州屹通新材料股份有限公司,创业板,SZSE,L,2021-01-21
300931.SZ,300931,通用电梯,江苏,运输设备,通用电梯股份有限公司,创业板,SZSE,L,2021-01-21
300932.SZ,300932,三友联众,广东,电气设备,三友联众集团股份有限公司,创业板,SZSE,L,2021-01-22
300933.SZ,300933,中辰股份,江苏,电气设备,中辰电缆股份有限公司,创业板,SZSE,L,2021-01-22
300935.SZ,300935,盈建科,北京,软件服务,北京盈建科软件股份有限公司,创业板,SZSE,L,2021-01-20
300936.SZ,300936,中英科技,江苏,元器件,常州中英科技股份有限公司,创业板,SZSE,L,2021-01-26
300937.SZ,300937,药易购,四川,医药商业,四川合纵药易购医药股份有限公司,创业板,SZSE,L,2021-01-27
300938.SZ,300938,信测标准,深圳,电器仪表,深圳信测标准技术服务股份有限公司,创业板,SZSE,L,2021-01-27
300939.SZ,300939,秋田微,深圳,元器件,深圳秋田微电子股份有限公司,创业板,SZSE,L,2021-01-28
300940.SZ,300940,南极光,深圳,元器件,深圳市南极光电子科技股份有限公司,创业板,SZSE,L,2021-02-03
300941.SZ,300941,创识科技,福建,IT设备,福建创识科技股份有限公司,创业板,SZSE,L,2021-02-09
300942.SZ,300942,易瑞生物,深圳,医疗保健,深圳市易瑞生物技术股份有限公司,创业板,SZSE,L,2021-02-09
300943.SZ,300943,春晖智控,浙江,机械基件,浙江春晖智能控制股份有限公司,创业板,SZSE,L,2021-02-10
300945.SZ,300945,曼卡龙,浙江,服饰,曼卡龙珠宝股份有限公司,创业板,SZSE,L,2021-02-10
300946.SZ,300946,恒而达,福建,机械基件,福建恒而达新材料股份有限公司,创业板,SZSE,L,2021-02-08
300947.SZ,300947,德必集团,上海,房产服务,上海德必文化创意产业发展(集团)股份有限公司,创业板,SZSE,L,2021-02-10
300948.SZ,300948,冠中生态,山东,环境保护,青岛冠中生态股份有限公司,创业板,SZSE,L,2021-02-25
300949.SZ,300949,奥雅股份,深圳,建筑工程,深圳奥雅设计股份有限公司,创业板,SZSE,L,2021-02-26
300950.SZ,300950,德固特,山东,专用机械,青岛德固特节能装备股份有限公司,创业板,SZSE,L,2021-03-03
300951.SZ,300951,博硕科技,深圳,元器件,深圳市博硕科技股份有限公司,创业板,SZSE,L,2021-02-26
300952.SZ,300952,恒辉安防,江苏,纺织,江苏恒辉安防股份有限公司,创业板,SZSE,L,2021-03-11
300953.SZ,300953,震裕科技,浙江,电气设备,宁波震裕科技股份有限公司,创业板,SZSE,L,2021-03-18
300955.SZ,300955,嘉亨家化,福建,日用化工,嘉亨家化股份有限公司,创业板,SZSE,L,2021-03-24
300956.SZ,300956,英力股份,安徽,元器件,安徽英力电子科技股份有限公司,创业板,SZSE,L,2021-03-26
300957.SZ,300957,贝泰妮,云南,日用化工,云南贝泰妮生物科技集团股份有限公司,创业板,SZSE,L,2021-03-25
300958.SZ,300958,建工修复,北京,环境保护,北京建工环境修复股份有限公司,创业板,SZSE,L,2021-03-29
300959.SZ,300959,线上线下,江苏,电信运营,无锡线上线下通讯信息技术股份有限公司,创业板,SZSE,L,2021-03-22
300960.SZ,300960,通业科技,深圳,运输设备,深圳通业科技股份有限公司,创业板,SZSE,L,2021-03-29
300961.SZ,300961,深水海纳,深圳,环境保护,深水海纳水务集团股份有限公司,创业板,SZSE,L,2021-03-30
300962.SZ,300962,中金辐照,深圳,医疗保健,中金辐照股份有限公司,创业板,SZSE,L,2021-04-09
300963.SZ,300963,中洲特材,上海,小金属,上海中洲特种合金材料股份有限公司,创业板,SZSE,L,2021-04-09
300964.SZ,300964,本川智能,江苏,元器件,江苏本川智能电路科技股份有限公司,创业板,SZSE,L,2021-08-05
300965.SZ,300965,*ST恒宇,北京,航空,恒宇信通航空装备(北京)股份有限公司,创业板,SZSE,L,2021-04-02
300966.SZ,300966,共同药业,湖北,化学制药,湖北共同药业股份有限公司,创业板,SZSE,L,2021-04-09
300967.SZ,300967,晓鸣股份,宁夏,农业综合,宁夏晓鸣农牧股份有限公司,创业板,SZSE,L,2021-04-13
300968.SZ,300968,格林精密,广东,元器件,广东格林精密部件股份有限公司,创业板,SZSE,L,2021-04-15
300969.SZ,300969,恒帅股份,浙江,汽车配件,宁波恒帅股份有限公司,创业板,SZSE,L,2021-04-12
300970.SZ,300970,华绿生物,江苏,种植业,江苏华绿生物科技股份有限公司,创业板,SZSE,L,2021-04-12
300971.SZ,300971,博亚精工,湖北,机械基件,襄阳博亚精工装备股份有限公司,创业板,SZSE,L,2021-04-15
300972.SZ,300972,万辰集团,福建,种植业,福建万辰生物科技集团股份有限公司,创业板,SZSE,L,2021-04-19
300973.SZ,300973,立高食品,广东,食品,立高食品股份有限公司,创业板,SZSE,L,2021-04-15
300975.SZ,300975,商络电子,江苏,元器件,南京商络电子股份有限公司,创业板,SZSE,L,2021-04-21
300976.SZ,300976,达瑞电子,广东,元器件,东莞市达瑞电子股份有限公司,创业板,SZSE,L,2021-04-19
300977.SZ,300977,深圳瑞捷,深圳,建筑工程,深圳瑞捷工程咨询股份有限公司,创业板,SZSE,L,2021-04-20
300978.SZ,300978,东箭科技,广东,汽车配件,广东东箭汽车科技股份有限公司,创业板,SZSE,L,2021-04-26
300979.SZ,300979,华利集团,广东,服饰,中山华利实业集团股份有限公司,创业板,SZSE,L,2021-04-26
300980.SZ,300980,祥源新材,湖北,塑料,湖北祥源新材科技股份有限公司,创业板,SZSE,L,2021-04-21
300981.SZ,300981,中红医疗,河北,医疗保健,中红普林医疗用品股份有限公司,创业板,SZSE,L,2021-04-27
300982.SZ,300982,苏文电能,江苏,建筑工程,苏文电能科技股份有限公司,创业板,SZSE,L,2021-04-27
300983.SZ,300983,尤安设计,上海,建筑工程,上海尤安建筑设计股份有限公司,创业板,SZSE,L,2021-04-20
300984.SZ,300984,金沃股份,浙江,机械基件,浙江金沃精工股份有限公司,创业板,SZSE,L,2021-06-18
300985.SZ,300985,致远新能,吉林,汽车配件,长春致远新能源装备股份有限公司,创业板,SZSE,L,2021-04-29
300986.SZ,300986,志特新材,江西,其他建材,江西志特新材料股份有限公司,创业板,SZSE,L,2021-04-30
300987.SZ,300987,川网传媒,四川,互联网,四川新闻网传媒(集团)股份有限公司,创业板,SZSE,L,2021-05-11
300988.SZ,300988,津荣天宇,天津,机械基件,天津津荣天宇精密机械股份有限公司,创业板,SZSE,L,2021-05-12
300989.SZ,300989,蕾奥规划,深圳,建筑工程,深圳市蕾奥规划设计咨询股份有限公司,创业板,SZSE,L,2021-05-07
300990.SZ,300990,同飞股份,河北,专用机械,三河同飞制冷股份有限公司,创业板,SZSE,L,2021-05-12
300991.SZ,300991,创益通,深圳,元器件,深圳市创益通技术股份有限公司,创业板,SZSE,L,2021-05-20
300992.SZ,300992,泰福泵业,浙江,机械基件,浙江泰福泵业股份有限公司,创业板,SZSE,L,2021-05-25
300993.SZ,300993,玉马遮阳,山东,家居用品,山东玉马遮阳科技股份有限公司,创业板,SZSE,L,2021-05-24
300994.SZ,300994,久祺股份,浙江,文教休闲,久祺股份有限公司,创业板,SZSE,L,2021-08-12
300995.SZ,300995,奇德新材,广东,塑料,广东奇德新材料股份有限公司,创业板,SZSE,L,2021-05-26
300996.SZ,300996,普联软件,山东,软件服务,普联软件股份有限公司,创业板,SZSE,L,2021-06-03
300997.SZ,300997,欢乐家,广东,软饮料,欢乐家食品集团股份有限公司,创业板,SZSE,L,2021-06-02
300998.SZ,300998,宁波方正,浙江,专用机械,宁波方正汽车模具股份有限公司,创业板,SZSE,L,2021-06-02
300999.SZ,300999,金龙鱼,上海,食品,益海嘉里金龙鱼粮油食品股份有限公司,创业板,SZSE,L,2020-10-15
301000.SZ,301000,肇民科技,上海,汽车配件,上海肇民新材料科技股份有限公司,创业板,SZSE,L,2021-05-28
301001.SZ,301001,凯淳股份,上海,互联网,上海凯淳实业股份有限公司,创业板,SZSE,L,2021-05-28
301002.SZ,301002,崧盛股份,深圳,电气设备,深圳市崧盛电子股份有限公司,创业板,SZSE,L,2021-06-07
301003.SZ,301003,江苏博云,江苏,塑料,江苏博云塑业股份有限公司,创业板,SZSE,L,2021-06-01
301004.SZ,301004,嘉益股份,浙江,家居用品,浙江嘉益保温科技股份有限公司,创业板,SZSE,L,2021-06-25
301005.SZ,301005,超捷股份,上海,汽车配件,超捷紧固系统(上海)股份有限公司,创业板,SZSE,L,2021-06-01
301006.SZ,301006,迈拓股份,江苏,电器仪表,迈拓仪表股份有限公司,创业板,SZSE,L,2021-06-07
301007.SZ,301007,德迈仕,辽宁,汽车配件,大连德迈仕精密科技股份有限公司,创业板,SZSE,L,2021-06-16
301008.SZ,301008,宏昌科技,浙江,家用电器,浙江宏昌电器科技股份有限公司,创业板,SZSE,L,2021-06-11
301009.SZ,301009,可靠股份,浙江,造纸,杭州可靠护理用品股份有限公司,创业板,SZSE,L,2021-06-17
301010.SZ,301010,晶雪节能,江苏,其他建材,江苏晶雪节能科技股份有限公司,创业板,SZSE,L,2021-06-18
301011.SZ,301011,华立科技,广东,专用机械,广州华立科技股份有限公司,创业板,SZSE,L,2021-06-17
301012.SZ,301012,扬电科技,江苏,电气设备,江苏扬电科技股份有限公司,创业板,SZSE,L,2021-06-22
301013.SZ,301013,利和兴,深圳,专用机械,深圳市利和兴股份有限公司,创业板,SZSE,L,2021-06-29
301015.SZ,301015,百洋医药,山东,医药商业,青岛百洋医药股份有限公司,创业板,SZSE,L,2021-06-30
301016.SZ,301016,雷尔伟,江苏,运输设备,南京雷尔伟新技术股份有限公司,创业板,SZSE,L,2021-06-30
301017.SZ,301017,漱玉平民,山东,医药商业,漱玉平民大药房连锁股份有限公司,创业板,SZSE,L,2021-07-05
301018.SZ,301018,申菱环境,广东,专用机械,广东申菱环境系统股份有限公司,创业板,SZSE,L,2021-07-07
301019.SZ,301019,宁波色母,浙江,塑料,宁波色母粒股份有限公司,创业板,SZSE,L,2021-06-28
301020.SZ,301020,密封科技,山东,机械基件,烟台石川密封科技股份有限公司,创业板,SZSE,L,2021-07-06
301021.SZ,301021,英诺激光,深圳,专用机械,英诺激光科技股份有限公司,创业板,SZSE,L,2021-07-06
301022.SZ,301022,海泰科,山东,专用机械,青岛海泰科模塑科技股份有限公司,创业板,SZSE,L,2021-07-02
301023.SZ,301023,江南奕帆,江苏,电气设备,无锡江南奕帆电力传动科技股份有限公司,创业板,SZSE,L,2021-07-07
301024.SZ,301024,霍普股份,上海,建筑工程,上海霍普建筑设计事务所股份有限公司,创业板,SZSE,L,2021-07-28
301025.SZ,301025,读客文化,上海,出版业,读客文化股份有限公司,创业板,SZSE,L,2021-07-19
301026.SZ,301026,浩通科技,江苏,小金属,徐州浩通新材料科技股份有限公司,创业板,SZSE,L,2021-07-16
301027.SZ,301027,华蓝集团,广西,建筑工程,华蓝集团股份公司,创业板,SZSE,L,2021-07-15
301028.SZ,301028,东亚机械,福建,专用机械,厦门东亚机械工业股份有限公司,创业板,SZSE,L,2021-07-20
301029.SZ,301029,怡合达,广东,专用机械,东莞怡合达自动化股份有限公司,创业板,SZSE,L,2021-07-23
301030.SZ,301030,仕净科技,江苏,环境保护,苏州仕净科技股份有限公司,创业板,SZSE,L,2021-07-22
301031.SZ,301031,中熔电气,陕西,电气设备,西安中熔电气股份有限公司,创业板,SZSE,L,2021-07-15
301032.SZ,301032,新柴股份,浙江,工程机械,浙江新柴股份有限公司,创业板,SZSE,L,2021-07-22
301033.SZ,301033,迈普医学,广东,医疗保健,广州迈普再生医学科技股份有限公司,创业板,SZSE,L,2021-07-26
301035.SZ,301035,润丰股份,山东,农药化肥,山东潍坊润丰化工股份有限公司,创业板,SZSE,L,2021-07-28
301036.SZ,301036,双乐股份,江苏,染料涂料,双乐颜料股份有限公司,创业板,SZSE,L,2021-07-29
301037.SZ,301037,保立佳,上海,染料涂料,上海保立佳化工股份有限公司,创业板,SZSE,L,2021-07-30
301038.SZ,301038,深水规院,深圳,建筑工程,深圳市水务规划设计院股份有限公司,创业板,SZSE,L,2021-08-04
301039.SZ,301039,中集车辆,深圳,汽车整车,中集车辆(集团)股份有限公司,创业板,SZSE,L,2021-07-08
301040.SZ,301040,中环海陆,江苏,机械基件,张家港中环海陆高端装备股份有限公司,创业板,SZSE,L,2021-08-03
301041.SZ,301041,金百泽,深圳,元器件,深圳市金百泽电子科技股份有限公司,创业板,SZSE,L,2021-08-11
301042.SZ,301042,安联锐视,广东,IT设备,珠海安联锐视科技股份有限公司,创业板,SZSE,L,2021-08-05
301043.SZ,301043,绿岛风,广东,机械基件,广东绿岛风空气系统股份有限公司,创业板,SZSE,L,2021-08-11
301045.SZ,301045,天禄科技,江苏,元器件,苏州天禄光科技股份有限公司,创业板,SZSE,L,2021-08-13
301046.SZ,301046,能辉科技,上海,新型电力,上海能辉科技股份有限公司,创业板,SZSE,L,2021-08-17
301047.SZ,301047,义翘神州,北京,生物制药,北京义翘神州科技股份有限公司,创业板,SZSE,L,2021-08-16
301048.SZ,301048,金鹰重工,湖北,运输设备,金鹰重型工程机械股份有限公司,创业板,SZSE,L,2021-08-18
301049.SZ,301049,超越科技,安徽,环境保护,安徽超越环保科技股份有限公司,创业板,SZSE,L,2021-08-24
301050.SZ,301050,雷电微力,四川,航空,成都雷电微力科技股份有限公司,创业板,SZSE,L,2021-08-24
301051.SZ,301051,信濠光电,深圳,元器件,深圳市信濠光电科技股份有限公司,创业板,SZSE,L,2021-08-27
301052.SZ,301052,果麦文化,浙江,出版业,果麦文化传媒股份有限公司,创业板,SZSE,L,2021-08-30
301053.SZ,301053,远信工业,浙江,专用机械,远信工业股份有限公司,创业板,SZSE,L,2021-09-01
301055.SZ,301055,张小泉,浙江,家居用品,张小泉股份有限公司,创业板,SZSE,L,2021-09-06
301056.SZ,301056,森赫股份,浙江,运输设备,森赫电梯股份有限公司,创业板,SZSE,L,2021-09-07
301057.SZ,301057,汇隆新材,浙江,化纤,浙江汇隆新材料股份有限公司,创业板,SZSE,L,2021-09-09
301058.SZ,301058,中粮科工,江苏,建筑工程,中粮科工股份有限公司,创业板,SZSE,L,2021-09-09
301059.SZ,301059,金三江,广东,化工原料,金三江(肇庆)硅材料股份有限公司,创业板,SZSE,L,2021-09-13
301060.SZ,301060,兰卫医学,上海,医疗保健,上海兰卫医学检验所股份有限公司,创业板,SZSE,L,2021-09-13
301061.SZ,301061,匠心家居,江苏,家居用品,常州匠心独具智能家居股份有限公司,创业板,SZSE,L,2021-09-13
301062.SZ,301062,上海艾录,上海,广告包装,上海艾录包装股份有限公司,创业板,SZSE,L,2021-09-14
301063.SZ,301063,海锅股份,江苏,电气设备,张家港海锅新能源装备股份有限公司,创业板,SZSE,L,2021-09-24
301065.SZ,301065,本立科技,浙江,化工原料,浙江本立科技股份有限公司,创业板,SZSE,L,2021-09-14
301066.SZ,301066,万事利,浙江,纺织,杭州万事利丝绸文化股份有限公司,创业板,SZSE,L,2021-09-22
301067.SZ,301067,显盈科技,深圳,元器件,深圳市显盈科技股份有限公司,创业板,SZSE,L,2021-09-22
301068.SZ,301068,大地海洋,浙江,环境保护,杭州大地海洋环保股份有限公司,创业板,SZSE,L,2021-09-28
301069.SZ,301069,凯盛新材,山东,化工原料,山东凯盛新材料股份有限公司,创业板,SZSE,L,2021-09-27
301070.SZ,301070,开勒股份,上海,机械基件,开勒环境科技(上海)股份有限公司,创业板,SZSE,L,2021-09-23
301071.SZ,301071,力量钻石,河南,矿物制品,河南省力量钻石股份有限公司,创业板,SZSE,L,2021-09-24
301072.SZ,301072,中捷精工,江苏,汽车配件,江苏中捷精工科技股份有限公司,创业板,SZSE,L,2021-09-29
301073.SZ,301073,君亭酒店,浙江,酒店餐饮,君亭酒店集团股份有限公司,创业板,SZSE,L,2021-09-30
301075.SZ,301075,多瑞医药,西藏,化学制药,西藏多瑞医药股份有限公司,创业板,SZSE,L,2021-09-29
301076.SZ,301076,新瀚新材,江苏,化工原料,江苏新瀚新材料股份有限公司,创业板,SZSE,L,2021-10-11
301077.SZ,301077,星华新材,浙江,化工原料,浙江星华新材料集团股份有限公司,创业板,SZSE,L,2021-09-30
301078.SZ,301078,孩子王,江苏,其他商业,孩子王儿童用品股份有限公司,创业板,SZSE,L,2021-10-14
301079.SZ,301079,邵阳液压,湖南,机械基件,邵阳维克液压股份有限公司,创业板,SZSE,L,2021-10-19
301080.SZ,301080,百普赛斯,北京,生物制药,北京百普赛斯生物科技股份有限公司,创业板,SZSE,L,2021-10-18
301081.SZ,301081,严牌股份,浙江,环境保护,浙江严牌过滤技术股份有限公司,创业板,SZSE,L,2021-10-20
301082.SZ,301082,久盛电气,浙江,电气设备,久盛电气股份有限公司,创业板,SZSE,L,2021-10-27
301083.SZ,301083,百胜智能,江西,专用机械,江西百胜智能科技股份有限公司,创业板,SZSE,L,2021-10-21
301085.SZ,301085,亚康股份,北京,软件服务,北京亚康万玮信息技术股份有限公司,创业板,SZSE,L,2021-10-18
301086.SZ,301086,鸿富瀚,深圳,元器件,深圳市鸿富瀚科技股份有限公司,创业板,SZSE,L,2021-10-20
301087.SZ,301087,可孚医疗,湖南,医疗保健,可孚医疗科技股份有限公司,创业板,SZSE,L,2021-10-25
301088.SZ,301088,戎美股份,江苏,服饰,日禾戎美股份有限公司,创业板,SZSE,L,2021-10-28
301089.SZ,301089,拓新药业,河南,化学制药,拓新药业集团股份有限公司,创业板,SZSE,L,2021-10-27
301090.SZ,301090,华润材料,江苏,化工原料,华润化学材料科技股份有限公司,创业板,SZSE,L,2021-10-26
301091.SZ,301091,深城交,深圳,建筑工程,深圳市城市交通规划设计研究中心股份有限公司,创业板,SZSE,L,2021-10-29
301092.SZ,301092,争光股份,浙江,化工原料,浙江争光实业股份有限公司,创业板,SZSE,L,2021-11-02
301093.SZ,301093,华兰股份,江苏,医疗保健,江苏华兰药用新材料股份有限公司,创业板,SZSE,L,2021-11-01
301095.SZ,301095,广立微,浙江,半导体,杭州广立微电子股份有限公司,创业板,SZSE,L,2022-08-05
301096.SZ,301096,百诚医药,浙江,医疗保健,杭州百诚医药科技股份有限公司,创业板,SZSE,L,2021-12-20
301097.SZ,301097,天益医疗,浙江,医疗保健,宁波天益医疗器械股份有限公司,创业板,SZSE,L,2022-04-07
301098.SZ,301098,金埔园林,江苏,建筑工程,金埔园林股份有限公司,创业板,SZSE,L,2021-11-12
301099.SZ,301099,雅创电子,上海,元器件,上海雅创电子集团股份有限公司,创业板,SZSE,L,2021-11-22
301100.SZ,301100,风光股份,辽宁,化工原料,营口风光新材料股份有限公司,创业板,SZSE,L,2021-12-17
301101.SZ,301101,明月镜片,江苏,文教休闲,明月镜片股份有限公司,创业板,SZSE,L,2021-12-16
301102.SZ,301102,兆讯传媒,天津,广告包装,兆讯传媒广告股份有限公司,创业板,SZSE,L,2022-03-28
301103.SZ,301103,何氏眼科,辽宁,医疗保健,辽宁何氏眼科医院集团股份有限公司,创业板,SZSE,L,2022-03-22
301105.SZ,301105,鸿铭股份,广东,专用机械,广东鸿铭智能股份有限公司,创业板,SZSE,L,2022-12-30
301106.SZ,301106,骏成科技,江苏,元器件,江苏骏成电子科技股份有限公司,创业板,SZSE,L,2022-01-28
301107.SZ,301107,瑜欣电子,重庆,机械基件,重庆瑜欣平瑞电子股份有限公司,创业板,SZSE,L,2022-05-24
301108.SZ,301108,洁雅股份,安徽,日用化工,铜陵洁雅生物科技股份有限公司,创业板,SZSE,L,2021-12-03
301109.SZ,301109,军信股份,湖南,环境保护,湖南军信环保股份有限公司,创业板,SZSE,L,2022-04-13
301110.SZ,301110,青木股份,广东,互联网,青木数字技术股份有限公司,创业板,SZSE,L,2022-03-11
301111.SZ,301111,粤万年青,广东,中成药,广东万年青制药股份有限公司,创业板,SZSE,L,2021-12-07
301112.SZ,301112,信邦智能,广东,专用机械,广州信邦智能装备股份有限公司,创业板,SZSE,L,2022-06-29
301113.SZ,301113,雅艺科技,浙江,家居用品,浙江雅艺金属科技股份有限公司,创业板,SZSE,L,2021-12-22
301115.SZ,301115,建科股份,江苏,建筑工程,常州市建筑科学研究院集团股份有限公司,创业板,SZSE,L,2022-08-31
301116.SZ,301116,益客食品,江苏,食品,江苏益客食品集团股份有限公司,创业板,SZSE,L,2022-01-18
301117.SZ,301117,佳缘科技,四川,软件服务,佳缘科技股份有限公司,创业板,SZSE,L,2022-01-17
301118.SZ,301118,恒光股份,湖南,化工原料,湖南恒光科技股份有限公司,创业板,SZSE,L,2021-11-18
301119.SZ,301119,正强股份,浙江,汽车配件,杭州正强传动股份有限公司,创业板,SZSE,L,2021-11-22
301120.SZ,301120,新特电气,北京,电气设备,新华都特种电气股份有限公司,创业板,SZSE,L,2022-04-19
301121.SZ,301121,紫建电子,重庆,电气设备,重庆市紫建电子股份有限公司,创业板,SZSE,L,2022-08-08
301122.SZ,301122,采纳股份,江苏,医疗保健,采纳科技股份有限公司,创业板,SZSE,L,2022-01-26
301123.SZ,301123,奕东电子,广东,元器件,奕东电子科技股份有限公司,创业板,SZSE,L,2022-01-25
301125.SZ,301125,腾亚精工,江苏,机械基件,南京腾亚精工科技股份有限公司,创业板,SZSE,L,2022-06-08
301126.SZ,301126,达嘉维康,湖南,医药商业,湖南达嘉维康医药产业股份有限公司,创业板,SZSE,L,2021-12-07
301127.SZ,301127,天源环保,湖北,环境保护,武汉天源环保股份有限公司,创业板,SZSE,L,2021-12-30
301128.SZ,301128,强瑞技术,深圳,专用机械,深圳市强瑞精密技术股份有限公司,创业板,SZSE,L,2021-11-10
301129.SZ,301129,瑞纳智能,安徽,电器仪表,瑞纳智能设备股份有限公司,创业板,SZSE,L,2021-11-02
301130.SZ,301130,西点药业,吉林,化学制药,吉林省西点药业科技发展股份有限公司,创业板,SZSE,L,2022-02-23
301131.SZ,301131,聚赛龙,广东,塑料,广州市聚赛龙工程塑料股份有限公司,创业板,SZSE,L,2022-03-14
301132.SZ,301132,满坤科技,江西,元器件,吉安满坤科技股份有限公司,创业板,SZSE,L,2022-08-10
301133.SZ,301133,金钟股份,广东,汽车配件,广州市金钟汽车零件股份有限公司,创业板,SZSE,L,2021-11-26
301135.SZ,301135,瑞德智能,广东,元器件,广东瑞德智能科技股份有限公司,创业板,SZSE,L,2022-04-12
301136.SZ,301136,招标股份,福建,建筑工程,福建省招标股份有限公司,创业板,SZSE,L,2022-01-11
301137.SZ,301137,哈焊华通,江苏,机械基件,哈焊所华通(常州)焊业股份有限公司,创业板,SZSE,L,2022-03-22
301138.SZ,301138,华研精机,广东,专用机械,广州华研精密机械股份有限公司,创业板,SZSE,L,2021-12-15
301139.SZ,301139,元道通信,新疆,通信设备,元道通信股份有限公司,创业板,SZSE,L,2022-07-08
301141.SZ,301141,中科磁业,浙江,矿物制品,浙江中科磁业股份有限公司,创业板,SZSE,L,2023-04-03
301148.SZ,301148,嘉戎技术,福建,环境保护,厦门嘉戎技术股份有限公司,创业板,SZSE,L,2022-04-21
301149.SZ,301149,隆华新材,山东,化工原料,山东隆华新材料股份有限公司,创业板,SZSE,L,2021-11-10
301150.SZ,301150,中一科技,湖北,电气设备,湖北中一科技股份有限公司,创业板,SZSE,L,2022-04-21
301151.SZ,301151,冠龙节能,上海,机械基件,上海冠龙阀门节能设备股份有限公司,创业板,SZSE,L,2022-04-11
301152.SZ,301152,天力锂能,河南,小金属,新乡天力锂能股份有限公司,创业板,SZSE,L,2022-08-29
301153.SZ,301153,中科江南,北京,软件服务,北京中科江南信息技术股份有限公司,创业板,SZSE,L,2022-05-18
301155.SZ,301155,海力风电,江苏,电气设备,江苏海力风电设备科技股份有限公司,创业板,SZSE,L,2021-11-24
301156.SZ,301156,美农生物,上海,饲料,上海美农生物科技股份有限公司,创业板,SZSE,L,2022-06-17
301157.SZ,301157,华塑科技,浙江,电气设备,杭州华塑科技股份有限公司,创业板,SZSE,L,2023-03-09
301158.SZ,301158,德石股份,山东,专用机械,德州联合石油科技股份有限公司,创业板,SZSE,L,2022-01-17
301159.SZ,301159,三维天地,北京,软件服务,北京三维天地科技股份有限公司,创业板,SZSE,L,2022-01-07
301160.SZ,301160,翔楼新材,江苏,机械基件,苏州翔楼新材料股份有限公司,创业板,SZSE,L,2022-06-06
301161.SZ,301161,唯万密封,上海,工程机械,上海唯万密封科技股份有限公司,创业板,SZSE,L,2022-09-14
301162.SZ,301162,国能日新,北京,软件服务,国能日新科技股份有限公司,创业板,SZSE,L,2022-04-29
301163.SZ,301163,宏德股份,江苏,机械基件,江苏宏德特种部件股份有限公司,创业板,SZSE,L,2022-04-19
301165.SZ,301165,锐捷网络,福建,通信设备,锐捷网络股份有限公司,创业板,SZSE,L,2022-11-21
301166.SZ,301166,优宁维,上海,医药商业,上海优宁维生物科技股份有限公司,创业板,SZSE,L,2021-12-28
301167.SZ,301167,建研设计,安徽,建筑工程,安徽省建筑设计研究总院股份有限公司,创业板,SZSE,L,2021-12-06
301168.SZ,301168,通灵股份,江苏,电气设备,江苏通灵电器股份有限公司,创业板,SZSE,L,2021-12-10
301169.SZ,301169,零点有数,北京,文教休闲,北京零点有数数据科技股份有限公司,创业板,SZSE,L,2021-11-03
301170.SZ,301170,锡南科技,江苏,汽车配件,无锡锡南科技股份有限公司,创业板,SZSE,L,2023-06-27
301171.SZ,301171,易点天下,陕西,互联网,易点天下网络科技股份有限公司,创业板,SZSE,L,2022-08-19
301172.SZ,301172,君逸数码,四川,软件服务,四川君逸数码科技股份有限公司,创业板,SZSE,L,2023-07-26
301175.SZ,301175,中科环保,北京,环境保护,北京中科润宇环保科技股份有限公司,创业板,SZSE,L,2022-07-08
301176.SZ,301176,逸豪新材,江西,元器件,赣州逸豪新材料股份有限公司,创业板,SZSE,L,2022-09-28
301177.SZ,301177,迪阿股份,深圳,服饰,迪阿股份有限公司,创业板,SZSE,L,2021-12-15
301178.SZ,301178,天亿马,广东,软件服务,广东天亿马信息产业股份有限公司,创业板,SZSE,L,2021-11-12
301179.SZ,301179,泽宇智能,江苏,软件服务,江苏泽宇智能电力股份有限公司,创业板,SZSE,L,2021-12-08
301180.SZ,301180,万祥科技,江苏,元器件,苏州万祥科技股份有限公司,创业板,SZSE,L,2021-11-16
301181.SZ,301181,标榜股份,江苏,汽车配件,江阴标榜汽车部件股份有限公司,创业板,SZSE,L,2022-02-21
301182.SZ,301182,凯旺科技,河南,元器件,河南凯旺电子科技股份有限公司,创业板,SZSE,L,2021-12-23
301183.SZ,301183,东田微,湖北,元器件,湖北东田微科技股份有限公司,创业板,SZSE,L,2022-05-24
301185.SZ,301185,鸥玛软件,山东,软件服务,山东山大鸥玛软件股份有限公司,创业板,SZSE,L,2021-11-19
301186.SZ,301186,超达装备,江苏,专用机械,南通超达装备股份有限公司,创业板,SZSE,L,2021-12-23
301187.SZ,301187,欧圣电气,江苏,家用电器,苏州欧圣电气股份有限公司,创业板,SZSE,L,2022-04-22
301188.SZ,301188,力诺特玻,山东,玻璃,山东力诺特种玻璃股份有限公司,创业板,SZSE,L,2021-11-11
301189.SZ,301189,奥尼电子,深圳,IT设备,深圳奥尼电子股份有限公司,创业板,SZSE,L,2021-12-28
301190.SZ,301190,善水科技,江西,染料涂料,九江善水科技股份有限公司,创业板,SZSE,L,2021-12-24
301191.SZ,301191,菲菱科思,深圳,通信设备,深圳市菲菱科思通信技术股份有限公司,创业板,SZSE,L,2022-05-26
301192.SZ,301192,泰祥股份,湖北,汽车配件,十堰市泰祥实业股份有限公司,创业板,SZSE,L,2022-08-11
301193.SZ,301193,家联科技,浙江,家居用品,宁波家联科技股份有限公司,创业板,SZSE,L,2021-12-09
301195.SZ,301195,北路智控,江苏,软件服务,南京北路智控科技股份有限公司,创业板,SZSE,L,2022-08-01
301196.SZ,301196,唯科科技,福建,专用机械,厦门唯科模塑科技股份有限公司,创业板,SZSE,L,2022-01-11
301197.SZ,301197,工大科雅,河北,软件服务,河北工大科雅能源科技股份有限公司,创业板,SZSE,L,2022-08-08
301198.SZ,301198,喜悦智行,浙江,塑料,宁波喜悦智行科技股份有限公司,创业板,SZSE,L,2021-12-02
301199.SZ,301199,迈赫股份,山东,专用机械,迈赫机器人自动化股份有限公司,创业板,SZSE,L,2021-12-07
301200.SZ,301200,大族数控,深圳,专用机械,深圳市大族数控科技股份有限公司,创业板,SZSE,L,2022-02-28
301201.SZ,301201,诚达药业,浙江,生物制药,诚达药业股份有限公司,创业板,SZSE,L,2022-01-20
301202.SZ,301202,朗威股份,江苏,机械基件,苏州朗威电子机械股份有限公司,创业板,SZSE,L,2023-07-05
301203.SZ,301203,国泰环保,浙江,环境保护,杭州国泰环保科技股份有限公司,创业板,SZSE,L,2023-04-04
301205.SZ,301205,联特科技,湖北,通信设备,武汉联特科技股份有限公司,创业板,SZSE,L,2022-09-13
301206.SZ,301206,三元生物,山东,食品,山东三元生物科技股份有限公司,创业板,SZSE,L,2022-02-10
301207.SZ,301207,华兰疫苗,河南,生物制药,华兰生物疫苗股份有限公司,创业板,SZSE,L,2022-02-18
301208.SZ,301208,中亦科技,北京,软件服务,北京中亦安图科技股份有限公司,创业板,SZSE,L,2022-07-07
301209.SZ,301209,联合化学,山东,染料涂料,龙口联合化学股份有限公司,创业板,SZSE,L,2022-08-25
301210.SZ,301210,金杨股份,江苏,电气设备,无锡市金杨新材料股份有限公司,创业板,SZSE,L,2023-06-30
301211.SZ,301211,亨迪药业,湖北,化学制药,湖北亨迪药业股份有限公司,创业板,SZSE,L,2021-12-22
301212.SZ,301212,联盛化学,浙江,化工原料,浙江联盛化学股份有限公司,创业板,SZSE,L,2022-04-19
301213.SZ,301213,观想科技,四川,软件服务,四川观想科技股份有限公司,创业板,SZSE,L,2021-12-06
301215.SZ,301215,中汽股份,江苏,汽车服务,中汽研汽车试验场股份有限公司,创业板,SZSE,L,2022-03-08
301216.SZ,301216,万凯新材,浙江,化工原料,万凯新材料股份有限公司,创业板,SZSE,L,2022-03-29
301217.SZ,301217,铜冠铜箔,安徽,元器件,安徽铜冠铜箔集团股份有限公司,创业板,SZSE,L,2022-01-27
301218.SZ,301218,华是科技,浙江,软件服务,浙江华是科技股份有限公司,创业板,SZSE,L,2022-03-07
301219.SZ,301219,腾远钴业,江西,小金属,赣州腾远钴业新材料股份有限公司,创业板,SZSE,L,2022-03-17
301220.SZ,301220,亚香股份,江苏,化工原料,昆山亚香香料股份有限公司,创业板,SZSE,L,2022-06-22
301221.SZ,301221,光庭信息,湖北,软件服务,武汉光庭信息技术股份有限公司,创业板,SZSE,L,2021-12-22
301222.SZ,301222,浙江恒威,浙江,电气设备,浙江恒威电池股份有限公司,创业板,SZSE,L,2022-03-09
301223.SZ,301223,中荣股份,广东,广告包装,中荣印刷集团股份有限公司,创业板,SZSE,L,2022-10-26
301225.SZ,301225,恒勃股份,浙江,汽车配件,恒勃控股股份有限公司,创业板,SZSE,L,2023-06-16
301226.SZ,301226,祥明智能,江苏,电气设备,常州祥明智能动力股份有限公司,创业板,SZSE,L,2022-03-25
301227.SZ,301227,森鹰窗业,黑龙江,家居用品,哈尔滨森鹰窗业股份有限公司,创业板,SZSE,L,2022-09-26
301228.SZ,301228,实朴检测,上海,电器仪表,实朴检测技术(上海)股份有限公司,创业板,SZSE,L,2022-01-28
301229.SZ,301229,纽泰格,江苏,汽车配件,江苏纽泰格科技集团股份有限公司,创业板,SZSE,L,2022-02-22
301230.SZ,301230,泓博医药,上海,生物制药,上海泓博智源医药股份有限公司,创业板,SZSE,L,2022-11-01
301231.SZ,301231,荣信文化,陕西,出版业,荣信教育文化产业发展股份有限公司,创业板,SZSE,L,2022-09-08
301232.SZ,301232,飞沃科技,湖南,机械基件,湖南飞沃新能源科技股份有限公司,创业板,SZSE,L,2023-06-15
301233.SZ,301233,盛帮股份,四川,汽车配件,成都盛帮密封件股份有限公司,创业板,SZSE,L,2022-07-06
301234.SZ,301234,五洲医疗,安徽,医疗保健,安徽宏宇五洲医疗器械股份有限公司,创业板,SZSE,L,2022-07-05
301235.SZ,301235,华康医疗,湖北,医疗保健,武汉华康世纪医疗股份有限公司,创业板,SZSE,L,2022-01-28
301236.SZ,301236,软通动力,北京,软件服务,软通动力信息技术(集团)股份有限公司,创业板,SZSE,L,2022-03-15
301237.SZ,301237,和顺科技,浙江,塑料,杭州和顺科技股份有限公司,创业板,SZSE,L,2022-03-23
301238.SZ,301238,瑞泰新材,江苏,化工原料,江苏瑞泰新能源材料股份有限公司,创业板,SZSE,L,2022-06-17
301239.SZ,301239,普瑞眼科,四川,医疗保健,成都普瑞眼科医院股份有限公司,创业板,SZSE,L,2022-07-05
301246.SZ,301246,宏源药业,湖北,化学制药,湖北省宏源药业科技股份有限公司,创业板,SZSE,L,2023-03-20
301248.SZ,301248,杰创智能,广东,软件服务,杰创智能科技股份有限公司,创业板,SZSE,L,2022-04-20
301251.SZ,301251,威尔高,江西,元器件,江西威尔高电子股份有限公司,创业板,SZSE,L,2023-09-06
301252.SZ,301252,同星科技,浙江,机械基件,浙江同星科技股份有限公司,创业板,SZSE,L,2023-05-25
301255.SZ,301255,通力科技,浙江,机械基件,浙江通力传动科技股份有限公司,创业板,SZSE,L,2022-12-27
301256.SZ,301256,华融化学,四川,化工原料,华融化学股份有限公司,创业板,SZSE,L,2022-03-22
301257.SZ,301257,普蕊斯,上海,医疗保健,普蕊斯(上海)医药科技开发股份有限公司,创业板,SZSE,L,2022-05-17
301258.SZ,301258,富士莱,江苏,化学制药,苏州富士莱医药股份有限公司,创业板,SZSE,L,2022-03-29
301259.SZ,301259,艾布鲁,湖南,环境保护,湖南艾布鲁环保科技股份有限公司,创业板,SZSE,L,2022-04-26
301260.SZ,301260,格力博,江苏,专用机械,格力博(江苏)股份有限公司,创业板,SZSE,L,2023-02-08
301261.SZ,301261,恒工精密,河北,机械基件,河北恒工精密装备股份有限公司,创业板,SZSE,L,2023-07-10
301262.SZ,301262,海看股份,山东,影视音像,海看网络科技(山东)股份有限公司,创业板,SZSE,L,2023-06-20
301263.SZ,301263,泰恩康,广东,医药商业,广东泰恩康医药股份有限公司,创业板,SZSE,L,2022-03-29
301265.SZ,301265,华新环保,北京,环境保护,华新绿源环保股份有限公司,创业板,SZSE,L,2022-12-16
301266.SZ,301266,宇邦新材,江苏,电气设备,苏州宇邦新型材料股份有限公司,创业板,SZSE,L,2022-06-08
301267.SZ,301267,华厦眼科,福建,医疗保健,华厦眼科医院集团股份有限公司,创业板,SZSE,L,2022-11-07
301268.SZ,301268,铭利达,深圳,机械基件,深圳市铭利达精密技术股份有限公司,创业板,SZSE,L,2022-04-07
301269.SZ,301269,华大九天,北京,半导体,北京华大九天科技股份有限公司,创业板,SZSE,L,2022-07-29
301270.SZ,301270,汉仪股份,北京,软件服务,北京汉仪创新科技股份有限公司,创业板,SZSE,L,2022-08-31
301272.SZ,301272,英华特,江苏,专用机械,苏州英华特涡旋技术股份有限公司,创业板,SZSE,L,2023-07-13
301273.SZ,301273,瑞晨环保,上海,机械基件,上海瑞晨环保科技股份有限公司,创业板,SZSE,L,2022-10-25
301276.SZ,301276,嘉曼服饰,北京,服饰,北京嘉曼服饰股份有限公司,创业板,SZSE,L,2022-09-09
301277.SZ,301277,新天地,河南,化学制药,新天地药业股份有限公司,创业板,SZSE,L,2022-11-16
301278.SZ,301278,快可电子,江苏,电气设备,苏州快可光伏电子股份有限公司,创业板,SZSE,L,2022-08-04
301279.SZ,301279,金道科技,浙江,机械基件,浙江金道科技股份有限公司,创业板,SZSE,L,2022-04-13
301280.SZ,301280,珠城科技,浙江,元器件,浙江珠城科技股份有限公司,创业板,SZSE,L,2022-12-26
301281.SZ,301281,科源制药,山东,化学制药,山东科源制药股份有限公司,创业板,SZSE,L,2023-04-04
301282.SZ,301282,金禄电子,广东,元器件,金禄电子科技股份有限公司,创业板,SZSE,L,2022-08-26
301283.SZ,301283,聚胶股份,广东,日用化工,聚胶新材料股份有限公司,创业板,SZSE,L,2022-09-02
301285.SZ,301285,鸿日达,江苏,元器件,鸿日达科技股份有限公司,创业板,SZSE,L,2022-09-28
301286.SZ,301286,侨源股份,四川,化工原料,四川侨源气体股份有限公司,创业板,SZSE,L,2022-06-14
301287.SZ,301287,康力源,江苏,文教休闲,江苏康力源体育科技股份有限公司,创业板,SZSE,L,2023-06-14
301288.SZ,301288,清研环境,深圳,环境保护,清研环境科技股份有限公司,创业板,SZSE,L,2022-04-22
301289.SZ,301289,国缆检测,上海,电器仪表,上海国缆检测股份有限公司,创业板,SZSE,L,2022-06-22
301290.SZ,301290,东星医疗,江苏,医疗保健,江苏东星智慧医疗科技股份有限公司,创业板,SZSE,L,2022-11-30
301291.SZ,301291,明阳电气,广东,电气设备,广东明阳电气股份有限公司,创业板,SZSE,L,2023-06-30
301292.SZ,301292,海科新源,山东,化工原料,山东海科新源材料科技股份有限公司,创业板,SZSE,L,2023-07-07
301293.SZ,301293,三博脑科,北京,医疗保健,三博脑科医院管理集团股份有限公司,创业板,SZSE,L,2023-05-05
301295.SZ,301295,美硕科技,浙江,电气设备,浙江美硕电气科技股份有限公司,创业板,SZSE,L,2023-06-28
301296.SZ,301296,新巨丰,山东,广告包装,山东新巨丰科技包装股份有限公司,创业板,SZSE,L,2022-09-02
301297.SZ,301297,富乐德,安徽,半导体,安徽富乐德科技发展股份有限公司,创业板,SZSE,L,2022-12-30
301298.SZ,301298,东利机械,河北,汽车配件,保定市东利机械制造股份有限公司,创业板,SZSE,L,2022-06-06
301299.SZ,301299,卓创资讯,山东,互联网,山东卓创资讯股份有限公司,创业板,SZSE,L,2022-10-19
301300.SZ,301300,远翔新材,福建,化工原料,福建远翔新材料股份有限公司,创业板,SZSE,L,2022-08-19
301301.SZ,301301,川宁生物,新疆,化学制药,伊犁川宁生物技术股份有限公司,创业板,SZSE,L,2022-12-27
301302.SZ,301302,华如科技,北京,软件服务,北京华如科技股份有限公司,创业板,SZSE,L,2022-06-23
301303.SZ,301303,真兰仪表,上海,电器仪表,上海真兰仪表科技股份有限公司,创业板,SZSE,L,2023-02-20
301305.SZ,301305,朗坤环境,深圳,环境保护,深圳市朗坤环境集团股份有限公司,创业板,SZSE,L,2023-05-23
301306.SZ,301306,西测测试,陕西,综合类,西安西测测试技术股份有限公司,创业板,SZSE,L,2022-07-26
301307.SZ,301307,美利信,重庆,通信设备,重庆美利信科技股份有限公司,创业板,SZSE,L,2023-04-24
301308.SZ,301308,江波龙,深圳,半导体,深圳市江波龙电子股份有限公司,创业板,SZSE,L,2022-08-05
301309.SZ,301309,万得凯,浙江,机械基件,浙江万得凯流体设备科技股份有限公司,创业板,SZSE,L,2022-09-19
301310.SZ,301310,鑫宏业,江苏,汽车配件,无锡鑫宏业线缆科技股份有限公司,创业板,SZSE,L,2023-06-02
301311.SZ,301311,昆船智能,云南,机械基件,昆船智能技术股份有限公司,创业板,SZSE,L,2022-11-30
301312.SZ,301312,智立方,深圳,专用机械,深圳市智立方自动化设备股份有限公司,创业板,SZSE,L,2022-07-11
301313.SZ,301313,凡拓数创,广东,文教休闲,广州凡拓数字创意科技股份有限公司,创业板,SZSE,L,2022-09-30
301314.SZ,301314,科瑞思,广东,元器件,珠海科瑞思科技股份有限公司,创业板,SZSE,L,2023-03-28
301315.SZ,301315,威士顿,上海,软件服务,上海威士顿信息技术股份有限公司,创业板,SZSE,L,2023-06-21
301316.SZ,301316,慧博云通,浙江,软件服务,慧博云通科技股份有限公司,创业板,SZSE,L,2022-10-13
301317.SZ,301317,鑫磊股份,浙江,机械基件,鑫磊压缩机股份有限公司,创业板,SZSE,L,2023-01-19
301318.SZ,301318,维海德,深圳,IT设备,深圳市维海德技术股份有限公司,创业板,SZSE,L,2022-08-10
301319.SZ,301319,唯特偶,深圳,元器件,深圳市唯特偶新材料股份有限公司,创业板,SZSE,L,2022-09-29
301320.SZ,301320,豪江智能,山东,电气设备,青岛豪江智能科技股份有限公司,创业板,SZSE,L,2023-06-09
301321.SZ,301321,翰博高新,安徽,元器件,翰博高新材料(合肥)股份有限公司,创业板,SZSE,L,2022-08-18
301322.SZ,301322,绿通科技,广东,摩托车,广东绿通新能源电动车科技股份有限公司,创业板,SZSE,L,2023-03-06
301323.SZ,301323,新莱福,广东,橡胶,广州新莱福新材料股份有限公司,创业板,SZSE,L,2023-06-06
301325.SZ,301325,曼恩斯特,深圳,专用机械,深圳市曼恩斯特科技股份有限公司,创业板,SZSE,L,2023-05-12
301326.SZ,301326,捷邦科技,广东,元器件,捷邦精密科技股份有限公司,创业板,SZSE,L,2022-09-21
301327.SZ,301327,华宝新能,深圳,电气设备,深圳市华宝新能源股份有限公司,创业板,SZSE,L,2022-09-19
301328.SZ,301328,维峰电子,广东,专用机械,维峰电子(广东)股份有限公司,创业板,SZSE,L,2022-09-08
301329.SZ,301329,信音电子,江苏,元器件,信音电子(中国)股份有限公司,创业板,SZSE,L,2023-07-17
301330.SZ,301330,熵基科技,广东,IT设备,熵基科技股份有限公司,创业板,SZSE,L,2022-08-17
301331.SZ,301331,恩威医药,西藏,中成药,恩威医药股份有限公司,创业板,SZSE,L,2022-09-21
301332.SZ,301332,德尔玛,广东,家用电器,广东德尔玛科技股份有限公司,创业板,SZSE,L,2023-05-18
301333.SZ,301333,诺思格,北京,医疗保健,诺思格(北京)医药科技股份有限公司,创业板,SZSE,L,2022-08-02
301335.SZ,301335,天元宠物,浙江,文教休闲,杭州天元宠物用品股份有限公司,创业板,SZSE,L,2022-11-18
301336.SZ,301336,趣睡科技,四川,家居用品,成都趣睡科技股份有限公司,创业板,SZSE,L,2022-08-12
301337.SZ,301337,亚华电子,山东,软件服务,山东亚华电子股份有限公司,创业板,SZSE,L,2023-05-26
301338.SZ,301338,凯格精机,广东,专用机械,东莞市凯格精机股份有限公司,创业板,SZSE,L,2022-08-16
301339.SZ,301339,通行宝,江苏,软件服务,江苏通行宝智慧交通科技股份有限公司,创业板,SZSE,L,2022-09-09
301345.SZ,301345,涛涛车业,浙江,摩托车,浙江涛涛车业股份有限公司,创业板,SZSE,L,2023-03-21
301348.SZ,301348,蓝箭电子,广东,半导体,佛山市蓝箭电子股份有限公司,创业板,SZSE,L,2023-08-10
301349.SZ,301349,信德新材,辽宁,化工原料,辽宁信德新材料科技(集团)股份有限公司,创业板,SZSE,L,2022-09-09
301353.SZ,301353,普莱得,浙江,专用机械,浙江普莱得电器股份有限公司,创业板,SZSE,L,2023-05-30
301355.SZ,301355,南王科技,福建,广告包装,福建南王环保科技股份有限公司,创业板,SZSE,L,2023-06-12
301356.SZ,301356,天振股份,浙江,家居用品,浙江天振科技股份有限公司,创业板,SZSE,L,2022-11-14
301357.SZ,301357,北方长龙,陕西,专用机械,北方长龙新材料技术股份有限公司,创业板,SZSE,L,2023-04-18
301358.SZ,301358,湖南裕能,湖南,电气设备,湖南裕能新能源电池材料股份有限公司,创业板,SZSE,L,2023-02-09
301359.SZ,301359,东南电子,浙江,电气设备,东南电子股份有限公司,创业板,SZSE,L,2022-11-09
301360.SZ,301360,荣旗科技,江苏,专用机械,荣旗工业科技(苏州)股份有限公司,创业板,SZSE,L,2023-04-25
301361.SZ,301361,众智科技,河南,电气设备,郑州众智科技股份有限公司,创业板,SZSE,L,2022-11-16
301362.SZ,301362,民爆光电,深圳,电气设备,深圳民爆光电股份有限公司,创业板,SZSE,L,2023-08-04
301363.SZ,301363,美好医疗,深圳,医疗保健,深圳市美好创亿医疗科技股份有限公司,创业板,SZSE,L,2022-10-12
301365.SZ,301365,矩阵股份,深圳,装修装饰,矩阵纵横设计股份有限公司,创业板,SZSE,L,2022-11-22
301366.SZ,301366,一博科技,深圳,元器件,深圳市一博科技股份有限公司,创业板,SZSE,L,2022-09-26
301367.SZ,301367,怡和嘉业,北京,医疗保健,北京怡和嘉业医疗科技股份有限公司,创业板,SZSE,L,2022-11-01
301368.SZ,301368,丰立智能,浙江,机械基件,浙江丰立智能科技股份有限公司,创业板,SZSE,L,2022-12-15
301369.SZ,301369,联动科技,广东,半导体,佛山市联动科技股份有限公司,创业板,SZSE,L,2022-09-22
301370.SZ,301370,国科恒泰,北京,医药商业,国科恒泰(北京)医疗科技股份有限公司,创业板,SZSE,L,2023-07-12
301371.SZ,301371,敷尔佳,黑龙江,日用化工,哈尔滨敷尔佳科技股份有限公司,创业板,SZSE,L,2023-08-01
301372.SZ,301372,科净源,北京,环境保护,北京科净源科技股份有限公司,创业板,SZSE,L,2023-08-11
301373.SZ,301373,凌玮科技,广东,化工原料,广州凌玮科技股份有限公司,创业板,SZSE,L,2023-02-08
301376.SZ,301376,致欧科技,河南,家居用品,致欧家居科技股份有限公司,创业板,SZSE,L,2023-06-21
301377.SZ,301377,鼎泰高科,广东,机械基件,广东鼎泰高科技术股份有限公司,创业板,SZSE,L,2022-11-22
301378.SZ,301378,通达海,江苏,软件服务,南京通达海科技股份有限公司,创业板,SZSE,L,2023-03-20
301379.SZ,301379,天山电子,广西,元器件,广西天山电子股份有限公司,创业板,SZSE,L,2022-11-01
301380.SZ,301380,挖金客,北京,软件服务,北京挖金客信息科技股份有限公司,创业板,SZSE,L,2022-10-25
301381.SZ,301381,赛维时代,深圳,互联网,赛维时代科技股份有限公司,创业板,SZSE,L,2023-07-12
301382.SZ,301382,蜂助手,广东,互联网,蜂助手股份有限公司,创业板,SZSE,L,2023-05-17
301383.SZ,301383,天键股份,江西,元器件,天键电声股份有限公司,创业板,SZSE,L,2023-06-09
301386.SZ,301386,未来电器,江苏,电气设备,苏州未来电器股份有限公司,创业板,SZSE,L,2023-03-29
301387.SZ,301387,光大同创,深圳,元器件,深圳光大同创新材料股份有限公司,创业板,SZSE,L,2023-04-18
301388.SZ,301388,欣灵电气,浙江,电气设备,欣灵电气股份有限公司,创业板,SZSE,L,2022-11-09
301389.SZ,301389,隆扬电子,江苏,元器件,隆扬电子(昆山)股份有限公司,创业板,SZSE,L,2022-10-31
301390.SZ,301390,经纬股份,浙江,建筑工程,杭州经纬信息技术股份有限公司,创业板,SZSE,L,2023-05-08
301391.SZ,301391,卡莱特,深圳,IT设备,卡莱特云科技股份有限公司,创业板,SZSE,L,2022-12-01
301393.SZ,301393,昊帆生物,江苏,化工原料,苏州昊帆生物股份有限公司,创业板,SZSE,L,2023-07-12
301395.SZ,301395,仁信新材,广东,化工原料,惠州仁信新材料股份有限公司,创业板,SZSE,L,2023-07-03
301396.SZ,301396,宏景科技,广东,软件服务,宏景科技股份有限公司,创业板,SZSE,L,2022-11-11
301397.SZ,301397,溯联股份,重庆,汽车配件,重庆溯联塑胶股份有限公司,创业板,SZSE,L,2023-06-28
301398.SZ,301398,星源卓镁,浙江,汽车配件,宁波星源卓镁技术股份有限公司,创业板,SZSE,L,2022-12-15
301399.SZ,301399,英特科技,浙江,机械基件,浙江英特科技股份有限公司,创业板,SZSE,L,2023-05-23
301408.SZ,301408,华人健康,安徽,医药商业,安徽华人健康医药股份有限公司,创业板,SZSE,L,2023-03-01
301413.SZ,301413,安培龙,深圳,电器仪表,深圳安培龙科技股份有限公司,创业板,SZSE,L,2023-12-18
301418.SZ,301418,协昌科技,江苏,电气设备,江苏协昌电子科技集团股份有限公司,创业板,SZSE,L,2023-08-21
301419.SZ,301419,阿莱德,上海,元器件,上海阿莱德实业股份有限公司,创业板,SZSE,L,2023-02-09
301421.SZ,301421,波长光电,江苏,元器件,南京波长光电科技股份有限公司,创业板,SZSE,L,2023-08-23
301428.SZ,301428,世纪恒通,贵州,互联网,世纪恒通科技股份有限公司,创业板,SZSE,L,2023-05-19
301429.SZ,301429,森泰股份,安徽,其他建材,安徽森泰木塑集团股份有限公司,创业板,SZSE,L,2023-04-17
301439.SZ,301439,泓淋电力,山东,电气设备,威海市泓淋电力技术股份有限公司,创业板,SZSE,L,2023-03-17
301446.SZ,301446,福事特,江西,机械基件,江西福事特液压股份有限公司,创业板,SZSE,L,2023-07-25
301448.SZ,301448,开创电气,浙江,机械基件,浙江开创电气股份有限公司,创业板,SZSE,L,2023-06-19
301456.SZ,301456,盘古智能,山东,电气设备,青岛盘古智能制造股份有限公司,创业板,SZSE,L,2023-07-14
301459.SZ,301459,丰茂股份,浙江,汽车配件,浙江丰茂科技股份有限公司,创业板,SZSE,L,2023-12-13
301468.SZ,301468,博盈特焊,广东,专用机械,广东博盈特焊技术股份有限公司,创业板,SZSE,L,2023-07-24
301469.SZ,301469,恒达新材,浙江,造纸,浙江恒达新材料股份有限公司,创业板,SZSE,L,2023-08-22
301486.SZ,301486,致尚科技,深圳,元器件,深圳市致尚科技股份有限公司,创业板,SZSE,L,2023-07-07
301487.SZ,301487,盟固利,天津,化工原料,天津国安盟固利新材料科技股份有限公司,创业板,SZSE,L,2023-08-09
301488.SZ,301488,豪恩汽电,深圳,汽车配件,深圳市豪恩汽车电子装备股份有限公司,创业板,SZSE,L,2023-07-04
301489.SZ,301489,思泉新材,广东,元器件,广东思泉新材料股份有限公司,创业板,SZSE,L,2023-10-24
301498.SZ,301498,乖宝宠物,山东,饲料,乖宝宠物食品集团股份有限公司,创业板,SZSE,L,2023-08-16
301499.SZ,301499,维科精密,上海,汽车配件,上海维科精密模塑股份有限公司,创业板,SZSE,L,2023-07-21
301500.SZ,301500,飞南资源,广东,环境保护,广东飞南资源利用股份有限公司,创业板,SZSE,L,2023-09-21
301502.SZ,301502,华阳智能,江苏,电气设备,江苏华阳智能装备股份有限公司,创业板,SZSE,L,2024-02-02
301503.SZ,301503,智迪科技,广东,IT设备,珠海市智迪科技股份有限公司,创业板,SZSE,L,2023-07-17
301505.SZ,301505,苏州规划,江苏,建筑工程,苏州规划设计研究院股份有限公司,创业板,SZSE,L,2023-07-19
301507.SZ,301507,民生健康,浙江,化学制药,杭州民生健康药业股份有限公司,创业板,SZSE,L,2023-09-05
301508.SZ,301508,中机认检,北京,电器仪表,中机寰宇认证检验股份有限公司,创业板,SZSE,L,2023-12-01
301509.SZ,301509,金凯生科,辽宁,化学制药,金凯(辽宁)生命科技股份有限公司,创业板,SZSE,L,2023-08-03
301510.SZ,301510,固高科技,深圳,电器仪表,固高科技股份有限公司,创业板,SZSE,L,2023-08-15
301511.SZ,301511,德福科技,江西,电气设备,九江德福科技股份有限公司,创业板,SZSE,L,2023-08-17
301512.SZ,301512,智信精密,深圳,专用机械,深圳市智信精密仪器股份有限公司,创业板,SZSE,L,2023-07-20
301515.SZ,301515,港通医疗,四川,医疗保健,四川港通医疗设备集团股份有限公司,创业板,SZSE,L,2023-07-25
301516.SZ,301516,中远通,深圳,电气设备,深圳市核达中远通电源技术股份有限公司,创业板,SZSE,L,2023-12-08
301517.SZ,301517,陕西华达,陕西,元器件,陕西华达科技股份有限公司,创业板,SZSE,L,2023-10-17
301518.SZ,301518,长华化学,江苏,化工原料,长华化学科技股份有限公司,创业板,SZSE,L,2023-08-03
301519.SZ,301519,舜禹股份,安徽,水务,安徽舜禹水务股份有限公司,创业板,SZSE,L,2023-07-27
301520.SZ,301520,万邦医药,安徽,生物制药,安徽万邦医药科技股份有限公司,创业板,SZSE,L,2023-09-25
301525.SZ,301525,儒竞科技,上海,家用电器,上海儒竞科技股份有限公司,创业板,SZSE,L,2023-08-30
301526.SZ,301526,国际复材,重庆,玻璃,重庆国际复合材料股份有限公司,创业板,SZSE,L,2023-12-26
301528.SZ,301528,多浦乐,广东,电器仪表,广州多浦乐电子科技股份有限公司,创业板,SZSE,L,2023-08-28
301529.SZ,301529,福赛科技,安徽,汽车配件,芜湖福赛科技股份有限公司,创业板,SZSE,L,2023-09-11
301533.SZ,301533,威马农机,重庆,农用机械,威马农机股份有限公司,创业板,SZSE,L,2023-08-18
301536.SZ,301536,星宸科技,福建,半导体,星宸科技股份有限公司,创业板,SZSE,L,2024-03-28
301538.SZ,301538,骏鼎达,深圳,塑料,深圳市骏鼎达新材料股份有限公司,创业板,SZSE,L,2024-03-20
301539.SZ,301539,宏鑫科技,浙江,汽车配件,浙江宏鑫科技股份有限公司,创业板,SZSE,L,2024-04-15
301548.SZ,301548,崇德科技,湖南,机械基件,湖南崇德科技股份有限公司,创业板,SZSE,L,2023-09-20
301550.SZ,301550,斯菱股份,浙江,汽车配件,浙江斯菱汽车轴承股份有限公司,创业板,SZSE,L,2023-09-15
301555.SZ,301555,惠柏新材,上海,化工原料,惠柏新材料科技(上海)股份有限公司,创业板,SZSE,L,2023-10-31
301558.SZ,301558,三态股份,深圳,互联网,深圳市三态电子商务股份有限公司,创业板,SZSE,L,2023-09-28
301559.SZ,301559,中集环科,江苏,专用机械,中集安瑞环科技股份有限公司,创业板,SZSE,L,2023-10-11
301566.SZ,301566,达利凯普,辽宁,元器件,大连达利凯普科技股份公司,创业板,SZSE,L,2023-12-29
301567.SZ,301567,贝隆精密,浙江,元器件,贝隆精密科技股份有限公司,创业板,SZSE,L,2024-01-16
301568.SZ,301568,思泰克,福建,专用机械,厦门思泰克智能科技股份有限公司,创业板,SZSE,L,2023-11-28
301577.SZ,301577,美信科技,广东,元器件,广东美信科技股份有限公司,创业板,SZSE,L,2024-01-24
301578.SZ,301578,辰奕智能,广东,IT设备,广东辰奕智能科技股份有限公司,创业板,SZSE,L,2023-12-28
301587.SZ,301587,中瑞股份,江苏,电气设备,常州武进中瑞电子科技股份有限公司,创业板,SZSE,L,2024-04-08
301588.SZ,301588,美新科技,广东,家居用品,美新科技股份有限公司,创业板,SZSE,L,2024-03-13
301589.SZ,301589,诺瓦星云,陕西,IT设备,西安诺瓦星云科技股份有限公司,创业板,SZSE,L,2024-02-08
301591.SZ,301591,肯特股份,江苏,塑料,南京肯特复合材料股份有限公司,创业板,SZSE,L,2024-02-28
430017.BJ,430017,星昊医药,北京,化学制药,北京星昊医药股份有限公司,北交所,BSE,L,2023-05-31
430047.BJ,430047,诺思兰德,北京,生物制药,北京诺思兰德生物技术股份有限公司,北交所,BSE,L,2020-11-24
430090.BJ,430090,同辉信息,北京,软件服务,同辉佳视(北京)信息技术股份有限公司,北交所,BSE,L,2021-08-09
430139.BJ,430139,华岭股份,上海,半导体,上海华岭集成电路技术股份有限公司,北交所,BSE,L,2022-10-28
430198.BJ,430198,微创光电,湖北,IT设备,武汉微创光电股份有限公司,北交所,BSE,L,2020-07-27
430300.BJ,430300,辰光医疗,上海,医疗保健,上海辰光医疗科技股份有限公司,北交所,BSE,L,2022-12-07
430418.BJ,430418,苏轴股份,江苏,汽车配件,苏州轴承厂股份有限公司,北交所,BSE,L,2020-07-27
430425.BJ,430425,乐创技术,四川,专用机械,成都乐创自动化技术股份有限公司,北交所,BSE,L,2023-01-30
430476.BJ,430476,海能技术,山东,电器仪表,海能未来技术集团股份有限公司,北交所,BSE,L,2022-10-14
430478.BJ,430478,峆一药业,安徽,化学制药,安徽峆一药业股份有限公司,北交所,BSE,L,2023-02-23
430489.BJ,430489,佳先股份,安徽,化工原料,安徽佳先功能助剂股份有限公司,北交所,BSE,L,2020-07-27
430510.BJ,430510,丰光精密,山东,机械基件,青岛丰光精密机械股份有限公司,北交所,BSE,L,2020-12-28
430556.BJ,430556,雅达股份,广东,电器仪表,广东雅达电子股份有限公司,北交所,BSE,L,2023-03-17
430564.BJ,430564,天润科技,陕西,软件服务,陕西天润科技股份有限公司,北交所,BSE,L,2022-06-17
430685.BJ,430685,新芝生物,浙江,电器仪表,宁波新芝生物科技股份有限公司,北交所,BSE,L,2022-10-10
430718.BJ,430718,合肥高科,安徽,家用电器,合肥高科科技股份有限公司,北交所,BSE,L,2022-12-22
600000.SH,600000,浦发银行,上海,银行,上海浦东发展银行股份有限公司,主板,SSE,L,1999-11-10
600004.SH,600004,白云机场,广东,机场,广州白云国际机场股份有限公司,主板,SSE,L,2003-04-28
600006.SH,600006,东风汽车,湖北,汽车整车,东风汽车股份有限公司,主板,SSE,L,1999-07-27
600007.SH,600007,中国国贸,北京,园区开发,中国国际贸易中心股份有限公司,主板,SSE,L,1999-03-12
600008.SH,600008,首创环保,北京,环境保护,北京首创生态环保集团股份有限公司,主板,SSE,L,2000-04-27
600009.SH,600009,上海机场,上海,机场,上海国际机场股份有限公司,主板,SSE,L,1998-02-18
600010.SH,600010,包钢股份,内蒙,普钢,内蒙古包钢钢联股份有限公司,主板,SSE,L,2001-03-09
600011.SH,600011,华能国际,北京,火力发电,华能国际电力股份有限公司,主板,SSE,L,2001-12-06
600012.SH,600012,皖通高速,安徽,路桥,安徽皖通高速公路股份有限公司,主板,SSE,L,2003-01-07
600015.SH,600015,华夏银行,北京,银行,华夏银行股份有限公司,主板,SSE,L,2003-09-12
600016.SH,600016,民生银行,北京,银行,中国民生银行股份有限公司,主板,SSE,L,2000-12-19
600017.SH,600017,日照港,山东,港口,日照港股份有限公司,主板,SSE,L,2006-10-17
600018.SH,600018,上港集团,上海,港口,上海国际港务(集团)股份有限公司,主板,SSE,L,2006-10-26
600019.SH,600019,宝钢股份,上海,普钢,宝山钢铁股份有限公司,主板,SSE,L,2000-12-12
600020.SH,600020,中原高速,河南,路桥,河南中原高速公路股份有限公司,主板,SSE,L,2003-08-08
600021.SH,600021,上海电力,上海,火力发电,上海电力股份有限公司,主板,SSE,L,2003-10-29
600022.SH,600022,山东钢铁,山东,普钢,山东钢铁股份有限公司,主板,SSE,L,2004-06-29
600023.SH,600023,浙能电力,浙江,火力发电,浙江浙能电力股份有限公司,主板,SSE,L,2013-12-19
600025.SH,600025,华能水电,云南,水力发电,华能澜沧江水电股份有限公司,主板,SSE,L,2017-12-15
600026.SH,600026,中远海能,上海,水运,中远海运能源运输股份有限公司,主板,SSE,L,2002-05-23
600027.SH,600027,华电国际,山东,火力发电,华电国际电力股份有限公司,主板,SSE,L,2005-02-03
600028.SH,600028,中国石化,北京,石油加工,中国石油化工股份有限公司,主板,SSE,L,2001-08-08
600029.SH,600029,南方航空,广东,空运,中国南方航空股份有限公司,主板,SSE,L,2003-07-25
600030.SH,600030,中信证券,深圳,证券,中信证券股份有限公司,主板,SSE,L,2003-01-06
600031.SH,600031,三一重工,北京,工程机械,三一重工股份有限公司,主板,SSE,L,2003-07-03
600032.SH,600032,浙江新能,浙江,新型电力,浙江省新能源投资集团股份有限公司,主板,SSE,L,2021-05-25
600033.SH,600033,福建高速,福建,路桥,福建发展高速公路股份有限公司,主板,SSE,L,2001-02-09
600035.SH,600035,楚天高速,湖北,路桥,湖北楚天智能交通股份有限公司,主板,SSE,L,2004-03-10
600036.SH,600036,招商银行,深圳,银行,招商银行股份有限公司,主板,SSE,L,2002-04-09
600037.SH,600037,歌华有线,北京,影视音像,北京歌华有线电视网络股份有限公司,主板,SSE,L,2001-02-08
600038.SH,600038,中直股份,黑龙江,航空,中航直升机股份有限公司,主板,SSE,L,2000-12-18
600039.SH,600039,四川路桥,四川,建筑工程,四川路桥建设集团股份有限公司,主板,SSE,L,2003-03-25
600048.SH,600048,保利发展,广东,全国地产,保利发展控股集团股份有限公司,主板,SSE,L,2006-07-31
600050.SH,600050,中国联通,北京,电信运营,中国联合网络通信股份有限公司,主板,SSE,L,2002-10-09
600051.SH,600051,宁波联合,浙江,综合类,宁波联合集团股份有限公司,主板,SSE,L,1997-04-10
600052.SH,600052,东望时代,浙江,供气供热,浙江东望时代科技股份有限公司,主板,SSE,L,1997-04-15
600053.SH,600053,九鼎投资,江西,多元金融,昆吾九鼎投资控股股份有限公司,主板,SSE,L,1997-04-18
600054.SH,600054,黄山旅游,安徽,旅游景点,黄山旅游发展股份有限公司,主板,SSE,L,1997-05-06
600055.SH,600055,万东医疗,北京,医疗保健,北京万东医疗科技股份有限公司,主板,SSE,L,1997-05-19
600056.SH,600056,中国医药,北京,医药商业,中国医药健康产业股份有限公司,主板,SSE,L,1997-05-15
600057.SH,600057,厦门象屿,福建,仓储物流,厦门象屿股份有限公司,主板,SSE,L,1997-06-04
600058.SH,600058,五矿发展,北京,商贸代理,五矿发展股份有限公司,主板,SSE,L,1997-05-28
600059.SH,600059,古越龙山,浙江,红黄酒,浙江古越龙山绍兴酒股份有限公司,主板,SSE,L,1997-05-16
600060.SH,600060,海信视像,山东,家用电器,海信视像科技股份有限公司,主板,SSE,L,1997-04-22
600061.SH,600061,国投资本,上海,证券,国投资本股份有限公司,主板,SSE,L,1997-05-19
600062.SH,600062,华润双鹤,北京,化学制药,华润双鹤药业股份有限公司,主板,SSE,L,1997-05-22
600063.SH,600063,皖维高新,安徽,化纤,安徽皖维高新材料股份有限公司,主板,SSE,L,1997-05-28
600064.SH,600064,南京高科,江苏,园区开发,南京高科股份有限公司,主板,SSE,L,1997-05-06
600066.SH,600066,宇通客车,河南,汽车整车,宇通客车股份有限公司,主板,SSE,L,1997-05-08
600067.SH,600067,冠城大通,福建,区域地产,冠城大通股份有限公司,主板,SSE,L,1997-05-08
600070.SH,600070,*ST富润,浙江,互联网,浙江富润数字科技股份有限公司,主板,SSE,L,1997-06-04
600071.SH,600071,凤凰光学,江西,元器件,凤凰光学股份有限公司,主板,SSE,L,1997-05-28
600072.SH,600072,中船科技,上海,船舶,中船科技股份有限公司,主板,SSE,L,1997-06-03
600073.SH,600073,上海梅林,上海,食品,上海梅林正广和股份有限公司,主板,SSE,L,1997-07-04
600075.SH,600075,新疆天业,新疆,化工原料,新疆天业股份有限公司,主板,SSE,L,1997-06-17
600076.SH,600076,康欣新材,山东,广告包装,康欣新材料股份有限公司,主板,SSE,L,1997-05-26
600078.SH,600078,ST澄星,江苏,化工原料,江苏澄星磷化工股份有限公司,主板,SSE,L,1997-06-27
600079.SH,600079,人福医药,湖北,化学制药,人福医药集团股份公司,主板,SSE,L,1997-06-06
600080.SH,600080,金花股份,陕西,中成药,金花企业(集团)股份有限公司,主板,SSE,L,1997-06-12
600081.SH,600081,东风科技,上海,汽车配件,东风电子科技股份有限公司,主板,SSE,L,1997-07-03
600082.SH,600082,海泰发展,天津,园区开发,天津海泰科技发展股份有限公司,主板,SSE,L,1997-06-20
600083.SH,600083,*ST博信,江苏,综合类,江苏博信投资控股股份有限公司,主板,SSE,L,1997-06-06
600084.SH,600084,中信尼雅,新疆,红黄酒,中信尼雅葡萄酒股份有限公司,主板,SSE,L,1997-07-11
600085.SH,600085,同仁堂,北京,中成药,北京同仁堂股份有限公司,主板,SSE,L,1997-06-25
600088.SH,600088,中视传媒,上海,影视音像,中视传媒股份有限公司,主板,SSE,L,1997-06-16
600089.SH,600089,特变电工,新疆,电气设备,特变电工股份有限公司,主板,SSE,L,1997-06-18
600094.SH,600094,大名城,上海,区域地产,上海大名城企业股份有限公司,主板,SSE,L,1997-07-03
600095.SH,600095,湘财股份,黑龙江,证券,湘财股份有限公司,主板,SSE,L,1997-07-08
600096.SH,600096,云天化,云南,农药化肥,云南云天化股份有限公司,主板,SSE,L,1997-07-09
600097.SH,600097,开创国际,上海,渔业,上海开创国际海洋资源股份有限公司,主板,SSE,L,1997-06-19
600098.SH,600098,广州发展,广东,火力发电,广州发展集团股份有限公司,主板,SSE,L,1997-07-18
600099.SH,600099,林海股份,江苏,汽车整车,林海股份有限公司,主板,SSE,L,1997-07-04
600100.SH,600100,同方股份,北京,IT设备,同方股份有限公司,主板,SSE,L,1997-06-27
600101.SH,600101,明星电力,四川,水力发电,四川明星电力股份有限公司,主板,SSE,L,1997-06-27
600103.SH,600103,青山纸业,福建,造纸,福建省青山纸业股份有限公司,主板,SSE,L,1997-07-03
600104.SH,600104,上汽集团,上海,汽车整车,上海汽车集团股份有限公司,主板,SSE,L,1997-11-25
600105.SH,600105,永鼎股份,江苏,通信设备,江苏永鼎股份有限公司,主板,SSE,L,1997-09-29
600106.SH,600106,重庆路桥,重庆,路桥,重庆路桥股份有限公司,主板,SSE,L,1997-06-18
600107.SH,600107,美尔雅,湖北,服饰,湖北美尔雅股份有限公司,主板,SSE,L,1997-11-06
600108.SH,600108,亚盛集团,甘肃,种植业,甘肃亚盛实业(集团)股份有限公司,主板,SSE,L,1997-08-18
600109.SH,600109,国金证券,四川,证券,国金证券股份有限公司,主板,SSE,L,1997-08-07
600110.SH,600110,诺德股份,吉林,电气设备,诺德新材料股份有限公司,主板,SSE,L,1997-10-07
600111.SH,600111,北方稀土,内蒙,小金属,中国北方稀土(集团)高科技股份有限公司,主板,SSE,L,1997-09-24
600112.SH,600112,*ST天成,贵州,电气设备,贵州长征天成控股股份有限公司,主板,SSE,L,1997-11-27
600113.SH,600113,浙江东日,浙江,区域地产,浙江东日股份有限公司,主板,SSE,L,1997-10-21
600114.SH,600114,东睦股份,浙江,机械基件,东睦新材料集团股份有限公司,主板,SSE,L,2004-05-11
600115.SH,600115,中国东航,上海,空运,中国东方航空股份有限公司,主板,SSE,L,1997-11-05
600116.SH,600116,三峡水利,重庆,水力发电,重庆三峡水利电力(集团)股份有限公司,主板,SSE,L,1997-08-04
600117.SH,600117,*ST西钢,青海,特种钢,西宁特殊钢股份有限公司,主板,SSE,L,1997-10-15
600118.SH,600118,中国卫星,北京,航空,中国东方红卫星股份有限公司,主板,SSE,L,1997-09-08
600119.SH,600119,长江投资,上海,仓储物流,长发集团长江投资实业股份有限公司,主板,SSE,L,1998-01-15
600120.SH,600120,浙江东方,浙江,多元金融,浙江东方金融控股集团股份有限公司,主板,SSE,L,1997-12-01
600121.SH,600121,郑州煤电,河南,煤炭开采,郑州煤电股份有限公司,主板,SSE,L,1998-01-07
600123.SH,600123,兰花科创,山西,煤炭开采,山西兰花科技创业股份有限公司,主板,SSE,L,1998-12-17
600125.SH,600125,铁龙物流,辽宁,铁路,中铁铁龙集装箱物流股份有限公司,主板,SSE,L,1998-05-11
600126.SH,600126,杭钢股份,浙江,普钢,杭州钢铁股份有限公司,主板,SSE,L,1998-03-11
600127.SH,600127,金健米业,湖南,农业综合,金健米业股份有限公司,主板,SSE,L,1998-05-06
600128.SH,600128,苏豪弘业,江苏,商贸代理,苏豪弘业股份有限公司,主板,SSE,L,1997-09-01
600129.SH,600129,太极集团,重庆,中成药,重庆太极实业(集团)股份有限公司,主板,SSE,L,1997-11-18
600130.SH,600130,波导股份,浙江,元器件,宁波波导股份有限公司,主板,SSE,L,2000-07-06
600131.SH,600131,国网信通,四川,通信设备,国网信息通信股份有限公司,主板,SSE,L,1998-04-02
600132.SH,600132,重庆啤酒,重庆,啤酒,重庆啤酒股份有限公司,主板,SSE,L,1997-10-30
600133.SH,600133,东湖高新,湖北,建筑工程,武汉东湖高新集团股份有限公司,主板,SSE,L,1998-02-12
600135.SH,600135,乐凯胶片,河北,化工原料,乐凯胶片股份有限公司,主板,SSE,L,1998-01-22
600136.SH,600136,*ST明诚,湖北,影视音像,武汉当代明诚文化体育集团股份有限公司,主板,SSE,L,1998-03-03
600137.SH,600137,浪莎股份,四川,服饰,四川浪莎控股股份有限公司,主板,SSE,L,1998-04-16
600138.SH,600138,中青旅,北京,旅游服务,中青旅控股股份有限公司,主板,SSE,L,1997-12-03
600141.SH,600141,兴发集团,湖北,农药化肥,湖北兴发化工集团股份有限公司,主板,SSE,L,1999-06-16
600143.SH,600143,金发科技,广东,塑料,金发科技股份有限公司,主板,SSE,L,2004-06-23
600148.SH,600148,长春一东,吉林,汽车配件,长春一东离合器股份有限公司,主板,SSE,L,1998-05-20
600149.SH,600149,廊坊发展,河北,综合类,廊坊发展股份有限公司,主板,SSE,L,1999-10-14
600150.SH,600150,中国船舶,上海,船舶,中国船舶工业股份有限公司,主板,SSE,L,1998-05-20
600151.SH,600151,航天机电,上海,汽车配件,上海航天汽车机电股份有限公司,主板,SSE,L,1998-06-05
600152.SH,600152,维科技术,浙江,电气设备,维科技术股份有限公司,主板,SSE,L,1998-06-09
600153.SH,600153,建发股份,福建,仓储物流,厦门建发股份有限公司,主板,SSE,L,1998-06-16
600155.SH,600155,华创云信,北京,证券,华创云信数字技术股份有限公司,主板,SSE,L,1998-09-18
600156.SH,600156,华升股份,湖南,纺织,湖南华升股份有限公司,主板,SSE,L,1998-05-27
600157.SH,600157,永泰能源,山西,火力发电,永泰能源集团股份有限公司,主板,SSE,L,1998-05-13
600158.SH,600158,中体产业,天津,文教休闲,中体产业集团股份有限公司,主板,SSE,L,1998-03-27
600159.SH,600159,大龙地产,北京,区域地产,北京市大龙伟业房地产开发股份有限公司,主板,SSE,L,1998-05-26
600160.SH,600160,巨化股份,浙江,化工原料,浙江巨化股份有限公司,主板,SSE,L,1998-06-26
600161.SH,600161,天坛生物,北京,生物制药,北京天坛生物制品股份有限公司,主板,SSE,L,1998-06-16
600162.SH,600162,香江控股,深圳,全国地产,深圳香江控股股份有限公司,主板,SSE,L,1998-06-09
600163.SH,600163,中闽能源,福建,新型电力,中闽能源股份有限公司,主板,SSE,L,1998-06-02
600165.SH,600165,*ST宁科,宁夏,化工原料,宁夏中科生物科技股份有限公司,主板,SSE,L,1998-05-29
600166.SH,600166,福田汽车,北京,汽车整车,北汽福田汽车股份有限公司,主板,SSE,L,1998-06-02
600167.SH,600167,联美控股,辽宁,供气供热,联美量子股份有限公司,主板,SSE,L,1999-01-28
600168.SH,600168,武汉控股,湖北,水务,武汉三镇实业控股股份有限公司,主板,SSE,L,1998-04-27
600169.SH,600169,太原重工,山西,工程机械,太原重工股份有限公司,主板,SSE,L,1998-09-04
600170.SH,600170,上海建工,上海,建筑工程,上海建工集团股份有限公司,主板,SSE,L,1998-06-23
600171.SH,600171,上海贝岭,上海,半导体,上海贝岭股份有限公司,主板,SSE,L,1998-09-24
600172.SH,600172,黄河旋风,河南,矿物制品,河南黄河旋风股份有限公司,主板,SSE,L,1998-11-26
600173.SH,600173,卧龙地产,浙江,全国地产,卧龙资源集团股份有限公司,主板,SSE,L,1999-04-15
600176.SH,600176,中国巨石,浙江,玻璃,中国巨石股份有限公司,主板,SSE,L,1999-04-22
600177.SH,600177,雅戈尔,浙江,服饰,雅戈尔时尚股份有限公司,主板,SSE,L,1998-11-19
600178.SH,600178,东安动力,黑龙江,汽车配件,哈尔滨东安汽车动力股份有限公司,主板,SSE,L,1998-10-14
600179.SH,600179,安通控股,黑龙江,仓储物流,安通控股股份有限公司,主板,SSE,L,1998-11-04
600180.SH,600180,瑞茂通,山东,仓储物流,瑞茂通供应链管理股份有限公司,主板,SSE,L,1998-07-03
600182.SH,600182,S佳通,黑龙江,汽车配件,佳通轮胎股份有限公司,主板,SSE,L,1999-05-07
600183.SH,600183,生益科技,广东,元器件,广东生益科技股份有限公司,主板,SSE,L,1998-10-28
600184.SH,600184,光电股份,湖北,专用机械,北方光电股份有限公司,主板,SSE,L,2003-11-06
600185.SH,600185,格力地产,广东,区域地产,格力地产股份有限公司,主板,SSE,L,1999-06-11
600186.SH,600186,莲花健康,河南,食品,莲花健康产业集团股份有限公司,主板,SSE,L,1998-08-25
600187.SH,600187,国中水务,黑龙江,水务,黑龙江国中水务股份有限公司,主板,SSE,L,1998-11-11
600188.SH,600188,兖矿能源,山东,煤炭开采,兖矿能源集团股份有限公司,主板,SSE,L,1998-07-01
600189.SH,600189,泉阳泉,吉林,软饮料,吉林泉阳泉股份有限公司,主板,SSE,L,1998-10-07
600190.SH,600190,锦州港,辽宁,港口,锦州港股份有限公司,主板,SSE,L,1999-06-09
600191.SH,600191,华资实业,内蒙,食品,包头华资实业股份有限公司,主板,SSE,L,1998-12-10
600192.SH,600192,长城电工,甘肃,电气设备,兰州长城电工股份有限公司,主板,SSE,L,1998-12-24
600193.SH,600193,创兴资源,上海,装修装饰,上海创兴资源开发股份有限公司,主板,SSE,L,1999-05-27
600195.SH,600195,中牧股份,北京,农业综合,中牧实业股份有限公司,主板,SSE,L,1999-01-07
600196.SH,600196,复星医药,上海,化学制药,上海复星医药(集团)股份有限公司,主板,SSE,L,1998-08-07
600197.SH,600197,伊力特,新疆,白酒,新疆伊力特实业股份有限公司,主板,SSE,L,1999-09-16
600198.SH,600198,大唐电信,北京,通信设备,大唐电信科技股份有限公司,主板,SSE,L,1998-10-21
600199.SH,600199,金种子酒,安徽,白酒,安徽金种子酒业股份有限公司,主板,SSE,L,1998-08-12
600200.SH,600200,江苏吴中,江苏,化学制药,江苏吴中医药发展股份有限公司,主板,SSE,L,1999-04-01
600201.SH,600201,生物股份,内蒙,农业综合,金宇生物技术股份有限公司,主板,SSE,L,1999-01-15
600202.SH,600202,哈空调,黑龙江,专用机械,哈尔滨空调股份有限公司,主板,SSE,L,1999-06-03
600203.SH,600203,福日电子,福建,元器件,福建福日电子股份有限公司,主板,SSE,L,1999-05-14
600206.SH,600206,有研新材,北京,半导体,有研新材料股份有限公司,主板,SSE,L,1999-03-19
600207.SH,600207,安彩高科,河南,电气设备,河南安彩高科股份有限公司,主板,SSE,L,1999-07-14
600208.SH,600208,新湖中宝,浙江,全国地产,新湖中宝股份有限公司,主板,SSE,L,1999-06-23
600210.SH,600210,紫江企业,上海,广告包装,上海紫江企业集团股份有限公司,主板,SSE,L,1999-08-24
600211.SH,600211,西藏药业,西藏,生物制药,西藏诺迪康药业股份有限公司,主板,SSE,L,1999-07-21
600212.SH,600212,绿能慧充,山东,电气设备,绿能慧充数字能源技术股份有限公司,主板,SSE,L,1999-08-17
600213.SH,600213,*ST亚星,江苏,汽车整车,扬州亚星客车股份有限公司,主板,SSE,L,1999-08-31
600215.SH,600215,派斯林,吉林,专用机械,派斯林数字科技股份有限公司,主板,SSE,L,1999-09-09
600216.SH,600216,浙江医药,浙江,化学制药,浙江医药股份有限公司,主板,SSE,L,1999-10-21
600217.SH,600217,中再资环,陕西,环境保护,中再资源环境股份有限公司,主板,SSE,L,1999-12-16
600218.SH,600218,全柴动力,安徽,汽车配件,安徽全柴动力股份有限公司,主板,SSE,L,1998-12-03
600219.SH,600219,南山铝业,山东,铝,山东南山铝业股份有限公司,主板,SSE,L,1999-12-23
600220.SH,600220,ST阳光,江苏,纺织,江苏阳光股份有限公司,主板,SSE,L,1999-09-27
600221.SH,600221,海航控股,海南,空运,海南航空控股股份有限公司,主板,SSE,L,1999-11-25
600222.SH,600222,太龙药业,河南,中成药,河南太龙药业股份有限公司,主板,SSE,L,1999-11-05
600223.SH,600223,福瑞达,山东,日用化工,鲁商福瑞达医药股份有限公司,主板,SSE,L,2000-01-13
600225.SH,600225,卓朗科技,天津,软件服务,天津卓朗信息科技股份有限公司,主板,SSE,L,2000-01-27
600226.SH,600226,瀚叶股份,浙江,供气供热,浙江亨通控股股份有限公司,主板,SSE,L,1999-11-16
600227.SH,600227,赤天化,贵州,农药化肥,贵州赤天化股份有限公司,主板,SSE,L,2000-02-21
600228.SH,600228,返利科技,江西,互联网,返利网数字科技股份有限公司,主板,SSE,L,1999-01-19
600229.SH,600229,城市传媒,山东,出版业,青岛城市传媒股份有限公司,主板,SSE,L,2000-03-09
600230.SH,600230,沧州大化,河北,化工原料,沧州大化股份有限公司,主板,SSE,L,2000-04-06
600231.SH,600231,凌钢股份,辽宁,普钢,凌源钢铁股份有限公司,主板,SSE,L,2000-05-11
600232.SH,600232,金鹰股份,浙江,纺织,浙江金鹰股份有限公司,主板,SSE,L,2000-06-02
600233.SH,600233,圆通速递,辽宁,仓储物流,圆通速递股份有限公司,主板,SSE,L,2000-06-08
600234.SH,600234,*ST科新,山西,装修装饰,山西科新发展股份有限公司,主板,SSE,L,2000-06-15
600235.SH,600235,民丰特纸,浙江,造纸,民丰特种纸股份有限公司,主板,SSE,L,2000-06-15
600236.SH,600236,桂冠电力,广西,水力发电,广西桂冠电力股份有限公司,主板,SSE,L,2000-03-23
600237.SH,600237,铜峰电子,安徽,元器件,安徽铜峰电子股份有限公司,主板,SSE,L,2000-06-09
600238.SH,600238,海南椰岛,海南,红黄酒,海南椰岛(集团)股份有限公司,主板,SSE,L,2000-01-20
600239.SH,600239,云南城投,云南,区域地产,云南城投置业股份有限公司,主板,SSE,L,1999-12-02
600241.SH,600241,时代万恒,辽宁,电气设备,辽宁时代万恒股份有限公司,主板,SSE,L,2000-11-28
600243.SH,600243,青海华鼎,青海,运输设备,青海华鼎实业股份有限公司,主板,SSE,L,2000-11-20
600246.SH,600246,万通发展,北京,区域地产,北京万通新发展集团股份有限公司,主板,SSE,L,2000-09-22
600248.SH,600248,陕建股份,陕西,建筑工程,陕西建工集团股份有限公司,主板,SSE,L,2000-06-22
600249.SH,600249,两面针,广西,日用化工,柳州两面针股份有限公司,主板,SSE,L,2004-01-30
600250.SH,600250,南京商旅,江苏,商贸代理,南京商贸旅游股份有限公司,主板,SSE,L,2001-03-06
600251.SH,600251,冠农股份,新疆,农业综合,新疆冠农股份有限公司,主板,SSE,L,2003-06-09
600252.SH,600252,中恒集团,广西,中成药,广西梧州中恒集团股份有限公司,主板,SSE,L,2000-11-30
600255.SH,600255,鑫科材料,安徽,小金属,安徽鑫科新材料股份有限公司,主板,SSE,L,2000-11-22
600256.SH,600256,广汇能源,新疆,石油开采,广汇能源股份有限公司,主板,SSE,L,2000-05-26
600257.SH,600257,大湖股份,湖南,渔业,大湖水殖股份有限公司,主板,SSE,L,2000-06-12
600258.SH,600258,首旅酒店,北京,酒店餐饮,北京首旅酒店(集团)股份有限公司,主板,SSE,L,2000-06-01
600259.SH,600259,广晟有色,海南,小金属,广晟有色金属股份有限公司,主板,SSE,L,2000-05-25
600261.SH,600261,阳光照明,浙江,家用电器,浙江阳光照明电器集团股份有限公司,主板,SSE,L,2000-07-20
600262.SH,600262,北方股份,内蒙,专用机械,内蒙古北方重型汽车股份有限公司,主板,SSE,L,2000-06-30
600265.SH,600265,ST景谷,云南,林业,云南景谷林业股份有限公司,主板,SSE,L,2000-08-25
600266.SH,600266,城建发展,北京,区域地产,北京城建投资发展股份有限公司,主板,SSE,L,1999-02-03
600267.SH,600267,海正药业,浙江,化学制药,浙江海正药业股份有限公司,主板,SSE,L,2000-07-25
600268.SH,600268,国电南自,江苏,电气设备,国电南京自动化股份有限公司,主板,SSE,L,1999-11-18
600269.SH,600269,赣粤高速,江西,路桥,江西赣粤高速公路股份有限公司,主板,SSE,L,2000-05-18
600271.SH,600271,航天信息,北京,软件服务,航天信息股份有限公司,主板,SSE,L,2003-07-11
600272.SH,600272,开开实业,上海,医药商业,上海开开实业股份有限公司,主板,SSE,L,2001-02-28
600273.SH,600273,嘉化能源,浙江,化工原料,浙江嘉化能源化工股份有限公司,主板,SSE,L,2003-06-27
600276.SH,600276,恒瑞医药,江苏,化学制药,江苏恒瑞医药股份有限公司,主板,SSE,L,2000-10-18
600277.SH,600277,ST亿利,内蒙,化工原料,亿利洁能股份有限公司,主板,SSE,L,2000-07-25
600278.SH,600278,东方创业,上海,商贸代理,东方国际创业股份有限公司,主板,SSE,L,2000-07-12
600279.SH,600279,重庆港,重庆,港口,重庆港股份有限公司,主板,SSE,L,2000-07-31
600280.SH,600280,中央商场,江苏,百货,南京中央商场(集团)股份有限公司,主板,SSE,L,2000-09-26
600281.SH,600281,华阳新材,山西,小金属,山西华阳新材料股份有限公司,主板,SSE,L,2000-11-09
600282.SH,600282,南钢股份,江苏,普钢,南京钢铁股份有限公司,主板,SSE,L,2000-09-19
600283.SH,600283,钱江水利,浙江,水务,钱江水利开发股份有限公司,主板,SSE,L,2000-10-18
600284.SH,600284,浦东建设,上海,建筑工程,上海浦东建设股份有限公司,主板,SSE,L,2004-03-16
600285.SH,600285,羚锐制药,河南,中成药,河南羚锐制药股份有限公司,主板,SSE,L,2000-10-18
600287.SH,600287,江苏舜天,江苏,商贸代理,江苏舜天股份有限公司,主板,SSE,L,2000-09-01
600288.SH,600288,大恒科技,北京,元器件,大恒新纪元科技股份有限公司,主板,SSE,L,2000-11-29
600289.SH,600289,*ST信通,黑龙江,软件服务,亿阳信通股份有限公司,主板,SSE,L,2000-07-20
600292.SH,600292,远达环保,重庆,环境保护,国家电投集团远达环保股份有限公司,主板,SSE,L,2000-11-01
600293.SH,600293,三峡新材,湖北,玻璃,湖北三峡新型建材股份有限公司,主板,SSE,L,2000-09-19
600295.SH,600295,鄂尔多斯,内蒙,特种钢,内蒙古鄂尔多斯资源股份有限公司,主板,SSE,L,2001-04-26
600297.SH,600297,广汇汽车,辽宁,汽车服务,广汇汽车服务集团股份公司,主板,SSE,L,2000-11-16
600298.SH,600298,安琪酵母,湖北,食品,安琪酵母股份有限公司,主板,SSE,L,2000-08-18
600299.SH,600299,安迪苏,北京,饲料,蓝星安迪苏股份有限公司,主板,SSE,L,2000-04-20
600300.SH,600300,维维股份,江苏,软饮料,维维食品饮料股份有限公司,主板,SSE,L,2000-06-30
600301.SH,600301,华锡有色,广西,小金属,广西华锡有色金属股份有限公司,主板,SSE,L,2000-07-12
600302.SH,600302,标准股份,陕西,纺织机械,西安标准工业股份有限公司,主板,SSE,L,2000-12-13
600303.SH,600303,ST曙光,辽宁,汽车整车,辽宁曙光汽车集团股份有限公司,主板,SSE,L,2000-12-26
600305.SH,600305,恒顺醋业,江苏,食品,江苏恒顺醋业股份有限公司,主板,SSE,L,2001-02-06
600306.SH,600306,*ST商城,辽宁,百货,沈阳商业城股份有限公司,主板,SSE,L,2000-12-26
600307.SH,600307,酒钢宏兴,甘肃,普钢,甘肃酒钢集团宏兴钢铁股份有限公司,主板,SSE,L,2000-12-20
600308.SH,600308,华泰股份,山东,造纸,山东华泰纸业股份有限公司,主板,SSE,L,2000-09-28
600309.SH,600309,万华化学,山东,化工原料,万华化学集团股份有限公司,主板,SSE,L,2001-01-05
600310.SH,600310,广西能源,广西,水力发电,广西能源股份有限公司,主板,SSE,L,2001-02-28
600312.SH,600312,平高电气,河南,电气设备,河南平高电气股份有限公司,主板,SSE,L,2001-02-21
600313.SH,600313,农发种业,北京,种植业,中农发种业集团股份有限公司,主板,SSE,L,2001-01-19
600315.SH,600315,上海家化,上海,日用化工,上海家化联合股份有限公司,主板,SSE,L,2001-03-15
600316.SH,600316,洪都航空,江西,航空,江西洪都航空工业股份有限公司,主板,SSE,L,2000-12-15
600318.SH,600318,新力金融,安徽,多元金融,安徽新力金融股份有限公司,主板,SSE,L,2000-12-08
600319.SH,600319,亚星化学,山东,化工原料,潍坊亚星化学股份有限公司,主板,SSE,L,2001-03-26
600320.SH,600320,振华重工,上海,工程机械,上海振华重工(集团)股份有限公司,主板,SSE,L,2000-12-21
600321.SH,600321,正源股份,四川,其他建材,正源控股股份有限公司,主板,SSE,L,2001-05-24
600322.SH,600322,津投城开,天津,区域地产,天津津投城市开发股份有限公司,主板,SSE,L,2001-09-10
600323.SH,600323,瀚蓝环境,广东,环境保护,瀚蓝环境股份有限公司,主板,SSE,L,2000-12-25
600325.SH,600325,华发股份,广东,区域地产,珠海华发实业股份有限公司,主板,SSE,L,2004-02-25
600326.SH,600326,西藏天路,西藏,水泥,西藏天路股份有限公司,主板,SSE,L,2001-01-16
600327.SH,600327,大东方,江苏,医疗保健,无锡商业大厦大东方股份有限公司,主板,SSE,L,2002-06-25
600328.SH,600328,中盐化工,内蒙,化工原料,中盐内蒙古化工股份有限公司,主板,SSE,L,2000-12-22
600329.SH,600329,达仁堂,天津,中成药,津药达仁堂集团股份有限公司,主板,SSE,L,2001-06-06
600330.SH,600330,天通股份,浙江,专用机械,天通控股股份有限公司,主板,SSE,L,2001-01-18
600331.SH,600331,宏达股份,四川,农药化肥,四川宏达股份有限公司,主板,SSE,L,2001-12-20
600332.SH,600332,白云山,广东,中成药,广州白云山医药集团股份有限公司,主板,SSE,L,2001-02-06
600333.SH,600333,长春燃气,吉林,供气供热,长春燃气股份有限公司,主板,SSE,L,2000-12-11
600335.SH,600335,国机汽车,天津,汽车服务,国机汽车股份有限公司,主板,SSE,L,2001-03-05
600336.SH,600336,澳柯玛,山东,家用电器,澳柯玛股份有限公司,主板,SSE,L,2000-12-29
600337.SH,600337,美克家居,江西,家居用品,美克国际家居用品股份有限公司,主板,SSE,L,2000-11-27
600338.SH,600338,西藏珠峰,西藏,铅锌,西藏珠峰资源股份有限公司,主板,SSE,L,2000-12-27
600339.SH,600339,中油工程,新疆,石油加工,中国石油集团工程股份有限公司,主板,SSE,L,2000-12-25
600340.SH,600340,华夏幸福,河北,区域地产,华夏幸福基业股份有限公司,主板,SSE,L,2003-12-30
600343.SH,600343,航天动力,陕西,航空,陕西航天动力高科技股份有限公司,主板,SSE,L,2003-04-08
600345.SH,600345,长江通信,湖北,通信设备,武汉长江通信产业集团股份有限公司,主板,SSE,L,2000-12-22
600346.SH,600346,恒力石化,辽宁,石油加工,恒力石化股份有限公司,主板,SSE,L,2001-08-20
600348.SH,600348,华阳股份,山西,煤炭开采,山西华阳集团新能股份有限公司,主板,SSE,L,2003-08-21
600350.SH,600350,山东高速,山东,路桥,山东高速股份有限公司,主板,SSE,L,2002-03-18
600351.SH,600351,亚宝药业,山西,中成药,亚宝药业集团股份有限公司,主板,SSE,L,2002-09-26
600352.SH,600352,浙江龙盛,浙江,染料涂料,浙江龙盛集团股份有限公司,主板,SSE,L,2003-08-01
600353.SH,600353,旭光电子,四川,元器件,成都旭光电子股份有限公司,主板,SSE,L,2002-11-20
600354.SH,600354,敦煌种业,甘肃,种植业,甘肃省敦煌种业集团股份有限公司,主板,SSE,L,2004-01-15
600355.SH,600355,精伦电子,湖北,专用机械,精伦电子股份有限公司,主板,SSE,L,2002-06-13
600356.SH,600356,恒丰纸业,黑龙江,造纸,牡丹江恒丰纸业股份有限公司,主板,SSE,L,2001-04-19
600358.SH,600358,国旅联合,江西,广告包装,国旅文化投资集团股份有限公司,主板,SSE,L,2000-09-22
600359.SH,600359,新农开发,新疆,种植业,新疆塔里木农业综合开发股份有限公司,主板,SSE,L,1999-04-29
600360.SH,600360,ST华微,吉林,半导体,吉林华微电子股份有限公司,主板,SSE,L,2001-03-16
600361.SH,600361,创新新材,北京,铝,创新新材料科技股份有限公司,主板,SSE,L,2001-11-29
600362.SH,600362,江西铜业,江西,铜,江西铜业股份有限公司,主板,SSE,L,2002-01-11
600363.SH,600363,联创光电,江西,元器件,江西联创光电科技股份有限公司,主板,SSE,L,2001-03-29
600365.SH,600365,ST通葡,吉林,互联网,通化葡萄酒股份有限公司,主板,SSE,L,2001-01-15
600366.SH,600366,宁波韵升,浙江,矿物制品,宁波韵升股份有限公司,主板,SSE,L,2000-10-30
600367.SH,600367,红星发展,贵州,化工原料,贵州红星发展股份有限公司,主板,SSE,L,2001-03-20
600368.SH,600368,五洲交通,广西,路桥,广西五洲交通股份有限公司,主板,SSE,L,2000-12-21
600369.SH,600369,西南证券,重庆,证券,西南证券股份有限公司,主板,SSE,L,2001-01-09
600370.SH,600370,三房巷,江苏,化工原料,江苏三房巷聚材股份有限公司,主板,SSE,L,2003-03-06
600371.SH,600371,万向德农,黑龙江,种植业,万向德农股份有限公司,主板,SSE,L,2002-09-16
600372.SH,600372,中航机载,北京,航空,中航机载系统股份有限公司,主板,SSE,L,2001-07-06
600373.SH,600373,中文传媒,江西,出版业,中文天地出版传媒集团股份有限公司,主板,SSE,L,2002-03-04
600375.SH,600375,*ST汉马,安徽,汽车整车,汉马科技集团股份有限公司,主板,SSE,L,2003-04-01
600376.SH,600376,首开股份,北京,区域地产,北京首都开发股份有限公司,主板,SSE,L,2001-03-12
600377.SH,600377,宁沪高速,江苏,路桥,江苏宁沪高速公路股份有限公司,主板,SSE,L,2001-01-16
600378.SH,600378,昊华科技,四川,化工原料,昊华化工科技集团股份有限公司,主板,SSE,L,2001-01-11
600379.SH,600379,宝光股份,陕西,电气设备,陕西宝光真空电器股份有限公司,主板,SSE,L,2002-01-16
600380.SH,600380,健康元,深圳,化学制药,健康元药业集团股份有限公司,主板,SSE,L,2001-06-08
600381.SH,600381,ST春天,青海,医疗保健,青海春天药用资源科技股份有限公司,主板,SSE,L,2001-05-08
600382.SH,600382,广东明珠,广东,普钢,广东明珠集团股份有限公司,主板,SSE,L,2001-01-18
600383.SH,600383,金地集团,深圳,全国地产,金地(集团)股份有限公司,主板,SSE,L,2001-04-12
600386.SH,600386,北巴传媒,北京,汽车服务,北京巴士传媒股份有限公司,主板,SSE,L,2001-02-16
600387.SH,600387,*ST海越,浙江,石油贸易,海越能源集团股份有限公司,主板,SSE,L,2004-02-18
600388.SH,600388,龙净环保,福建,环境保护,福建龙净环保股份有限公司,主板,SSE,L,2000-12-29
600389.SH,600389,江山股份,江苏,农药化肥,南通江山农药化工股份有限公司,主板,SSE,L,2001-01-10
600390.SH,600390,五矿资本,湖南,多元金融,五矿资本股份有限公司,主板,SSE,L,2001-01-15
600391.SH,600391,航发科技,四川,航空,中国航发航空科技股份有限公司,主板,SSE,L,2001-12-12
600392.SH,600392,盛和资源,四川,小金属,盛和资源控股股份有限公司,主板,SSE,L,2003-05-29
600395.SH,600395,盘江股份,贵州,煤炭开采,贵州盘江精煤股份有限公司,主板,SSE,L,2001-05-31
600396.SH,600396,*ST金山,辽宁,火力发电,华电辽宁能源发展股份有限公司,主板,SSE,L,2001-03-28
600397.SH,600397,安源煤业,江西,煤炭开采,安源煤业集团股份有限公司,主板,SSE,L,2002-07-02
600398.SH,600398,海澜之家,江苏,服饰,海澜之家集团股份有限公司,主板,SSE,L,2000-12-28
600399.SH,600399,抚顺特钢,辽宁,特种钢,抚顺特殊钢股份有限公司,主板,SSE,L,2000-12-29
600400.SH,600400,红豆股份,江苏,服饰,江苏红豆实业股份有限公司,主板,SSE,L,2001-01-08
600403.SH,600403,大有能源,河南,煤炭开采,河南大有能源股份有限公司,主板,SSE,L,2003-10-09
600405.SH,600405,动力源,北京,电气设备,北京动力源科技股份有限公司,主板,SSE,L,2004-04-01
600406.SH,600406,国电南瑞,江苏,电气设备,国电南瑞科技股份有限公司,主板,SSE,L,2003-10-16
600408.SH,600408,安泰集团,山西,焦炭加工,山西安泰集团股份有限公司,主板,SSE,L,2003-02-12
600409.SH,600409,三友化工,河北,化纤,唐山三友化工股份有限公司,主板,SSE,L,2003-06-18
600410.SH,600410,华胜天成,北京,软件服务,北京华胜天成科技股份有限公司,主板,SSE,L,2004-04-27
600415.SH,600415,小商品城,浙江,商品城,浙江中国小商品城集团股份有限公司,主板,SSE,L,2002-05-09
600416.SH,600416,湘电股份,湖南,电气设备,湘潭电机股份有限公司,主板,SSE,L,2002-07-18
600418.SH,600418,江淮汽车,安徽,汽车整车,安徽江淮汽车集团股份有限公司,主板,SSE,L,2001-08-24
600419.SH,600419,天润乳业,新疆,乳制品,新疆天润乳业股份有限公司,主板,SSE,L,2001-06-28
600420.SH,600420,国药现代,上海,化学制药,上海现代制药股份有限公司,主板,SSE,L,2004-06-16
600421.SH,600421,华嵘控股,湖北,专用机械,湖北华嵘控股股份有限公司,主板,SSE,L,2004-06-07
600422.SH,600422,昆药集团,云南,中成药,昆药集团股份有限公司,主板,SSE,L,2000-12-06
600423.SH,600423,柳化股份,广西,农药化肥,柳州化工股份有限公司,主板,SSE,L,2003-07-17
600425.SH,600425,青松建化,新疆,水泥,新疆青松建材化工(集团)股份有限公司,主板,SSE,L,2003-07-24
600426.SH,600426,华鲁恒升,山东,农药化肥,山东华鲁恒升化工股份有限公司,主板,SSE,L,2002-06-20
600428.SH,600428,中远海特,广东,水运,中远海运特种运输股份有限公司,主板,SSE,L,2002-04-18
600429.SH,600429,三元股份,北京,乳制品,北京三元食品股份有限公司,主板,SSE,L,2003-09-15
600433.SH,600433,冠豪高新,广东,造纸,广东冠豪高新技术股份有限公司,主板,SSE,L,2003-06-19
600435.SH,600435,北方导航,北京,专用机械,北方导航控制技术股份有限公司,主板,SSE,L,2003-07-04
600436.SH,600436,片仔癀,福建,中成药,漳州片仔癀药业股份有限公司,主板,SSE,L,2003-06-16
600438.SH,600438,通威股份,四川,电气设备,通威股份有限公司,主板,SSE,L,2004-03-02
600439.SH,600439,瑞贝卡,河南,服饰,河南瑞贝卡发制品股份有限公司,主板,SSE,L,2003-07-10
600444.SH,600444,国机通用,安徽,专用机械,国机通用机械科技股份有限公司,主板,SSE,L,2004-02-19
600446.SH,600446,金证股份,深圳,软件服务,深圳市金证科技股份有限公司,主板,SSE,L,2003-12-24
600448.SH,600448,华纺股份,山东,纺织,华纺股份有限公司,主板,SSE,L,2001-09-03
600449.SH,600449,宁夏建材,宁夏,水泥,宁夏建材集团股份有限公司,主板,SSE,L,2003-08-29
600452.SH,600452,涪陵电力,重庆,水力发电,重庆涪陵电力实业股份有限公司,主板,SSE,L,2004-03-03
600455.SH,600455,博通股份,陕西,文教休闲,西安博通资讯股份有限公司,主板,SSE,L,2004-03-29
600456.SH,600456,宝钛股份,陕西,小金属,宝鸡钛业股份有限公司,主板,SSE,L,2002-04-12
600458.SH,600458,时代新材,湖南,塑料,株洲时代新材料科技股份有限公司,主板,SSE,L,2002-12-19
600459.SH,600459,贵研铂业,云南,小金属,云南省贵金属新材料控股集团股份有限公司,主板,SSE,L,2003-05-16
600460.SH,600460,士兰微,浙江,半导体,杭州士兰微电子股份有限公司,主板,SSE,L,2003-03-11
600461.SH,600461,洪城环境,江西,水务,江西洪城环境股份有限公司,主板,SSE,L,2004-06-01
600462.SH,600462,*ST九有,湖北,广告包装,湖北九有投资股份有限公司,主板,SSE,L,2003-09-03
600463.SH,600463,空港股份,北京,园区开发,北京空港科技园区股份有限公司,主板,SSE,L,2004-03-18
600467.SH,600467,好当家,山东,渔业,山东好当家海洋发展股份有限公司,主板,SSE,L,2004-04-05
600468.SH,600468,百利电气,天津,电气设备,天津百利特精电气股份有限公司,主板,SSE,L,2001-06-15
600469.SH,600469,风神股份,河南,汽车配件,风神轮胎股份有限公司,主板,SSE,L,2003-10-21
600470.SH,600470,六国化工,安徽,农药化肥,安徽六国化工股份有限公司,主板,SSE,L,2004-03-05
600475.SH,600475,华光环能,江苏,环境保护,无锡华光环保能源集团股份有限公司,主板,SSE,L,2003-07-21
600476.SH,600476,湘邮科技,湖南,软件服务,湖南湘邮科技股份有限公司,主板,SSE,L,2003-12-10
600477.SH,600477,杭萧钢构,浙江,钢加工,杭萧钢构股份有限公司,主板,SSE,L,2003-11-10
600478.SH,600478,科力远,湖南,电气设备,湖南科力远新能源股份有限公司,主板,SSE,L,2003-09-18
600479.SH,600479,千金药业,湖南,中成药,株洲千金药业股份有限公司,主板,SSE,L,2004-03-12
600480.SH,600480,凌云股份,河北,汽车配件,凌云工业股份有限公司,主板,SSE,L,2003-08-15
600481.SH,600481,双良节能,江苏,电气设备,双良节能系统股份有限公司,主板,SSE,L,2003-04-22
600482.SH,600482,中国动力,河北,船舶,中国船舶重工集团动力股份有限公司,主板,SSE,L,2004-07-14
600483.SH,600483,福能股份,福建,火力发电,福建福能股份有限公司,主板,SSE,L,2004-05-31
600486.SH,600486,扬农化工,江苏,农药化肥,江苏扬农化工股份有限公司,主板,SSE,L,2002-04-25
600487.SH,600487,亨通光电,江苏,通信设备,江苏亨通光电股份有限公司,主板,SSE,L,2003-08-22
600488.SH,600488,津药药业,天津,化学制药,津药药业股份有限公司,主板,SSE,L,2001-06-18
600489.SH,600489,中金黄金,北京,黄金,中金黄金股份有限公司,主板,SSE,L,2003-08-14
600490.SH,600490,鹏欣资源,上海,铜,鹏欣环球资源股份有限公司,主板,SSE,L,2003-06-26
600491.SH,600491,龙元建设,浙江,建筑工程,龙元建设集团股份有限公司,主板,SSE,L,2004-05-24
600493.SH,600493,凤竹纺织,福建,纺织,福建凤竹纺织科技股份有限公司,主板,SSE,L,2004-04-21
600495.SH,600495,晋西车轴,山西,运输设备,晋西车轴股份有限公司,主板,SSE,L,2004-05-26
600496.SH,600496,精工钢构,安徽,钢加工,长江精工钢结构(集团)股份有限公司,主板,SSE,L,2002-06-05
600497.SH,600497,驰宏锌锗,云南,铅锌,云南驰宏锌锗股份有限公司,主板,SSE,L,2004-04-20
600498.SH,600498,烽火通信,湖北,通信设备,烽火通信科技股份有限公司,主板,SSE,L,2001-08-23
600499.SH,600499,科达制造,广东,专用机械,科达制造股份有限公司,主板,SSE,L,2002-10-10
600500.SH,600500,中化国际,上海,塑料,中化国际(控股)股份有限公司,主板,SSE,L,2000-03-01
600501.SH,600501,航天晨光,江苏,汽车配件,航天晨光股份有限公司,主板,SSE,L,2001-06-15
600502.SH,600502,安徽建工,安徽,建筑工程,安徽建工集团股份有限公司,主板,SSE,L,2003-04-15
600503.SH,600503,华丽家族,上海,区域地产,华丽家族股份有限公司,主板,SSE,L,2002-07-09
600505.SH,600505,西昌电力,四川,水力发电,四川西昌电力股份有限公司,主板,SSE,L,2002-05-30
600506.SH,600506,统一股份,新疆,石油加工,统一低碳科技(新疆)股份有限公司,主板,SSE,L,2001-12-26
600507.SH,600507,方大特钢,江西,特种钢,方大特钢科技股份有限公司,主板,SSE,L,2003-09-30
600508.SH,600508,上海能源,上海,煤炭开采,上海大屯能源股份有限公司,主板,SSE,L,2001-08-29
600509.SH,600509,天富能源,新疆,火力发电,新疆天富能源股份有限公司,主板,SSE,L,2002-02-28
600510.SH,600510,黑牡丹,江苏,全国地产,黑牡丹(集团)股份有限公司,主板,SSE,L,2002-06-18
600511.SH,600511,国药股份,北京,医药商业,国药集团药业股份有限公司,主板,SSE,L,2002-11-27
600512.SH,600512,腾达建设,浙江,建筑工程,腾达建设集团股份有限公司,主板,SSE,L,2002-12-26
600513.SH,600513,联环药业,江苏,化学制药,江苏联环药业股份有限公司,主板,SSE,L,2003-03-19
600515.SH,600515,海南机场,海南,机场,海南机场设施股份有限公司,主板,SSE,L,2002-08-06
600516.SH,600516,方大炭素,甘肃,矿物制品,方大炭素新材料科技股份有限公司,主板,SSE,L,2002-08-30
600517.SH,600517,国网英大,上海,多元金融,国网英大股份有限公司,主板,SSE,L,2003-10-10
600518.SH,600518,ST康美,广东,中成药,康美药业股份有限公司,主板,SSE,L,2001-03-19
600519.SH,600519,贵州茅台,贵州,白酒,贵州茅台酒股份有限公司,主板,SSE,L,2001-08-27
600520.SH,600520,文一科技,安徽,半导体,文一三佳科技股份有限公司,主板,SSE,L,2002-01-08
600521.SH,600521,华海药业,浙江,化学制药,浙江华海药业股份有限公司,主板,SSE,L,2003-03-04
600522.SH,600522,中天科技,江苏,通信设备,江苏中天科技股份有限公司,主板,SSE,L,2002-10-24
600523.SH,600523,贵航股份,贵州,汽车配件,贵州贵航汽车零部件股份有限公司,主板,SSE,L,2001-12-27
600525.SH,600525,长园集团,深圳,电气设备,长园科技集团股份有限公司,主板,SSE,L,2002-12-02
600526.SH,600526,菲达环保,浙江,环境保护,浙江菲达环保科技股份有限公司,主板,SSE,L,2002-07-22
600527.SH,600527,江南高纤,江苏,化纤,江苏江南高纤股份有限公司,主板,SSE,L,2003-11-27
600528.SH,600528,中铁工业,北京,运输设备,中铁高新工业股份有限公司,主板,SSE,L,2001-05-28
600529.SH,600529,山东药玻,山东,医疗保健,山东省药用玻璃股份有限公司,主板,SSE,L,2002-06-03
600530.SH,600530,ST交昂,上海,医疗保健,上海交大昂立股份有限公司,主板,SSE,L,2001-07-02
600531.SH,600531,豫光金铅,河南,铅锌,河南豫光金铅股份有限公司,主板,SSE,L,2002-07-30
600533.SH,600533,栖霞建设,江苏,区域地产,南京栖霞建设股份有限公司,主板,SSE,L,2002-03-28
600535.SH,600535,天士力,天津,中成药,天士力医药集团股份有限公司,主板,SSE,L,2002-08-23
600536.SH,600536,中国软件,北京,软件服务,中国软件与技术服务股份有限公司,主板,SSE,L,2002-05-17
600537.SH,600537,亿晶光电,浙江,电气设备,亿晶光电科技股份有限公司,主板,SSE,L,2003-01-23
600538.SH,600538,国发股份,广西,医药商业,北海国发川山生物股份有限公司,主板,SSE,L,2003-01-14
600539.SH,600539,狮头股份,山西,互联网,狮头科技发展股份有限公司,主板,SSE,L,2001-08-24
600540.SH,600540,新赛股份,新疆,种植业,新疆赛里木现代农业股份有限公司,主板,SSE,L,2004-01-07
600543.SH,600543,*ST莫高,甘肃,红黄酒,甘肃莫高实业发展股份有限公司,主板,SSE,L,2004-03-24
600545.SH,600545,卓郎智能,新疆,纺织机械,卓郎智能技术股份有限公司,主板,SSE,L,2003-12-03
600546.SH,600546,山煤国际,山西,煤炭开采,山煤国际能源集团股份有限公司,主板,SSE,L,2003-07-31
600547.SH,600547,山东黄金,山东,黄金,山东黄金矿业股份有限公司,主板,SSE,L,2003-08-28
600548.SH,600548,深高速,深圳,路桥,深圳高速公路集团股份有限公司,主板,SSE,L,2001-12-25
600549.SH,600549,厦门钨业,福建,小金属,厦门钨业股份有限公司,主板,SSE,L,2002-11-07
600550.SH,600550,保变电气,河北,电气设备,保定天威保变电气股份有限公司,主板,SSE,L,2001-02-28
600551.SH,600551,时代出版,安徽,出版业,时代出版传媒股份有限公司,主板,SSE,L,2002-09-05
600552.SH,600552,凯盛科技,安徽,元器件,凯盛科技股份有限公司,主板,SSE,L,2002-11-08
600556.SH,600556,天下秀,广西,互联网,天下秀数字科技(集团)股份有限公司,主板,SSE,L,2001-08-07
600557.SH,600557,康缘药业,江苏,中成药,江苏康缘药业股份有限公司,主板,SSE,L,2002-09-18
600558.SH,600558,大西洋,四川,钢加工,四川大西洋焊接材料股份有限公司,主板,SSE,L,2001-02-27
600559.SH,600559,老白干酒,河北,白酒,河北衡水老白干酒业股份有限公司,主板,SSE,L,2002-10-29
600560.SH,600560,金自天正,北京,电气设备,北京金自天正智能控制股份有限公司,主板,SSE,L,2002-09-19
600561.SH,600561,江西长运,江西,公共交通,江西长运股份有限公司,主板,SSE,L,2002-07-16
600562.SH,600562,国睿科技,江苏,通信设备,国睿科技股份有限公司,主板,SSE,L,2003-01-28
600563.SH,600563,法拉电子,福建,元器件,厦门法拉电子股份有限公司,主板,SSE,L,2002-12-10
600565.SH,600565,ST迪马,重庆,全国地产,重庆市迪马实业股份有限公司,主板,SSE,L,2002-07-23
600566.SH,600566,济川药业,湖北,中成药,湖北济川药业股份有限公司,主板,SSE,L,2001-08-22
600567.SH,600567,山鹰国际,安徽,造纸,山鹰国际控股股份公司,主板,SSE,L,2001-12-18
600568.SH,600568,ST中珠,湖北,医疗保健,中珠医疗控股股份有限公司,主板,SSE,L,2001-05-18
600569.SH,600569,安阳钢铁,河南,普钢,安阳钢铁股份有限公司,主板,SSE,L,2001-08-20
600570.SH,600570,恒生电子,浙江,软件服务,恒生电子股份有限公司,主板,SSE,L,2003-12-16
600571.SH,600571,信雅达,浙江,软件服务,信雅达科技股份有限公司,主板,SSE,L,2002-11-01
600572.SH,600572,康恩贝,浙江,中成药,浙江康恩贝制药股份有限公司,主板,SSE,L,2004-04-12
600573.SH,600573,惠泉啤酒,福建,啤酒,福建省燕京惠泉啤酒股份有限公司,主板,SSE,L,2003-02-26
600575.SH,600575,淮河能源,安徽,铁路,淮河能源(集团)股份有限公司,主板,SSE,L,2003-03-28
600576.SH,600576,祥源文旅,浙江,影视音像,浙江祥源文旅股份有限公司,主板,SSE,L,2003-02-20
600577.SH,600577,精达股份,安徽,电气设备,铜陵精达特种电磁线股份有限公司,主板,SSE,L,2002-09-11
600578.SH,600578,京能电力,北京,火力发电,北京京能电力股份有限公司,主板,SSE,L,2002-05-10
600579.SH,600579,克劳斯,山东,化工机械,克劳斯玛菲股份有限公司,主板,SSE,L,2002-08-09
600580.SH,600580,卧龙电驱,浙江,电气设备,卧龙电气驱动集团股份有限公司,主板,SSE,L,2002-06-06
600581.SH,600581,八一钢铁,新疆,普钢,新疆八一钢铁股份有限公司,主板,SSE,L,2002-08-16
600582.SH,600582,天地科技,北京,工程机械,天地科技股份有限公司,主板,SSE,L,2002-05-15
600583.SH,600583,海油工程,天津,石油开采,海洋石油工程股份有限公司,主板,SSE,L,2002-02-05
600584.SH,600584,长电科技,江苏,半导体,江苏长电科技股份有限公司,主板,SSE,L,2003-06-03
600585.SH,600585,海螺水泥,安徽,水泥,安徽海螺水泥股份有限公司,主板,SSE,L,2002-02-07
600586.SH,600586,金晶科技,山东,玻璃,山东金晶科技股份有限公司,主板,SSE,L,2002-08-15
600587.SH,600587,新华医疗,山东,医疗保健,山东新华医疗器械股份有限公司,主板,SSE,L,2002-09-27
600588.SH,600588,用友网络,北京,软件服务,用友网络科技股份有限公司,主板,SSE,L,2001-05-18
600589.SH,600589,*ST榕泰,广东,软件服务,广东榕泰实业股份有限公司,主板,SSE,L,2001-06-12
600590.SH,600590,泰豪科技,江西,电气设备,泰豪科技股份有限公司,主板,SSE,L,2002-07-03
600592.SH,600592,龙溪股份,福建,机械基件,福建龙溪轴承(集团)股份有限公司,主板,SSE,L,2002-08-05
600593.SH,600593,大连圣亚,辽宁,旅游景点,大连圣亚旅游控股股份有限公司,主板,SSE,L,2002-07-11
600594.SH,600594,益佰制药,贵州,中成药,贵州益佰制药股份有限公司,主板,SSE,L,2004-03-23
600595.SH,600595,中孚实业,河南,铝,河南中孚实业股份有限公司,主板,SSE,L,2002-06-26
600596.SH,600596,新安股份,浙江,化工原料,浙江新安化工集团股份有限公司,主板,SSE,L,2001-09-06
600597.SH,600597,光明乳业,上海,乳制品,光明乳业股份有限公司,主板,SSE,L,2002-08-28
600598.SH,600598,北大荒,黑龙江,种植业,黑龙江北大荒农业股份有限公司,主板,SSE,L,2002-03-29
600599.SH,600599,ST熊猫,湖南,化工原料,熊猫金控股份有限公司,主板,SSE,L,2001-08-28
600600.SH,600600,青岛啤酒,山东,啤酒,青岛啤酒股份有限公司,主板,SSE,L,1993-08-27
600601.SH,600601,方正科技,上海,元器件,方正科技集团股份有限公司,主板,SSE,L,1990-12-19
600602.SH,600602,云赛智联,上海,软件服务,云赛智联股份有限公司,主板,SSE,L,1990-12-19
600603.SH,600603,广汇物流,四川,区域地产,广汇物流股份有限公司,主板,SSE,L,1992-01-13
600604.SH,600604,市北高新,上海,园区开发,上海市北高新股份有限公司,主板,SSE,L,1992-03-27
600605.SH,600605,汇通能源,上海,房产服务,上海汇通能源股份有限公司,主板,SSE,L,1992-03-27
600606.SH,600606,绿地控股,上海,建筑工程,绿地控股集团股份有限公司,主板,SSE,L,1992-03-27
600608.SH,600608,ST沪科,上海,商贸代理,上海宽频科技股份有限公司,主板,SSE,L,1992-03-27
600609.SH,600609,金杯汽车,辽宁,汽车配件,金杯汽车股份有限公司,主板,SSE,L,1992-07-24
600610.SH,600610,中毅达,贵州,化工原料,贵州中毅达股份有限公司,主板,SSE,L,1992-08-05
600611.SH,600611,大众交通,上海,公共交通,大众交通(集团)股份有限公司,主板,SSE,L,1992-08-07
600612.SH,600612,老凤祥,上海,服饰,老凤祥股份有限公司,主板,SSE,L,1992-08-14
600613.SH,600613,神奇制药,上海,中成药,上海神奇制药投资管理股份有限公司,主板,SSE,L,1992-08-20
600615.SH,600615,丰华股份,重庆,小金属,重庆丰华(集团)股份有限公司,主板,SSE,L,1992-09-10
600616.SH,600616,金枫酒业,上海,红黄酒,上海金枫酒业股份有限公司,主板,SSE,L,1992-09-29
600617.SH,600617,国新能源,山西,供气供热,山西省国新能源股份有限公司,主板,SSE,L,1992-10-13
600618.SH,600618,氯碱化工,上海,化工原料,上海氯碱化工股份有限公司,主板,SSE,L,1992-11-13
600619.SH,600619,海立股份,上海,家用电器,上海海立(集团)股份有限公司,主板,SSE,L,1992-11-16
600620.SH,600620,天宸股份,上海,综合类,上海市天宸股份有限公司,主板,SSE,L,1992-11-17
600621.SH,600621,华鑫股份,上海,证券,上海华鑫股份有限公司,主板,SSE,L,1992-12-02
600622.SH,600622,光大嘉宝,上海,区域地产,光大嘉宝股份有限公司,主板,SSE,L,1992-12-03
600623.SH,600623,华谊集团,上海,化工原料,上海华谊集团股份有限公司,主板,SSE,L,1992-12-04
600624.SH,600624,复旦复华,上海,化学制药,上海复旦复华科技股份有限公司,主板,SSE,L,1993-01-05
600626.SH,600626,申达股份,上海,汽车配件,上海申达股份有限公司,主板,SSE,L,1993-01-07
600628.SH,600628,新世界,上海,百货,上海新世界股份有限公司,主板,SSE,L,1993-01-19
600629.SH,600629,华建集团,上海,建筑工程,华东建筑集团股份有限公司,主板,SSE,L,1993-02-09
600630.SH,600630,龙头股份,上海,服饰,上海龙头(集团)股份有限公司,主板,SSE,L,1993-02-09
600633.SH,600633,浙数文化,浙江,互联网,浙报数字文化集团股份有限公司,主板,SSE,L,1993-03-04
600635.SH,600635,大众公用,上海,供气供热,上海大众公用事业(集团)股份有限公司,主板,SSE,L,1993-03-04
600636.SH,600636,国新文化,上海,文教休闲,国新文化控股股份有限公司,主板,SSE,L,1993-03-16
600637.SH,600637,东方明珠,上海,影视音像,东方明珠新媒体股份有限公司,主板,SSE,L,1993-03-16
600638.SH,600638,新黄浦,上海,区域地产,上海新黄浦实业集团股份有限公司,主板,SSE,L,1993-03-26
600639.SH,600639,浦东金桥,上海,园区开发,上海金桥出口加工区开发股份有限公司,主板,SSE,L,1993-03-26
600640.SH,600640,国脉文化,上海,影视音像,新国脉数字文化股份有限公司,主板,SSE,L,1993-04-07
600641.SH,600641,万业企业,上海,区域地产,上海万业企业股份有限公司,主板,SSE,L,1993-04-07
600642.SH,600642,申能股份,上海,火力发电,申能股份有限公司,主板,SSE,L,1993-04-16
600643.SH,600643,爱建集团,上海,多元金融,上海爱建集团股份有限公司,主板,SSE,L,1993-04-26
600644.SH,600644,乐山电力,四川,水力发电,乐山电力股份有限公司,主板,SSE,L,1993-04-26
600645.SH,600645,中源协和,天津,生物制药,中源协和细胞基因工程股份有限公司,主板,SSE,L,1993-05-04
600647.SH,600647,*ST同达,上海,综合类,上海同达创业投资股份有限公司,主板,SSE,L,1993-05-04
600648.SH,600648,外高桥,上海,园区开发,上海外高桥集团股份有限公司,主板,SSE,L,1993-05-04
600649.SH,600649,城投控股,上海,区域地产,上海城投控股股份有限公司,主板,SSE,L,1993-05-18
600650.SH,600650,锦江在线,上海,公共交通,上海锦江在线网络服务股份有限公司,主板,SSE,L,1993-06-07
600651.SH,600651,飞乐音响,上海,电器仪表,上海飞乐音响股份有限公司,主板,SSE,L,1990-12-19
600653.SH,600653,申华控股,辽宁,汽车服务,辽宁申华控股股份有限公司,主板,SSE,L,1990-12-19
600654.SH,600654,ST中安,湖北,综合类,中安科股份有限公司,主板,SSE,L,1990-12-19
600655.SH,600655,豫园股份,上海,百货,上海豫园旅游商城(集团)股份有限公司,主板,SSE,L,1992-09-02
600657.SH,600657,信达地产,北京,全国地产,信达地产股份有限公司,主板,SSE,L,1993-05-24
600658.SH,600658,电子城,北京,园区开发,北京电子城高科技集团股份有限公司,主板,SSE,L,1993-05-24
600660.SH,600660,福耀玻璃,福建,汽车配件,福耀玻璃工业集团股份有限公司,主板,SSE,L,1993-06-10
600661.SH,600661,昂立教育,上海,文教休闲,上海新南洋昂立教育科技股份有限公司,主板,SSE,L,1993-06-14
600662.SH,600662,外服控股,上海,文教休闲,上海外服控股集团股份有限公司,主板,SSE,L,1993-06-14
600663.SH,600663,陆家嘴,上海,园区开发,上海陆家嘴金融贸易区开发股份有限公司,主板,SSE,L,1993-06-28
600664.SH,600664,哈药股份,黑龙江,化学制药,哈药集团股份有限公司,主板,SSE,L,1993-06-29
600665.SH,600665,天地源,陕西,全国地产,天地源股份有限公司,主板,SSE,L,1993-07-09
600666.SH,600666,ST瑞德,黑龙江,元器件,奥瑞德光电股份有限公司,主板,SSE,L,1993-07-12
600667.SH,600667,太极实业,江苏,半导体,无锡市太极实业股份有限公司,主板,SSE,L,1993-07-28
600668.SH,600668,尖峰集团,浙江,水泥,浙江尖峰集团股份有限公司,主板,SSE,L,1993-07-28
600671.SH,600671,*ST目药,浙江,中成药,杭州天目山药业股份有限公司,主板,SSE,L,1993-08-23
600673.SH,600673,东阳光,广东,综合类,广东东阳光科技控股股份有限公司,主板,SSE,L,1993-09-17
600674.SH,600674,川投能源,四川,水力发电,四川川投能源股份有限公司,主板,SSE,L,1993-09-24
600675.SH,600675,中华企业,上海,区域地产,中华企业股份有限公司,主板,SSE,L,1993-09-24
600676.SH,600676,交运股份,上海,汽车配件,上海交运集团股份有限公司,主板,SSE,L,1993-09-28
600678.SH,600678,四川金顶,四川,水泥,四川金顶(集团)股份有限公司,主板,SSE,L,1993-10-08
600679.SH,600679,上海凤凰,上海,文教休闲,上海凤凰企业(集团)股份有限公司,主板,SSE,L,1993-10-08
600681.SH,600681,百川能源,湖北,供气供热,百川能源股份有限公司,主板,SSE,L,1993-10-18
600682.SH,600682,南京新百,江苏,生物制药,南京新街口百货商店股份有限公司,主板,SSE,L,1993-10-18
600683.SH,600683,京投发展,浙江,区域地产,京投发展股份有限公司,主板,SSE,L,1993-10-25
600684.SH,600684,珠江股份,广东,全国地产,广州珠江发展集团股份有限公司,主板,SSE,L,1993-10-28
600685.SH,600685,中船防务,广东,船舶,中船海洋与防务装备股份有限公司,主板,SSE,L,1993-10-28
600686.SH,600686,金龙汽车,福建,汽车整车,厦门金龙汽车集团股份有限公司,主板,SSE,L,1993-11-08
600688.SH,600688,上海石化,上海,石油加工,中国石化上海石油化工股份有限公司,主板,SSE,L,1993-11-08
600689.SH,600689,上海三毛,上海,综合类,上海三毛企业(集团)股份有限公司,主板,SSE,L,1993-11-08
600690.SH,600690,海尔智家,山东,家用电器,海尔智家股份有限公司,主板,SSE,L,1993-11-19
600691.SH,600691,阳煤化工,山西,农药化肥,阳煤化工股份有限公司,主板,SSE,L,1993-11-19
600692.SH,600692,亚通股份,上海,房产服务,上海亚通股份有限公司,主板,SSE,L,1993-11-19
600693.SH,600693,东百集团,福建,百货,福建东百集团股份有限公司,主板,SSE,L,1993-11-22
600694.SH,600694,大商股份,辽宁,百货,大商股份有限公司,主板,SSE,L,1993-11-22
600696.SH,600696,岩石股份,上海,白酒,上海贵酒股份有限公司,主板,SSE,L,1993-12-06
600697.SH,600697,欧亚集团,吉林,百货,长春欧亚集团股份有限公司,主板,SSE,L,1993-12-06
600698.SH,600698,湖南天雁,湖南,汽车配件,湖南天雁机械股份有限公司,主板,SSE,L,1993-12-06
600699.SH,600699,均胜电子,浙江,汽车配件,宁波均胜电子股份有限公司,主板,SSE,L,1993-12-06
600702.SH,600702,舍得酒业,四川,白酒,舍得酒业股份有限公司,主板,SSE,L,1996-05-24
600703.SH,600703,三安光电,湖北,半导体,三安光电股份有限公司,主板,SSE,L,1996-05-28
600704.SH,600704,物产中大,浙江,仓储物流,物产中大集团股份有限公司,主板,SSE,L,1996-06-06
600705.SH,600705,中航产融,黑龙江,多元金融,中航工业产融控股股份有限公司,主板,SSE,L,1996-05-16
600706.SH,600706,曲江文旅,陕西,旅游景点,西安曲江文化旅游股份有限公司,主板,SSE,L,1996-05-16
600707.SH,600707,彩虹股份,陕西,元器件,彩虹显示器件股份有限公司,主板,SSE,L,1996-05-20
600708.SH,600708,光明地产,上海,全国地产,光明房地产集团股份有限公司,主板,SSE,L,1996-06-06
600710.SH,600710,苏美达,江苏,商贸代理,苏美达股份有限公司,主板,SSE,L,1996-07-01
600711.SH,600711,盛屯矿业,福建,小金属,盛屯矿业集团股份有限公司,主板,SSE,L,1996-05-31
600712.SH,600712,南宁百货,广西,百货,南宁百货大楼股份有限公司,主板,SSE,L,1996-06-26
600713.SH,600713,南京医药,江苏,医药商业,南京医药股份有限公司,主板,SSE,L,1996-07-01
600714.SH,600714,金瑞矿业,青海,化工原料,青海金瑞矿业发展股份有限公司,主板,SSE,L,1996-06-06
600715.SH,600715,*ST文投,北京,影视音像,文投控股股份有限公司,主板,SSE,L,1996-07-01
600716.SH,600716,凤凰股份,江苏,区域地产,江苏凤凰置业投资股份有限公司,主板,SSE,L,1996-07-02
600717.SH,600717,天津港,天津,港口,天津港股份有限公司,主板,SSE,L,1996-06-14
600718.SH,600718,东软集团,辽宁,软件服务,东软集团股份有限公司,主板,SSE,L,1996-06-18
600719.SH,600719,大连热电,辽宁,供气供热,大连热电股份有限公司,主板,SSE,L,1996-07-16
600720.SH,600720,中交设计,甘肃,建筑工程,中交设计咨询集团股份有限公司,主板,SSE,L,1996-07-16
600721.SH,600721,百花医药,新疆,生物制药,新疆百花村医药集团股份有限公司,主板,SSE,L,1996-06-26
600722.SH,600722,金牛化工,河北,化工原料,河北金牛化工股份有限公司,主板,SSE,L,1996-06-26
600724.SH,600724,宁波富达,浙江,综合类,宁波富达股份有限公司,主板,SSE,L,1996-07-16
600725.SH,600725,云维股份,云南,商贸代理,云南云维股份有限公司,主板,SSE,L,1996-07-02
600726.SH,600726,华电能源,黑龙江,火力发电,华电能源股份有限公司,主板,SSE,L,1996-07-01
600727.SH,600727,鲁北化工,山东,化工原料,山东鲁北化工股份有限公司,主板,SSE,L,1996-07-02
600728.SH,600728,佳都科技,广东,软件服务,佳都科技集团股份有限公司,主板,SSE,L,1996-07-16
600729.SH,600729,重庆百货,重庆,百货,重庆百货大楼股份有限公司,主板,SSE,L,1996-07-02
600730.SH,600730,中国高科,北京,文教休闲,中国高科集团股份有限公司,主板,SSE,L,1996-07-26
600731.SH,600731,湖南海利,湖南,农药化肥,湖南海利化工股份有限公司,主板,SSE,L,1996-08-02
600732.SH,600732,爱旭股份,上海,电气设备,上海爱旭新能源股份有限公司,主板,SSE,L,1996-08-16
600733.SH,600733,北汽蓝谷,北京,汽车整车,北汽蓝谷新能源科技股份有限公司,主板,SSE,L,1996-08-16
600734.SH,600734,ST实达,福建,软件服务,福建实达集团股份有限公司,主板,SSE,L,1996-08-08
600735.SH,600735,新华锦,山东,服饰,山东新华锦国际股份有限公司,主板,SSE,L,1996-07-26
600736.SH,600736,苏州高新,江苏,园区开发,苏州新区高新技术产业股份有限公司,主板,SSE,L,1996-08-15
600737.SH,600737,中粮糖业,新疆,食品,中粮糖业控股股份有限公司,主板,SSE,L,1996-07-31
600738.SH,600738,丽尚国潮,甘肃,百货,兰州丽尚国潮实业集团股份有限公司,主板,SSE,L,1996-08-02
600739.SH,600739,辽宁成大,辽宁,生物制药,辽宁成大股份有限公司,主板,SSE,L,1996-08-19
600740.SH,600740,山西焦化,山西,焦炭加工,山西焦化股份有限公司,主板,SSE,L,1996-08-08
600741.SH,600741,华域汽车,上海,汽车配件,华域汽车系统股份有限公司,主板,SSE,L,1996-08-26
600742.SH,600742,一汽富维,吉林,汽车配件,长春一汽富维汽车零部件股份有限公司,主板,SSE,L,1996-08-26
600743.SH,600743,华远地产,北京,区域地产,华远地产股份有限公司,主板,SSE,L,1996-09-09
600744.SH,600744,华银电力,湖南,火力发电,大唐华银电力股份有限公司,主板,SSE,L,1996-09-05
600745.SH,600745,闻泰科技,湖北,半导体,闻泰科技股份有限公司,主板,SSE,L,1996-08-28
600746.SH,600746,江苏索普,江苏,化工原料,江苏索普化工股份有限公司,主板,SSE,L,1996-09-18
600748.SH,600748,上实发展,上海,全国地产,上海实业发展股份有限公司,主板,SSE,L,1996-09-25
600749.SH,600749,西藏旅游,西藏,旅游景点,西藏旅游股份有限公司,主板,SSE,L,1996-10-15
600750.SH,600750,江中药业,江西,中成药,江中药业股份有限公司,主板,SSE,L,1996-09-23
600751.SH,600751,海航科技,天津,水运,海航科技股份有限公司,主板,SSE,L,1996-09-09
600753.SH,600753,庚星股份,福建,商贸代理,庚星能源集团股份有限公司,主板,SSE,L,1996-09-27
600754.SH,600754,锦江酒店,上海,酒店餐饮,上海锦江国际酒店股份有限公司,主板,SSE,L,1996-10-11
600755.SH,600755,厦门国贸,福建,仓储物流,厦门国贸集团股份有限公司,主板,SSE,L,1996-10-03
600756.SH,600756,浪潮软件,山东,软件服务,浪潮软件股份有限公司,主板,SSE,L,1996-09-23
600757.SH,600757,长江传媒,湖北,出版业,长江出版传媒股份有限公司,主板,SSE,L,1996-10-03
600758.SH,600758,辽宁能源,辽宁,煤炭开采,辽宁能源煤电产业股份有限公司,主板,SSE,L,1996-10-29
600759.SH,600759,ST洲际,海南,石油开采,洲际油气股份有限公司,主板,SSE,L,1996-10-08
600760.SH,600760,中航沈飞,山东,航空,中航沈飞股份有限公司,主板,SSE,L,1996-10-11
600761.SH,600761,安徽合力,安徽,工程机械,安徽合力股份有限公司,主板,SSE,L,1996-10-09
600763.SH,600763,通策医疗,浙江,医疗保健,通策医疗股份有限公司,主板,SSE,L,1996-10-30
600764.SH,600764,中国海防,北京,船舶,中国船舶重工集团海洋防务与信息对抗股份有限公司,主板,SSE,L,1996-11-04
600765.SH,600765,中航重机,贵州,航空,中航重机股份有限公司,主板,SSE,L,1996-11-06
600766.SH,600766,*ST园城,山东,综合类,烟台园城黄金股份有限公司,主板,SSE,L,1996-10-28
600768.SH,600768,宁波富邦,浙江,铝,宁波富邦精业集团股份有限公司,主板,SSE,L,1996-11-11
600769.SH,600769,祥龙电业,湖北,建筑工程,武汉祥龙电业股份有限公司,主板,SSE,L,1996-11-01
600770.SH,600770,综艺股份,江苏,综合类,江苏综艺股份有限公司,主板,SSE,L,1996-11-20
600771.SH,600771,广誉远,山西,中成药,广誉远中药股份有限公司,主板,SSE,L,1996-11-05
600773.SH,600773,西藏城投,西藏,区域地产,西藏城市发展投资股份有限公司,主板,SSE,L,1996-11-08
600774.SH,600774,汉商集团,湖北,化学制药,汉商集团股份有限公司,主板,SSE,L,1996-11-08
600775.SH,600775,南京熊猫,江苏,通信设备,南京熊猫电子股份有限公司,主板,SSE,L,1996-11-18
600776.SH,600776,东方通信,浙江,通信设备,东方通信股份有限公司,主板,SSE,L,1996-11-26
600777.SH,600777,ST新潮,山东,石油开采,山东新潮能源股份有限公司,主板,SSE,L,1996-11-21
600778.SH,600778,友好集团,新疆,百货,新疆友好(集团)股份有限公司,主板,SSE,L,1996-12-03
600779.SH,600779,水井坊,四川,白酒,四川水井坊股份有限公司,主板,SSE,L,1996-12-06
600780.SH,600780,通宝能源,山西,火力发电,山西通宝能源股份有限公司,主板,SSE,L,1996-12-05
600782.SH,600782,新钢股份,江西,普钢,新余钢铁股份有限公司,主板,SSE,L,1996-12-25
600783.SH,600783,鲁信创投,山东,多元金融,鲁信创业投资集团股份有限公司,主板,SSE,L,1996-12-25
600784.SH,600784,鲁银投资,山东,综合类,鲁银投资集团股份有限公司,主板,SSE,L,1996-12-25
600785.SH,600785,新华百货,宁夏,百货,银川新华百货商业集团股份有限公司,主板,SSE,L,1997-01-08
600787.SH,600787,中储股份,天津,仓储物流,中储发展股份有限公司,主板,SSE,L,1997-01-21
600789.SH,600789,鲁抗医药,山东,化学制药,山东鲁抗医药股份有限公司,主板,SSE,L,1997-02-26
600790.SH,600790,轻纺城,浙江,商品城,浙江中国轻纺城集团股份有限公司,主板,SSE,L,1997-02-28
600791.SH,600791,京能置业,北京,全国地产,京能置业股份有限公司,主板,SSE,L,1997-01-30
600792.SH,600792,云煤能源,云南,焦炭加工,云南煤业能源股份有限公司,主板,SSE,L,1997-01-23
600793.SH,600793,宜宾纸业,四川,造纸,宜宾纸业股份有限公司,主板,SSE,L,1997-02-20
600794.SH,600794,保税科技,江苏,仓储物流,张家港保税科技(集团)股份有限公司,主板,SSE,L,1997-03-06
600795.SH,600795,国电电力,辽宁,火力发电,国电电力发展股份有限公司,主板,SSE,L,1997-03-18
600796.SH,600796,钱江生化,浙江,环境保护,浙江钱江生物化学股份有限公司,主板,SSE,L,1997-04-08
600797.SH,600797,浙大网新,浙江,软件服务,浙大网新科技股份有限公司,主板,SSE,L,1997-04-18
600798.SH,600798,宁波海运,浙江,水运,宁波海运股份有限公司,主板,SSE,L,1997-04-23
600800.SH,600800,渤海化学,天津,化工原料,天津渤海化学股份有限公司,主板,SSE,L,1993-12-06
600801.SH,600801,华新水泥,湖北,水泥,华新水泥股份有限公司,主板,SSE,L,1994-01-03
600802.SH,600802,福建水泥,福建,水泥,福建水泥股份有限公司,主板,SSE,L,1994-01-03
600803.SH,600803,新奥股份,河北,供气供热,新奥天然气股份有限公司,主板,SSE,L,1994-01-03
600804.SH,600804,*ST鹏博,山东,电信运营,鹏博士电信传媒集团股份有限公司,主板,SSE,L,1994-01-03
600805.SH,600805,悦达投资,江苏,综合类,江苏悦达投资股份有限公司,主板,SSE,L,1994-01-03
600807.SH,600807,济南高新,山东,医疗保健,济南高新发展股份有限公司,主板,SSE,L,1994-01-03
600808.SH,600808,马钢股份,安徽,普钢,马鞍山钢铁股份有限公司,主板,SSE,L,1994-01-06
600809.SH,600809,山西汾酒,山西,白酒,山西杏花村汾酒厂股份有限公司,主板,SSE,L,1994-01-06
600810.SH,600810,神马股份,河南,化纤,神马实业股份有限公司,主板,SSE,L,1994-01-06
600811.SH,600811,东方集团,黑龙江,农业综合,东方集团股份有限公司,主板,SSE,L,1994-01-06
600812.SH,600812,华北制药,河北,化学制药,华北制药股份有限公司,主板,SSE,L,1994-01-14
600814.SH,600814,杭州解百,浙江,百货,杭州解百集团股份有限公司,主板,SSE,L,1994-01-14
600815.SH,600815,厦工股份,福建,工程机械,厦门厦工机械股份有限公司,主板,SSE,L,1994-01-28
600816.SH,600816,建元信托,上海,多元金融,建元信托股份有限公司,主板,SSE,L,1994-01-28
600817.SH,600817,宇通重工,河南,专用机械,宇通重工股份有限公司,主板,SSE,L,1994-01-28
600818.SH,600818,中路股份,上海,文教休闲,中路股份有限公司,主板,SSE,L,1994-01-28
600819.SH,600819,耀皮玻璃,上海,玻璃,上海耀皮玻璃集团股份有限公司,主板,SSE,L,1994-01-28
600820.SH,600820,隧道股份,上海,建筑工程,上海隧道工程股份有限公司,主板,SSE,L,1994-01-28
600821.SH,600821,金开新能,天津,新型电力,金开新能源股份有限公司,主板,SSE,L,1994-01-28
600822.SH,600822,上海物贸,上海,汽车服务,上海物资贸易股份有限公司,主板,SSE,L,1994-02-04
600823.SH,600823,*ST世茂,上海,全国地产,上海世茂股份有限公司,主板,SSE,L,1994-02-04
600824.SH,600824,益民集团,上海,百货,上海益民商业集团股份有限公司,主板,SSE,L,1994-02-04
600825.SH,600825,新华传媒,上海,出版业,上海新华传媒股份有限公司,主板,SSE,L,1994-02-04
600826.SH,600826,兰生股份,上海,文教休闲,东浩兰生会展集团股份有限公司,主板,SSE,L,1994-02-04
600827.SH,600827,百联股份,上海,超市连锁,上海百联集团股份有限公司,主板,SSE,L,1994-02-04
600828.SH,600828,茂业商业,四川,百货,茂业商业股份有限公司,主板,SSE,L,1994-02-24
600829.SH,600829,人民同泰,黑龙江,医药商业,哈药集团人民同泰医药股份有限公司,主板,SSE,L,1994-02-24
600830.SH,600830,香溢融通,浙江,多元金融,香溢融通控股集团股份有限公司,主板,SSE,L,1994-02-24
600831.SH,600831,广电网络,陕西,影视音像,陕西广电网络传媒(集团)股份有限公司,主板,SSE,L,1994-02-24
600833.SH,600833,第一医药,上海,医药商业,上海第一医药股份有限公司,主板,SSE,L,1994-02-24
600834.SH,600834,申通地铁,上海,公共交通,上海申通地铁股份有限公司,主板,SSE,L,1994-02-24
600835.SH,600835,上海机电,上海,运输设备,上海机电股份有限公司,主板,SSE,L,1994-02-24
600836.SH,600836,*ST易连,上海,广告包装,上海易连实业集团股份有限公司,主板,SSE,L,1994-02-24
600837.SH,600837,海通证券,上海,证券,海通证券股份有限公司,主板,SSE,L,1994-02-24
600838.SH,600838,上海九百,上海,百货,上海九百股份有限公司,主板,SSE,L,1994-02-24
600839.SH,600839,四川长虹,四川,家用电器,四川长虹电器股份有限公司,主板,SSE,L,1994-03-11
600841.SH,600841,动力新科,上海,汽车配件,上海新动力汽车科技股份有限公司,主板,SSE,L,1994-03-11
600843.SH,600843,上工申贝,上海,纺织机械,上工申贝(集团)股份有限公司,主板,SSE,L,1994-03-11
600844.SH,600844,丹化科技,江苏,化工原料,丹化化工科技股份有限公司,主板,SSE,L,1994-03-11
600845.SH,600845,宝信软件,上海,软件服务,上海宝信软件股份有限公司,主板,SSE,L,1994-03-11
600846.SH,600846,同济科技,上海,建筑工程,上海同济科技实业股份有限公司,主板,SSE,L,1994-03-11
600847.SH,600847,万里股份,重庆,电气设备,重庆万里新能源股份有限公司,主板,SSE,L,1994-03-24
600848.SH,600848,上海临港,上海,园区开发,上海临港控股股份有限公司,主板,SSE,L,1994-03-24
600850.SH,600850,电科数字,上海,软件服务,中电科数字技术股份有限公司,主板,SSE,L,1994-03-24
600851.SH,600851,海欣股份,上海,化学制药,上海海欣集团股份有限公司,主板,SSE,L,1994-04-04
600853.SH,600853,龙建股份,黑龙江,建筑工程,龙建路桥股份有限公司,主板,SSE,L,1994-04-04
600854.SH,600854,春兰股份,江苏,家用电器,江苏春兰制冷设备股份有限公司,主板,SSE,L,1994-04-25
600855.SH,600855,航天长峰,北京,专用机械,北京航天长峰股份有限公司,主板,SSE,L,1994-04-25
600857.SH,600857,宁波中百,浙江,百货,宁波中百股份有限公司,主板,SSE,L,1994-04-25
600858.SH,600858,银座股份,山东,百货,银座集团股份有限公司,主板,SSE,L,1994-05-06
600859.SH,600859,王府井,北京,百货,王府井集团股份有限公司,主板,SSE,L,1994-05-06
600860.SH,600860,京城股份,北京,专用机械,北京京城机电股份有限公司,主板,SSE,L,1994-05-06
600861.SH,600861,北京人力,北京,文教休闲,北京国际人力资本集团股份有限公司,主板,SSE,L,1994-05-20
600862.SH,600862,中航高科,江苏,航空,中航航空高科技股份有限公司,主板,SSE,L,1994-05-20
600863.SH,600863,内蒙华电,内蒙,火力发电,内蒙古蒙电华能热电股份有限公司,主板,SSE,L,1994-05-20
600864.SH,600864,哈投股份,黑龙江,证券,哈尔滨哈投投资股份有限公司,主板,SSE,L,1994-08-09
600865.SH,600865,百大集团,浙江,百货,百大集团股份有限公司,主板,SSE,L,1994-08-09
600866.SH,600866,星湖科技,广东,饲料,广东肇庆星湖生物科技股份有限公司,主板,SSE,L,1994-08-18
600867.SH,600867,通化东宝,吉林,生物制药,通化东宝药业股份有限公司,主板,SSE,L,1994-08-24
600868.SH,600868,梅雁吉祥,广东,软件服务,广东梅雁吉祥水电股份有限公司,主板,SSE,L,1994-09-12
600869.SH,600869,远东股份,青海,电气设备,远东智慧能源股份有限公司,主板,SSE,L,1995-02-06
600871.SH,600871,石化油服,北京,石油开采,中石化石油工程技术服务股份有限公司,主板,SSE,L,1995-04-11
600872.SH,600872,中炬高新,广东,食品,中炬高新技术实业(集团)股份有限公司,主板,SSE,L,1995-01-24
600873.SH,600873,梅花生物,西藏,食品,梅花生物科技集团股份有限公司,主板,SSE,L,1995-02-17
600874.SH,600874,创业环保,天津,环境保护,天津创业环保集团股份有限公司,主板,SSE,L,1995-06-30
600875.SH,600875,东方电气,四川,电气设备,东方电气股份有限公司,主板,SSE,L,1995-10-10
600876.SH,600876,凯盛新能,河南,玻璃,凯盛新能源股份有限公司,主板,SSE,L,1995-10-31
600877.SH,600877,电科芯片,重庆,半导体,中电科芯片技术股份有限公司,主板,SSE,L,1995-10-13
600879.SH,600879,航天电子,湖北,航空,航天时代电子技术股份有限公司,主板,SSE,L,1995-11-15
600880.SH,600880,博瑞传播,四川,广告包装,成都博瑞传播股份有限公司,主板,SSE,L,1995-11-15
600881.SH,600881,亚泰集团,吉林,水泥,吉林亚泰(集团)股份有限公司,主板,SSE,L,1995-11-15
600882.SH,600882,妙可蓝多,上海,乳制品,上海妙可蓝多食品科技股份有限公司,主板,SSE,L,1995-12-06
600883.SH,600883,博闻科技,云南,种植业,云南博闻科技实业股份有限公司,主板,SSE,L,1995-12-08
600884.SH,600884,杉杉股份,浙江,电气设备,宁波杉杉股份有限公司,主板,SSE,L,1996-01-30
600885.SH,600885,宏发股份,湖北,电气设备,宏发科技股份有限公司,主板,SSE,L,1996-02-05
600886.SH,600886,国投电力,北京,水力发电,国投电力控股股份有限公司,主板,SSE,L,1996-01-18
600887.SH,600887,伊利股份,内蒙,乳制品,内蒙古伊利实业集团股份有限公司,主板,SSE,L,1996-03-12
600888.SH,600888,新疆众和,新疆,铝,新疆众和股份有限公司,主板,SSE,L,1996-02-15
600889.SH,600889,南京化纤,江苏,化纤,南京化纤股份有限公司,主板,SSE,L,1996-03-08
600892.SH,600892,大晟文化,深圳,互联网,大晟时代文化投资股份有限公司,主板,SSE,L,1996-03-15
600893.SH,600893,航发动力,陕西,航空,中国航发动力股份有限公司,主板,SSE,L,1996-04-08
600894.SH,600894,广日股份,广东,运输设备,广州广日股份有限公司,主板,SSE,L,1996-03-28
600895.SH,600895,张江高科,上海,园区开发,上海张江高科技园区开发股份有限公司,主板,SSE,L,1996-04-22
600897.SH,600897,厦门空港,福建,机场,元翔(厦门)国际航空港股份有限公司,主板,SSE,L,1996-05-31
600898.SH,600898,*ST美讯,山东,元器件,国美通讯设备股份有限公司,主板,SSE,L,1996-04-18
600900.SH,600900,长江电力,北京,水力发电,中国长江电力股份有限公司,主板,SSE,L,2003-11-18
600901.SH,600901,江苏金租,江苏,多元金融,江苏金融租赁股份有限公司,主板,SSE,L,2018-03-01
600903.SH,600903,贵州燃气,贵州,供气供热,贵州燃气集团股份有限公司,主板,SSE,L,2017-11-07
600905.SH,600905,三峡能源,北京,新型电力,中国三峡新能源(集团)股份有限公司,主板,SSE,L,2021-06-10
600906.SH,600906,财达证券,河北,证券,财达证券股份有限公司,主板,SSE,L,2021-05-07
600908.SH,600908,无锡银行,江苏,银行,无锡农村商业银行股份有限公司,主板,SSE,L,2016-09-23
600909.SH,600909,华安证券,安徽,证券,华安证券股份有限公司,主板,SSE,L,2016-12-06
600916.SH,600916,中国黄金,北京,服饰,中国黄金集团黄金珠宝股份有限公司,主板,SSE,L,2021-02-05
600917.SH,600917,重庆燃气,重庆,供气供热,重庆燃气集团股份有限公司,主板,SSE,L,2014-09-30
600918.SH,600918,中泰证券,山东,证券,中泰证券股份有限公司,主板,SSE,L,2020-06-03
600919.SH,600919,江苏银行,江苏,银行,江苏银行股份有限公司,主板,SSE,L,2016-08-02
600925.SH,600925,苏能股份,江苏,煤炭开采,江苏徐矿能源股份有限公司,主板,SSE,L,2023-03-29
600926.SH,600926,杭州银行,浙江,银行,杭州银行股份有限公司,主板,SSE,L,2016-10-27
600927.SH,600927,永安期货,浙江,多元金融,永安期货股份有限公司,主板,SSE,L,2021-12-23
600928.SH,600928,西安银行,陕西,银行,西安银行股份有限公司,主板,SSE,L,2019-03-01
600929.SH,600929,雪天盐业,湖南,食品,雪天盐业集团股份有限公司,主板,SSE,L,2018-03-26
600933.SH,600933,爱柯迪,浙江,汽车配件,爱柯迪股份有限公司,主板,SSE,L,2017-11-17
600935.SH,600935,华塑股份,安徽,化工原料,安徽华塑股份有限公司,主板,SSE,L,2021-11-26
600936.SH,600936,广西广电,广西,影视音像,广西广播电视信息网络股份有限公司,主板,SSE,L,2016-08-15
600938.SH,600938,中国海油,北京,石油开采,中国海洋石油有限公司,主板,SSE,L,2022-04-21
600939.SH,600939,重庆建工,重庆,建筑工程,重庆建工集团股份有限公司,主板,SSE,L,2017-02-21
600941.SH,600941,中国移动,北京,电信运营,中国移动有限公司,主板,SSE,L,2022-01-05
600955.SH,600955,维远股份,山东,化工原料,利华益维远化学股份有限公司,主板,SSE,L,2021-09-15
600956.SH,600956,新天绿能,河北,供气供热,新天绿色能源股份有限公司,主板,SSE,L,2020-06-29
600958.SH,600958,东方证券,上海,证券,东方证券股份有限公司,主板,SSE,L,2015-03-23
600959.SH,600959,江苏有线,江苏,影视音像,江苏省广电有线信息网络股份有限公司,主板,SSE,L,2015-04-28
600960.SH,600960,渤海汽车,山东,汽车配件,渤海汽车系统股份有限公司,主板,SSE,L,2004-04-07
600961.SH,600961,株冶集团,湖南,铅锌,株洲冶炼集团股份有限公司,主板,SSE,L,2004-08-30
600962.SH,600962,国投中鲁,北京,软饮料,国投中鲁果汁股份有限公司,主板,SSE,L,2004-06-22
600963.SH,600963,岳阳林纸,湖南,造纸,岳阳林纸股份有限公司,主板,SSE,L,2004-05-25
600965.SH,600965,福成股份,河北,农业综合,河北福成五丰食品股份有限公司,主板,SSE,L,2004-07-13
600966.SH,600966,博汇纸业,山东,造纸,山东博汇纸业股份有限公司,主板,SSE,L,2004-06-08
600967.SH,600967,内蒙一机,内蒙,运输设备,内蒙古第一机械集团股份有限公司,主板,SSE,L,2004-05-18
600968.SH,600968,海油发展,北京,石油开采,中海油能源发展股份有限公司,主板,SSE,L,2019-06-26
600969.SH,600969,郴电国际,湖南,水力发电,湖南郴电国际发展股份有限公司,主板,SSE,L,2004-04-08
600970.SH,600970,中材国际,江苏,建筑工程,中国中材国际工程股份有限公司,主板,SSE,L,2005-04-12
600971.SH,600971,恒源煤电,安徽,煤炭开采,安徽恒源煤电股份有限公司,主板,SSE,L,2004-08-17
600973.SH,600973,宝胜股份,江苏,电气设备,宝胜科技创新股份有限公司,主板,SSE,L,2004-08-02
600975.SH,600975,新五丰,湖南,农业综合,湖南新五丰股份有限公司,主板,SSE,L,2004-06-09
600976.SH,600976,健民集团,湖北,中成药,健民药业集团股份有限公司,主板,SSE,L,2004-04-19
600977.SH,600977,中国电影,北京,影视音像,中国电影股份有限公司,主板,SSE,L,2016-08-09
600979.SH,600979,广安爱众,四川,水力发电,四川广安爱众股份有限公司,主板,SSE,L,2004-09-06
600980.SH,600980,北矿科技,北京,专用机械,北矿科技股份有限公司,主板,SSE,L,2004-05-12
600981.SH,600981,汇鸿集团,江苏,商贸代理,江苏汇鸿国际集团股份有限公司,主板,SSE,L,2004-06-30
600982.SH,600982,宁波能源,浙江,供气供热,宁波能源集团股份有限公司,主板,SSE,L,2004-07-06
600983.SH,600983,惠而浦,安徽,家用电器,惠而浦(中国)股份有限公司,主板,SSE,L,2004-07-27
600984.SH,600984,建设机械,陕西,工程机械,陕西建设机械股份有限公司,主板,SSE,L,2004-07-07
600985.SH,600985,淮北矿业,安徽,煤炭开采,淮北矿业控股股份有限公司,主板,SSE,L,2004-04-28
600986.SH,600986,浙文互联,浙江,互联网,浙文互联集团股份有限公司,主板,SSE,L,2004-04-26
600987.SH,600987,航民股份,浙江,纺织,浙江航民股份有限公司,主板,SSE,L,2004-08-09
600988.SH,600988,赤峰黄金,内蒙,黄金,赤峰吉隆黄金矿业股份有限公司,主板,SSE,L,2004-04-14
600989.SH,600989,宝丰能源,宁夏,化工原料,宁夏宝丰能源集团股份有限公司,主板,SSE,L,2019-05-16
600990.SH,600990,四创电子,安徽,通信设备,四创电子股份有限公司,主板,SSE,L,2004-05-10
600992.SH,600992,贵绳股份,贵州,钢加工,贵州钢绳股份有限公司,主板,SSE,L,2004-05-14
600993.SH,600993,马应龙,湖北,中成药,马应龙药业集团股份有限公司,主板,SSE,L,2004-05-17
600995.SH,600995,南网储能,云南,水力发电,南方电网储能股份有限公司,主板,SSE,L,2004-06-15
600996.SH,600996,贵广网络,贵州,影视音像,贵州省广播电视信息网络股份有限公司,主板,SSE,L,2016-12-26
600997.SH,600997,开滦股份,河北,焦炭加工,开滦能源化工股份有限公司,主板,SSE,L,2004-06-02
600998.SH,600998,九州通,湖北,医药商业,九州通医药集团股份有限公司,主板,SSE,L,2010-11-02
600999.SH,600999,招商证券,深圳,证券,招商证券股份有限公司,主板,SSE,L,2009-11-17
601000.SH,601000,唐山港,河北,港口,唐山港集团股份有限公司,主板,SSE,L,2010-07-05
601001.SH,601001,晋控煤业,山西,煤炭开采,晋能控股山西煤业股份有限公司,主板,SSE,L,2006-06-23
601002.SH,601002,晋亿实业,浙江,机械基件,晋亿实业股份有限公司,主板,SSE,L,2007-01-26
601003.SH,601003,柳钢股份,广西,普钢,柳州钢铁股份有限公司,主板,SSE,L,2007-02-27
601005.SH,601005,重庆钢铁,重庆,普钢,重庆钢铁股份有限公司,主板,SSE,L,2007-02-28
601006.SH,601006,大秦铁路,山西,铁路,大秦铁路股份有限公司,主板,SSE,L,2006-08-01
601007.SH,601007,金陵饭店,江苏,酒店餐饮,金陵饭店股份有限公司,主板,SSE,L,2007-04-06
601008.SH,601008,连云港,江苏,港口,江苏连云港港口股份有限公司,主板,SSE,L,2007-04-26
601009.SH,601009,南京银行,江苏,银行,南京银行股份有限公司,主板,SSE,L,2007-07-19
601010.SH,601010,文峰股份,江苏,百货,文峰大世界连锁发展股份有限公司,主板,SSE,L,2011-06-03
601011.SH,601011,宝泰隆,黑龙江,焦炭加工,宝泰隆新材料股份有限公司,主板,SSE,L,2011-03-09
601012.SH,601012,隆基绿能,陕西,电气设备,隆基绿能科技股份有限公司,主板,SSE,L,2012-04-11
601015.SH,601015,陕西黑猫,陕西,焦炭加工,陕西黑猫焦化股份有限公司,主板,SSE,L,2014-11-05
601016.SH,601016,节能风电,北京,新型电力,中节能风力发电股份有限公司,主板,SSE,L,2014-09-29
601018.SH,601018,宁波港,浙江,港口,宁波舟山港股份有限公司,主板,SSE,L,2010-09-28
601019.SH,601019,山东出版,山东,出版业,山东出版传媒股份有限公司,主板,SSE,L,2017-11-22
601020.SH,601020,华钰矿业,西藏,铅锌,西藏华钰矿业股份有限公司,主板,SSE,L,2016-03-16
601021.SH,601021,春秋航空,上海,空运,春秋航空股份有限公司,主板,SSE,L,2015-01-21
601022.SH,601022,宁波远洋,浙江,水运,宁波远洋运输股份有限公司,主板,SSE,L,2022-12-08
601028.SH,601028,玉龙股份,山东,商贸代理,山东玉龙黄金股份有限公司,主板,SSE,L,2011-11-07
601033.SH,601033,永兴股份,广东,环境保护,广州环投永兴集团股份有限公司,主板,SSE,L,2024-01-18
601038.SH,601038,一拖股份,河南,农用机械,第一拖拉机股份有限公司,主板,SSE,L,2012-08-08
601058.SH,601058,赛轮轮胎,山东,汽车配件,赛轮集团股份有限公司,主板,SSE,L,2011-06-30
601059.SH,601059,信达证券,北京,证券,信达证券股份有限公司,主板,SSE,L,2023-02-01
601061.SH,601061,中信金属,北京,商贸代理,中信金属股份有限公司,主板,SSE,L,2023-04-10
601065.SH,601065,江盐集团,江西,化工原料,江西省盐业集团股份有限公司,主板,SSE,L,2023-04-10
601066.SH,601066,中信建投,北京,证券,中信建投证券股份有限公司,主板,SSE,L,2018-06-20
601068.SH,601068,中铝国际,北京,建筑工程,中铝国际工程股份有限公司,主板,SSE,L,2018-08-31
601069.SH,601069,西部黄金,新疆,黄金,西部黄金股份有限公司,主板,SSE,L,2015-01-22
601077.SH,601077,渝农商行,重庆,银行,重庆农村商业银行股份有限公司,主板,SSE,L,2019-10-29
601083.SH,601083,锦江航运,上海,水运,上海锦江航运(集团)股份有限公司,主板,SSE,L,2023-12-05
601086.SH,601086,国芳集团,甘肃,百货,甘肃国芳工贸(集团)股份有限公司,主板,SSE,L,2017-09-29
601088.SH,601088,中国神华,北京,煤炭开采,中国神华能源股份有限公司,主板,SSE,L,2007-10-09
601089.SH,601089,福元医药,北京,化学制药,北京福元医药股份有限公司,主板,SSE,L,2022-06-30
601096.SH,601096,宏盛华源,山东,钢加工,宏盛华源铁塔集团股份有限公司,主板,SSE,L,2023-12-22
601098.SH,601098,中南传媒,湖南,出版业,中南出版传媒集团股份有限公司,主板,SSE,L,2010-10-28
601099.SH,601099,太平洋,云南,证券,太平洋证券股份有限公司,主板,SSE,L,2007-12-28
601100.SH,601100,恒立液压,江苏,工程机械,江苏恒立液压股份有限公司,主板,SSE,L,2011-10-28
601101.SH,601101,昊华能源,北京,煤炭开采,北京昊华能源股份有限公司,主板,SSE,L,2010-03-31
601106.SH,601106,中国一重,黑龙江,工程机械,中国第一重型机械股份公司,主板,SSE,L,2010-02-09
601107.SH,601107,四川成渝,四川,路桥,四川成渝高速公路股份有限公司,主板,SSE,L,2009-07-27
601108.SH,601108,财通证券,浙江,证券,财通证券股份有限公司,主板,SSE,L,2017-10-24
601111.SH,601111,中国国航,北京,空运,中国国际航空股份有限公司,主板,SSE,L,2006-08-18
601113.SH,601113,华鼎股份,浙江,互联网,义乌华鼎锦纶股份有限公司,主板,SSE,L,2011-05-09
601116.SH,601116,三江购物,浙江,超市连锁,三江购物俱乐部股份有限公司,主板,SSE,L,2011-03-02
601117.SH,601117,中国化学,北京,建筑工程,中国化学工程股份有限公司,主板,SSE,L,2010-01-07
601118.SH,601118,海南橡胶,海南,橡胶,海南天然橡胶产业集团股份有限公司,主板,SSE,L,2011-01-07
601121.SH,601121,宝地矿业,新疆,普钢,新疆宝地矿业股份有限公司,主板,SSE,L,2023-03-10
601126.SH,601126,四方股份,北京,电气设备,北京四方继保自动化股份有限公司,主板,SSE,L,2010-12-31
601127.SH,601127,赛力斯,重庆,汽车整车,赛力斯集团股份有限公司,主板,SSE,L,2016-06-15
601128.SH,601128,常熟银行,江苏,银行,江苏常熟农村商业银行股份有限公司,主板,SSE,L,2016-09-30
601133.SH,601133,柏诚股份,江苏,建筑工程,柏诚系统科技股份有限公司,主板,SSE,L,2023-04-10
601136.SH,601136,首创证券,北京,证券,首创证券股份有限公司,主板,SSE,L,2022-12-22
601137.SH,601137,博威合金,浙江,小金属,宁波博威合金材料股份有限公司,主板,SSE,L,2011-01-27
601138.SH,601138,工业富联,深圳,通信设备,富士康工业互联网股份有限公司,主板,SSE,L,2018-06-08
601139.SH,601139,深圳燃气,深圳,供气供热,深圳市燃气集团股份有限公司,主板,SSE,L,2009-12-25
601155.SH,601155,新城控股,江苏,区域地产,新城控股集团股份有限公司,主板,SSE,L,2015-12-04
601156.SH,601156,东航物流,上海,空运,东方航空物流股份有限公司,主板,SSE,L,2021-06-09
601158.SH,601158,重庆水务,重庆,水务,重庆水务集团股份有限公司,主板,SSE,L,2010-03-29
601162.SH,601162,天风证券,湖北,证券,天风证券股份有限公司,主板,SSE,L,2018-10-19
601163.SH,601163,三角轮胎,山东,汽车配件,三角轮胎股份有限公司,主板,SSE,L,2016-09-09
601166.SH,601166,兴业银行,福建,银行,兴业银行股份有限公司,主板,SSE,L,2007-02-05
601168.SH,601168,西部矿业,青海,铜,西部矿业股份有限公司,主板,SSE,L,2007-07-12
601169.SH,601169,北京银行,北京,银行,北京银行股份有限公司,主板,SSE,L,2007-09-19
601177.SH,601177,杭齿前进,浙江,机械基件,杭州前进齿轮箱集团股份有限公司,主板,SSE,L,2010-10-11
601179.SH,601179,中国西电,陕西,电气设备,中国西电电气股份有限公司,主板,SSE,L,2010-01-28
601186.SH,601186,中国铁建,北京,建筑工程,中国铁建股份有限公司,主板,SSE,L,2008-03-10
601187.SH,601187,厦门银行,福建,银行,厦门银行股份有限公司,主板,SSE,L,2020-10-27
601188.SH,601188,龙江交通,黑龙江,路桥,黑龙江交通发展股份有限公司,主板,SSE,L,2010-03-19
601198.SH,601198,东兴证券,北京,证券,东兴证券股份有限公司,主板,SSE,L,2015-02-26
601199.SH,601199,江南水务,江苏,水务,江苏江南水务股份有限公司,主板,SSE,L,2011-03-17
601200.SH,601200,上海环境,上海,环境保护,上海环境集团股份有限公司,主板,SSE,L,2017-03-31
601208.SH,601208,东材科技,四川,化工原料,四川东材科技集团股份有限公司,主板,SSE,L,2011-05-20
601211.SH,601211,国泰君安,上海,证券,国泰君安证券股份有限公司,主板,SSE,L,2015-06-26
601212.SH,601212,白银有色,甘肃,铜,白银有色集团股份有限公司,主板,SSE,L,2017-02-15
601216.SH,601216,君正集团,内蒙,化工原料,内蒙古君正能源化工集团股份有限公司,主板,SSE,L,2011-02-22
601218.SH,601218,吉鑫科技,江苏,电气设备,江苏吉鑫风能科技股份有限公司,主板,SSE,L,2011-05-06
601222.SH,601222,林洋能源,江苏,电器仪表,江苏林洋能源股份有限公司,主板,SSE,L,2011-08-08
601225.SH,601225,陕西煤业,陕西,煤炭开采,陕西煤业股份有限公司,主板,SSE,L,2014-01-28
601226.SH,601226,华电重工,北京,建筑工程,华电重工股份有限公司,主板,SSE,L,2014-12-11
601228.SH,601228,广州港,广东,港口,广州港股份有限公司,主板,SSE,L,2017-03-29
601229.SH,601229,上海银行,上海,银行,上海银行股份有限公司,主板,SSE,L,2016-11-16
601231.SH,601231,环旭电子,上海,元器件,环旭电子股份有限公司,主板,SSE,L,2012-02-20
601233.SH,601233,桐昆股份,浙江,化纤,桐昆集团股份有限公司,主板,SSE,L,2011-05-18
601236.SH,601236,红塔证券,云南,证券,红塔证券股份有限公司,主板,SSE,L,2019-07-05
601238.SH,601238,广汽集团,广东,汽车整车,广州汽车集团股份有限公司,主板,SSE,L,2012-03-29
601279.SH,601279,英利汽车,吉林,汽车配件,长春英利汽车工业股份有限公司,主板,SSE,L,2021-04-15
601288.SH,601288,农业银行,北京,银行,中国农业银行股份有限公司,主板,SSE,L,2010-07-15
601298.SH,601298,青岛港,山东,港口,青岛港国际股份有限公司,主板,SSE,L,2019-01-21
601311.SH,601311,骆驼股份,湖北,电气设备,骆驼集团股份有限公司,主板,SSE,L,2011-06-02
601318.SH,601318,中国平安,深圳,保险,中国平安保险(集团)股份有限公司,主板,SSE,L,2007-03-01
601319.SH,601319,中国人保,北京,保险,中国人民保险集团股份有限公司,主板,SSE,L,2018-11-16
601326.SH,601326,秦港股份,河北,港口,秦皇岛港股份有限公司,主板,SSE,L,2017-08-16
601328.SH,601328,交通银行,上海,银行,交通银行股份有限公司,主板,SSE,L,2007-05-15
601330.SH,601330,绿色动力,深圳,环境保护,绿色动力环保集团股份有限公司,主板,SSE,L,2018-06-11
601333.SH,601333,广深铁路,深圳,铁路,广深铁路股份有限公司,主板,SSE,L,2006-12-22
601336.SH,601336,新华保险,北京,保险,新华人寿保险股份有限公司,主板,SSE,L,2011-12-16
601339.SH,601339,百隆东方,浙江,纺织,百隆东方股份有限公司,主板,SSE,L,2012-06-12
601360.SH,601360,三六零,天津,互联网,三六零安全科技股份有限公司,主板,SSE,L,2012-01-16
601366.SH,601366,利群股份,山东,百货,利群商业集团股份有限公司,主板,SSE,L,2017-04-12
601368.SH,601368,绿城水务,广西,水务,广西绿城水务股份有限公司,主板,SSE,L,2015-06-12
601369.SH,601369,陕鼓动力,陕西,机械基件,西安陕鼓动力股份有限公司,主板,SSE,L,2010-04-28
601375.SH,601375,中原证券,河南,证券,中原证券股份有限公司,主板,SSE,L,2017-01-03
601377.SH,601377,兴业证券,福建,证券,兴业证券股份有限公司,主板,SSE,L,2010-10-13
601388.SH,601388,怡球资源,江苏,铝,怡球金属资源再生(中国)股份有限公司,主板,SSE,L,2012-04-23
601390.SH,601390,中国中铁,北京,建筑工程,中国中铁股份有限公司,主板,SSE,L,2007-12-03
601398.SH,601398,工商银行,北京,银行,中国工商银行股份有限公司,主板,SSE,L,2006-10-27
601399.SH,601399,国机重装,四川,工程机械,国机重型装备集团股份有限公司,主板,SSE,L,2020-06-08
601456.SH,601456,国联证券,江苏,证券,国联证券股份有限公司,主板,SSE,L,2020-07-31
601500.SH,601500,通用股份,江苏,汽车配件,江苏通用科技股份有限公司,主板,SSE,L,2016-09-19
601512.SH,601512,中新集团,江苏,园区开发,中新苏州工业园区开发集团股份有限公司,主板,SSE,L,2019-12-20
601515.SH,601515,东峰集团,广东,广告包装,广东东峰新材料集团股份有限公司,主板,SSE,L,2012-02-16
601518.SH,601518,吉林高速,吉林,路桥,吉林高速公路股份有限公司,主板,SSE,L,2010-03-19
601519.SH,601519,大智慧,上海,软件服务,上海大智慧股份有限公司,主板,SSE,L,2011-01-28
601528.SH,601528,瑞丰银行,浙江,银行,浙江绍兴瑞丰农村商业银行股份有限公司,主板,SSE,L,2021-06-25
601555.SH,601555,东吴证券,江苏,证券,东吴证券股份有限公司,主板,SSE,L,2011-12-12
601566.SH,601566,九牧王,福建,服饰,九牧王股份有限公司,主板,SSE,L,2011-05-30
601567.SH,601567,三星医疗,浙江,电器仪表,宁波三星医疗电气股份有限公司,主板,SSE,L,2011-06-15
601568.SH,601568,北元集团,陕西,化工原料,陕西北元化工集团股份有限公司,主板,SSE,L,2020-10-20
601577.SH,601577,长沙银行,湖南,银行,长沙银行股份有限公司,主板,SSE,L,2018-09-26
601579.SH,601579,会稽山,浙江,红黄酒,会稽山绍兴酒股份有限公司,主板,SSE,L,2014-08-25
601588.SH,601588,北辰实业,北京,区域地产,北京北辰实业股份有限公司,主板,SSE,L,2006-10-16
601595.SH,601595,上海电影,上海,影视音像,上海电影股份有限公司,主板,SSE,L,2016-08-17
601598.SH,601598,中国外运,北京,仓储物流,中国外运股份有限公司,主板,SSE,L,2019-01-18
601599.SH,601599,浙文影业,浙江,纺织,浙文影业集团股份有限公司,主板,SSE,L,2011-05-27
601600.SH,601600,中国铝业,北京,铝,中国铝业股份有限公司,主板,SSE,L,2007-04-30
601601.SH,601601,中国太保,上海,保险,中国太平洋保险(集团)股份有限公司,主板,SSE,L,2007-12-25
601606.SH,601606,长城军工,安徽,专用机械,安徽长城军工股份有限公司,主板,SSE,L,2018-08-06
601607.SH,601607,上海医药,上海,医药商业,上海医药集团股份有限公司,主板,SSE,L,1994-03-24
601608.SH,601608,中信重工,河南,专用机械,中信重工机械股份有限公司,主板,SSE,L,2012-07-06
601609.SH,601609,金田股份,浙江,铜,宁波金田铜业(集团)股份有限公司,主板,SSE,L,2020-04-22
601611.SH,601611,中国核建,上海,建筑工程,中国核工业建设股份有限公司,主板,SSE,L,2016-06-06
601615.SH,601615,明阳智能,广东,电气设备,明阳智慧能源集团股份公司,主板,SSE,L,2019-01-23
601616.SH,601616,广电电气,上海,电气设备,上海广电电气(集团)股份有限公司,主板,SSE,L,2011-02-01
601618.SH,601618,中国中冶,北京,建筑工程,中国冶金科工股份有限公司,主板,SSE,L,2009-09-21
601619.SH,601619,嘉泽新能,宁夏,新型电力,宁夏嘉泽新能源股份有限公司,主板,SSE,L,2017-07-20
601628.SH,601628,中国人寿,北京,保险,中国人寿保险股份有限公司,主板,SSE,L,2007-01-09
601633.SH,601633,长城汽车,河北,汽车整车,长城汽车股份有限公司,主板,SSE,L,2011-09-28
601636.SH,601636,旗滨集团,湖南,玻璃,株洲旗滨集团股份有限公司,主板,SSE,L,2011-08-12
601658.SH,601658,邮储银行,北京,银行,中国邮政储蓄银行股份有限公司,主板,SSE,L,2019-12-10
601665.SH,601665,齐鲁银行,山东,银行,齐鲁银行股份有限公司,主板,SSE,L,2021-06-18
601666.SH,601666,平煤股份,河南,煤炭开采,平顶山天安煤业股份有限公司,主板,SSE,L,2006-11-23
601668.SH,601668,中国建筑,北京,建筑工程,中国建筑股份有限公司,主板,SSE,L,2009-07-29
601669.SH,601669,中国电建,北京,建筑工程,中国电力建设股份有限公司,主板,SSE,L,2011-10-18
601677.SH,601677,明泰铝业,河南,铝,河南明泰铝业股份有限公司,主板,SSE,L,2011-09-19
601678.SH,601678,滨化股份,山东,化工原料,滨化集团股份有限公司,主板,SSE,L,2010-02-23
601686.SH,601686,友发集团,天津,钢加工,天津友发钢管集团股份有限公司,主板,SSE,L,2020-12-04
601688.SH,601688,华泰证券,江苏,证券,华泰证券股份有限公司,主板,SSE,L,2010-02-26
601689.SH,601689,拓普集团,浙江,汽车配件,宁波拓普集团股份有限公司,主板,SSE,L,2015-03-19
601696.SH,601696,中银证券,上海,证券,中银国际证券股份有限公司,主板,SSE,L,2020-02-26
601698.SH,601698,中国卫通,北京,电信运营,中国卫通集团股份有限公司,主板,SSE,L,2019-06-28
601699.SH,601699,潞安环能,山西,煤炭开采,山西潞安环保能源开发股份有限公司,主板,SSE,L,2006-09-22
601700.SH,601700,风范股份,江苏,电气设备,常熟风范电力设备股份有限公司,主板,SSE,L,2011-01-18
601702.SH,601702,华峰铝业,上海,铝,上海华峰铝业股份有限公司,主板,SSE,L,2020-09-07
601717.SH,601717,郑煤机,河南,专用机械,郑州煤矿机械集团股份有限公司,主板,SSE,L,2010-08-03
601718.SH,601718,际华集团,北京,服饰,际华集团股份有限公司,主板,SSE,L,2010-08-16
601727.SH,601727,上海电气,上海,电气设备,上海电气集团股份有限公司,主板,SSE,L,2008-12-05
601728.SH,601728,中国电信,北京,电信运营,中国电信股份有限公司,主板,SSE,L,2021-08-20
601766.SH,601766,中国中车,北京,运输设备,中国中车股份有限公司,主板,SSE,L,2008-08-18
601777.SH,601777,力帆科技,重庆,摩托车,力帆科技(集团)股份有限公司,主板,SSE,L,2010-11-25
601778.SH,601778,晶科科技,江西,新型电力,晶科电力科技股份有限公司,主板,SSE,L,2020-05-19
601788.SH,601788,光大证券,上海,证券,光大证券股份有限公司,主板,SSE,L,2009-08-18
601789.SH,601789,宁波建工,浙江,建筑工程,宁波建工股份有限公司,主板,SSE,L,2011-08-16
601798.SH,601798,蓝科高新,甘肃,化工机械,甘肃蓝科石化高新装备股份有限公司,主板,SSE,L,2011-06-22
601799.SH,601799,星宇股份,江苏,汽车配件,常州星宇车灯股份有限公司,主板,SSE,L,2011-02-01
601800.SH,601800,中国交建,北京,建筑工程,中国交通建设股份有限公司,主板,SSE,L,2012-03-09
601801.SH,601801,皖新传媒,安徽,出版业,安徽新华传媒股份有限公司,主板,SSE,L,2010-01-18
601808.SH,601808,中海油服,天津,石油开采,中海油田服务股份有限公司,主板,SSE,L,2007-09-28
601811.SH,601811,新华文轩,四川,出版业,新华文轩出版传媒股份有限公司,主板,SSE,L,2016-08-08
601816.SH,601816,京沪高铁,北京,铁路,京沪高速铁路股份有限公司,主板,SSE,L,2020-01-16
601818.SH,601818,光大银行,北京,银行,中国光大银行股份有限公司,主板,SSE,L,2010-08-18
601825.SH,601825,沪农商行,上海,银行,上海农村商业银行股份有限公司,主板,SSE,L,2021-08-19
601827.SH,601827,三峰环境,重庆,环境保护,重庆三峰环境集团股份有限公司,主板,SSE,L,2020-06-05
601828.SH,601828,美凯龙,上海,其他商业,红星美凯龙家居集团股份有限公司,主板,SSE,L,2018-01-17
601838.SH,601838,成都银行,四川,银行,成都银行股份有限公司,主板,SSE,L,2018-01-31
601857.SH,601857,中国石油,北京,石油开采,中国石油天然气股份有限公司,主板,SSE,L,2007-11-05
601858.SH,601858,中国科传,北京,出版业,中国科技出版传媒股份有限公司,主板,SSE,L,2017-01-18
601860.SH,601860,紫金银行,江苏,银行,江苏紫金农村商业银行股份有限公司,主板,SSE,L,2019-01-03
601865.SH,601865,福莱特,浙江,玻璃,福莱特玻璃集团股份有限公司,主板,SSE,L,2019-02-15
601866.SH,601866,中远海发,上海,水运,中远海运发展股份有限公司,主板,SSE,L,2007-12-12
601868.SH,601868,中国能建,北京,建筑工程,中国能源建设股份有限公司,主板,SSE,L,2021-09-28
601869.SH,601869,长飞光纤,湖北,通信设备,长飞光纤光缆股份有限公司,主板,SSE,L,2018-07-20
601872.SH,601872,招商轮船,上海,水运,招商局能源运输股份有限公司,主板,SSE,L,2006-12-01
601877.SH,601877,正泰电器,浙江,电气设备,浙江正泰电器股份有限公司,主板,SSE,L,2010-01-21
601878.SH,601878,浙商证券,浙江,证券,浙商证券股份有限公司,主板,SSE,L,2017-06-26
601880.SH,601880,辽港股份,辽宁,港口,辽宁港口股份有限公司,主板,SSE,L,2010-12-06
601881.SH,601881,中国银河,北京,证券,中国银河证券股份有限公司,主板,SSE,L,2017-01-23
601882.SH,601882,海天精工,浙江,机床制造,宁波海天精工股份有限公司,主板,SSE,L,2016-11-07
601886.SH,601886,江河集团,北京,装修装饰,江河创建集团股份有限公司,主板,SSE,L,2011-08-18
601888.SH,601888,中国中免,北京,旅游服务,中国旅游集团中免股份有限公司,主板,SSE,L,2009-10-15
601890.SH,601890,亚星锚链,江苏,船舶,江苏亚星锚链股份有限公司,主板,SSE,L,2010-12-28
601898.SH,601898,中煤能源,北京,煤炭开采,中国中煤能源股份有限公司,主板,SSE,L,2008-02-01
601899.SH,601899,紫金矿业,福建,铜,紫金矿业集团股份有限公司,主板,SSE,L,2008-04-25
601900.SH,601900,南方传媒,广东,出版业,南方出版传媒股份有限公司,主板,SSE,L,2016-02-15
601901.SH,601901,方正证券,湖南,证券,方正证券股份有限公司,主板,SSE,L,2011-08-10
601908.SH,601908,京运通,北京,新型电力,北京京运通科技股份有限公司,主板,SSE,L,2011-09-08
601916.SH,601916,浙商银行,浙江,银行,浙商银行股份有限公司,主板,SSE,L,2019-11-26
601918.SH,601918,新集能源,安徽,煤炭开采,中煤新集能源股份有限公司,主板,SSE,L,2007-12-19
601919.SH,601919,中远海控,天津,水运,中远海运控股股份有限公司,主板,SSE,L,2007-06-26
601921.SH,601921,浙版传媒,浙江,出版业,浙江出版传媒股份有限公司,主板,SSE,L,2021-07-23
601928.SH,601928,凤凰传媒,江苏,出版业,江苏凤凰出版传媒股份有限公司,主板,SSE,L,2011-11-30
601929.SH,601929,吉视传媒,吉林,影视音像,吉视传媒股份有限公司,主板,SSE,L,2012-02-23
601933.SH,601933,永辉超市,福建,超市连锁,永辉超市股份有限公司,主板,SSE,L,2010-12-15
601939.SH,601939,建设银行,北京,银行,中国建设银行股份有限公司,主板,SSE,L,2007-09-25
601949.SH,601949,中国出版,北京,出版业,中国出版传媒股份有限公司,主板,SSE,L,2017-08-21
601952.SH,601952,苏垦农发,江苏,种植业,江苏省农垦农业发展股份有限公司,主板,SSE,L,2017-05-15
601956.SH,601956,东贝集团,湖北,家用电器,湖北东贝机电集团股份有限公司,主板,SSE,L,2020-12-25
601958.SH,601958,金钼股份,陕西,小金属,金堆城钼业股份有限公司,主板,SSE,L,2008-04-17
601963.SH,601963,重庆银行,重庆,银行,重庆银行股份有限公司,主板,SSE,L,2021-02-05
601965.SH,601965,中国汽研,重庆,汽车服务,中国汽车工程研究院股份有限公司,主板,SSE,L,2012-06-11
601966.SH,601966,玲珑轮胎,山东,汽车配件,山东玲珑轮胎股份有限公司,主板,SSE,L,2016-07-06
601968.SH,601968,宝钢包装,上海,广告包装,上海宝钢包装股份有限公司,主板,SSE,L,2015-06-11
601969.SH,601969,海南矿业,海南,普钢,海南矿业股份有限公司,主板,SSE,L,2014-12-09
601975.SH,601975,招商南油,江苏,水运,招商局南京油运股份有限公司,主板,SSE,L,2019-01-08
601985.SH,601985,中国核电,北京,新型电力,中国核能电力股份有限公司,主板,SSE,L,2015-06-10
601988.SH,601988,中国银行,北京,银行,中国银行股份有限公司,主板,SSE,L,2006-07-05
601989.SH,601989,中国重工,北京,船舶,中国船舶重工股份有限公司,主板,SSE,L,2009-12-16
601990.SH,601990,南京证券,江苏,证券,南京证券股份有限公司,主板,SSE,L,2018-06-13
601991.SH,601991,大唐发电,北京,火力发电,大唐国际发电股份有限公司,主板,SSE,L,2006-12-20
601992.SH,601992,金隅集团,北京,水泥,北京金隅集团股份有限公司,主板,SSE,L,2011-03-01
601995.SH,601995,中金公司,北京,证券,中国国际金融股份有限公司,主板,SSE,L,2020-11-02
601996.SH,601996,丰林集团,广西,家居用品,广西丰林木业集团股份有限公司,主板,SSE,L,2011-09-29
601997.SH,601997,贵阳银行,贵州,银行,贵阳银行股份有限公司,主板,SSE,L,2016-08-16
601998.SH,601998,中信银行,北京,银行,中信银行股份有限公司,主板,SSE,L,2007-04-27
601999.SH,601999,出版传媒,辽宁,出版业,北方联合出版传媒(集团)股份有限公司,主板,SSE,L,2007-12-21
603000.SH,603000,人民网,北京,互联网,人民网股份有限公司,主板,SSE,L,2012-04-27
603001.SH,603001,ST奥康,浙江,服饰,浙江奥康鞋业股份有限公司,主板,SSE,L,2012-04-26
603002.SH,603002,宏昌电子,广东,化工原料,宏昌电子材料股份有限公司,主板,SSE,L,2012-05-18
603003.SH,603003,*ST龙宇,上海,石油贸易,上海龙宇数据股份有限公司,主板,SSE,L,2012-08-17
603004.SH,603004,鼎龙科技,浙江,化工原料,浙江鼎龙科技股份有限公司,主板,SSE,L,2023-12-27
603005.SH,603005,晶方科技,江苏,半导体,苏州晶方半导体科技股份有限公司,主板,SSE,L,2014-02-10
603006.SH,603006,联明股份,上海,汽车配件,上海联明机械股份有限公司,主板,SSE,L,2014-06-30
603007.SH,603007,ST花王,江苏,建筑工程,花王生态工程股份有限公司,主板,SSE,L,2016-08-26
603008.SH,603008,喜临门,浙江,家居用品,喜临门家具股份有限公司,主板,SSE,L,2012-07-17
603009.SH,603009,北特科技,上海,汽车配件,上海北特科技股份有限公司,主板,SSE,L,2014-07-18
603010.SH,603010,万盛股份,浙江,化工原料,浙江万盛股份有限公司,主板,SSE,L,2014-10-10
603011.SH,603011,合锻智能,安徽,机床制造,合肥合锻智能制造股份有限公司,主板,SSE,L,2014-11-07
603012.SH,603012,创力集团,上海,专用机械,上海创力集团股份有限公司,主板,SSE,L,2015-03-20
603013.SH,603013,亚普股份,江苏,汽车配件,亚普汽车部件股份有限公司,主板,SSE,L,2018-05-09
603015.SH,603015,弘讯科技,浙江,电气设备,宁波弘讯科技股份有限公司,主板,SSE,L,2015-03-03
603016.SH,603016,新宏泰,江苏,电气设备,无锡新宏泰电器科技股份有限公司,主板,SSE,L,2016-07-01
603017.SH,603017,中衡设计,江苏,建筑工程,中衡设计集团股份有限公司,主板,SSE,L,2014-12-31
603018.SH,603018,华设集团,江苏,建筑工程,华设设计集团股份有限公司,主板,SSE,L,2014-10-13
603019.SH,603019,中科曙光,天津,IT设备,曙光信息产业股份有限公司,主板,SSE,L,2014-11-06
603020.SH,603020,爱普股份,上海,食品,爱普香料集团股份有限公司,主板,SSE,L,2015-03-25
603021.SH,603021,山东华鹏,山东,家居用品,山东华鹏玻璃股份有限公司,主板,SSE,L,2015-04-23
603022.SH,603022,新通联,上海,广告包装,上海新通联包装股份有限公司,主板,SSE,L,2015-05-18
603023.SH,603023,*ST威帝,黑龙江,汽车配件,哈尔滨威帝电子股份有限公司,主板,SSE,L,2015-05-27
603025.SH,603025,大豪科技,北京,纺织机械,北京大豪科技股份有限公司,主板,SSE,L,2015-04-22
603026.SH,603026,胜华新材,山东,化工原料,胜华新材料集团股份有限公司,主板,SSE,L,2015-05-29
603027.SH,603027,千禾味业,四川,食品,千禾味业食品股份有限公司,主板,SSE,L,2016-03-07
603028.SH,603028,赛福天,江苏,钢加工,江苏赛福天集团股份有限公司,主板,SSE,L,2016-03-31
603029.SH,603029,天鹅股份,山东,农用机械,山东天鹅棉业机械股份有限公司,主板,SSE,L,2016-04-27
603030.SH,603030,*ST全筑,上海,装修装饰,上海全筑控股集团股份有限公司,主板,SSE,L,2015-03-20
603031.SH,603031,安孚科技,安徽,电气设备,安徽安孚电池科技股份有限公司,主板,SSE,L,2016-08-22
603032.SH,603032,德新科技,新疆,专用机械,德力西新能源科技股份有限公司,主板,SSE,L,2017-01-05
603033.SH,603033,三维股份,浙江,橡胶,三维控股集团股份有限公司,主板,SSE,L,2016-12-07
603035.SH,603035,常熟汽饰,江苏,汽车配件,江苏常熟汽饰集团股份有限公司,主板,SSE,L,2017-01-05
603036.SH,603036,如通股份,江苏,专用机械,江苏如通石油机械股份有限公司,主板,SSE,L,2016-12-09
603037.SH,603037,凯众股份,上海,汽车配件,上海凯众材料科技股份有限公司,主板,SSE,L,2017-01-20
603038.SH,603038,华立股份,广东,家居用品,东莞市华立实业股份有限公司,主板,SSE,L,2017-01-16
603039.SH,603039,泛微网络,上海,软件服务,泛微网络科技股份有限公司,主板,SSE,L,2017-01-13
603040.SH,603040,新坐标,浙江,汽车配件,杭州新坐标科技股份有限公司,主板,SSE,L,2017-02-09
603041.SH,603041,美思德,江苏,化工原料,江苏美思德化学股份有限公司,主板,SSE,L,2017-03-30
603042.SH,603042,华脉科技,江苏,通信设备,南京华脉科技股份有限公司,主板,SSE,L,2017-06-02
603043.SH,603043,广州酒家,广东,食品,广州酒家集团股份有限公司,主板,SSE,L,2017-06-27
603045.SH,603045,福达合金,浙江,电气设备,福达合金材料股份有限公司,主板,SSE,L,2018-05-17
603048.SH,603048,浙江黎明,浙江,汽车配件,浙江黎明智造股份有限公司,主板,SSE,L,2021-11-16
603050.SH,603050,科林电气,河北,电气设备,石家庄科林电气股份有限公司,主板,SSE,L,2017-04-14
603051.SH,603051,鹿山新材,广东,塑料,广州鹿山新材料股份有限公司,主板,SSE,L,2022-03-25
603052.SH,603052,可川科技,江苏,元器件,苏州可川电子科技股份有限公司,主板,SSE,L,2022-10-11
603053.SH,603053,成都燃气,四川,供气供热,成都燃气集团股份有限公司,主板,SSE,L,2019-12-17
603055.SH,603055,台华新材,浙江,纺织,浙江台华新材料股份有限公司,主板,SSE,L,2017-09-21
603056.SH,603056,德邦股份,上海,仓储物流,德邦物流股份有限公司,主板,SSE,L,2018-01-16
603057.SH,603057,紫燕食品,上海,食品,上海紫燕食品股份有限公司,主板,SSE,L,2022-09-26
603058.SH,603058,永吉股份,贵州,广告包装,贵州永吉印务股份有限公司,主板,SSE,L,2016-12-23
603059.SH,603059,倍加洁,江苏,日用化工,倍加洁集团股份有限公司,主板,SSE,L,2018-03-02
603060.SH,603060,国检集团,北京,建筑工程,中国国检测试控股集团股份有限公司,主板,SSE,L,2016-11-09
603061.SH,603061,金海通,天津,半导体,天津金海通半导体设备股份有限公司,主板,SSE,L,2023-03-03
603062.SH,603062,麦加芯彩,上海,染料涂料,麦加芯彩新材料科技(上海)股份有限公司,主板,SSE,L,2023-11-07
603063.SH,603063,禾望电气,深圳,电气设备,深圳市禾望电气股份有限公司,主板,SSE,L,2017-07-28
603065.SH,603065,宿迁联盛,江苏,化工原料,宿迁联盛科技股份有限公司,主板,SSE,L,2023-03-21
603066.SH,603066,音飞储存,江苏,仓储物流,南京音飞储存设备(集团)股份有限公司,主板,SSE,L,2015-06-11
603067.SH,603067,振华股份,湖北,化工原料,湖北振华化学股份有限公司,主板,SSE,L,2016-09-13
603068.SH,603068,博通集成,上海,半导体,博通集成电路(上海)股份有限公司,主板,SSE,L,2019-04-15
603069.SH,603069,海汽集团,海南,公路,海南海汽运输集团股份有限公司,主板,SSE,L,2016-07-12
603070.SH,603070,万控智造,浙江,电气设备,万控智造股份有限公司,主板,SSE,L,2022-03-10
603071.SH,603071,物产环能,浙江,批发业,浙江物产环保能源股份有限公司,主板,SSE,L,2021-12-16
603073.SH,603073,彩蝶实业,浙江,纺织,浙江彩蝶实业股份有限公司,主板,SSE,L,2023-03-16
603075.SH,603075,热威股份,浙江,家用电器,杭州热威电热科技股份有限公司,主板,SSE,L,2023-09-11
603076.SH,603076,乐惠国际,浙江,专用机械,宁波乐惠国际工程装备股份有限公司,主板,SSE,L,2017-11-13
603077.SH,603077,和邦生物,四川,化工原料,四川和邦生物科技股份有限公司,主板,SSE,L,2012-07-31
603078.SH,603078,江化微,江苏,半导体,江阴江化微电子材料股份有限公司,主板,SSE,L,2017-04-10
603079.SH,603079,圣达生物,浙江,食品,浙江圣达生物药业股份有限公司,主板,SSE,L,2017-08-23
603080.SH,603080,新疆火炬,新疆,供气供热,新疆火炬燃气股份有限公司,主板,SSE,L,2018-01-03
603081.SH,603081,大丰实业,浙江,专用机械,浙江大丰实业股份有限公司,主板,SSE,L,2017-04-20
603082.SH,603082,北自科技,北京,运输设备,北自所(北京)科技发展股份有限公司,主板,SSE,L,2024-01-30
603083.SH,603083,剑桥科技,上海,通信设备,上海剑桥科技股份有限公司,主板,SSE,L,2017-11-10
603085.SH,603085,天成自控,浙江,汽车配件,浙江天成自控股份有限公司,主板,SSE,L,2015-06-30
603086.SH,603086,先达股份,山东,农药化肥,山东先达农化股份有限公司,主板,SSE,L,2017-05-11
603087.SH,603087,甘李药业,北京,生物制药,甘李药业股份有限公司,主板,SSE,L,2020-06-29
603088.SH,603088,宁波精达,浙江,机床制造,宁波精达成形装备股份有限公司,主板,SSE,L,2014-11-11
603089.SH,603089,正裕工业,浙江,汽车配件,浙江正裕工业股份有限公司,主板,SSE,L,2017-01-26
603090.SH,603090,宏盛股份,江苏,专用机械,无锡宏盛换热器制造股份有限公司,主板,SSE,L,2016-08-31
603093.SH,603093,南华期货,浙江,多元金融,南华期货股份有限公司,主板,SSE,L,2019-08-30
603095.SH,603095,越剑智能,浙江,纺织机械,浙江越剑智能装备股份有限公司,主板,SSE,L,2020-04-15
603096.SH,603096,新经典,天津,出版业,新经典文化股份有限公司,主板,SSE,L,2017-04-25
603097.SH,603097,江苏华辰,江苏,电气设备,江苏华辰变压器股份有限公司,主板,SSE,L,2022-05-12
603098.SH,603098,森特股份,北京,装修装饰,森特士兴集团股份有限公司,主板,SSE,L,2016-12-16
603099.SH,603099,长白山,吉林,旅游景点,长白山旅游股份有限公司,主板,SSE,L,2014-08-22
603100.SH,603100,川仪股份,重庆,电器仪表,重庆川仪自动化股份有限公司,主板,SSE,L,2014-08-05
603101.SH,603101,汇嘉时代,新疆,百货,新疆汇嘉时代百货股份有限公司,主板,SSE,L,2016-05-06
603102.SH,603102,百合股份,山东,医疗保健,威海百合生物技术股份有限公司,主板,SSE,L,2022-01-25
603103.SH,603103,横店影视,浙江,影视音像,横店影视股份有限公司,主板,SSE,L,2017-10-12
603105.SH,603105,芯能科技,浙江,电气设备,浙江芯能光伏科技股份有限公司,主板,SSE,L,2018-07-09
603106.SH,603106,恒银科技,天津,IT设备,恒银金融科技股份有限公司,主板,SSE,L,2017-09-20
603107.SH,603107,上海汽配,上海,汽车配件,上海汽车空调配件股份有限公司,主板,SSE,L,2023-11-01
603108.SH,603108,润达医疗,上海,医药商业,上海润达医疗科技股份有限公司,主板,SSE,L,2015-05-27
603109.SH,603109,神驰机电,重庆,电气设备,神驰机电股份有限公司,主板,SSE,L,2019-12-31
603110.SH,603110,东方材料,安徽,染料涂料,新东方新材料股份有限公司,主板,SSE,L,2017-10-13
603111.SH,603111,康尼机电,江苏,运输设备,南京康尼机电股份有限公司,主板,SSE,L,2014-08-01
603112.SH,603112,华翔股份,山西,机械基件,山西华翔集团股份有限公司,主板,SSE,L,2020-09-17
603113.SH,603113,金能科技,山东,焦炭加工,金能科技股份有限公司,主板,SSE,L,2017-05-11
603115.SH,603115,海星股份,江苏,铝,南通海星电子股份有限公司,主板,SSE,L,2019-08-09
603116.SH,603116,红蜻蜓,浙江,服饰,浙江红蜻蜓鞋业股份有限公司,主板,SSE,L,2015-06-29
603117.SH,603117,ST万林,江苏,仓储物流,江苏万林现代物流股份有限公司,主板,SSE,L,2015-06-29
603118.SH,603118,共进股份,深圳,通信设备,深圳市共进电子股份有限公司,主板,SSE,L,2015-02-25
603119.SH,603119,浙江荣泰,浙江,汽车配件,浙江荣泰电工器材股份有限公司,主板,SSE,L,2023-08-01
603121.SH,603121,华培动力,上海,汽车配件,上海华培数能科技(集团)股份有限公司,主板,SSE,L,2019-01-11
603122.SH,603122,合富中国,上海,医药商业,合富(中国)医疗科技股份有限公司,主板,SSE,L,2022-02-16
603123.SH,603123,翠微股份,北京,多元金融,北京翠微大厦股份有限公司,主板,SSE,L,2012-05-03
603125.SH,603125,常青科技,江苏,化工原料,江苏常青树新材料科技股份有限公司,主板,SSE,L,2023-04-10
603126.SH,603126,中材节能,天津,环境保护,中材节能股份有限公司,主板,SSE,L,2014-07-31
603127.SH,603127,昭衍新药,北京,医疗保健,北京昭衍新药研究中心股份有限公司,主板,SSE,L,2017-08-25
603128.SH,603128,华贸物流,上海,仓储物流,港中旅华贸国际物流股份有限公司,主板,SSE,L,2012-05-29
603129.SH,603129,春风动力,浙江,摩托车,浙江春风动力股份有限公司,主板,SSE,L,2017-08-18
603130.SH,603130,云中马,浙江,纺织,浙江云中马股份有限公司,主板,SSE,L,2022-11-18
603131.SH,603131,上海沪工,上海,专用机械,上海沪工焊接集团股份有限公司,主板,SSE,L,2016-06-07
603132.SH,603132,金徽股份,甘肃,铅锌,金徽矿业股份有限公司,主板,SSE,L,2022-02-22
603133.SH,603133,*ST碳元,江苏,元器件,碳元科技股份有限公司,主板,SSE,L,2017-03-20
603135.SH,603135,中重科技,天津,专用机械,中重科技(天津)股份有限公司,主板,SSE,L,2023-04-10
603136.SH,603136,天目湖,江苏,旅游景点,江苏天目湖旅游股份有限公司,主板,SSE,L,2017-09-27
603137.SH,603137,恒尚节能,江苏,装修装饰,江苏恒尚节能科技股份有限公司,主板,SSE,L,2023-04-19
603138.SH,603138,海量数据,北京,软件服务,北京海量数据技术股份有限公司,主板,SSE,L,2017-03-06
603139.SH,603139,康惠制药,陕西,中成药,陕西康惠制药股份有限公司,主板,SSE,L,2017-04-21
603150.SH,603150,万朗磁塑,安徽,塑料,安徽万朗磁塑股份有限公司,主板,SSE,L,2022-01-24
603151.SH,603151,邦基科技,山东,饲料,山东邦基科技股份有限公司,主板,SSE,L,2022-10-19
603153.SH,603153,上海建科,上海,建筑工程,上海建科集团股份有限公司,主板,SSE,L,2023-03-13
603155.SH,603155,新亚强,江苏,化工原料,新亚强硅化学股份有限公司,主板,SSE,L,2020-09-01
603156.SH,603156,养元饮品,河北,软饮料,河北养元智汇饮品股份有限公司,主板,SSE,L,2018-02-12
603158.SH,603158,腾龙股份,江苏,汽车配件,常州腾龙汽车零部件股份有限公司,主板,SSE,L,2015-03-20
603159.SH,603159,上海亚虹,上海,专用机械,上海亚虹模具股份有限公司,主板,SSE,L,2016-08-12
603160.SH,603160,汇顶科技,深圳,半导体,深圳市汇顶科技股份有限公司,主板,SSE,L,2016-10-17
603161.SH,603161,科华控股,江苏,汽车配件,科华控股股份有限公司,主板,SSE,L,2018-01-05
603162.SH,603162,海通发展,福建,水运,福建海通发展股份有限公司,主板,SSE,L,2023-03-29
603163.SH,603163,圣晖集成,江苏,建筑工程,圣晖系统集成集团股份有限公司,主板,SSE,L,2022-10-13
603165.SH,603165,荣晟环保,浙江,造纸,浙江荣晟环保纸业股份有限公司,主板,SSE,L,2017-01-17
603166.SH,603166,福达股份,广西,汽车配件,桂林福达股份有限公司,主板,SSE,L,2014-11-27
603167.SH,603167,渤海轮渡,山东,水运,渤海轮渡集团股份有限公司,主板,SSE,L,2012-09-06
603168.SH,603168,莎普爱思,浙江,化学制药,浙江莎普爱思药业股份有限公司,主板,SSE,L,2014-07-02
603169.SH,603169,兰石重装,甘肃,专用机械,兰州兰石重型装备股份有限公司,主板,SSE,L,2014-10-09
603170.SH,603170,宝立食品,上海,食品,上海宝立食品科技股份有限公司,主板,SSE,L,2022-07-15
603171.SH,603171,税友股份,浙江,软件服务,税友软件集团股份有限公司,主板,SSE,L,2021-06-30
603172.SH,603172,万丰股份,浙江,染料涂料,浙江万丰化工股份有限公司,主板,SSE,L,2023-05-10
603173.SH,603173,福斯达,浙江,机械基件,杭州福斯达深冷装备股份有限公司,主板,SSE,L,2023-01-30
603176.SH,603176,汇通集团,河北,建筑工程,汇通建设集团股份有限公司,主板,SSE,L,2021-12-31
603177.SH,603177,德创环保,浙江,环境保护,浙江德创环保科技股份有限公司,主板,SSE,L,2017-02-07
603178.SH,603178,圣龙股份,浙江,汽车配件,宁波圣龙汽车动力系统股份有限公司,主板,SSE,L,2017-03-28
603179.SH,603179,新泉股份,江苏,汽车配件,江苏新泉汽车饰件股份有限公司,主板,SSE,L,2017-03-17
603180.SH,603180,金牌厨柜,福建,家居用品,金牌厨柜家居科技股份有限公司,主板,SSE,L,2017-05-12
603181.SH,603181,皇马科技,浙江,化工原料,浙江皇马科技股份有限公司,主板,SSE,L,2017-08-24
603182.SH,603182,嘉华股份,山东,食品,山东嘉华生物科技股份有限公司,主板,SSE,L,2022-09-09
603183.SH,603183,建研院,江苏,建筑工程,苏州市建筑科学研究院集团股份有限公司,主板,SSE,L,2017-09-05
603185.SH,603185,弘元绿能,江苏,电气设备,弘元绿色能源股份有限公司,主板,SSE,L,2018-12-28
603186.SH,603186,华正新材,浙江,元器件,浙江华正新材料股份有限公司,主板,SSE,L,2017-01-03
603187.SH,603187,海容冷链,山东,机械基件,青岛海容商用冷链股份有限公司,主板,SSE,L,2018-11-29
603188.SH,603188,亚邦股份,江苏,染料涂料,江苏亚邦染料股份有限公司,主板,SSE,L,2014-09-09
603189.SH,603189,网达软件,上海,软件服务,上海网达软件股份有限公司,主板,SSE,L,2016-09-14
603190.SH,603190,亚通精工,山东,汽车配件,烟台亚通精工机械股份有限公司,主板,SSE,L,2023-02-17
603191.SH,603191,望变电气,重庆,电气设备,重庆望变电气(集团)股份有限公司,主板,SSE,L,2022-04-28
603192.SH,603192,汇得科技,上海,化工原料,上海汇得科技股份有限公司,主板,SSE,L,2018-08-28
603193.SH,603193,润本股份,广东,日用化工,润本生物技术股份有限公司,主板,SSE,L,2023-10-17
603195.SH,603195,公牛集团,浙江,家用电器,公牛集团股份有限公司,主板,SSE,L,2020-02-06
603196.SH,603196,日播时尚,上海,服饰,日播时尚集团股份有限公司,主板,SSE,L,2017-05-31
603197.SH,603197,保隆科技,上海,汽车配件,上海保隆汽车科技股份有限公司,主板,SSE,L,2017-05-19
603198.SH,603198,迎驾贡酒,安徽,白酒,安徽迎驾贡酒股份有限公司,主板,SSE,L,2015-05-28
603199.SH,603199,九华旅游,安徽,旅游景点,安徽九华山旅游发展股份有限公司,主板,SSE,L,2015-03-26
603200.SH,603200,上海洗霸,上海,环境保护,上海洗霸科技股份有限公司,主板,SSE,L,2017-06-01
603201.SH,603201,常润股份,江苏,汽车配件,常熟通润汽车零部件股份有限公司,主板,SSE,L,2022-07-29
603203.SH,603203,快克智能,江苏,专用机械,快克智能装备股份有限公司,主板,SSE,L,2016-11-08
603206.SH,603206,嘉环科技,江苏,通信设备,嘉环科技股份有限公司,主板,SSE,L,2022-05-06
603208.SH,603208,江山欧派,浙江,家居用品,江山欧派门业股份有限公司,主板,SSE,L,2017-02-10
603209.SH,603209,兴通股份,福建,水运,兴通海运股份有限公司,主板,SSE,L,2022-03-24
603211.SH,603211,晋拓股份,上海,汽车配件,晋拓科技股份有限公司,主板,SSE,L,2022-07-25
603212.SH,603212,赛伍技术,江苏,塑料,苏州赛伍应用技术股份有限公司,主板,SSE,L,2020-04-30
603213.SH,603213,镇洋发展,浙江,化工原料,浙江镇洋发展股份有限公司,主板,SSE,L,2021-11-11
603214.SH,603214,爱婴室,上海,百货,上海爱婴室商务服务股份有限公司,主板,SSE,L,2018-03-30
603215.SH,603215,比依股份,浙江,家用电器,浙江比依电器股份有限公司,主板,SSE,L,2022-02-18
603216.SH,603216,梦天家居,浙江,家居用品,梦天家居集团股份有限公司,主板,SSE,L,2021-12-15
603217.SH,603217,元利科技,山东,化工原料,元利化学集团股份有限公司,主板,SSE,L,2019-06-20
603218.SH,603218,日月股份,浙江,电气设备,日月重工股份有限公司,主板,SSE,L,2016-12-28
603219.SH,603219,富佳股份,浙江,家用电器,宁波富佳实业股份有限公司,主板,SSE,L,2021-11-22
603220.SH,603220,中贝通信,湖北,通信设备,中贝通信集团股份有限公司,主板,SSE,L,2018-11-15
603221.SH,603221,爱丽家居,江苏,家居用品,爱丽家居科技股份有限公司,主板,SSE,L,2020-03-23
603222.SH,603222,济民医疗,浙江,医疗保健,济民健康管理股份有限公司,主板,SSE,L,2015-02-17
603223.SH,603223,恒通股份,山东,仓储物流,恒通物流股份有限公司,主板,SSE,L,2015-06-30
603225.SH,603225,新凤鸣,浙江,化纤,新凤鸣集团股份有限公司,主板,SSE,L,2017-04-18
603226.SH,603226,菲林格尔,上海,家居用品,菲林格尔家居科技股份有限公司,主板,SSE,L,2017-06-15
603227.SH,603227,雪峰科技,新疆,化工原料,新疆雪峰科技(集团)股份有限公司,主板,SSE,L,2015-05-15
603228.SH,603228,景旺电子,深圳,元器件,深圳市景旺电子股份有限公司,主板,SSE,L,2017-01-06
603229.SH,603229,奥翔药业,浙江,化学制药,浙江奥翔药业股份有限公司,主板,SSE,L,2017-05-09
603230.SH,603230,内蒙新华,内蒙,出版业,内蒙古新华发行集团股份有限公司,主板,SSE,L,2021-12-24
603231.SH,603231,索宝蛋白,浙江,食品,宁波索宝蛋白科技股份有限公司,主板,SSE,L,2023-12-15
603232.SH,603232,格尔软件,上海,软件服务,格尔软件股份有限公司,主板,SSE,L,2017-04-21
603233.SH,603233,大参林,广东,医药商业,大参林医药集团股份有限公司,主板,SSE,L,2017-07-31
603235.SH,603235,天新药业,江西,化学制药,江西天新药业股份有限公司,主板,SSE,L,2022-07-12
603236.SH,603236,移远通信,上海,通信设备,上海移远通信技术股份有限公司,主板,SSE,L,2019-07-16
603237.SH,603237,五芳斋,浙江,食品,浙江五芳斋实业股份有限公司,主板,SSE,L,2022-08-31
603238.SH,603238,诺邦股份,浙江,纺织,杭州诺邦无纺股份有限公司,主板,SSE,L,2017-02-22
603239.SH,603239,浙江仙通,浙江,汽车配件,浙江仙通橡塑股份有限公司,主板,SSE,L,2016-12-30
603255.SH,603255,鼎际得,辽宁,化工原料,辽宁鼎际得石化股份有限公司,主板,SSE,L,2022-08-18
603256.SH,603256,宏和科技,上海,玻璃,宏和电子材料科技股份有限公司,主板,SSE,L,2019-07-19
603258.SH,603258,电魂网络,浙江,互联网,杭州电魂网络科技股份有限公司,主板,SSE,L,2016-10-26
603259.SH,603259,药明康德,江苏,化学制药,无锡药明康德新药开发股份有限公司,主板,SSE,L,2018-05-08
603260.SH,603260,合盛硅业,浙江,化工原料,合盛硅业股份有限公司,主板,SSE,L,2017-10-30
603261.SH,603261,立航科技,四川,航空,成都立航科技股份有限公司,主板,SSE,L,2022-03-15
603266.SH,603266,天龙股份,浙江,汽车配件,宁波天龙电子股份有限公司,主板,SSE,L,2017-01-10
603267.SH,603267,鸿远电子,北京,元器件,北京元六鸿远电子科技股份有限公司,主板,SSE,L,2019-05-15
603268.SH,603268,松发股份,广东,家居用品,广东松发陶瓷股份有限公司,主板,SSE,L,2015-03-19
603269.SH,603269,海鸥股份,江苏,机械基件,江苏海鸥冷却塔股份有限公司,主板,SSE,L,2017-05-17
603270.SH,603270,金帝股份,山东,机械基件,山东金帝精密机械科技股份有限公司,主板,SSE,L,2023-09-01
603272.SH,603272,联翔股份,浙江,家居用品,浙江联翔智能家居股份有限公司,主板,SSE,L,2022-05-20
603273.SH,603273,天元智能,江苏,专用机械,江苏天元智能装备股份有限公司,主板,SSE,L,2023-10-23
603275.SH,603275,众辰科技,上海,电器仪表,上海众辰电子科技股份有限公司,主板,SSE,L,2023-08-23
603276.SH,603276,恒兴新材,江苏,化工原料,江苏恒兴新材料科技股份有限公司,主板,SSE,L,2023-09-25
603277.SH,603277,银都股份,浙江,专用机械,银都餐饮设备股份有限公司,主板,SSE,L,2017-09-11
603278.SH,603278,大业股份,山东,钢加工,山东大业股份有限公司,主板,SSE,L,2017-11-13
603279.SH,603279,景津装备,山东,环境保护,景津装备股份有限公司,主板,SSE,L,2019-07-29
603280.SH,603280,南方路机,福建,专用机械,福建南方路面机械股份有限公司,主板,SSE,L,2022-11-08
603281.SH,603281,江瀚新材,湖北,化工原料,湖北江瀚新材料股份有限公司,主板,SSE,L,2023-01-31
603282.SH,603282,亚光股份,浙江,专用机械,浙江亚光科技股份有限公司,主板,SSE,L,2023-03-15
603283.SH,603283,赛腾股份,江苏,专用机械,苏州赛腾精密电子股份有限公司,主板,SSE,L,2017-12-25
603286.SH,603286,日盈电子,江苏,汽车配件,江苏日盈电子股份有限公司,主板,SSE,L,2017-06-27
603288.SH,603288,海天味业,广东,食品,佛山市海天调味食品股份有限公司,主板,SSE,L,2014-02-11
603289.SH,603289,泰瑞机器,浙江,专用机械,泰瑞机器股份有限公司,主板,SSE,L,2017-10-31
603290.SH,603290,斯达半导,浙江,半导体,斯达半导体股份有限公司,主板,SSE,L,2020-02-04
603291.SH,603291,联合水务,江苏,水务,江苏联合水务科技股份有限公司,主板,SSE,L,2023-03-27
603296.SH,603296,华勤技术,上海,元器件,华勤技术股份有限公司,主板,SSE,L,2023-08-08
603297.SH,603297,永新光学,浙江,元器件,宁波永新光学股份有限公司,主板,SSE,L,2018-09-10
603298.SH,603298,杭叉集团,浙江,专用机械,杭叉集团股份有限公司,主板,SSE,L,2016-12-27
603299.SH,603299,苏盐井神,江苏,食品,江苏苏盐井神股份有限公司,主板,SSE,L,2015-12-31
603300.SH,603300,华铁应急,浙江,多元金融,浙江华铁应急设备科技股份有限公司,主板,SSE,L,2015-05-29
603301.SH,603301,振德医疗,浙江,医疗保健,振德医疗用品股份有限公司,主板,SSE,L,2018-04-12
603303.SH,603303,得邦照明,浙江,家用电器,横店集团得邦照明股份有限公司,主板,SSE,L,2017-03-30
603305.SH,603305,旭升集团,浙江,汽车配件,宁波旭升集团股份有限公司,主板,SSE,L,2017-07-10
603306.SH,603306,华懋科技,福建,汽车配件,华懋(厦门)新材料科技股份有限公司,主板,SSE,L,2014-09-26
603307.SH,603307,扬州金泉,江苏,文教休闲,扬州金泉旅游用品股份有限公司,主板,SSE,L,2023-02-16
603308.SH,603308,应流股份,安徽,机械基件,安徽应流机电股份有限公司,主板,SSE,L,2014-01-22
603309.SH,603309,维力医疗,广东,医疗保健,广州维力医疗器械股份有限公司,主板,SSE,L,2015-03-02
603311.SH,603311,金海高科,浙江,家用电器,浙江金海高科股份有限公司,主板,SSE,L,2015-05-18
603312.SH,603312,西典新能,江苏,电气设备,苏州西典新能源电气股份有限公司,主板,SSE,L,2024-01-11
603313.SH,603313,梦百合,江苏,家居用品,梦百合家居科技股份有限公司,主板,SSE,L,2016-10-13
603315.SH,603315,福鞍股份,辽宁,机械基件,辽宁福鞍重工股份有限公司,主板,SSE,L,2015-04-24
603316.SH,603316,诚邦股份,浙江,建筑工程,诚邦生态环境股份有限公司,主板,SSE,L,2017-06-19
603317.SH,603317,天味食品,四川,食品,四川天味食品集团股份有限公司,主板,SSE,L,2019-04-16
603318.SH,603318,水发燃气,辽宁,供气供热,水发派思燃气股份有限公司,主板,SSE,L,2015-04-24
603319.SH,603319,湘油泵,湖南,汽车配件,湖南机油泵股份有限公司,主板,SSE,L,2016-11-30
603320.SH,603320,迪贝电气,浙江,电气设备,浙江迪贝电气股份有限公司,主板,SSE,L,2017-05-02
603321.SH,603321,梅轮电梯,浙江,运输设备,浙江梅轮电梯股份有限公司,主板,SSE,L,2017-09-15
603322.SH,603322,超讯通信,广东,通信设备,超讯通信股份有限公司,主板,SSE,L,2016-07-28
603323.SH,603323,苏农银行,江苏,银行,江苏苏州农村商业银行股份有限公司,主板,SSE,L,2016-11-29
603324.SH,603324,盛剑环境,上海,环境保护,上海盛剑环境系统科技股份有限公司,主板,SSE,L,2021-04-07
603325.SH,603325,博隆技术,上海,化工机械,上海博隆装备技术股份有限公司,主板,SSE,L,2024-01-10
603326.SH,603326,我乐家居,江苏,家居用品,南京我乐家居股份有限公司,主板,SSE,L,2017-06-16
603327.SH,603327,福蓉科技,四川,元器件,四川福蓉科技股份公司,主板,SSE,L,2019-05-23
603328.SH,603328,依顿电子,广东,元器件,广东依顿电子科技股份有限公司,主板,SSE,L,2014-07-01
603329.SH,603329,上海雅仕,上海,仓储物流,上海雅仕投资发展股份有限公司,主板,SSE,L,2017-12-29
603330.SH,603330,天洋新材,上海,塑料,天洋新材(上海)科技股份有限公司,主板,SSE,L,2017-02-13
603331.SH,603331,百达精工,浙江,专用机械,浙江百达精工股份有限公司,主板,SSE,L,2017-07-05
603332.SH,603332,苏州龙杰,江苏,化纤,苏州龙杰特种纤维股份有限公司,主板,SSE,L,2019-01-17
603333.SH,603333,尚纬股份,四川,电气设备,尚纬股份有限公司,主板,SSE,L,2012-05-07
603335.SH,603335,迪生力,广东,汽车配件,广东迪生力汽配股份有限公司,主板,SSE,L,2017-06-20
603336.SH,603336,宏辉果蔬,广东,农业综合,宏辉果蔬股份有限公司,主板,SSE,L,2016-11-24
603337.SH,603337,杰克股份,浙江,纺织机械,杰克科技股份有限公司,主板,SSE,L,2017-01-19
603338.SH,603338,浙江鼎力,浙江,专用机械,浙江鼎力机械股份有限公司,主板,SSE,L,2015-03-25
603339.SH,603339,四方科技,江苏,专用机械,四方科技集团股份有限公司,主板,SSE,L,2016-05-19
603341.SH,603341,龙旗科技,上海,通信设备,上海龙旗科技股份有限公司,主板,SSE,L,2024-03-01
603344.SH,603344,星德胜,江苏,电气设备,星德胜科技(苏州)股份有限公司,主板,SSE,L,2024-03-20
603345.SH,603345,安井食品,福建,食品,安井食品集团股份有限公司,主板,SSE,L,2017-02-22
603348.SH,603348,文灿股份,广东,汽车配件,文灿集团股份有限公司,主板,SSE,L,2018-04-26
603351.SH,603351,威尔药业,江苏,化学制药,南京威尔药业集团股份有限公司,主板,SSE,L,2019-01-30
603353.SH,603353,和顺石油,湖南,石油贸易,湖南和顺石油股份有限公司,主板,SSE,L,2020-04-07
603355.SH,603355,莱克电气,江苏,家用电器,莱克电气股份有限公司,主板,SSE,L,2015-05-13
603356.SH,603356,华菱精工,安徽,运输设备,宣城市华菱精工科技股份有限公司,主板,SSE,L,2018-01-24
603357.SH,603357,设计总院,安徽,建筑工程,安徽省交通规划设计研究总院股份有限公司,主板,SSE,L,2017-08-01
603358.SH,603358,华达科技,江苏,汽车配件,华达汽车科技股份有限公司,主板,SSE,L,2017-01-25
603359.SH,603359,东珠生态,江苏,环境保护,东珠生态环保股份有限公司,主板,SSE,L,2017-09-01
603360.SH,603360,百傲化学,辽宁,农药化肥,大连百傲化学股份有限公司,主板,SSE,L,2017-02-06
603363.SH,603363,*ST傲农,福建,饲料,福建傲农生物科技集团股份有限公司,主板,SSE,L,2017-09-26
603365.SH,603365,水星家纺,上海,纺织,上海水星家用纺织品股份有限公司,主板,SSE,L,2017-11-20
603366.SH,603366,日出东方,江苏,家用电器,日出东方控股股份有限公司,主板,SSE,L,2012-05-21
603367.SH,603367,辰欣药业,山东,化学制药,辰欣药业股份有限公司,主板,SSE,L,2017-09-29
603368.SH,603368,柳药集团,广西,医药商业,广西柳药集团股份有限公司,主板,SSE,L,2014-12-04
603369.SH,603369,今世缘,江苏,白酒,江苏今世缘酒业股份有限公司,主板,SSE,L,2014-07-03
603373.SH,603373,安邦护卫,浙江,综合类,安邦护卫集团股份有限公司,主板,SSE,L,2023-12-20
603375.SH,603375,盛景微,江苏,半导体,无锡盛景微电子股份有限公司,主板,SSE,L,2024-01-24
603377.SH,603377,ST东时,北京,汽车服务,东方时尚驾驶学校股份有限公司,主板,SSE,L,2016-02-05
603378.SH,603378,亚士创能,上海,染料涂料,亚士创能科技(上海)股份有限公司,主板,SSE,L,2017-09-28
603379.SH,603379,三美股份,浙江,化工原料,浙江三美化工股份有限公司,主板,SSE,L,2019-04-02
603380.SH,603380,易德龙,江苏,元器件,苏州易德龙科技股份有限公司,主板,SSE,L,2017-06-22
603383.SH,603383,顶点软件,福建,软件服务,福建顶点软件股份有限公司,主板,SSE,L,2017-05-22
603385.SH,603385,惠达卫浴,河北,家居用品,惠达卫浴股份有限公司,主板,SSE,L,2017-04-05
603386.SH,603386,骏亚科技,广东,元器件,广东骏亚电子科技股份有限公司,主板,SSE,L,2017-09-12
603387.SH,603387,基蛋生物,江苏,医疗保健,基蛋生物科技股份有限公司,主板,SSE,L,2017-07-17
603388.SH,603388,ST元成,浙江,建筑工程,元成环境股份有限公司,主板,SSE,L,2017-03-24
603389.SH,603389,亚振家居,江苏,家居用品,亚振家居股份有限公司,主板,SSE,L,2016-12-15
603390.SH,603390,通达电气,广东,汽车配件,广州通达汽车电气股份有限公司,主板,SSE,L,2019-11-25
603392.SH,603392,万泰生物,北京,生物制药,北京万泰生物药业股份有限公司,主板,SSE,L,2020-04-29
603393.SH,603393,新天然气,新疆,供气供热,新疆鑫泰天然气股份有限公司,主板,SSE,L,2016-09-12
603396.SH,603396,金辰股份,辽宁,专用机械,营口金辰机械股份有限公司,主板,SSE,L,2017-10-18
603398.SH,603398,沐邦高科,江西,电气设备,江西沐邦高科股份有限公司,主板,SSE,L,2015-12-09
603399.SH,603399,吉翔股份,辽宁,小金属,锦州永杉锂业股份有限公司,主板,SSE,L,2012-08-24
603408.SH,603408,建霖家居,福建,家居用品,厦门建霖健康家居股份有限公司,主板,SSE,L,2020-07-30
603416.SH,603416,信捷电气,江苏,电器仪表,无锡信捷电气股份有限公司,主板,SSE,L,2016-12-21
603421.SH,603421,鼎信通讯,山东,通信设备,青岛鼎信通讯股份有限公司,主板,SSE,L,2016-10-11
603429.SH,603429,集友股份,安徽,广告包装,安徽集友新材料股份有限公司,主板,SSE,L,2017-01-24
603439.SH,603439,贵州三力,贵州,中成药,贵州三力制药股份有限公司,主板,SSE,L,2020-04-28
603444.SH,603444,吉比特,福建,互联网,厦门吉比特网络技术股份有限公司,主板,SSE,L,2017-01-04
603456.SH,603456,九洲药业,浙江,医疗保健,浙江九洲药业股份有限公司,主板,SSE,L,2014-10-10
603458.SH,603458,勘设股份,贵州,建筑工程,贵州省交通规划勘察设计研究院股份有限公司,主板,SSE,L,2017-08-09
603466.SH,603466,风语筑,上海,文教休闲,上海风语筑文化科技股份有限公司,主板,SSE,L,2017-10-20
603477.SH,603477,巨星农牧,四川,农业综合,乐山巨星农牧股份有限公司,主板,SSE,L,2017-12-18
603486.SH,603486,科沃斯,江苏,家用电器,科沃斯机器人股份有限公司,主板,SSE,L,2018-05-28
603488.SH,603488,展鹏科技,江苏,运输设备,展鹏科技股份有限公司,主板,SSE,L,2017-05-16
603489.SH,603489,八方股份,江苏,电气设备,八方电气(苏州)股份有限公司,主板,SSE,L,2019-11-11
603496.SH,603496,恒为科技,上海,IT设备,恒为科技(上海)股份有限公司,主板,SSE,L,2017-06-07
603499.SH,603499,翔港科技,上海,广告包装,上海翔港包装科技股份有限公司,主板,SSE,L,2017-10-16
603500.SH,603500,祥和实业,浙江,运输设备,浙江天台祥和实业股份有限公司,主板,SSE,L,2017-09-04
603501.SH,603501,韦尔股份,上海,半导体,上海韦尔半导体股份有限公司,主板,SSE,L,2017-05-04
603505.SH,603505,金石资源,浙江,化工原料,金石资源集团股份有限公司,主板,SSE,L,2017-05-03
603506.SH,603506,南都物业,浙江,房产服务,南都物业服务集团股份有限公司,主板,SSE,L,2018-02-01
603507.SH,603507,振江股份,江苏,电气设备,江苏振江新能源装备股份有限公司,主板,SSE,L,2017-11-06
603508.SH,603508,思维列控,河南,软件服务,河南思维自动化设备股份有限公司,主板,SSE,L,2015-12-24
603511.SH,603511,爱慕股份,北京,服饰,爱慕股份有限公司,主板,SSE,L,2021-05-31
603515.SH,603515,欧普照明,上海,家用电器,欧普照明股份有限公司,主板,SSE,L,2016-08-19
603516.SH,603516,淳中科技,北京,IT设备,北京淳中科技股份有限公司,主板,SSE,L,2018-02-02
603517.SH,603517,绝味食品,湖南,食品,绝味食品股份有限公司,主板,SSE,L,2017-03-17
603518.SH,603518,锦泓集团,江苏,服饰,锦泓时装集团股份有限公司,主板,SSE,L,2014-12-03
603519.SH,603519,立霸股份,江苏,家用电器,江苏立霸实业股份有限公司,主板,SSE,L,2015-03-19
603520.SH,603520,司太立,浙江,化学制药,浙江司太立制药股份有限公司,主板,SSE,L,2016-03-09
603527.SH,603527,众源新材,安徽,铜,安徽众源新材料股份有限公司,主板,SSE,L,2017-09-07
603528.SH,603528,多伦科技,江苏,软件服务,多伦科技股份有限公司,主板,SSE,L,2016-05-03
603529.SH,603529,爱玛科技,天津,摩托车,爱玛科技集团股份有限公司,主板,SSE,L,2021-06-15
603530.SH,603530,神马电力,江苏,电气设备,江苏神马电力股份有限公司,主板,SSE,L,2019-08-05
603533.SH,603533,掌阅科技,北京,互联网,掌阅科技股份有限公司,主板,SSE,L,2017-09-21
603535.SH,603535,嘉诚国际,广东,仓储物流,广州市嘉诚国际物流股份有限公司,主板,SSE,L,2017-08-08
603536.SH,603536,惠发食品,山东,食品,山东惠发食品股份有限公司,主板,SSE,L,2017-06-13
603538.SH,603538,美诺华,浙江,化学制药,宁波美诺华药业股份有限公司,主板,SSE,L,2017-04-07
603551.SH,603551,奥普家居,浙江,家居用品,奥普家居股份有限公司,主板,SSE,L,2020-01-15
603556.SH,603556,海兴电力,浙江,电器仪表,杭州海兴电力科技股份有限公司,主板,SSE,L,2016-11-10
603557.SH,603557,ST起步,浙江,服饰,起步股份有限公司,主板,SSE,L,2017-08-18
603558.SH,603558,健盛集团,浙江,纺织,浙江健盛集团股份有限公司,主板,SSE,L,2015-01-27
603559.SH,603559,*ST通脉,吉林,通信设备,中通国脉通信股份有限公司,主板,SSE,L,2016-12-02
603565.SH,603565,中谷物流,上海,仓储物流,上海中谷物流股份有限公司,主板,SSE,L,2020-09-25
603566.SH,603566,普莱柯,河南,农业综合,普莱柯生物工程股份有限公司,主板,SSE,L,2015-05-18
603567.SH,603567,珍宝岛,黑龙江,中成药,黑龙江珍宝岛药业股份有限公司,主板,SSE,L,2015-04-24
603568.SH,603568,伟明环保,浙江,环境保护,浙江伟明环保股份有限公司,主板,SSE,L,2015-05-28
603569.SH,603569,长久物流,北京,仓储物流,北京长久物流股份有限公司,主板,SSE,L,2016-08-10
603577.SH,603577,汇金通,山东,电气设备,青岛汇金通电力设备股份有限公司,主板,SSE,L,2016-12-22
603578.SH,603578,三星新材,浙江,玻璃,浙江三星新材股份有限公司,主板,SSE,L,2017-03-06
603579.SH,603579,荣泰健康,上海,家用电器,上海荣泰健康科技股份有限公司,主板,SSE,L,2017-01-11
603580.SH,603580,艾艾精工,上海,塑料,艾艾精密工业输送系统(上海)股份有限公司,主板,SSE,L,2017-05-25
603583.SH,603583,捷昌驱动,浙江,电气设备,浙江捷昌线性驱动科技股份有限公司,主板,SSE,L,2018-09-21
603585.SH,603585,苏利股份,江苏,农药化肥,江苏苏利精细化工股份有限公司,主板,SSE,L,2016-12-14
603586.SH,603586,金麒麟,山东,汽车配件,山东金麒麟股份有限公司,主板,SSE,L,2017-04-06
603587.SH,603587,地素时尚,上海,服饰,地素时尚股份有限公司,主板,SSE,L,2018-06-22
603588.SH,603588,高能环境,北京,环境保护,北京高能时代环境技术股份有限公司,主板,SSE,L,2014-12-29
603589.SH,603589,口子窖,安徽,白酒,安徽口子酒业股份有限公司,主板,SSE,L,2015-06-29
603590.SH,603590,康辰药业,北京,生物制药,北京康辰药业股份有限公司,主板,SSE,L,2018-08-27
603595.SH,603595,东尼电子,浙江,元器件,浙江东尼电子股份有限公司,主板,SSE,L,2017-07-12
603596.SH,603596,伯特利,安徽,汽车配件,芜湖伯特利汽车安全系统股份有限公司,主板,SSE,L,2018-04-27
603598.SH,603598,引力传媒,北京,互联网,引力传媒股份有限公司,主板,SSE,L,2015-05-27
603599.SH,603599,广信股份,安徽,农药化肥,安徽广信农化股份有限公司,主板,SSE,L,2015-05-13
603600.SH,603600,永艺股份,浙江,家居用品,永艺家具股份有限公司,主板,SSE,L,2015-01-23
603601.SH,603601,再升科技,重庆,玻璃,重庆再升科技股份有限公司,主板,SSE,L,2015-01-22
603602.SH,603602,纵横通信,浙江,通信设备,杭州纵横通信股份有限公司,主板,SSE,L,2017-08-10
603605.SH,603605,珀莱雅,浙江,日用化工,珀莱雅化妆品股份有限公司,主板,SSE,L,2017-11-15
603606.SH,603606,东方电缆,浙江,电气设备,宁波东方电缆股份有限公司,主板,SSE,L,2014-10-15
603607.SH,603607,京华激光,浙江,造纸,浙江京华激光科技股份有限公司,主板,SSE,L,2017-10-25
603608.SH,603608,*ST天创,广东,服饰,天创时尚股份有限公司,主板,SSE,L,2016-02-18
603609.SH,603609,禾丰股份,辽宁,饲料,禾丰食品股份有限公司,主板,SSE,L,2014-08-08
603610.SH,603610,麒盛科技,浙江,家居用品,麒盛科技股份有限公司,主板,SSE,L,2019-10-29
603611.SH,603611,诺力股份,浙江,运输设备,诺力智能装备股份有限公司,主板,SSE,L,2015-01-28
603612.SH,603612,索通发展,山东,矿物制品,索通发展股份有限公司,主板,SSE,L,2017-07-18
603613.SH,603613,国联股份,北京,互联网,北京国联视讯信息技术股份有限公司,主板,SSE,L,2019-07-30
603615.SH,603615,茶花股份,福建,家居用品,茶花现代家居用品股份有限公司,主板,SSE,L,2017-02-13
603616.SH,603616,韩建河山,北京,水泥,北京韩建河山管业股份有限公司,主板,SSE,L,2015-06-11
603617.SH,603617,君禾股份,浙江,机械基件,君禾泵业股份有限公司,主板,SSE,L,2017-07-03
603618.SH,603618,杭电股份,浙江,电气设备,杭州电缆股份有限公司,主板,SSE,L,2015-02-17
603619.SH,603619,中曼石油,上海,石油开采,中曼石油天然气集团股份有限公司,主板,SSE,L,2017-11-17
603626.SH,603626,科森科技,江苏,元器件,昆山科森科技股份有限公司,主板,SSE,L,2017-02-09
603628.SH,603628,清源股份,福建,电气设备,清源科技股份有限公司,主板,SSE,L,2017-01-12
603629.SH,603629,利通电子,江苏,元器件,江苏利通电子股份有限公司,主板,SSE,L,2018-12-24
603630.SH,603630,拉芳家化,广东,日用化工,拉芳家化股份有限公司,主板,SSE,L,2017-03-13
603633.SH,603633,徕木股份,上海,汽车配件,上海徕木电子股份有限公司,主板,SSE,L,2016-11-17
603636.SH,603636,南威软件,福建,软件服务,南威软件股份有限公司,主板,SSE,L,2014-12-30
603637.SH,603637,镇海股份,浙江,建筑工程,镇海石化工程股份有限公司,主板,SSE,L,2017-02-08
603638.SH,603638,艾迪精密,山东,专用机械,烟台艾迪精密机械股份有限公司,主板,SSE,L,2017-01-20
603639.SH,603639,海利尔,山东,农药化肥,海利尔药业集团股份有限公司,主板,SSE,L,2017-01-12
603648.SH,603648,畅联股份,上海,仓储物流,上海畅联国际物流股份有限公司,主板,SSE,L,2017-09-13
603650.SH,603650,彤程新材,上海,化工原料,彤程新材料集团股份有限公司,主板,SSE,L,2018-06-27
603655.SH,603655,朗博科技,江苏,汽车配件,常州朗博密封科技股份有限公司,主板,SSE,L,2017-12-29
603656.SH,603656,泰禾智能,安徽,专用机械,合肥泰禾智能科技集团股份有限公司,主板,SSE,L,2017-03-21
603657.SH,603657,春光科技,浙江,家用电器,金华春光橡塑科技股份有限公司,主板,SSE,L,2018-07-30
603658.SH,603658,安图生物,河南,医疗保健,郑州安图生物工程股份有限公司,主板,SSE,L,2016-09-01
603659.SH,603659,璞泰来,上海,化工原料,上海璞泰来新能源科技股份有限公司,主板,SSE,L,2017-11-03
603660.SH,603660,苏州科达,江苏,IT设备,苏州科达科技股份有限公司,主板,SSE,L,2016-12-01
603661.SH,603661,恒林股份,浙江,家居用品,恒林家居股份有限公司,主板,SSE,L,2017-11-21
603662.SH,603662,柯力传感,浙江,电器仪表,宁波柯力传感科技股份有限公司,主板,SSE,L,2019-08-06
603663.SH,603663,三祥新材,福建,小金属,三祥新材股份有限公司,主板,SSE,L,2016-08-01
603665.SH,603665,康隆达,浙江,服饰,浙江康隆达特种防护科技股份有限公司,主板,SSE,L,2017-03-13
603666.SH,603666,亿嘉和,江苏,专用机械,亿嘉和科技股份有限公司,主板,SSE,L,2018-06-12
603667.SH,603667,五洲新春,浙江,机械基件,浙江五洲新春集团股份有限公司,主板,SSE,L,2016-10-25
603668.SH,603668,天马科技,福建,饲料,福建天马科技集团股份有限公司,主板,SSE,L,2017-01-17
603669.SH,603669,灵康药业,西藏,化学制药,灵康药业集团股份有限公司,主板,SSE,L,2015-05-28
603676.SH,603676,卫信康,西藏,化学制药,西藏卫信康医药股份有限公司,主板,SSE,L,2017-07-21
603677.SH,603677,奇精机械,浙江,家用电器,奇精机械股份有限公司,主板,SSE,L,2017-02-06
603678.SH,603678,火炬电子,福建,元器件,福建火炬电子科技股份有限公司,主板,SSE,L,2015-01-26
603679.SH,603679,华体科技,四川,电气设备,四川华体照明科技股份有限公司,主板,SSE,L,2017-06-21
603680.SH,603680,今创集团,江苏,运输设备,今创集团股份有限公司,主板,SSE,L,2018-02-27
603681.SH,603681,永冠新材,上海,化工原料,上海永冠众诚新材料科技(集团)股份有限公司,主板,SSE,L,2019-03-26
603682.SH,603682,锦和商管,上海,房产服务,上海锦和商业经营管理股份有限公司,主板,SSE,L,2020-04-21
603683.SH,603683,晶华新材,上海,化工原料,上海晶华胶粘新材料股份有限公司,主板,SSE,L,2017-10-20
603685.SH,603685,晨丰科技,浙江,电气设备,浙江晨丰科技股份有限公司,主板,SSE,L,2017-11-27
603686.SH,603686,福龙马,福建,环境保护,福龙马集团股份有限公司,主板,SSE,L,2015-01-26
603687.SH,603687,大胜达,浙江,广告包装,浙江大胜达包装股份有限公司,主板,SSE,L,2019-07-26
603688.SH,603688,石英股份,江苏,矿物制品,江苏太平洋石英股份有限公司,主板,SSE,L,2014-10-31
603689.SH,603689,皖天然气,安徽,供气供热,安徽省天然气开发股份有限公司,主板,SSE,L,2017-01-10
603690.SH,603690,至纯科技,上海,半导体,上海至纯洁净系统科技股份有限公司,主板,SSE,L,2017-01-13
603693.SH,603693,江苏新能,江苏,新型电力,江苏省新能源开发股份有限公司,主板,SSE,L,2018-07-03
603696.SH,603696,安记食品,福建,食品,安记食品股份有限公司,主板,SSE,L,2015-12-09
603697.SH,603697,有友食品,重庆,食品,有友食品股份有限公司,主板,SSE,L,2019-05-08
603698.SH,603698,航天工程,北京,专用机械,航天长征化学工程股份有限公司,主板,SSE,L,2015-01-28
603699.SH,603699,纽威股份,江苏,机械基件,苏州纽威阀门股份有限公司,主板,SSE,L,2014-01-17
603700.SH,603700,宁水集团,浙江,电器仪表,宁波水表(集团)股份有限公司,主板,SSE,L,2019-01-22
603701.SH,603701,德宏股份,浙江,汽车配件,浙江德宏汽车电子电器股份有限公司,主板,SSE,L,2016-04-12
603703.SH,603703,盛洋科技,浙江,通信设备,浙江盛洋科技股份有限公司,主板,SSE,L,2015-04-23
603706.SH,603706,东方环宇,新疆,供气供热,新疆东方环宇燃气股份有限公司,主板,SSE,L,2018-07-09
603707.SH,603707,健友股份,江苏,生物制药,南京健友生化制药股份有限公司,主板,SSE,L,2017-07-19
603708.SH,603708,家家悦,山东,超市连锁,家家悦集团股份有限公司,主板,SSE,L,2016-12-13
603709.SH,603709,中源家居,浙江,家居用品,中源家居股份有限公司,主板,SSE,L,2018-02-08
603711.SH,603711,香飘飘,浙江,软饮料,香飘飘食品股份有限公司,主板,SSE,L,2017-11-30
603712.SH,603712,七一二,天津,通信设备,天津七一二通信广播股份有限公司,主板,SSE,L,2018-02-26
603713.SH,603713,密尔克卫,上海,仓储物流,密尔克卫智能供应链服务集团股份有限公司,主板,SSE,L,2018-07-13
603716.SH,603716,塞力医疗,湖北,医药商业,塞力斯医疗科技集团股份有限公司,主板,SSE,L,2016-10-31
603717.SH,603717,天域生态,重庆,农业综合,天域生态环境股份有限公司,主板,SSE,L,2017-03-27
603718.SH,603718,海利生物,上海,农业综合,上海海利生物技术股份有限公司,主板,SSE,L,2015-05-15
603719.SH,603719,良品铺子,湖北,食品,良品铺子股份有限公司,主板,SSE,L,2020-02-24
603721.SH,603721,中广天择,湖南,影视音像,中广天择传媒股份有限公司,主板,SSE,L,2017-08-11
603722.SH,603722,阿科力,江苏,化工原料,无锡阿科力科技股份有限公司,主板,SSE,L,2017-10-25
603725.SH,603725,天安新材,广东,塑料,广东天安新材料股份有限公司,主板,SSE,L,2017-09-06
603726.SH,603726,朗迪集团,浙江,家用电器,浙江朗迪集团股份有限公司,主板,SSE,L,2016-04-21
603727.SH,603727,博迈科,天津,石油开采,博迈科海洋工程股份有限公司,主板,SSE,L,2016-11-22
603728.SH,603728,鸣志电器,上海,电气设备,上海鸣志电器股份有限公司,主板,SSE,L,2017-05-09
603729.SH,603729,龙韵股份,上海,广告包装,上海龙韵文创科技集团股份有限公司,主板,SSE,L,2015-03-24
603730.SH,603730,岱美股份,上海,汽车配件,上海岱美汽车内饰件股份有限公司,主板,SSE,L,2017-07-28
603733.SH,603733,仙鹤股份,浙江,造纸,仙鹤股份有限公司,主板,SSE,L,2018-04-20
603737.SH,603737,三棵树,福建,染料涂料,三棵树涂料股份有限公司,主板,SSE,L,2016-06-03
603738.SH,603738,泰晶科技,湖北,元器件,泰晶科技股份有限公司,主板,SSE,L,2016-09-28
603739.SH,603739,蔚蓝生物,山东,农业综合,青岛蔚蓝生物股份有限公司,主板,SSE,L,2019-01-16
603755.SH,603755,日辰股份,山东,食品,青岛日辰食品股份有限公司,主板,SSE,L,2019-08-28
603757.SH,603757,大元泵业,浙江,机械基件,浙江大元泵业股份有限公司,主板,SSE,L,2017-07-11
603758.SH,603758,秦安股份,重庆,汽车配件,重庆秦安机电股份有限公司,主板,SSE,L,2017-05-17
603759.SH,603759,海天股份,四川,水务,海天水务集团股份公司,主板,SSE,L,2021-03-26
603766.SH,603766,隆鑫通用,重庆,摩托车,隆鑫通用动力股份有限公司,主板,SSE,L,2012-08-10
603767.SH,603767,中马传动,浙江,汽车配件,浙江中马传动股份有限公司,主板,SSE,L,2017-06-13
603768.SH,603768,常青股份,安徽,汽车配件,合肥常青机械股份有限公司,主板,SSE,L,2017-03-24
603773.SH,603773,沃格光电,江西,元器件,江西沃格光电股份有限公司,主板,SSE,L,2018-04-17
603776.SH,603776,永安行,江苏,公共交通,永安行科技股份有限公司,主板,SSE,L,2017-08-17
603777.SH,603777,来伊份,上海,食品,上海来伊份股份有限公司,主板,SSE,L,2016-10-12
603778.SH,603778,国晟科技,北京,建筑工程,国晟世安科技股份有限公司,主板,SSE,L,2015-12-31
603779.SH,603779,威龙股份,山东,红黄酒,威龙葡萄酒股份有限公司,主板,SSE,L,2016-05-16
603786.SH,603786,科博达,上海,汽车配件,科博达技术股份有限公司,主板,SSE,L,2019-10-15
603787.SH,603787,新日股份,江苏,摩托车,江苏新日电动车股份有限公司,主板,SSE,L,2017-04-27
603788.SH,603788,宁波高发,浙江,汽车配件,宁波高发汽车控制系统股份有限公司,主板,SSE,L,2015-01-20
603789.SH,603789,星光农机,浙江,农用机械,星光农机股份有限公司,主板,SSE,L,2015-04-27
603790.SH,603790,雅运股份,上海,染料涂料,上海雅运纺织化工股份有限公司,主板,SSE,L,2018-09-12
603797.SH,603797,联泰环保,广东,环境保护,广东联泰环保股份有限公司,主板,SSE,L,2017-04-13
603798.SH,603798,康普顿,山东,石油加工,青岛康普顿科技股份有限公司,主板,SSE,L,2016-04-06
603799.SH,603799,华友钴业,浙江,小金属,浙江华友钴业股份有限公司,主板,SSE,L,2015-01-29
603800.SH,603800,道森股份,江苏,专用机械,苏州道森钻采设备股份有限公司,主板,SSE,L,2015-12-10
603801.SH,603801,志邦家居,安徽,家居用品,志邦家居股份有限公司,主板,SSE,L,2017-06-30
603803.SH,603803,瑞斯康达,北京,通信设备,瑞斯康达科技发展股份有限公司,主板,SSE,L,2017-04-20
603806.SH,603806,福斯特,浙江,塑料,杭州福斯特应用材料股份有限公司,主板,SSE,L,2014-09-05
603808.SH,603808,歌力思,深圳,服饰,深圳歌力思服饰股份有限公司,主板,SSE,L,2015-04-22
603809.SH,603809,豪能股份,四川,汽车配件,成都豪能科技股份有限公司,主板,SSE,L,2017-11-28
603810.SH,603810,丰山集团,江苏,农药化肥,江苏丰山集团股份有限公司,主板,SSE,L,2018-09-17
603811.SH,603811,诚意药业,浙江,化学制药,浙江诚意药业股份有限公司,主板,SSE,L,2017-03-15
603813.SH,603813,原尚股份,广东,仓储物流,广东原尚物流股份有限公司,主板,SSE,L,2017-09-18
603815.SH,603815,交建股份,安徽,建筑工程,安徽省交通建设股份有限公司,主板,SSE,L,2019-10-21
603816.SH,603816,顾家家居,浙江,家居用品,顾家家居股份有限公司,主板,SSE,L,2016-10-14
603817.SH,603817,海峡环保,福建,环境保护,福建海峡环保集团股份有限公司,主板,SSE,L,2017-02-20
603818.SH,603818,曲美家居,北京,家居用品,曲美家居集团股份有限公司,主板,SSE,L,2015-04-22
603819.SH,603819,神力股份,江苏,电气设备,常州神力电机股份有限公司,主板,SSE,L,2016-11-25
603822.SH,603822,嘉澳环保,浙江,化工原料,浙江嘉澳环保科技股份有限公司,主板,SSE,L,2016-04-28
603823.SH,603823,百合花,浙江,染料涂料,百合花集团股份有限公司,主板,SSE,L,2016-12-20
603825.SH,603825,华扬联众,湖南,互联网,华扬联众数字技术股份有限公司,主板,SSE,L,2017-08-02
603826.SH,603826,坤彩科技,福建,染料涂料,福建坤彩材料科技股份有限公司,主板,SSE,L,2017-04-14
603828.SH,603828,ST柯利达,江苏,装修装饰,苏州柯利达装饰股份有限公司,主板,SSE,L,2015-02-26
603829.SH,603829,洛凯股份,江苏,电气设备,江苏洛凯机电股份有限公司,主板,SSE,L,2017-10-17
603833.SH,603833,欧派家居,广东,家居用品,欧派家居集团股份有限公司,主板,SSE,L,2017-03-28
603836.SH,603836,海程邦达,山东,仓储物流,海程邦达供应链管理股份有限公司,主板,SSE,L,2021-05-26
603838.SH,603838,四通股份,广东,家居用品,广东四通集团股份有限公司,主板,SSE,L,2015-07-01
603839.SH,603839,安正时尚,浙江,服饰,安正时尚集团股份有限公司,主板,SSE,L,2017-02-14
603843.SH,603843,正平股份,青海,建筑工程,正平路桥建设股份有限公司,主板,SSE,L,2016-09-05
603848.SH,603848,好太太,广东,家居用品,广东好太太科技集团股份有限公司,主板,SSE,L,2017-12-01
603855.SH,603855,华荣股份,上海,专用机械,华荣科技股份有限公司,主板,SSE,L,2017-05-24
603856.SH,603856,东宏股份,山东,塑料,山东东宏管业股份有限公司,主板,SSE,L,2017-11-06
603858.SH,603858,步长制药,山东,中成药,山东步长制药股份有限公司,主板,SSE,L,2016-11-18
603859.SH,603859,能科科技,北京,软件服务,能科科技股份有限公司,主板,SSE,L,2016-10-21
603860.SH,603860,中公高科,北京,建筑工程,中公高科养护科技股份有限公司,主板,SSE,L,2017-08-02
603861.SH,603861,白云电器,广东,电气设备,广州白云电器设备股份有限公司,主板,SSE,L,2016-03-22
603863.SH,603863,松炀资源,广东,造纸,广东松炀再生资源股份有限公司,主板,SSE,L,2019-06-21
603866.SH,603866,桃李面包,辽宁,食品,桃李面包股份有限公司,主板,SSE,L,2015-12-22
603867.SH,603867,新化股份,浙江,化工原料,浙江新化化工股份有限公司,主板,SSE,L,2019-06-27
603868.SH,603868,飞科电器,上海,家用电器,上海飞科电器股份有限公司,主板,SSE,L,2016-04-18
603869.SH,603869,ST智知,广西,软件服务,新智认知数字科技股份有限公司,主板,SSE,L,2015-03-26
603871.SH,603871,嘉友国际,北京,仓储物流,嘉友国际物流股份有限公司,主板,SSE,L,2018-02-06
603876.SH,603876,鼎胜新材,江苏,铝,江苏鼎胜新能源材料股份有限公司,主板,SSE,L,2018-04-18
603877.SH,603877,太平鸟,浙江,服饰,宁波太平鸟时尚服饰股份有限公司,主板,SSE,L,2017-01-09
603878.SH,603878,武进不锈,江苏,钢加工,江苏武进不锈股份有限公司,主板,SSE,L,2016-12-19
603879.SH,603879,ST永悦,江苏,化工原料,永悦科技股份有限公司,主板,SSE,L,2017-06-14
603880.SH,603880,ST南卫,江苏,医疗保健,江苏南方卫材医药股份有限公司,主板,SSE,L,2017-08-07
603881.SH,603881,数据港,上海,软件服务,上海数据港股份有限公司,主板,SSE,L,2017-02-08
603882.SH,603882,金域医学,广东,医疗保健,广州金域医学检验集团股份有限公司,主板,SSE,L,2017-09-08
603883.SH,603883,老百姓,湖南,医药商业,老百姓大药房连锁股份有限公司,主板,SSE,L,2015-04-23
603885.SH,603885,吉祥航空,上海,空运,上海吉祥航空股份有限公司,主板,SSE,L,2015-05-27
603886.SH,603886,元祖股份,上海,食品,上海元祖梦果子股份有限公司,主板,SSE,L,2016-12-28
603887.SH,603887,城地香江,上海,软件服务,上海城地香江数据科技股份有限公司,主板,SSE,L,2016-10-10
603888.SH,603888,新华网,北京,互联网,新华网股份有限公司,主板,SSE,L,2016-10-28
603889.SH,603889,新澳股份,浙江,纺织,浙江新澳纺织股份有限公司,主板,SSE,L,2014-12-31
603890.SH,603890,春秋电子,江苏,元器件,苏州春秋电子科技股份有限公司,主板,SSE,L,2017-12-12
603893.SH,603893,瑞芯微,福建,半导体,瑞芯微电子股份有限公司,主板,SSE,L,2020-02-07
603895.SH,603895,天永智能,上海,专用机械,上海天永智能装备股份有限公司,主板,SSE,L,2018-01-22
603896.SH,603896,寿仙谷,浙江,中成药,浙江寿仙谷医药股份有限公司,主板,SSE,L,2017-05-10
603897.SH,603897,长城科技,浙江,电气设备,浙江长城电工科技股份有限公司,主板,SSE,L,2018-04-10
603898.SH,603898,好莱客,广东,家居用品,广州好莱客创意家居股份有限公司,主板,SSE,L,2015-02-17
603899.SH,603899,晨光股份,上海,文教休闲,上海晨光文具股份有限公司,主板,SSE,L,2015-01-27
603900.SH,603900,莱绅通灵,江苏,服饰,莱绅通灵珠宝股份有限公司,主板,SSE,L,2016-11-23
603901.SH,603901,永创智能,浙江,专用机械,杭州永创智能设备股份有限公司,主板,SSE,L,2015-05-29
603903.SH,603903,中持股份,北京,环境保护,中持水务股份有限公司,主板,SSE,L,2017-03-14
603906.SH,603906,龙蟠科技,江苏,电气设备,江苏龙蟠科技股份有限公司,主板,SSE,L,2017-04-10
603908.SH,603908,牧高笛,浙江,纺织,牧高笛户外用品股份有限公司,主板,SSE,L,2017-03-07
603909.SH,603909,建发合诚,福建,建筑工程,建发合诚工程咨询股份有限公司,主板,SSE,L,2016-06-28
603912.SH,603912,佳力图,江苏,专用机械,南京佳力图机房环境技术股份有限公司,主板,SSE,L,2017-11-01
603915.SH,603915,国茂股份,江苏,机械基件,江苏国茂减速机股份有限公司,主板,SSE,L,2019-06-14
603916.SH,603916,苏博特,江苏,化工原料,江苏苏博特新材料股份有限公司,主板,SSE,L,2017-11-10
603917.SH,603917,合力科技,浙江,汽车配件,宁波合力科技股份有限公司,主板,SSE,L,2017-12-04
603918.SH,603918,金桥信息,上海,软件服务,上海金桥信息股份有限公司,主板,SSE,L,2015-05-28
603919.SH,603919,金徽酒,甘肃,白酒,金徽酒股份有限公司,主板,SSE,L,2016-03-10
603920.SH,603920,世运电路,广东,元器件,广东世运电路科技股份有限公司,主板,SSE,L,2017-04-26
603922.SH,603922,金鸿顺,江苏,汽车配件,苏州金鸿顺汽车部件股份有限公司,主板,SSE,L,2017-10-23
603926.SH,603926,铁流股份,浙江,汽车配件,铁流股份有限公司,主板,SSE,L,2017-05-10
603927.SH,603927,中科软,北京,软件服务,中科软科技股份有限公司,主板,SSE,L,2019-09-09
603928.SH,603928,兴业股份,江苏,化工原料,苏州兴业材料科技股份有限公司,主板,SSE,L,2016-12-12
603929.SH,603929,亚翔集成,江苏,装修装饰,亚翔系统集成科技(苏州)股份有限公司,主板,SSE,L,2016-12-30
603931.SH,603931,格林达,浙江,化工原料,杭州格林达电子材料股份有限公司,主板,SSE,L,2020-08-19
603933.SH,603933,睿能科技,福建,元器件,福建睿能科技股份有限公司,主板,SSE,L,2017-07-06
603936.SH,603936,博敏电子,广东,元器件,博敏电子股份有限公司,主板,SSE,L,2015-12-09
603937.SH,603937,丽岛新材,江苏,铝,江苏丽岛新材料股份有限公司,主板,SSE,L,2017-11-02
603938.SH,603938,三孚股份,河北,化工原料,唐山三孚硅业股份有限公司,主板,SSE,L,2017-06-28
603939.SH,603939,益丰药房,湖南,医药商业,益丰大药房连锁股份有限公司,主板,SSE,L,2015-02-17
603948.SH,603948,建业股份,浙江,化工原料,浙江建业化工股份有限公司,主板,SSE,L,2020-03-02
603949.SH,603949,雪龙集团,浙江,汽车配件,雪龙集团股份有限公司,主板,SSE,L,2020-03-10
603950.SH,603950,长源东谷,湖北,汽车配件,襄阳长源东谷实业股份有限公司,主板,SSE,L,2020-05-26
603955.SH,603955,大千生态,江苏,环境保护,大千生态环境集团股份有限公司,主板,SSE,L,2017-03-10
603956.SH,603956,威派格,上海,专用机械,上海威派格智慧水务股份有限公司,主板,SSE,L,2019-02-22
603958.SH,603958,哈森股份,江苏,服饰,哈森商贸(中国)股份有限公司,主板,SSE,L,2016-06-29
603959.SH,603959,ST百利,湖南,建筑工程,湖南百利工程科技股份有限公司,主板,SSE,L,2016-05-17
603960.SH,603960,克来机电,上海,汽车配件,上海克来机电自动化工程股份有限公司,主板,SSE,L,2017-03-14
603963.SH,603963,*ST大药,云南,中成药,大理药业股份有限公司,主板,SSE,L,2017-09-22
603966.SH,603966,法兰泰克,江苏,工程机械,法兰泰克重工股份有限公司,主板,SSE,L,2017-01-25
603967.SH,603967,中创物流,山东,仓储物流,中创物流股份有限公司,主板,SSE,L,2019-04-29
603968.SH,603968,醋化股份,江苏,化工原料,南通醋酸化工股份有限公司,主板,SSE,L,2015-05-18
603969.SH,603969,银龙股份,天津,其他建材,天津银龙预应力材料股份有限公司,主板,SSE,L,2015-02-27
603970.SH,603970,中农立华,北京,农药化肥,中农立华生物科技股份有限公司,主板,SSE,L,2017-11-16
603976.SH,603976,正川股份,重庆,医疗保健,重庆正川医药包装材料股份有限公司,主板,SSE,L,2017-08-22
603977.SH,603977,国泰集团,江西,化工原料,江西国泰集团股份有限公司,主板,SSE,L,2016-11-11
603978.SH,603978,深圳新星,深圳,小金属,深圳市新星轻合金材料股份有限公司,主板,SSE,L,2017-08-07
603979.SH,603979,金诚信,北京,铜,金诚信矿业管理股份有限公司,主板,SSE,L,2015-06-30
603980.SH,603980,吉华集团,浙江,染料涂料,浙江吉华集团股份有限公司,主板,SSE,L,2017-06-15
603982.SH,603982,泉峰汽车,江苏,汽车配件,南京泉峰汽车精密技术股份有限公司,主板,SSE,L,2019-05-22
603983.SH,603983,丸美股份,广东,日用化工,广东丸美生物技术股份有限公司,主板,SSE,L,2019-07-25
603985.SH,603985,恒润股份,江苏,机械基件,江阴市恒润重工股份有限公司,主板,SSE,L,2017-05-05
603986.SH,603986,兆易创新,北京,半导体,兆易创新科技集团股份有限公司,主板,SSE,L,2016-08-18
603987.SH,603987,康德莱,上海,医疗保健,上海康德莱企业发展集团股份有限公司,主板,SSE,L,2016-11-21
603988.SH,603988,中电电机,江苏,电气设备,中电电机股份有限公司,主板,SSE,L,2014-11-04
603989.SH,603989,艾华集团,湖南,元器件,湖南艾华集团股份有限公司,主板,SSE,L,2015-05-15
603990.SH,603990,麦迪科技,江苏,软件服务,苏州麦迪斯顿医疗科技股份有限公司,主板,SSE,L,2016-12-08
603991.SH,603991,至正股份,深圳,塑料,深圳至正高分子材料股份有限公司,主板,SSE,L,2017-03-08
603992.SH,603992,松霖科技,福建,家居用品,厦门松霖科技股份有限公司,主板,SSE,L,2019-08-26
603993.SH,603993,洛阳钼业,河南,小金属,洛阳栾川钼业集团股份有限公司,主板,SSE,L,2012-10-09
603995.SH,603995,甬金股份,浙江,特种钢,甬金科技集团股份有限公司,主板,SSE,L,2019-12-24
603997.SH,603997,继峰股份,浙江,汽车配件,宁波继峰汽车零部件股份有限公司,主板,SSE,L,2015-03-02
603998.SH,603998,方盛制药,湖南,中成药,湖南方盛制药股份有限公司,主板,SSE,L,2014-12-05
603999.SH,603999,读者传媒,甘肃,出版业,读者出版传媒股份有限公司,主板,SSE,L,2015-12-10
605001.SH,605001,威奥股份,山东,运输设备,青岛威奥轨道股份有限公司,主板,SSE,L,2020-05-22
605003.SH,605003,众望布艺,浙江,纺织,众望布艺股份有限公司,主板,SSE,L,2020-09-08
605005.SH,605005,合兴股份,浙江,汽车配件,合兴汽车电子股份有限公司,主板,SSE,L,2021-01-19
605006.SH,605006,山东玻纤,山东,玻璃,山东玻纤集团股份有限公司,主板,SSE,L,2020-09-03
605007.SH,605007,五洲特纸,浙江,造纸,五洲特种纸业集团股份有限公司,主板,SSE,L,2020-11-10
605008.SH,605008,长鸿高科,浙江,橡胶,宁波长鸿高分子科技股份有限公司,主板,SSE,L,2020-08-21
605009.SH,605009,豪悦护理,浙江,造纸,杭州豪悦护理用品股份有限公司,主板,SSE,L,2020-09-11
605011.SH,605011,杭州热电,浙江,供气供热,杭州热电集团股份有限公司,主板,SSE,L,2021-06-30
605016.SH,605016,百龙创园,山东,食品,山东百龙创园生物科技股份有限公司,主板,SSE,L,2021-04-21
605018.SH,605018,长华集团,浙江,汽车配件,长华控股集团股份有限公司,主板,SSE,L,2020-09-29
605020.SH,605020,永和股份,浙江,化工原料,浙江永和制冷股份有限公司,主板,SSE,L,2021-07-09
605028.SH,605028,世茂能源,浙江,供气供热,宁波世茂能源股份有限公司,主板,SSE,L,2021-07-12
605033.SH,605033,美邦股份,陕西,农药化肥,陕西美邦药业集团股份有限公司,主板,SSE,L,2021-09-16
605050.SH,605050,福然德,上海,仓储物流,福然德股份有限公司,主板,SSE,L,2020-09-24
605055.SH,605055,迎丰股份,浙江,纺织,浙江迎丰科技股份有限公司,主板,SSE,L,2021-01-29
605056.SH,605056,咸亨国际,浙江,电器仪表,咸亨国际科技股份有限公司,主板,SSE,L,2021-07-20
605058.SH,605058,澳弘电子,江苏,元器件,常州澳弘电子股份有限公司,主板,SSE,L,2020-10-21
605060.SH,605060,联德股份,浙江,机械基件,杭州联德精密机械股份有限公司,主板,SSE,L,2021-03-01
605066.SH,605066,天正电气,浙江,电气设备,浙江天正电气股份有限公司,主板,SSE,L,2020-08-07
605068.SH,605068,明新旭腾,浙江,汽车配件,明新旭腾新材料股份有限公司,主板,SSE,L,2020-11-23
605069.SH,605069,正和生态,北京,环境保护,北京正和恒基滨水生态环境治理股份有限公司,主板,SSE,L,2021-08-16
605077.SH,605077,华康股份,浙江,食品,浙江华康药业股份有限公司,主板,SSE,L,2021-02-09
605080.SH,605080,浙江自然,浙江,纺织,浙江大自然户外用品股份有限公司,主板,SSE,L,2021-05-06
605081.SH,605081,太和水,上海,环境保护,上海太和水科技发展股份有限公司,主板,SSE,L,2021-02-09
605086.SH,605086,龙高股份,福建,矿物制品,龙岩高岭土股份有限公司,主板,SSE,L,2021-04-16
605088.SH,605088,冠盛股份,浙江,汽车配件,温州市冠盛汽车零部件集团股份有限公司,主板,SSE,L,2020-08-17
605089.SH,605089,味知香,江苏,食品,苏州市味知香食品股份有限公司,主板,SSE,L,2021-04-27
605090.SH,605090,九丰能源,江西,供气供热,江西九丰能源股份有限公司,主板,SSE,L,2021-05-25
605098.SH,605098,行动教育,上海,文教休闲,上海行动教育科技股份有限公司,主板,SSE,L,2021-04-21
605099.SH,605099,共创草坪,江苏,文教休闲,江苏共创人造草坪股份有限公司,主板,SSE,L,2020-09-30
605100.SH,605100,华丰股份,山东,机械基件,华丰动力股份有限公司,主板,SSE,L,2020-08-11
605108.SH,605108,同庆楼,安徽,酒店餐饮,同庆楼餐饮股份有限公司,主板,SSE,L,2020-07-16
605111.SH,605111,新洁能,江苏,半导体,无锡新洁能股份有限公司,主板,SSE,L,2020-09-28
605116.SH,605116,奥锐特,浙江,化学制药,奥锐特药业股份有限公司,主板,SSE,L,2020-09-21
605117.SH,605117,德业股份,浙江,电气设备,宁波德业科技股份有限公司,主板,SSE,L,2021-04-20
605118.SH,605118,力鼎光电,福建,元器件,厦门力鼎光电股份有限公司,主板,SSE,L,2020-07-30
605122.SH,605122,四方新材,重庆,水泥,重庆四方新材股份有限公司,主板,SSE,L,2021-03-10
605123.SH,605123,派克新材,江苏,航空,无锡派克新材料科技股份有限公司,主板,SSE,L,2020-08-25
605128.SH,605128,上海沿浦,上海,汽车配件,上海沿浦金属制品股份有限公司,主板,SSE,L,2020-09-15
605133.SH,605133,嵘泰股份,江苏,汽车配件,江苏嵘泰工业股份有限公司,主板,SSE,L,2021-02-24
605136.SH,605136,丽人丽妆,上海,其他商业,上海丽人丽妆化妆品股份有限公司,主板,SSE,L,2020-09-29
605138.SH,605138,盛泰集团,浙江,服饰,盛泰智造集团股份有限公司,主板,SSE,L,2021-10-27
605151.SH,605151,西上海,上海,汽车配件,西上海汽车服务股份有限公司,主板,SSE,L,2020-12-15
605155.SH,605155,西大门,浙江,家居用品,浙江西大门新材料股份有限公司,主板,SSE,L,2020-12-31
605158.SH,605158,华达新材,浙江,钢加工,浙江华达新型材料股份有限公司,主板,SSE,L,2020-08-05
605162.SH,605162,新中港,浙江,供气供热,浙江新中港热电股份有限公司,主板,SSE,L,2021-07-07
605166.SH,605166,聚合顺,浙江,化纤,杭州聚合顺新材料股份有限公司,主板,SSE,L,2020-06-18
605167.SH,605167,利柏特,江苏,建筑工程,江苏利柏特股份有限公司,主板,SSE,L,2021-07-26
605168.SH,605168,三人行,陕西,互联网,三人行传媒集团股份有限公司,主板,SSE,L,2020-05-28
605169.SH,605169,洪通燃气,新疆,供气供热,新疆洪通燃气股份有限公司,主板,SSE,L,2020-10-30
605177.SH,605177,东亚药业,浙江,化学制药,浙江东亚药业股份有限公司,主板,SSE,L,2020-11-25
605178.SH,605178,时空科技,北京,装修装饰,北京新时空科技股份有限公司,主板,SSE,L,2020-08-21
605179.SH,605179,一鸣食品,浙江,乳制品,浙江一鸣食品股份有限公司,主板,SSE,L,2020-12-28
605180.SH,605180,华生科技,浙江,纺织,浙江华生科技股份有限公司,主板,SSE,L,2021-04-30
605183.SH,605183,确成股份,江苏,化工原料,确成硅化学股份有限公司,主板,SSE,L,2020-12-07
605186.SH,605186,健麾信息,上海,专用机械,上海健麾信息技术股份有限公司,主板,SSE,L,2020-12-22
605188.SH,605188,国光连锁,江西,超市连锁,江西国光商业连锁股份有限公司,主板,SSE,L,2020-07-28
605189.SH,605189,富春染织,安徽,纺织,芜湖富春染织股份有限公司,主板,SSE,L,2021-05-28
605196.SH,605196,华通线缆,河北,电气设备,河北华通线缆集团股份有限公司,主板,SSE,L,2021-05-11
605198.SH,605198,安德利,山东,软饮料,烟台北方安德利果汁股份有限公司,主板,SSE,L,2020-09-18
605199.SH,605199,葫芦娃,海南,中成药,海南葫芦娃药业集团股份有限公司,主板,SSE,L,2020-07-10
605208.SH,605208,永茂泰,上海,铝,上海永茂泰汽车科技股份有限公司,主板,SSE,L,2021-03-08
605218.SH,605218,伟时电子,江苏,元器件,伟时电子股份有限公司,主板,SSE,L,2020-09-28
605222.SH,605222,起帆电缆,上海,电气设备,上海起帆电缆股份有限公司,主板,SSE,L,2020-07-31
605228.SH,605228,神通科技,浙江,汽车配件,神通科技集团股份有限公司,主板,SSE,L,2021-01-20
605255.SH,605255,天普股份,浙江,汽车配件,宁波市天普橡胶科技股份有限公司,主板,SSE,L,2020-08-25
605258.SH,605258,协和电子,江苏,元器件,江苏协和电子股份有限公司,主板,SSE,L,2020-12-03
605259.SH,605259,绿田机械,浙江,农用机械,绿田机械股份有限公司,主板,SSE,L,2021-06-15
605266.SH,605266,健之佳,云南,医药商业,健之佳医药连锁集团股份有限公司,主板,SSE,L,2020-12-01
605268.SH,605268,王力安防,浙江,家居用品,王力安防科技股份有限公司,主板,SSE,L,2021-02-24
605277.SH,605277,新亚电子,浙江,元器件,新亚电子股份有限公司,主板,SSE,L,2021-01-06
605286.SH,605286,同力日升,江苏,运输设备,江苏同力日升机械股份有限公司,主板,SSE,L,2021-03-22
605287.SH,605287,德才股份,山东,装修装饰,德才装饰股份有限公司,主板,SSE,L,2021-07-06
605288.SH,605288,凯迪股份,江苏,电气设备,常州市凯迪电器股份有限公司,主板,SSE,L,2020-06-01
605289.SH,605289,罗曼股份,上海,建筑工程,上海罗曼科技股份有限公司,主板,SSE,L,2021-04-26
605296.SH,605296,神农集团,云南,农业综合,云南神农农业产业集团股份有限公司,主板,SSE,L,2021-05-28
605298.SH,605298,必得科技,江苏,运输设备,江苏必得科技股份有限公司,主板,SSE,L,2021-03-01
605299.SH,605299,舒华体育,福建,文教休闲,舒华体育股份有限公司,主板,SSE,L,2020-12-15
605300.SH,605300,佳禾食品,江苏,乳制品,佳禾食品工业股份有限公司,主板,SSE,L,2021-04-30
605303.SH,605303,园林股份,浙江,建筑工程,杭州市园林绿化股份有限公司,主板,SSE,L,2021-03-01
605305.SH,605305,中际联合,北京,专用机械,中际联合(北京)科技股份有限公司,主板,SSE,L,2021-05-06
605318.SH,605318,法狮龙,浙江,其他建材,法狮龙家居建材股份有限公司,主板,SSE,L,2020-08-03
605319.SH,605319,无锡振华,江苏,汽车配件,无锡市振华汽车部件股份有限公司,主板,SSE,L,2021-06-07
605333.SH,605333,沪光股份,江苏,汽车配件,昆山沪光汽车电器股份有限公司,主板,SSE,L,2020-08-18
605336.SH,605336,帅丰电器,浙江,家用电器,浙江帅丰电器股份有限公司,主板,SSE,L,2020-10-19
605337.SH,605337,李子园,浙江,乳制品,浙江李子园食品股份有限公司,主板,SSE,L,2021-02-08
605338.SH,605338,巴比食品,上海,食品,中饮巴比食品股份有限公司,主板,SSE,L,2020-10-12
605339.SH,605339,南侨食品,上海,食品,南侨食品集团(上海)股份有限公司,主板,SSE,L,2021-05-18
605358.SH,605358,立昂微,浙江,半导体,杭州立昂微电子股份有限公司,主板,SSE,L,2020-09-11
605365.SH,605365,立达信,福建,家用电器,立达信物联科技股份有限公司,主板,SSE,L,2021-07-20
605366.SH,605366,宏柏新材,江西,化工原料,江西宏柏新材料股份有限公司,主板,SSE,L,2020-08-12
605368.SH,605368,蓝天燃气,河南,供气供热,河南蓝天燃气股份有限公司,主板,SSE,L,2021-01-29
605369.SH,605369,拱东医疗,浙江,医疗保健,浙江拱东医疗器械股份有限公司,主板,SSE,L,2020-09-16
605376.SH,605376,博迁新材,江苏,小金属,江苏博迁新材料股份有限公司,主板,SSE,L,2020-12-08
605377.SH,605377,华旺科技,浙江,造纸,杭州华旺新材料科技股份有限公司,主板,SSE,L,2020-12-28
605378.SH,605378,野马电池,浙江,电气设备,浙江野马电池股份有限公司,主板,SSE,L,2021-04-12
605388.SH,605388,均瑶健康,湖北,乳制品,湖北均瑶大健康饮品股份有限公司,主板,SSE,L,2020-08-18
605389.SH,605389,长龄液压,江苏,机械基件,江苏长龄液压股份有限公司,主板,SSE,L,2021-03-22
605398.SH,605398,新炬网络,上海,软件服务,上海新炬网络信息技术股份有限公司,主板,SSE,L,2021-01-21
605399.SH,605399,晨光新材,江西,化工原料,江西晨光新材料股份有限公司,主板,SSE,L,2020-08-04
605488.SH,605488,福莱新材,浙江,塑料,浙江福莱新材料股份有限公司,主板,SSE,L,2021-05-13
605499.SH,605499,东鹏饮料,深圳,软饮料,东鹏饮料(集团)股份有限公司,主板,SSE,L,2021-05-27
605500.SH,605500,森林包装,浙江,造纸,森林包装集团股份有限公司,主板,SSE,L,2020-12-22
605507.SH,605507,国邦医药,浙江,化学制药,国邦医药集团股份有限公司,主板,SSE,L,2021-08-02
605555.SH,605555,德昌股份,浙江,家用电器,宁波德昌电机股份有限公司,主板,SSE,L,2021-10-21
605566.SH,605566,福莱蒽特,浙江,染料涂料,杭州福莱蒽特股份有限公司,主板,SSE,L,2021-10-25
605567.SH,605567,春雪食品,山东,食品,春雪食品集团股份有限公司,主板,SSE,L,2021-10-13
605577.SH,605577,龙版传媒,黑龙江,出版业,黑龙江出版传媒股份有限公司,主板,SSE,L,2021-08-24
605580.SH,605580,恒盛能源,浙江,供气供热,恒盛能源股份有限公司,主板,SSE,L,2021-08-19
605588.SH,605588,冠石科技,江苏,元器件,南京冠石科技股份有限公司,主板,SSE,L,2021-08-12
605589.SH,605589,圣泉集团,山东,化工原料,济南圣泉集团股份有限公司,主板,SSE,L,2021-08-10
605598.SH,605598,上海港湾,上海,建筑工程,上海港湾基础建设(集团)股份有限公司,主板,SSE,L,2021-09-17
605599.SH,605599,菜百股份,北京,服饰,北京菜市口百货股份有限公司,主板,SSE,L,2021-09-09
688001.SH,688001,华兴源创,江苏,专用机械,苏州华兴源创科技股份有限公司,科创板,SSE,L,2019-07-22
688002.SH,688002,睿创微纳,山东,通信设备,烟台睿创微纳技术股份有限公司,科创板,SSE,L,2019-07-22
688003.SH,688003,天准科技,江苏,专用机械,苏州天准科技股份有限公司,科创板,SSE,L,2019-07-22
688004.SH,688004,博汇科技,北京,软件服务,北京市博汇科技股份有限公司,科创板,SSE,L,2020-06-12
688005.SH,688005,容百科技,浙江,电气设备,宁波容百新能源科技股份有限公司,科创板,SSE,L,2019-07-22
688006.SH,688006,杭可科技,浙江,电气设备,浙江杭可科技股份有限公司,科创板,SSE,L,2019-07-22
688007.SH,688007,光峰科技,深圳,元器件,深圳光峰科技股份有限公司,科创板,SSE,L,2019-07-22
688008.SH,688008,澜起科技,上海,半导体,澜起科技股份有限公司,科创板,SSE,L,2019-07-22
688009.SH,688009,中国通号,北京,运输设备,中国铁路通信信号股份有限公司,科创板,SSE,L,2019-07-22
688010.SH,688010,福光股份,福建,元器件,福建福光股份有限公司,科创板,SSE,L,2019-07-22
688011.SH,688011,新光光电,黑龙江,元器件,哈尔滨新光光电科技股份有限公司,科创板,SSE,L,2019-07-22
688012.SH,688012,中微公司,上海,半导体,中微半导体设备(上海)股份有限公司,科创板,SSE,L,2019-07-22
688013.SH,688013,天臣医疗,江苏,医疗保健,天臣国际医疗科技股份有限公司,科创板,SSE,L,2020-09-28
688015.SH,688015,交控科技,北京,运输设备,交控科技股份有限公司,科创板,SSE,L,2019-07-22
688016.SH,688016,心脉医疗,上海,医疗保健,上海微创心脉医疗科技(集团)股份有限公司,科创板,SSE,L,2019-07-22
688017.SH,688017,绿的谐波,江苏,机械基件,苏州绿的谐波传动科技股份有限公司,科创板,SSE,L,2020-08-28
688018.SH,688018,乐鑫科技,上海,半导体,乐鑫信息科技(上海)股份有限公司,科创板,SSE,L,2019-07-22
688019.SH,688019,安集科技,上海,半导体,安集微电子科技(上海)股份有限公司,科创板,SSE,L,2019-07-22
688020.SH,688020,方邦股份,广东,元器件,广州方邦电子股份有限公司,科创板,SSE,L,2019-07-22
688021.SH,688021,奥福环保,山东,环境保护,山东奥福环保科技股份有限公司,科创板,SSE,L,2019-11-06
688022.SH,688022,瀚川智能,江苏,专用机械,苏州瀚川智能科技股份有限公司,科创板,SSE,L,2019-07-22
688023.SH,688023,安恒信息,浙江,软件服务,杭州安恒信息技术股份有限公司,科创板,SSE,L,2019-11-05
688025.SH,688025,杰普特,深圳,专用机械,深圳市杰普特光电股份有限公司,科创板,SSE,L,2019-10-31
688026.SH,688026,洁特生物,广东,医疗保健,广州洁特生物过滤股份有限公司,科创板,SSE,L,2020-01-22
688027.SH,688027,国盾量子,安徽,通信设备,科大国盾量子技术股份有限公司,科创板,SSE,L,2020-07-09
688028.SH,688028,沃尔德,北京,机械基件,北京沃尔德金刚石工具股份有限公司,科创板,SSE,L,2019-07-22
688029.SH,688029,南微医学,江苏,医疗保健,南微医学科技股份有限公司,科创板,SSE,L,2019-07-22
688030.SH,688030,山石网科,江苏,软件服务,山石网科通信技术股份有限公司,科创板,SSE,L,2019-09-30
688031.SH,688031,星环科技-U,上海,软件服务,星环信息科技(上海)股份有限公司,科创板,SSE,L,2022-10-18
688032.SH,688032,禾迈股份,浙江,电气设备,杭州禾迈电力电子股份有限公司,科创板,SSE,L,2021-12-20
688033.SH,688033,天宜上佳,北京,电气设备,北京天宜上佳高新材料股份有限公司,科创板,SSE,L,2019-07-22
688035.SH,688035,德邦科技,山东,半导体,烟台德邦科技股份有限公司,科创板,SSE,L,2022-09-19
688036.SH,688036,传音控股,深圳,通信设备,深圳传音控股股份有限公司,科创板,SSE,L,2019-09-30
688037.SH,688037,芯源微,辽宁,半导体,沈阳芯源微电子设备股份有限公司,科创板,SSE,L,2019-12-16
688038.SH,688038,中科通达,湖北,软件服务,武汉中科通达高新技术股份有限公司,科创板,SSE,L,2021-07-13
688039.SH,688039,当虹科技,浙江,软件服务,杭州当虹科技股份有限公司,科创板,SSE,L,2019-12-11
688041.SH,688041,海光信息,天津,半导体,海光信息技术股份有限公司,科创板,SSE,L,2022-08-12
688045.SH,688045,必易微,深圳,半导体,深圳市必易微电子股份有限公司,科创板,SSE,L,2022-05-26
688046.SH,688046,药康生物,江苏,生物制药,江苏集萃药康生物科技股份有限公司,科创板,SSE,L,2022-04-25
688047.SH,688047,龙芯中科,北京,半导体,龙芯中科技术股份有限公司,科创板,SSE,L,2022-06-24
688048.SH,688048,长光华芯,江苏,半导体,苏州长光华芯光电技术股份有限公司,科创板,SSE,L,2022-04-01
688049.SH,688049,炬芯科技,广东,半导体,炬芯科技股份有限公司,科创板,SSE,L,2021-11-29
688050.SH,688050,爱博医疗,北京,医疗保健,爱博诺德(北京)医疗科技股份有限公司,科创板,SSE,L,2020-07-29
688051.SH,688051,佳华科技,北京,软件服务,罗克佳华科技集团股份有限公司,科创板,SSE,L,2020-03-20
688052.SH,688052,纳芯微,江苏,半导体,苏州纳芯微电子股份有限公司,科创板,SSE,L,2022-04-22
688053.SH,688053,思科瑞,四川,元器件,成都思科瑞微电子股份有限公司,科创板,SSE,L,2022-07-08
688055.SH,688055,龙腾光电,江苏,元器件,昆山龙腾光电股份有限公司,科创板,SSE,L,2020-08-17
688056.SH,688056,莱伯泰科,北京,电器仪表,北京莱伯泰科仪器股份有限公司,科创板,SSE,L,2020-09-02
688057.SH,688057,金达莱,江西,环境保护,江西金达莱环保股份有限公司,科创板,SSE,L,2020-11-11
688058.SH,688058,宝兰德,北京,软件服务,北京宝兰德软件股份有限公司,科创板,SSE,L,2019-11-01
688059.SH,688059,华锐精密,湖南,机械基件,株洲华锐精密工具股份有限公司,科创板,SSE,L,2021-02-08
688060.SH,688060,云涌科技,江苏,软件服务,江苏云涌电子科技股份有限公司,科创板,SSE,L,2020-07-10
688061.SH,688061,灿瑞科技,上海,半导体,上海灿瑞科技股份有限公司,科创板,SSE,L,2022-10-18
688062.SH,688062,迈威生物-U,上海,生物制药,迈威(上海)生物科技股份有限公司,科创板,SSE,L,2022-01-18
688063.SH,688063,派能科技,上海,电气设备,上海派能能源科技股份有限公司,科创板,SSE,L,2020-12-30
688065.SH,688065,凯赛生物,上海,化工原料,上海凯赛生物技术股份有限公司,科创板,SSE,L,2020-08-12
688066.SH,688066,航天宏图,北京,软件服务,航天宏图信息技术股份有限公司,科创板,SSE,L,2019-07-22
688067.SH,688067,爱威科技,湖南,医疗保健,爱威科技股份有限公司,科创板,SSE,L,2021-06-16
688068.SH,688068,热景生物,北京,医疗保健,北京热景生物技术股份有限公司,科创板,SSE,L,2019-09-30
688069.SH,688069,德林海,江苏,环境保护,无锡德林海环保科技股份有限公司,科创板,SSE,L,2020-07-22
688070.SH,688070,纵横股份,四川,航空,成都纵横自动化技术股份有限公司,科创板,SSE,L,2021-02-10
688071.SH,688071,华依科技,上海,专用机械,上海华依科技集团股份有限公司,科创板,SSE,L,2021-07-29
688072.SH,688072,拓荆科技,辽宁,半导体,拓荆科技股份有限公司,科创板,SSE,L,2022-04-20
688073.SH,688073,毕得医药,上海,化学制药,上海毕得医药科技股份有限公司,科创板,SSE,L,2022-10-11
688075.SH,688075,安旭生物,浙江,医疗保健,杭州安旭生物科技股份有限公司,科创板,SSE,L,2021-11-18
688076.SH,688076,诺泰生物,江苏,生物制药,江苏诺泰澳赛诺生物制药股份有限公司,科创板,SSE,L,2021-05-20
688077.SH,688077,大地熊,安徽,矿物制品,安徽大地熊新材料股份有限公司,科创板,SSE,L,2020-07-22
688078.SH,688078,龙软科技,北京,软件服务,北京龙软科技股份有限公司,科创板,SSE,L,2019-12-30
688079.SH,688079,美迪凯,浙江,元器件,杭州美迪凯光电科技股份有限公司,科创板,SSE,L,2021-03-02
688080.SH,688080,映翰通,北京,通信设备,北京映翰通网络技术股份有限公司,科创板,SSE,L,2020-02-12
688081.SH,688081,兴图新科,湖北,软件服务,武汉兴图新科电子股份有限公司,科创板,SSE,L,2020-01-06
688082.SH,688082,盛美上海,上海,半导体,盛美半导体设备(上海)股份有限公司,科创板,SSE,L,2021-11-18
688083.SH,688083,中望软件,广东,软件服务,广州中望龙腾软件股份有限公司,科创板,SSE,L,2021-03-11
688084.SH,688084,晶品特装,北京,专用机械,北京晶品特装科技股份有限公司,科创板,SSE,L,2022-12-08
688085.SH,688085,三友医疗,上海,医疗保健,上海三友医疗器械股份有限公司,科创板,SSE,L,2020-04-09
688087.SH,688087,英科再生,山东,环境保护,英科再生资源股份有限公司,科创板,SSE,L,2021-07-09
688088.SH,688088,虹软科技,浙江,软件服务,虹软科技股份有限公司,科创板,SSE,L,2019-07-22
688089.SH,688089,嘉必优,湖北,食品,嘉必优生物技术(武汉)股份有限公司,科创板,SSE,L,2019-12-19
688090.SH,688090,瑞松科技,广东,专用机械,广州瑞松智能科技股份有限公司,科创板,SSE,L,2020-02-17
688091.SH,688091,上海谊众,上海,化学制药,上海谊众药业股份有限公司,科创板,SSE,L,2021-09-09
688092.SH,688092,爱科科技,浙江,专用机械,杭州爱科科技股份有限公司,科创板,SSE,L,2021-03-19
688093.SH,688093,世华科技,江苏,化工原料,苏州世华新材料科技股份有限公司,科创板,SSE,L,2020-09-30
688095.SH,688095,福昕软件,福建,软件服务,福建福昕软件开发股份有限公司,科创板,SSE,L,2020-09-08
688096.SH,688096,京源环保,江苏,环境保护,江苏京源环保股份有限公司,科创板,SSE,L,2020-04-09
688097.SH,688097,博众精工,江苏,专用机械,博众精工科技股份有限公司,科创板,SSE,L,2021-05-12
688098.SH,688098,申联生物,上海,农业综合,申联生物医药(上海)股份有限公司,科创板,SSE,L,2019-10-28
688099.SH,688099,晶晨股份,上海,半导体,晶晨半导体(上海)股份有限公司,科创板,SSE,L,2019-08-08
688100.SH,688100,威胜信息,湖南,通信设备,威胜信息技术股份有限公司,科创板,SSE,L,2020-01-21
688101.SH,688101,三达膜,陕西,环境保护,三达膜环境技术股份有限公司,科创板,SSE,L,2019-11-15
688102.SH,688102,斯瑞新材,陕西,铜,陕西斯瑞新材料股份有限公司,科创板,SSE,L,2022-03-16
688103.SH,688103,国力股份,江苏,电气设备,昆山国力电子科技股份有限公司,科创板,SSE,L,2021-09-10
688105.SH,688105,诺唯赞,江苏,生物制药,南京诺唯赞生物科技股份有限公司,科创板,SSE,L,2021-11-15
688106.SH,688106,金宏气体,江苏,化工原料,金宏气体股份有限公司,科创板,SSE,L,2020-06-16
688107.SH,688107,安路科技,上海,半导体,上海安路信息科技股份有限公司,科创板,SSE,L,2021-11-12
688108.SH,688108,赛诺医疗,天津,医疗保健,赛诺医疗科学技术股份有限公司,科创板,SSE,L,2019-10-30
688109.SH,688109,品茗科技,浙江,软件服务,品茗科技股份有限公司,科创板,SSE,L,2021-03-30
688110.SH,688110,东芯股份,上海,半导体,东芯半导体股份有限公司,科创板,SSE,L,2021-12-10
688111.SH,688111,金山办公,北京,软件服务,北京金山办公软件股份有限公司,科创板,SSE,L,2019-11-18
688112.SH,688112,鼎阳科技,深圳,电器仪表,深圳市鼎阳科技股份有限公司,科创板,SSE,L,2021-12-01
688113.SH,688113,联测科技,江苏,专用机械,江苏联测机电科技股份有限公司,科创板,SSE,L,2021-05-06
688114.SH,688114,华大智造,深圳,医疗保健,深圳华大智造科技股份有限公司,科创板,SSE,L,2022-09-09
688115.SH,688115,思林杰,广东,电器仪表,广州思林杰科技股份有限公司,科创板,SSE,L,2022-03-14
688116.SH,688116,天奈科技,江苏,化工原料,江苏天奈科技股份有限公司,科创板,SSE,L,2019-09-25
688117.SH,688117,圣诺生物,四川,生物制药,成都圣诺生物科技股份有限公司,科创板,SSE,L,2021-06-03
688118.SH,688118,普元信息,上海,软件服务,普元信息技术股份有限公司,科创板,SSE,L,2019-12-04
688119.SH,688119,中钢洛耐,河南,其他建材,中钢洛耐科技股份有限公司,科创板,SSE,L,2022-06-06
688120.SH,688120,华海清科,天津,半导体,华海清科股份有限公司,科创板,SSE,L,2022-06-08
688121.SH,688121,卓然股份,上海,专用机械,上海卓然工程技术股份有限公司,科创板,SSE,L,2021-09-06
688122.SH,688122,西部超导,陕西,小金属,西部超导材料科技股份有限公司,科创板,SSE,L,2019-07-22
688123.SH,688123,聚辰股份,上海,半导体,聚辰半导体股份有限公司,科创板,SSE,L,2019-12-23
688125.SH,688125,安达智能,广东,专用机械,广东安达智能装备股份有限公司,科创板,SSE,L,2022-04-15
688126.SH,688126,沪硅产业,上海,半导体,上海硅产业集团股份有限公司,科创板,SSE,L,2020-04-20
688127.SH,688127,蓝特光学,浙江,元器件,浙江蓝特光学股份有限公司,科创板,SSE,L,2020-09-21
688128.SH,688128,中国电研,广东,专用机械,中国电器科学研究院股份有限公司,科创板,SSE,L,2019-11-05
688129.SH,688129,东来技术,上海,染料涂料,东来涂料技术(上海)股份有限公司,科创板,SSE,L,2020-10-23
688130.SH,688130,晶华微,浙江,半导体,杭州晶华微电子股份有限公司,科创板,SSE,L,2022-07-29
688131.SH,688131,皓元医药,上海,化学制药,上海皓元医药股份有限公司,科创板,SSE,L,2021-06-08
688132.SH,688132,邦彦技术,深圳,通信设备,邦彦技术股份有限公司,科创板,SSE,L,2022-09-23
688133.SH,688133,泰坦科技,上海,化工原料,上海泰坦科技股份有限公司,科创板,SSE,L,2020-10-30
688135.SH,688135,利扬芯片,广东,半导体,广东利扬芯片测试股份有限公司,科创板,SSE,L,2020-11-11
688136.SH,688136,科兴制药,山东,生物制药,科兴生物制药股份有限公司,科创板,SSE,L,2020-12-14
688137.SH,688137,近岸蛋白,江苏,生物制药,苏州近岸蛋白质科技股份有限公司,科创板,SSE,L,2022-09-29
688138.SH,688138,清溢光电,深圳,半导体,深圳清溢光电股份有限公司,科创板,SSE,L,2019-11-20
688139.SH,688139,海尔生物,山东,医疗保健,青岛海尔生物医疗股份有限公司,科创板,SSE,L,2019-10-25
688141.SH,688141,杰华特,浙江,半导体,杰华特微电子股份有限公司,科创板,SSE,L,2022-12-23
688143.SH,688143,长盈通,湖北,通信设备,武汉长盈通光电技术股份有限公司,科创板,SSE,L,2022-12-12
688146.SH,688146,中船特气,河北,半导体,中船(邯郸)派瑞特种气体股份有限公司,科创板,SSE,L,2023-04-21
688147.SH,688147,微导纳米,江苏,专用机械,江苏微导纳米科技股份有限公司,科创板,SSE,L,2022-12-23
688148.SH,688148,芳源股份,广东,电气设备,广东芳源新材料集团股份有限公司,科创板,SSE,L,2021-08-06
688150.SH,688150,莱特光电,陕西,元器件,陕西莱特光电材料股份有限公司,科创板,SSE,L,2022-03-18
688151.SH,688151,华强科技,湖北,专用机械,湖北华强科技股份有限公司,科创板,SSE,L,2021-12-06
688152.SH,688152,麒麟信安,湖南,软件服务,湖南麒麟信安科技股份有限公司,科创板,SSE,L,2022-10-28
688153.SH,688153,唯捷创芯,天津,半导体,唯捷创芯(天津)电子技术股份有限公司,科创板,SSE,L,2022-04-12
688155.SH,688155,先惠技术,上海,专用机械,上海先惠自动化技术股份有限公司,科创板,SSE,L,2020-08-11
688156.SH,688156,路德环境,湖北,环境保护,路德环境科技股份有限公司,科创板,SSE,L,2020-09-22
688157.SH,688157,松井股份,湖南,染料涂料,松井新材料集团股份有限公司,科创板,SSE,L,2020-06-09
688158.SH,688158,优刻得-W,上海,软件服务,优刻得科技股份有限公司,科创板,SSE,L,2020-01-20
688159.SH,688159,有方科技,深圳,通信设备,深圳市有方科技股份有限公司,科创板,SSE,L,2020-01-23
688160.SH,688160,步科股份,上海,电器仪表,上海步科自动化股份有限公司,科创板,SSE,L,2020-11-12
688161.SH,688161,威高骨科,山东,医疗保健,山东威高骨科材料股份有限公司,科创板,SSE,L,2021-06-30
688162.SH,688162,巨一科技,安徽,专用机械,安徽巨一科技股份有限公司,科创板,SSE,L,2021-11-10
688163.SH,688163,赛伦生物,上海,生物制药,上海赛伦生物技术股份有限公司,科创板,SSE,L,2022-03-11
688165.SH,688165,埃夫特-U,安徽,专用机械,埃夫特智能装备股份有限公司,科创板,SSE,L,2020-07-15
688166.SH,688166,博瑞医药,江苏,化学制药,博瑞生物医药(苏州)股份有限公司,科创板,SSE,L,2019-11-08
688167.SH,688167,炬光科技,陕西,元器件,西安炬光科技股份有限公司,科创板,SSE,L,2021-12-24
688168.SH,688168,安博通,北京,软件服务,北京安博通科技股份有限公司,科创板,SSE,L,2019-09-06
688169.SH,688169,石头科技,北京,家用电器,北京石头世纪科技股份有限公司,科创板,SSE,L,2020-02-21
688170.SH,688170,德龙激光,江苏,专用机械,苏州德龙激光股份有限公司,科创板,SSE,L,2022-04-29
688171.SH,688171,纬德信息,广东,软件服务,广东纬德信息科技股份有限公司,科创板,SSE,L,2022-01-27
688172.SH,688172,燕东微,北京,半导体,北京燕东微电子股份有限公司,科创板,SSE,L,2022-12-16
688173.SH,688173,希荻微,广东,半导体,希荻微电子集团股份有限公司,科创板,SSE,L,2022-01-21
688175.SH,688175,高凌信息,广东,通信设备,珠海高凌信息科技股份有限公司,科创板,SSE,L,2022-03-15
688176.SH,688176,亚虹医药-U,江苏,化学制药,江苏亚虹医药科技股份有限公司,科创板,SSE,L,2022-01-07
688177.SH,688177,百奥泰,广东,生物制药,百奥泰生物制药股份有限公司,科创板,SSE,L,2020-02-21
688178.SH,688178,万德斯,江苏,环境保护,南京万德斯环保科技股份有限公司,科创板,SSE,L,2020-01-14
688179.SH,688179,阿拉丁,上海,化学制药,上海阿拉丁生化科技股份有限公司,科创板,SSE,L,2020-10-26
688180.SH,688180,君实生物-U,上海,生物制药,上海君实生物医药科技股份有限公司,科创板,SSE,L,2020-07-15
688181.SH,688181,八亿时空,北京,元器件,北京八亿时空液晶科技股份有限公司,科创板,SSE,L,2020-01-06
688182.SH,688182,灿勤科技,江苏,通信设备,江苏灿勤科技股份有限公司,科创板,SSE,L,2021-11-16
688183.SH,688183,生益电子,广东,元器件,生益电子股份有限公司,科创板,SSE,L,2021-02-25
688184.SH,688184,帕瓦股份,浙江,电气设备,浙江帕瓦新能源股份有限公司,科创板,SSE,L,2022-09-19
688185.SH,688185,康希诺,天津,生物制药,康希诺生物股份公司,科创板,SSE,L,2020-08-13
688186.SH,688186,广大特材,江苏,特种钢,张家港广大特材股份有限公司,科创板,SSE,L,2020-02-11
688187.SH,688187,时代电气,湖南,运输设备,株洲中车时代电气股份有限公司,科创板,SSE,L,2021-09-07
688188.SH,688188,柏楚电子,上海,专用机械,上海柏楚电子科技股份有限公司,科创板,SSE,L,2019-08-08
688189.SH,688189,南新制药,湖南,化学制药,湖南南新制药股份有限公司,科创板,SSE,L,2020-03-26
688190.SH,688190,云路股份,山东,矿物制品,青岛云路先进材料技术股份有限公司,科创板,SSE,L,2021-11-26
688191.SH,688191,智洋创新,山东,软件服务,智洋创新科技股份有限公司,科创板,SSE,L,2021-04-08
688192.SH,688192,迪哲医药-U,江苏,生物制药,迪哲(江苏)医药股份有限公司,科创板,SSE,L,2021-12-10
688193.SH,688193,仁度生物,上海,医疗保健,上海仁度生物科技股份有限公司,科创板,SSE,L,2022-03-30
688195.SH,688195,腾景科技,福建,元器件,腾景科技股份有限公司,科创板,SSE,L,2021-03-26
688196.SH,688196,卓越新能,福建,环境保护,龙岩卓越新能源股份有限公司,科创板,SSE,L,2019-11-21
688197.SH,688197,首药控股-U,北京,化学制药,首药控股(北京)股份有限公司,科创板,SSE,L,2022-03-23
688198.SH,688198,佰仁医疗,北京,医疗保健,北京佰仁医疗科技股份有限公司,科创板,SSE,L,2019-12-09
688199.SH,688199,久日新材,天津,化工原料,天津久日新材料股份有限公司,科创板,SSE,L,2019-11-05
688200.SH,688200,华峰测控,北京,半导体,北京华峰测控技术股份有限公司,科创板,SSE,L,2020-02-18
688201.SH,688201,信安世纪,北京,软件服务,北京信安世纪科技股份有限公司,科创板,SSE,L,2021-04-21
688202.SH,688202,美迪西,上海,医疗保健,上海美迪西生物医药股份有限公司,科创板,SSE,L,2019-11-05
688203.SH,688203,海正生材,浙江,塑料,浙江海正生物材料股份有限公司,科创板,SSE,L,2022-08-16
688205.SH,688205,德科立,江苏,通信设备,无锡市德科立光电子技术股份有限公司,科创板,SSE,L,2022-08-09
688206.SH,688206,概伦电子,上海,半导体,上海概伦电子股份有限公司,科创板,SSE,L,2021-12-28
688207.SH,688207,格灵深瞳,北京,软件服务,北京格灵深瞳信息技术股份有限公司,科创板,SSE,L,2022-03-17
688208.SH,688208,道通科技,深圳,IT设备,深圳市道通科技股份有限公司,科创板,SSE,L,2020-02-13
688209.SH,688209,英集芯,深圳,半导体,深圳英集芯科技股份有限公司,科创板,SSE,L,2022-04-19
688210.SH,688210,统联精密,深圳,元器件,深圳市泛海统联精密制造股份有限公司,科创板,SSE,L,2021-12-27
688211.SH,688211,中科微至,江苏,专用机械,中科微至科技股份有限公司,科创板,SSE,L,2021-10-26
688212.SH,688212,澳华内镜,上海,医疗保健,上海澳华内镜股份有限公司,科创板,SSE,L,2021-11-15
688213.SH,688213,思特威-W,上海,半导体,思特威(上海)电子科技股份有限公司,科创板,SSE,L,2022-05-20
688215.SH,688215,瑞晟智能,浙江,专用机械,浙江瑞晟智能科技股份有限公司,科创板,SSE,L,2020-08-28
688216.SH,688216,气派科技,深圳,半导体,气派科技股份有限公司,科创板,SSE,L,2021-06-23
688217.SH,688217,睿昂基因,上海,医疗保健,上海睿昂基因科技股份有限公司,科创板,SSE,L,2021-05-17
688218.SH,688218,江苏北人,江苏,专用机械,江苏北人智能制造科技股份有限公司,科创板,SSE,L,2019-12-11
688219.SH,688219,会通股份,安徽,塑料,会通新材料股份有限公司,科创板,SSE,L,2020-11-18
688220.SH,688220,翱捷科技-U,上海,半导体,翱捷科技股份有限公司,科创板,SSE,L,2022-01-14
688221.SH,688221,前沿生物-U,江苏,生物制药,前沿生物药业(南京)股份有限公司,科创板,SSE,L,2020-10-28
688222.SH,688222,成都先导,四川,化学制药,成都先导药物开发股份有限公司,科创板,SSE,L,2020-04-16
688223.SH,688223,晶科能源,江西,电气设备,晶科能源股份有限公司,科创板,SSE,L,2022-01-26
688225.SH,688225,亚信安全,江苏,软件服务,亚信安全科技股份有限公司,科创板,SSE,L,2022-02-09
688226.SH,688226,威腾电气,江苏,电气设备,威腾电气集团股份有限公司,科创板,SSE,L,2021-07-07
688227.SH,688227,品高股份,广东,软件服务,广州市品高软件股份有限公司,科创板,SSE,L,2021-12-30
688228.SH,688228,开普云,广东,软件服务,开普云信息科技股份有限公司,科创板,SSE,L,2020-03-27
688229.SH,688229,博睿数据,北京,软件服务,北京博睿宏远数据科技股份有限公司,科创板,SSE,L,2020-08-17
688230.SH,688230,芯导科技,上海,半导体,上海芯导电子科技股份有限公司,科创板,SSE,L,2021-12-01
688231.SH,688231,隆达股份,江苏,航空,江苏隆达超合金股份有限公司,科创板,SSE,L,2022-07-22
688232.SH,688232,新点软件,江苏,软件服务,国泰新点软件股份有限公司,科创板,SSE,L,2021-11-17
688233.SH,688233,神工股份,辽宁,半导体,锦州神工半导体股份有限公司,科创板,SSE,L,2020-02-21
688234.SH,688234,天岳先进,山东,半导体,山东天岳先进科技股份有限公司,科创板,SSE,L,2022-01-12
688235.SH,688235,百济神州-U,北京,生物制药,百济神州有限公司,科创板,SSE,L,2021-12-15
688236.SH,688236,春立医疗,北京,医疗保健,北京市春立正达医疗器械股份有限公司,科创板,SSE,L,2021-12-30
688237.SH,688237,超卓航科,湖北,航空,湖北超卓航空科技股份有限公司,科创板,SSE,L,2022-07-01
688238.SH,688238,和元生物,上海,医疗保健,和元生物技术(上海)股份有限公司,科创板,SSE,L,2022-03-22
688239.SH,688239,航宇科技,贵州,航空,贵州航宇科技发展股份有限公司,科创板,SSE,L,2021-07-05
688244.SH,688244,永信至诚,北京,软件服务,永信至诚科技集团股份有限公司,科创板,SSE,L,2022-10-19
688246.SH,688246,嘉和美康,北京,软件服务,嘉和美康(北京)科技股份有限公司,科创板,SSE,L,2021-12-14
688247.SH,688247,宣泰医药,上海,化学制药,上海宣泰医药科技股份有限公司,科创板,SSE,L,2022-08-25
688248.SH,688248,南网科技,广东,电气设备,南方电网电力科技股份有限公司,科创板,SSE,L,2021-12-22
688249.SH,688249,晶合集成,安徽,半导体,合肥晶合集成电路股份有限公司,科创板,SSE,L,2023-05-05
688251.SH,688251,井松智能,安徽,专用机械,合肥井松智能科技股份有限公司,科创板,SSE,L,2022-06-06
688252.SH,688252,天德钰,深圳,半导体,深圳天德钰科技股份有限公司,科创板,SSE,L,2022-09-27
688253.SH,688253,英诺特,北京,医疗保健,北京英诺特生物技术股份有限公司,科创板,SSE,L,2022-07-28
688255.SH,688255,凯尔达,浙江,机械基件,杭州凯尔达焊接机器人股份有限公司,科创板,SSE,L,2021-10-25
688256.SH,688256,寒武纪-U,北京,半导体,中科寒武纪科技股份有限公司,科创板,SSE,L,2020-07-20
688257.SH,688257,新锐股份,江苏,机械基件,苏州新锐合金工具股份有限公司,科创板,SSE,L,2021-10-27
688258.SH,688258,卓易信息,江苏,软件服务,江苏卓易信息科技股份有限公司,科创板,SSE,L,2019-12-09
688259.SH,688259,创耀科技,江苏,半导体,创耀(苏州)通信科技股份有限公司,科创板,SSE,L,2022-01-12
688260.SH,688260,昀冢科技,江苏,元器件,苏州昀冢电子科技股份有限公司,科创板,SSE,L,2021-04-06
688261.SH,688261,东微半导,江苏,半导体,苏州东微半导体股份有限公司,科创板,SSE,L,2022-02-10
688262.SH,688262,国芯科技,江苏,半导体,苏州国芯科技股份有限公司,科创板,SSE,L,2022-01-06
688265.SH,688265,南模生物,上海,医疗保健,上海南方模式生物科技股份有限公司,科创板,SSE,L,2021-12-28
688266.SH,688266,泽璟制药-U,江苏,生物制药,苏州泽璟生物制药股份有限公司,科创板,SSE,L,2020-01-23
688267.SH,688267,中触媒,辽宁,化工原料,中触媒新材料股份有限公司,科创板,SSE,L,2022-02-16
688268.SH,688268,华特气体,广东,化工原料,广东华特气体股份有限公司,科创板,SSE,L,2019-12-26
688269.SH,688269,凯立新材,陕西,化工原料,西安凯立新材料股份有限公司,科创板,SSE,L,2021-06-09
688270.SH,688270,臻镭科技,浙江,半导体,浙江臻镭科技股份有限公司,科创板,SSE,L,2022-01-27
688271.SH,688271,联影医疗,上海,医疗保健,上海联影医疗科技股份有限公司,科创板,SSE,L,2022-08-22
688272.SH,688272,*ST富吉,北京,元器件,北京富吉瑞光电科技股份有限公司,科创板,SSE,L,2021-10-18
688273.SH,688273,麦澜德,江苏,医疗保健,南京麦澜德医疗科技股份有限公司,科创板,SSE,L,2022-08-11
688275.SH,688275,万润新能,湖北,电气设备,湖北万润新能源科技股份有限公司,科创板,SSE,L,2022-09-29
688276.SH,688276,百克生物,吉林,生物制药,长春百克生物科技股份公司,科创板,SSE,L,2021-06-25
688277.SH,688277,天智航-U,北京,医疗保健,北京天智航医疗科技股份有限公司,科创板,SSE,L,2020-07-07
688278.SH,688278,特宝生物,福建,生物制药,厦门特宝生物工程股份有限公司,科创板,SSE,L,2020-01-17
688279.SH,688279,峰岹科技,深圳,半导体,峰岹科技(深圳)股份有限公司,科创板,SSE,L,2022-04-20
688280.SH,688280,精进电动-UW,北京,汽车配件,精进电动科技股份有限公司,科创板,SSE,L,2021-10-27
688281.SH,688281,华秦科技,陕西,航空,陕西华秦科技实业股份有限公司,科创板,SSE,L,2022-03-07
688282.SH,688282,*ST导航,北京,通信设备,北京理工导航控制科技股份有限公司,科创板,SSE,L,2022-03-18
688283.SH,688283,坤恒顺维,四川,电器仪表,成都坤恒顺维科技股份有限公司,科创板,SSE,L,2022-02-15
688285.SH,688285,高铁电气,陕西,运输设备,中铁高铁电气装备股份有限公司,科创板,SSE,L,2021-10-20
688286.SH,688286,敏芯股份,江苏,半导体,苏州敏芯微电子技术股份有限公司,科创板,SSE,L,2020-08-10
688287.SH,688287,观典防务,北京,航空,观典防务技术股份有限公司,科创板,SSE,L,2022-05-25
688288.SH,688288,鸿泉物联,浙江,IT设备,杭州鸿泉物联网技术股份有限公司,科创板,SSE,L,2019-11-06
688289.SH,688289,圣湘生物,湖南,医疗保健,圣湘生物科技股份有限公司,科创板,SSE,L,2020-08-28
688290.SH,688290,景业智能,浙江,专用机械,杭州景业智能科技股份有限公司,科创板,SSE,L,2022-04-29
688291.SH,688291,金橙子,北京,软件服务,北京金橙子科技股份有限公司,科创板,SSE,L,2022-10-26
688292.SH,688292,浩瀚深度,北京,软件服务,北京浩瀚深度信息技术股份有限公司,科创板,SSE,L,2022-08-18
688293.SH,688293,奥浦迈,上海,生物制药,上海奥浦迈生物科技股份有限公司,科创板,SSE,L,2022-09-02
688295.SH,688295,中复神鹰,江苏,化纤,中复神鹰碳纤维股份有限公司,科创板,SSE,L,2022-04-06
688296.SH,688296,和达科技,浙江,软件服务,浙江和达科技股份有限公司,科创板,SSE,L,2021-07-27
688297.SH,688297,中无人机,四川,航空,中航(成都)无人机系统股份有限公司,科创板,SSE,L,2022-06-29
688298.SH,688298,东方生物,浙江,医疗保健,浙江东方基因生物制品股份有限公司,科创板,SSE,L,2020-02-05
688299.SH,688299,长阳科技,浙江,元器件,宁波长阳科技股份有限公司,科创板,SSE,L,2019-11-06
688300.SH,688300,联瑞新材,江苏,矿物制品,江苏联瑞新材料股份有限公司,科创板,SSE,L,2019-11-15
688301.SH,688301,奕瑞科技,上海,医疗保健,上海奕瑞光电子科技股份有限公司,科创板,SSE,L,2020-09-18
688302.SH,688302,海创药业-U,四川,生物制药,海创药业股份有限公司,科创板,SSE,L,2022-04-12
688303.SH,688303,大全能源,新疆,电气设备,新疆大全新能源股份有限公司,科创板,SSE,L,2021-07-22
688305.SH,688305,科德数控,辽宁,机床制造,科德数控股份有限公司,科创板,SSE,L,2021-07-09
688306.SH,688306,均普智能,浙江,专用机械,宁波均普智能制造股份有限公司,科创板,SSE,L,2022-03-22
688307.SH,688307,中润光学,浙江,元器件,嘉兴中润光学科技股份有限公司,科创板,SSE,L,2023-02-16
688308.SH,688308,欧科亿,湖南,机械基件,株洲欧科亿数控精密刀具股份有限公司,科创板,SSE,L,2020-12-10
688309.SH,688309,恒誉环保,山东,环境保护,济南恒誉环保科技股份有限公司,科创板,SSE,L,2020-07-14
688310.SH,688310,迈得医疗,浙江,医疗保健,迈得医疗工业设备股份有限公司,科创板,SSE,L,2019-12-03
688311.SH,688311,盟升电子,四川,元器件,成都盟升电子技术股份有限公司,科创板,SSE,L,2020-07-31
688312.SH,688312,燕麦科技,深圳,专用机械,深圳市燕麦科技股份有限公司,科创板,SSE,L,2020-06-08
688313.SH,688313,仕佳光子,河南,通信设备,河南仕佳光子科技股份有限公司,科创板,SSE,L,2020-08-12
688314.SH,688314,康拓医疗,陕西,医疗保健,西安康拓医疗技术股份有限公司,科创板,SSE,L,2021-05-18
688315.SH,688315,诺禾致源,北京,医疗保健,北京诺禾致源科技股份有限公司,科创板,SSE,L,2021-04-13
688316.SH,688316,青云科技-U,北京,软件服务,北京青云科技股份有限公司,科创板,SSE,L,2021-03-16
688317.SH,688317,之江生物,上海,医疗保健,上海之江生物科技股份有限公司,科创板,SSE,L,2021-01-18
688318.SH,688318,财富趋势,深圳,软件服务,深圳市财富趋势科技股份有限公司,科创板,SSE,L,2020-04-27
688319.SH,688319,欧林生物,四川,生物制药,成都欧林生物科技股份有限公司,科创板,SSE,L,2021-06-08
688320.SH,688320,禾川科技,浙江,电器仪表,浙江禾川科技股份有限公司,科创板,SSE,L,2022-04-28
688321.SH,688321,微芯生物,深圳,化学制药,深圳微芯生物科技股份有限公司,科创板,SSE,L,2019-08-12
688322.SH,688322,奥比中光-UW,深圳,元器件,奥比中光科技集团股份有限公司,科创板,SSE,L,2022-07-07
688323.SH,688323,瑞华泰,深圳,塑料,深圳瑞华泰薄膜科技股份有限公司,科创板,SSE,L,2021-04-28
688325.SH,688325,赛微微电,广东,半导体,广东赛微微电子股份有限公司,科创板,SSE,L,2022-04-22
688326.SH,688326,经纬恒润-W,北京,汽车配件,北京经纬恒润科技股份有限公司,科创板,SSE,L,2022-04-19
688327.SH,688327,云从科技-UW,广东,软件服务,云从科技集团股份有限公司,科创板,SSE,L,2022-05-27
688328.SH,688328,深科达,深圳,专用机械,深圳市深科达智能装备股份有限公司,科创板,SSE,L,2021-03-09
688329.SH,688329,艾隆科技,江苏,专用机械,苏州艾隆科技股份有限公司,科创板,SSE,L,2021-03-29
688330.SH,688330,宏力达,上海,电气设备,上海宏力达信息技术股份有限公司,科创板,SSE,L,2020-10-15
688331.SH,688331,荣昌生物,山东,生物制药,荣昌生物制药(烟台)股份有限公司,科创板,SSE,L,2022-03-31
688332.SH,688332,中科蓝讯,深圳,半导体,深圳市中科蓝讯科技股份有限公司,科创板,SSE,L,2022-07-15
688333.SH,688333,铂力特,陕西,机械基件,西安铂力特增材技术股份有限公司,科创板,SSE,L,2019-07-22
688334.SH,688334,西高院,陕西,电气设备,西安高压电器研究院股份有限公司,科创板,SSE,L,2023-06-19
688335.SH,688335,复洁环保,上海,环境保护,上海复洁环保科技股份有限公司,科创板,SSE,L,2020-08-17
688336.SH,688336,三生国健,上海,生物制药,三生国健药业(上海)股份有限公司,科创板,SSE,L,2020-07-22
688337.SH,688337,普源精电,江苏,电器仪表,普源精电科技股份有限公司,科创板,SSE,L,2022-04-08
688338.SH,688338,赛科希德,北京,医疗保健,北京赛科希德科技股份有限公司,科创板,SSE,L,2020-08-06
688339.SH,688339,亿华通-U,北京,汽车配件,北京亿华通科技股份有限公司,科创板,SSE,L,2020-08-10
688343.SH,688343,云天励飞-U,深圳,软件服务,深圳云天励飞技术股份有限公司,科创板,SSE,L,2023-04-04
688345.SH,688345,博力威,广东,电气设备,广东博力威科技股份有限公司,科创板,SSE,L,2021-06-11
688347.SH,688347,华虹公司,上海,半导体,华虹半导体有限公司,科创板,SSE,L,2023-08-07
688348.SH,688348,昱能科技,浙江,电气设备,昱能科技股份有限公司,科创板,SSE,L,2022-06-08
688349.SH,688349,三一重能,北京,电气设备,三一重能股份有限公司,科创板,SSE,L,2022-06-22
688350.SH,688350,富淼科技,江苏,化工原料,江苏富淼科技股份有限公司,科创板,SSE,L,2021-01-28
688351.SH,688351,微电生理-U,上海,医疗保健,上海微创电生理医疗科技股份有限公司,科创板,SSE,L,2022-08-31
688352.SH,688352,颀中科技,安徽,半导体,合肥颀中科技股份有限公司,科创板,SSE,L,2023-04-20
688353.SH,688353,华盛锂电,江苏,化工原料,江苏华盛锂电材料股份有限公司,科创板,SSE,L,2022-07-13
688355.SH,688355,明志科技,江苏,机械基件,苏州明志科技股份有限公司,科创板,SSE,L,2021-05-12
688356.SH,688356,键凯科技,北京,化学制药,北京键凯科技股份有限公司,科创板,SSE,L,2020-08-26
688357.SH,688357,建龙微纳,河南,化工原料,洛阳建龙微纳新材料股份有限公司,科创板,SSE,L,2019-12-04
688358.SH,688358,祥生医疗,江苏,医疗保健,无锡祥生医疗科技股份有限公司,科创板,SSE,L,2019-12-03
688359.SH,688359,三孚新科,广东,化工原料,广州三孚新材料科技股份有限公司,科创板,SSE,L,2021-05-21
688360.SH,688360,德马科技,浙江,机械基件,德马科技集团股份有限公司,科创板,SSE,L,2020-06-02
688361.SH,688361,中科飞测,深圳,半导体,深圳中科飞测科技股份有限公司,科创板,SSE,L,2023-05-19
688362.SH,688362,甬矽电子,浙江,半导体,甬矽电子(宁波)股份有限公司,科创板,SSE,L,2022-11-16
688363.SH,688363,华熙生物,山东,医疗保健,华熙生物科技股份有限公司,科创板,SSE,L,2019-11-06
688365.SH,688365,光云科技,浙江,软件服务,杭州光云科技股份有限公司,科创板,SSE,L,2020-04-29
688366.SH,688366,昊海生科,上海,医疗保健,上海昊海生物科技股份有限公司,科创板,SSE,L,2019-10-30
688367.SH,688367,工大高科,安徽,运输设备,合肥工大高科信息科技股份有限公司,科创板,SSE,L,2021-06-28
688368.SH,688368,晶丰明源,上海,半导体,上海晶丰明源半导体股份有限公司,科创板,SSE,L,2019-10-14
688369.SH,688369,致远互联,北京,软件服务,北京致远互联软件股份有限公司,科创板,SSE,L,2019-10-31
688370.SH,688370,丛麟科技,上海,环境保护,上海丛麟环保科技股份有限公司,科创板,SSE,L,2022-08-25
688371.SH,688371,菲沃泰,江苏,元器件,江苏菲沃泰纳米科技股份有限公司,科创板,SSE,L,2022-08-02
688372.SH,688372,伟测科技,上海,半导体,上海伟测半导体科技股份有限公司,科创板,SSE,L,2022-10-26
688373.SH,688373,盟科药业-U,上海,化学制药,上海盟科药业股份有限公司,科创板,SSE,L,2022-08-05
688375.SH,688375,国博电子,江苏,元器件,南京国博电子股份有限公司,科创板,SSE,L,2022-07-22
688376.SH,688376,美埃科技,江苏,专用机械,美埃(中国)环境科技股份有限公司,科创板,SSE,L,2022-11-18
688377.SH,688377,迪威尔,江苏,专用机械,南京迪威尔高端制造股份有限公司,科创板,SSE,L,2020-07-08
688378.SH,688378,奥来德,吉林,专用机械,吉林奥来德光电材料股份有限公司,科创板,SSE,L,2020-09-03
688379.SH,688379,华光新材,浙江,机械基件,杭州华光焊接新材料股份有限公司,科创板,SSE,L,2020-08-19
688380.SH,688380,中微半导,深圳,半导体,中微半导体(深圳)股份有限公司,科创板,SSE,L,2022-08-05
688381.SH,688381,帝奥微,江苏,半导体,江苏帝奥微电子股份有限公司,科创板,SSE,L,2022-08-23
688382.SH,688382,益方生物-U,上海,生物制药,益方生物科技(上海)股份有限公司,科创板,SSE,L,2022-07-25
688383.SH,688383,新益昌,深圳,专用机械,深圳新益昌科技股份有限公司,科创板,SSE,L,2021-04-28
688385.SH,688385,复旦微电,上海,半导体,上海复旦微电子集团股份有限公司,科创板,SSE,L,2021-08-04
688386.SH,688386,泛亚微透,江苏,化工原料,江苏泛亚微透科技股份有限公司,科创板,SSE,L,2020-10-16
688387.SH,688387,信科移动-U,湖北,通信设备,中信科移动通信技术股份有限公司,科创板,SSE,L,2022-09-26
688388.SH,688388,嘉元科技,广东,电气设备,广东嘉元科技股份有限公司,科创板,SSE,L,2019-07-22
688389.SH,688389,普门科技,深圳,医疗保健,深圳普门科技股份有限公司,科创板,SSE,L,2019-11-05
688390.SH,688390,固德威,江苏,电气设备,固德威技术股份有限公司,科创板,SSE,L,2020-09-04
688391.SH,688391,钜泉科技,上海,半导体,钜泉光电科技(上海)股份有限公司,科创板,SSE,L,2022-09-13
688392.SH,688392,骄成超声,上海,专用机械,上海骄成超声波技术股份有限公司,科创板,SSE,L,2022-09-27
688393.SH,688393,安必平,广东,医疗保健,广州安必平医药科技股份有限公司,科创板,SSE,L,2020-08-20
688395.SH,688395,正弦电气,深圳,电气设备,深圳市正弦电气股份有限公司,科创板,SSE,L,2021-04-29
688396.SH,688396,华润微,江苏,半导体,华润微电子有限公司,科创板,SSE,L,2020-02-27
688398.SH,688398,赛特新材,福建,矿物制品,福建赛特新材股份有限公司,科创板,SSE,L,2020-02-11
688399.SH,688399,硕世生物,江苏,医疗保健,江苏硕世生物科技股份有限公司,科创板,SSE,L,2019-12-05
688400.SH,688400,凌云光,北京,专用机械,凌云光技术股份有限公司,科创板,SSE,L,2022-07-06
688401.SH,688401,路维光电,深圳,半导体,深圳市路维光电股份有限公司,科创板,SSE,L,2022-08-17
688403.SH,688403,汇成股份,安徽,半导体,合肥新汇成微电子股份有限公司,科创板,SSE,L,2022-08-18
688408.SH,688408,中信博,江苏,电气设备,江苏中信博新能源科技股份有限公司,科创板,SSE,L,2020-08-28
688409.SH,688409,富创精密,辽宁,半导体,沈阳富创精密设备股份有限公司,科创板,SSE,L,2022-10-10
688410.SH,688410,山外山,重庆,医疗保健,重庆山外山血液净化技术股份有限公司,科创板,SSE,L,2022-12-26
688416.SH,688416,恒烁股份,安徽,半导体,恒烁半导体(合肥)股份有限公司,科创板,SSE,L,2022-08-29
688418.SH,688418,震有科技,深圳,通信设备,深圳震有科技股份有限公司,科创板,SSE,L,2020-07-22
688419.SH,688419,耐科装备,安徽,半导体,安徽耐科装备科技股份有限公司,科创板,SSE,L,2022-11-07
688420.SH,688420,美腾科技,天津,专用机械,天津美腾科技股份有限公司,科创板,SSE,L,2022-12-09
688425.SH,688425,铁建重工,湖南,专用机械,中国铁建重工集团股份有限公司,科创板,SSE,L,2021-06-22
688426.SH,688426,康为世纪,江苏,生物制药,江苏康为世纪生物科技股份有限公司,科创板,SSE,L,2022-10-25
688428.SH,688428,诺诚健华-U,北京,生物制药,诺诚健华医药有限公司,科创板,SSE,L,2022-09-21
688429.SH,688429,时创能源,江苏,电气设备,常州时创能源股份有限公司,科创板,SSE,L,2023-06-29
688432.SH,688432,有研硅,北京,半导体,有研半导体硅材料股份公司,科创板,SSE,L,2022-11-10
688433.SH,688433,华曙高科,湖南,专用机械,湖南华曙高科技股份有限公司,科创板,SSE,L,2023-04-17
688435.SH,688435,英方软件,上海,软件服务,上海英方软件股份有限公司,科创板,SSE,L,2023-01-19
688439.SH,688439,振华风光,贵州,元器件,贵州振华风光半导体股份有限公司,科创板,SSE,L,2022-08-26
688443.SH,688443,智翔金泰-U,重庆,生物制药,重庆智翔金泰生物制药股份有限公司,科创板,SSE,L,2023-06-20
688448.SH,688448,磁谷科技,江苏,专用机械,南京磁谷科技股份有限公司,科创板,SSE,L,2022-09-21
688450.SH,688450,光格科技,江苏,软件服务,苏州光格科技股份有限公司,科创板,SSE,L,2023-07-24
688455.SH,688455,科捷智能,山东,机械基件,科捷智能科技股份有限公司,科创板,SSE,L,2022-09-15
688456.SH,688456,有研粉材,北京,铜,有研粉末新材料股份有限公司,科创板,SSE,L,2021-03-17
688458.SH,688458,美芯晟,北京,半导体,美芯晟科技(北京)股份有限公司,科创板,SSE,L,2023-05-22
688459.SH,688459,哈铁科技,黑龙江,运输设备,哈尔滨国铁科技集团股份有限公司,科创板,SSE,L,2022-10-12
688466.SH,688466,金科环境,北京,环境保护,金科环境股份有限公司,科创板,SSE,L,2020-05-08
688468.SH,688468,科美诊断,北京,医疗保健,科美诊断技术股份有限公司,科创板,SSE,L,2021-04-09
688469.SH,688469,芯联集成-U,浙江,半导体,芯联集成电路制造股份有限公司,科创板,SSE,L,2023-05-10
688472.SH,688472,阿特斯,江苏,电气设备,阿特斯阳光电力集团股份有限公司,科创板,SSE,L,2023-06-09
688475.SH,688475,萤石网络,浙江,IT设备,杭州萤石网络股份有限公司,科创板,SSE,L,2022-12-28
688478.SH,688478,晶升股份,江苏,半导体,南京晶升装备股份有限公司,科创板,SSE,L,2023-04-24
688479.SH,688479,友车科技,上海,软件服务,用友汽车信息科技(上海)股份有限公司,科创板,SSE,L,2023-05-11
688480.SH,688480,赛恩斯,湖南,环境保护,赛恩斯环保股份有限公司,科创板,SSE,L,2022-11-25
688484.SH,688484,南芯科技,上海,半导体,上海南芯半导体科技股份有限公司,科创板,SSE,L,2023-04-07
688485.SH,688485,九州一轨,北京,环境保护,北京九州一轨环境科技股份有限公司,科创板,SSE,L,2023-01-18
688486.SH,688486,龙迅股份,安徽,半导体,龙迅半导体(合肥)股份有限公司,科创板,SSE,L,2023-02-21
688488.SH,688488,艾迪药业,江苏,生物制药,江苏艾迪药业股份有限公司,科创板,SSE,L,2020-07-20
688489.SH,688489,三未信安,北京,IT设备,三未信安科技股份有限公司,科创板,SSE,L,2022-12-02
688496.SH,688496,清越科技,江苏,元器件,苏州清越光电科技股份有限公司,科创板,SSE,L,2022-12-28
688498.SH,688498,源杰科技,陕西,半导体,陕西源杰半导体科技股份有限公司,科创板,SSE,L,2022-12-21
688499.SH,688499,利元亨,广东,专用机械,广东利元亨智能装备股份有限公司,科创板,SSE,L,2021-07-01
688500.SH,688500,*ST慧辰,北京,互联网,北京慧辰资道资讯股份有限公司,科创板,SSE,L,2020-07-16
688501.SH,688501,青达环保,山东,环境保护,青岛达能环保设备股份有限公司,科创板,SSE,L,2021-07-16
688502.SH,688502,茂莱光学,江苏,元器件,南京茂莱光学科技股份有限公司,科创板,SSE,L,2023-03-09
688503.SH,688503,聚和材料,江苏,电气设备,常州聚和新材料股份有限公司,科创板,SSE,L,2022-12-09
688505.SH,688505,复旦张江,上海,化学制药,上海复旦张江生物医药股份有限公司,科创板,SSE,L,2020-06-19
688506.SH,688506,百利天恒-U,四川,化学制药,四川百利天恒药业股份有限公司,科创板,SSE,L,2023-01-06
688507.SH,688507,索辰科技,上海,软件服务,上海索辰信息科技股份有限公司,科创板,SSE,L,2023-04-18
688508.SH,688508,芯朋微,江苏,半导体,无锡芯朋微电子股份有限公司,科创板,SSE,L,2020-07-22
688509.SH,688509,正元地信,北京,软件服务,正元地理信息集团股份有限公司,科创板,SSE,L,2021-07-30
688510.SH,688510,航亚科技,江苏,航空,无锡航亚科技股份有限公司,科创板,SSE,L,2020-12-16
688511.SH,688511,天微电子,四川,元器件,四川天微电子股份有限公司,科创板,SSE,L,2021-07-30
688512.SH,688512,慧智微-U,广东,半导体,广州慧智微电子股份有限公司,科创板,SSE,L,2023-05-16
688513.SH,688513,苑东生物,四川,化学制药,成都苑东生物制药股份有限公司,科创板,SSE,L,2020-09-02
688515.SH,688515,裕太微-U,江苏,半导体,裕太微电子股份有限公司,科创板,SSE,L,2023-02-10
688516.SH,688516,奥特维,江苏,专用机械,无锡奥特维科技股份有限公司,科创板,SSE,L,2020-05-21
688517.SH,688517,金冠电气,河南,电气设备,金冠电气股份有限公司,科创板,SSE,L,2021-06-18
688518.SH,688518,联赢激光,深圳,专用机械,深圳市联赢激光股份有限公司,科创板,SSE,L,2020-06-22
688519.SH,688519,南亚新材,上海,元器件,南亚新材料科技股份有限公司,科创板,SSE,L,2020-08-18
688520.SH,688520,神州细胞-U,北京,生物制药,北京神州细胞生物技术集团股份公司,科创板,SSE,L,2020-06-22
688521.SH,688521,芯原股份,上海,半导体,芯原微电子(上海)股份有限公司,科创板,SSE,L,2020-08-18
688522.SH,688522,纳睿雷达,广东,通信设备,广东纳睿雷达科技股份有限公司,科创板,SSE,L,2023-03-01
688523.SH,688523,航天环宇,湖南,航空,湖南航天环宇通信科技股份有限公司,科创板,SSE,L,2023-06-02
688525.SH,688525,佰维存储,深圳,半导体,深圳佰维存储科技股份有限公司,科创板,SSE,L,2022-12-30
688526.SH,688526,科前生物,湖北,农业综合,武汉科前生物股份有限公司,科创板,SSE,L,2020-09-22
688528.SH,688528,秦川物联,四川,电器仪表,成都秦川物联网科技股份有限公司,科创板,SSE,L,2020-07-01
688529.SH,688529,豪森智能,辽宁,专用机械,大连豪森智能制造股份有限公司,科创板,SSE,L,2020-11-09
688530.SH,688530,欧莱新材,广东,半导体,广东欧莱高新材料股份有限公司,科创板,SSE,L,2024-05-09
688531.SH,688531,日联科技,江苏,专用机械,无锡日联科技股份有限公司,科创板,SSE,L,2023-03-31
688533.SH,688533,上声电子,江苏,汽车配件,苏州上声电子股份有限公司,科创板,SSE,L,2021-04-19
688535.SH,688535,华海诚科,江苏,半导体,江苏华海诚科新材料股份有限公司,科创板,SSE,L,2023-04-04
688536.SH,688536,思瑞浦,江苏,半导体,思瑞浦微电子科技(苏州)股份有限公司,科创板,SSE,L,2020-09-21
688538.SH,688538,和辉光电-U,上海,半导体,上海和辉光电股份有限公司,科创板,SSE,L,2021-05-28
688539.SH,688539,高华科技,江苏,电器仪表,南京高华科技股份有限公司,科创板,SSE,L,2023-04-18
688543.SH,688543,国科军工,江西,专用机械,江西国科军工集团股份有限公司,科创板,SSE,L,2023-06-21
688548.SH,688548,广钢气体,广东,化工原料,广州广钢气体能源股份有限公司,科创板,SSE,L,2023-08-15
688549.SH,688549,中巨芯-U,浙江,元器件,中巨芯科技股份有限公司,科创板,SSE,L,2023-09-08
688550.SH,688550,瑞联新材,陕西,化工原料,西安瑞联新材料股份有限公司,科创板,SSE,L,2020-09-02
688551.SH,688551,科威尔,安徽,专用机械,科威尔技术股份有限公司,科创板,SSE,L,2020-09-10
688552.SH,688552,航天南湖,湖北,通信设备,航天南湖电子信息技术股份有限公司,科创板,SSE,L,2023-05-18
688553.SH,688553,汇宇制药-W,四川,化学制药,四川汇宇制药股份有限公司,科创板,SSE,L,2021-10-26
688556.SH,688556,高测股份,山东,专用机械,青岛高测科技股份有限公司,科创板,SSE,L,2020-08-07
688557.SH,688557,兰剑智能,山东,专用机械,兰剑智能科技股份有限公司,科创板,SSE,L,2020-12-02
688558.SH,688558,国盛智科,江苏,机床制造,南通国盛智能科技集团股份有限公司,科创板,SSE,L,2020-06-30
688559.SH,688559,海目星,深圳,专用机械,海目星激光科技集团股份有限公司,科创板,SSE,L,2020-09-09
688560.SH,688560,明冠新材,江西,电气设备,明冠新材料股份有限公司,科创板,SSE,L,2020-12-24
688561.SH,688561,奇安信-U,北京,软件服务,奇安信科技集团股份有限公司,科创板,SSE,L,2020-07-22
688562.SH,688562,航天软件,北京,软件服务,北京神舟航天软件技术股份有限公司,科创板,SSE,L,2023-05-24
688563.SH,688563,航材股份,北京,航空,北京航空材料研究院股份有限公司,科创板,SSE,L,2023-07-19
688565.SH,688565,力源科技,浙江,环境保护,浙江海盐力源环保科技股份有限公司,科创板,SSE,L,2021-05-13
688566.SH,688566,吉贝尔,江苏,化学制药,江苏吉贝尔药业股份有限公司,科创板,SSE,L,2020-05-18
688567.SH,688567,孚能科技,江西,电气设备,孚能科技(赣州)股份有限公司,科创板,SSE,L,2020-07-17
688568.SH,688568,中科星图,北京,软件服务,中科星图股份有限公司,科创板,SSE,L,2020-07-08
688569.SH,688569,铁科轨道,北京,运输设备,北京铁科首钢轨道技术股份有限公司,科创板,SSE,L,2020-08-31
688570.SH,688570,天玛智控,北京,专用机械,北京天玛智控科技股份有限公司,科创板,SSE,L,2023-06-05
688571.SH,688571,杭华股份,浙江,染料涂料,杭华油墨股份有限公司,科创板,SSE,L,2020-12-11
688573.SH,688573,信宇人,深圳,专用机械,深圳市信宇人科技股份有限公司,科创板,SSE,L,2023-08-17
688575.SH,688575,亚辉龙,深圳,医疗保健,深圳市亚辉龙生物科技股份有限公司,科创板,SSE,L,2021-05-17
688576.SH,688576,西山科技,重庆,医疗保健,重庆西山科技股份有限公司,科创板,SSE,L,2023-06-06
688577.SH,688577,浙海德曼,浙江,机床制造,浙江海德曼智能装备股份有限公司,科创板,SSE,L,2020-09-16
688578.SH,688578,艾力斯,上海,化学制药,上海艾力斯医药科技股份有限公司,科创板,SSE,L,2020-12-02
688579.SH,688579,山大地纬,山东,软件服务,山大地纬软件股份有限公司,科创板,SSE,L,2020-07-17
688580.SH,688580,伟思医疗,江苏,医疗保健,南京伟思医疗科技股份有限公司,科创板,SSE,L,2020-07-21
688581.SH,688581,安杰思,浙江,医疗保健,杭州安杰思医学科技股份有限公司,科创板,SSE,L,2023-05-19
688582.SH,688582,芯动联科,安徽,电器仪表,安徽芯动联科微系统股份有限公司,科创板,SSE,L,2023-06-30
688584.SH,688584,上海合晶,上海,半导体,上海合晶硅材料股份有限公司,科创板,SSE,L,2024-02-08
688585.SH,688585,上纬新材,上海,化工原料,上纬新材料科技股份有限公司,科创板,SSE,L,2020-09-28
688586.SH,688586,江航装备,安徽,航空,合肥江航飞机装备股份有限公司,科创板,SSE,L,2020-07-31
688588.SH,688588,凌志软件,江苏,软件服务,苏州工业园区凌志软件股份有限公司,科创板,SSE,L,2020-05-11
688589.SH,688589,力合微,深圳,半导体,深圳市力合微电子股份有限公司,科创板,SSE,L,2020-07-22
688590.SH,688590,新致软件,上海,软件服务,上海新致软件股份有限公司,科创板,SSE,L,2020-12-07
688591.SH,688591,泰凌微,上海,半导体,泰凌微电子(上海)股份有限公司,科创板,SSE,L,2023-08-25
688592.SH,688592,司南导航,上海,通信设备,上海司南卫星导航技术股份有限公司,科创板,SSE,L,2023-08-16
688593.SH,688593,新相微,上海,半导体,上海新相微电子股份有限公司,科创板,SSE,L,2023-06-01
688595.SH,688595,芯海科技,深圳,半导体,芯海科技(深圳)股份有限公司,科创板,SSE,L,2020-09-28
688596.SH,688596,正帆科技,上海,专用机械,上海正帆科技股份有限公司,科创板,SSE,L,2020-08-20
688597.SH,688597,煜邦电力,北京,电器仪表,北京煜邦电力技术股份有限公司,科创板,SSE,L,2021-06-17
688598.SH,688598,金博股份,湖南,矿物制品,湖南金博碳素股份有限公司,科创板,SSE,L,2020-05-18
688599.SH,688599,天合光能,江苏,电气设备,天合光能股份有限公司,科创板,SSE,L,2020-06-10
688600.SH,688600,皖仪科技,安徽,电器仪表,安徽皖仪科技股份有限公司,科创板,SSE,L,2020-07-03
688601.SH,688601,力芯微,江苏,半导体,无锡力芯微电子股份有限公司,科创板,SSE,L,2021-06-28
688602.SH,688602,康鹏科技,上海,化工原料,上海康鹏科技股份有限公司,科创板,SSE,L,2023-07-20
688603.SH,688603,天承科技,广东,化工原料,广东天承科技股份有限公司,科创板,SSE,L,2023-07-10
688606.SH,688606,奥泰生物,浙江,医疗保健,杭州奥泰生物技术股份有限公司,科创板,SSE,L,2021-03-25
688607.SH,688607,康众医疗,江苏,医疗保健,江苏康众数字医疗科技股份有限公司,科创板,SSE,L,2021-02-01
688608.SH,688608,恒玄科技,上海,半导体,恒玄科技(上海)股份有限公司,科创板,SSE,L,2020-12-16
688609.SH,688609,九联科技,广东,家用电器,广东九联科技股份有限公司,科创板,SSE,L,2021-03-23
688610.SH,688610,埃科光电,安徽,电器仪表,合肥埃科光电科技股份有限公司,科创板,SSE,L,2023-07-19
688611.SH,688611,杭州柯林,浙江,电气设备,杭州柯林电气股份有限公司,科创板,SSE,L,2021-04-12
688612.SH,688612,威迈斯,深圳,汽车配件,深圳威迈斯新能源股份有限公司,科创板,SSE,L,2023-07-26
688613.SH,688613,奥精医疗,北京,医疗保健,奥精医疗科技股份有限公司,科创板,SSE,L,2021-05-21
688616.SH,688616,西力科技,浙江,电器仪表,杭州西力智能科技股份有限公司,科创板,SSE,L,2021-03-18
688617.SH,688617,惠泰医疗,深圳,医疗保健,深圳惠泰医疗器械股份有限公司,科创板,SSE,L,2021-01-07
688618.SH,688618,三旺通信,深圳,通信设备,深圳市三旺通信股份有限公司,科创板,SSE,L,2020-12-30
688619.SH,688619,罗普特,福建,软件服务,罗普特科技集团股份有限公司,科创板,SSE,L,2021-02-23
688620.SH,688620,安凯微,广东,半导体,广州安凯微电子股份有限公司,科创板,SSE,L,2023-06-27
688621.SH,688621,阳光诺和,北京,医疗保健,北京阳光诺和药物研究股份有限公司,科创板,SSE,L,2021-06-21
688622.SH,688622,禾信仪器,广东,电器仪表,广州禾信仪器股份有限公司,科创板,SSE,L,2021-09-13
688623.SH,688623,双元科技,浙江,专用机械,浙江双元科技股份有限公司,科创板,SSE,L,2023-06-08
688625.SH,688625,呈和科技,广东,化工原料,呈和科技股份有限公司,科创板,SSE,L,2021-06-07
688626.SH,688626,翔宇医疗,河南,医疗保健,河南翔宇医疗设备股份有限公司,科创板,SSE,L,2021-03-31
688627.SH,688627,精智达,深圳,专用机械,深圳精智达技术股份有限公司,科创板,SSE,L,2023-07-18
688628.SH,688628,优利德,广东,电器仪表,优利德科技(中国)股份有限公司,科创板,SSE,L,2021-02-01
688629.SH,688629,华丰科技,四川,元器件,四川华丰科技股份有限公司,科创板,SSE,L,2023-06-27
688630.SH,688630,芯碁微装,安徽,专用机械,合肥芯碁微电子装备股份有限公司,科创板,SSE,L,2021-04-01
688631.SH,688631,莱斯信息,江苏,软件服务,南京莱斯信息技术股份有限公司,科创板,SSE,L,2023-06-28
688633.SH,688633,星球石墨,江苏,专用机械,南通星球石墨股份有限公司,科创板,SSE,L,2021-03-24
688636.SH,688636,智明达,四川,元器件,成都智明达电子股份有限公司,科创板,SSE,L,2021-04-08
688638.SH,688638,誉辰智能,深圳,专用机械,深圳市誉辰智能装备股份有限公司,科创板,SSE,L,2023-07-12
688639.SH,688639,华恒生物,安徽,化学制药,安徽华恒生物科技股份有限公司,科创板,SSE,L,2021-04-22
688646.SH,688646,逸飞激光,湖北,专用机械,武汉逸飞激光股份有限公司,科创板,SSE,L,2023-07-28
688648.SH,688648,中邮科技,上海,机床制造,中邮科技股份有限公司,科创板,SSE,L,2023-11-13
688651.SH,688651,盛邦安全,北京,软件服务,远江盛邦(北京)网络安全科技股份有限公司,科创板,SSE,L,2023-07-26
688652.SH,688652,京仪装备,北京,半导体,北京京仪自动化装备技术股份有限公司,科创板,SSE,L,2023-11-29
688653.SH,688653,康希通信,上海,半导体,格兰康希通信科技(上海)股份有限公司,科创板,SSE,L,2023-11-17
688655.SH,688655,迅捷兴,深圳,元器件,深圳市迅捷兴科技股份有限公司,科创板,SSE,L,2021-05-11
688656.SH,688656,浩欧博,江苏,医疗保健,江苏浩欧博生物医药股份有限公司,科创板,SSE,L,2021-01-13
688657.SH,688657,浩辰软件,江苏,软件服务,苏州浩辰软件股份有限公司,科创板,SSE,L,2023-10-10
688658.SH,688658,悦康药业,北京,化学制药,悦康药业集团股份有限公司,科创板,SSE,L,2020-12-24
688659.SH,688659,元琛科技,安徽,环境保护,安徽元琛环保科技股份有限公司,科创板,SSE,L,2021-03-31
688660.SH,688660,电气风电,上海,电气设备,上海电气风电集团股份有限公司,科创板,SSE,L,2021-05-19
688661.SH,688661,和林微纳,江苏,元器件,苏州和林微纳科技股份有限公司,科创板,SSE,L,2021-03-29
688662.SH,688662,富信科技,广东,元器件,广东富信科技股份有限公司,科创板,SSE,L,2021-04-01
688663.SH,688663,新风光,山东,电气设备,新风光电子科技股份有限公司,科创板,SSE,L,2021-04-13
688665.SH,688665,四方光电,湖北,电器仪表,四方光电股份有限公司,科创板,SSE,L,2021-02-09
688667.SH,688667,菱电电控,湖北,汽车配件,武汉菱电汽车电控系统股份有限公司,科创板,SSE,L,2021-03-12
688668.SH,688668,鼎通科技,广东,通信设备,东莞市鼎通精密科技股份有限公司,科创板,SSE,L,2020-12-21
688669.SH,688669,聚石化学,广东,化工原料,广东聚石化学股份有限公司,科创板,SSE,L,2021-01-25
688670.SH,688670,金迪克,江苏,生物制药,江苏金迪克生物技术股份有限公司,科创板,SSE,L,2021-08-02
688671.SH,688671,碧兴物联,深圳,环境保护,碧兴物联科技(深圳)股份有限公司,科创板,SSE,L,2023-08-09
688676.SH,688676,金盘科技,海南,电气设备,海南金盘智能科技股份有限公司,科创板,SSE,L,2021-03-09
688677.SH,688677,海泰新光,山东,医疗保健,青岛海泰新光科技股份有限公司,科创板,SSE,L,2021-02-26
688678.SH,688678,福立旺,江苏,元器件,福立旺精密机电(中国)股份有限公司,科创板,SSE,L,2020-12-23
688679.SH,688679,通源环境,安徽,环境保护,安徽省通源环境节能股份有限公司,科创板,SSE,L,2020-12-25
688680.SH,688680,海优新材,上海,塑料,上海海优威新材料股份有限公司,科创板,SSE,L,2021-01-22
688681.SH,688681,科汇股份,山东,电气设备,山东科汇电力自动化股份有限公司,科创板,SSE,L,2021-06-16
688682.SH,688682,霍莱沃,上海,软件服务,上海霍莱沃电子系统技术股份有限公司,科创板,SSE,L,2021-04-20
688683.SH,688683,莱尔科技,广东,元器件,广东莱尔新材料科技股份有限公司,科创板,SSE,L,2021-04-12
688685.SH,688685,迈信林,江苏,航空,江苏迈信林航空科技股份有限公司,科创板,SSE,L,2021-05-13
688686.SH,688686,奥普特,广东,电器仪表,广东奥普特科技股份有限公司,科创板,SSE,L,2020-12-31
688687.SH,688687,凯因科技,北京,生物制药,北京凯因科技股份有限公司,科创板,SSE,L,2021-02-08
688689.SH,688689,银河微电,江苏,半导体,常州银河世纪微电子股份有限公司,科创板,SSE,L,2021-01-27
688690.SH,688690,纳微科技,江苏,化工原料,苏州纳微科技股份有限公司,科创板,SSE,L,2021-06-23
688691.SH,688691,灿芯股份,上海,半导体,灿芯半导体(上海)股份有限公司,科创板,SSE,L,2024-04-11
688693.SH,688693,锴威特,江苏,半导体,苏州锴威特半导体股份有限公司,科创板,SSE,L,2023-08-18
688695.SH,688695,中创股份,山东,软件服务,山东中创软件商用中间件股份有限公司,科创板,SSE,L,2024-03-13
688696.SH,688696,极米科技,四川,家用电器,极米科技股份有限公司,科创板,SSE,L,2021-03-03
688697.SH,688697,纽威数控,江苏,机床制造,纽威数控装备(苏州)股份有限公司,科创板,SSE,L,2021-09-17
688698.SH,688698,伟创电气,江苏,电气设备,苏州伟创电气科技股份有限公司,科创板,SSE,L,2020-12-29
688699.SH,688699,明微电子,深圳,半导体,深圳市明微电子股份有限公司,科创板,SSE,L,2020-12-18
688700.SH,688700,东威科技,江苏,专用机械,昆山东威科技股份有限公司,科创板,SSE,L,2021-06-15
688701.SH,688701,卓锦股份,浙江,环境保护,浙江卓锦环保科技股份有限公司,科创板,SSE,L,2021-09-16
688702.SH,688702,盛科通信-U,江苏,半导体,苏州盛科通信股份有限公司,科创板,SSE,L,2023-09-14
688707.SH,688707,振华新材,贵州,电气设备,贵州振华新材料股份有限公司,科创板,SSE,L,2021-09-14
688709.SH,688709,成都华微,四川,半导体,成都华微电子科技股份有限公司,科创板,SSE,L,2024-02-07
688711.SH,688711,宏微科技,江苏,半导体,江苏宏微科技股份有限公司,科创板,SSE,L,2021-09-01
688716.SH,688716,中研股份,吉林,化工原料,吉林省中研高分子材料股份有限公司,科创板,SSE,L,2023-09-20
688717.SH,688717,艾罗能源,浙江,电气设备,浙江艾罗网络能源技术股份有限公司,科创板,SSE,L,2024-01-03
688718.SH,688718,唯赛勃,上海,水务,上海唯赛勃环保科技股份有限公司,科创板,SSE,L,2021-07-28
688719.SH,688719,爱科赛博,陕西,电气设备,西安爱科赛博电气股份有限公司,科创板,SSE,L,2023-09-28
688720.SH,688720,艾森股份,江苏,半导体,江苏艾森半导体材料股份有限公司,科创板,SSE,L,2023-12-06
688722.SH,688722,同益中,北京,化纤,北京同益中新材料科技股份有限公司,科创板,SSE,L,2021-10-19
688728.SH,688728,格科微,上海,半导体,格科微有限公司,科创板,SSE,L,2021-08-18
688733.SH,688733,壹石通,安徽,矿物制品,安徽壹石通材料科技股份有限公司,科创板,SSE,L,2021-08-17
688737.SH,688737,中自科技,四川,化工原料,中自科技股份有限公司,科创板,SSE,L,2021-10-22
688739.SH,688739,成大生物,辽宁,生物制药,辽宁成大生物股份有限公司,科创板,SSE,L,2021-10-28
688766.SH,688766,普冉股份,上海,半导体,普冉半导体(上海)股份有限公司,科创板,SSE,L,2021-08-23
688767.SH,688767,博拓生物,浙江,医疗保健,杭州博拓生物科技股份有限公司,科创板,SSE,L,2021-09-08
688768.SH,688768,容知日新,安徽,电器仪表,安徽容知日新科技股份有限公司,科创板,SSE,L,2021-07-26
688772.SH,688772,珠海冠宇,广东,电气设备,珠海冠宇电池股份有限公司,科创板,SSE,L,2021-10-15
688776.SH,688776,国光电气,四川,元器件,成都国光电气股份有限公司,科创板,SSE,L,2021-08-31
688777.SH,688777,中控技术,浙江,专用机械,中控技术股份有限公司,科创板,SSE,L,2020-11-24
688778.SH,688778,厦钨新能,福建,电气设备,厦门厦钨新能源材料股份有限公司,科创板,SSE,L,2021-08-05
688779.SH,688779,长远锂科,湖南,电气设备,湖南长远锂科股份有限公司,科创板,SSE,L,2021-08-11
688786.SH,688786,悦安新材,江西,小金属,江西悦安新材料股份有限公司,科创板,SSE,L,2021-08-26
688787.SH,688787,海天瑞声,北京,软件服务,北京海天瑞声科技股份有限公司,科创板,SSE,L,2021-08-13
688788.SH,688788,科思科技,深圳,通信设备,深圳市科思科技股份有限公司,科创板,SSE,L,2020-10-22
688789.SH,688789,宏华数科,浙江,专用机械,杭州宏华数码科技股份有限公司,科创板,SSE,L,2021-07-08
688793.SH,688793,倍轻松,深圳,家用电器,深圳市倍轻松科技股份有限公司,科创板,SSE,L,2021-07-15
688798.SH,688798,艾为电子,上海,半导体,上海艾为电子技术股份有限公司,科创板,SSE,L,2021-08-16
688799.SH,688799,华纳药厂,湖南,化学制药,湖南华纳大药厂股份有限公司,科创板,SSE,L,2021-07-13
688800.SH,688800,瑞可达,江苏,元器件,苏州瑞可达连接系统股份有限公司,科创板,SSE,L,2021-07-22
688819.SH,688819,天能股份,浙江,电气设备,天能电池集团股份有限公司,科创板,SSE,L,2021-01-18
688981.SH,688981,中芯国际,上海,半导体,中芯国际集成电路制造有限公司,科创板,SSE,L,2020-07-16
689009.SH,689009,九号公司-WD,北京,摩托车,九号有限公司,科创板,SSE,L,2020-10-29
830779.BJ,830779,武汉蓝电,湖北,电器仪表,武汉市蓝电电子股份有限公司,北交所,BSE,L,2023-06-01
830799.BJ,830799,艾融软件,上海,软件服务,上海艾融软件股份有限公司,北交所,BSE,L,2020-07-27
830809.BJ,830809,安达科技,贵州,电气设备,贵州安达科技能源股份有限公司,北交所,BSE,L,2023-03-23
830832.BJ,830832,齐鲁华信,山东,化工原料,山东齐鲁华信实业股份有限公司,北交所,BSE,L,2021-02-23
830839.BJ,830839,万通液压,山东,工程机械,山东万通液压股份有限公司,北交所,BSE,L,2020-11-09
830879.BJ,830879,基康仪器,北京,电器仪表,基康仪器股份有限公司,北交所,BSE,L,2022-12-20
830896.BJ,830896,旺成科技,重庆,汽车配件,重庆市旺成科技股份有限公司,北交所,BSE,L,2023-04-19
830946.BJ,830946,森萱医药,江苏,化学制药,江苏森萱医药股份有限公司,北交所,BSE,L,2020-07-27
830964.BJ,830964,润农节水,河北,建筑工程,河北润农节水科技股份有限公司,北交所,BSE,L,2020-07-27
830974.BJ,830974,凯大催化,浙江,化工原料,杭州凯大催化金属材料股份有限公司,北交所,BSE,L,2023-03-08
831010.BJ,831010,凯添燃气,宁夏,供气供热,宁夏凯添燃气发展股份有限公司,北交所,BSE,L,2020-07-27
831039.BJ,831039,国义招标,广东,建筑工程,国义招标股份有限公司,北交所,BSE,L,2021-08-18
831087.BJ,831087,秋乐种业,河南,种植业,河南秋乐种业科技股份有限公司,北交所,BSE,L,2022-12-07
831152.BJ,831152,昆工科技,云南,小金属,昆明理工恒达科技股份有限公司,北交所,BSE,L,2022-09-01
831167.BJ,831167,鑫汇科,深圳,元器件,深圳市鑫汇科股份有限公司,北交所,BSE,L,2022-05-27
831175.BJ,831175,派诺科技,广东,软件服务,珠海派诺科技股份有限公司,北交所,BSE,L,2023-12-14
831195.BJ,831195,三祥科技,山东,汽车配件,青岛三祥科技股份有限公司,北交所,BSE,L,2022-12-30
831278.BJ,831278,泰德股份,山东,汽车配件,青岛泰德轴承科技股份有限公司,北交所,BSE,L,2022-06-20
831304.BJ,831304,迪尔化工,山东,化工原料,山东华阳迪尔化工股份有限公司,北交所,BSE,L,2023-04-18
831305.BJ,831305,海希通讯,上海,电器仪表,上海海希工业通讯股份有限公司,北交所,BSE,L,2021-11-05
831370.BJ,831370,新安洁,重庆,环境保护,新安洁智能环境技术服务股份有限公司,北交所,BSE,L,2020-07-27
831396.BJ,831396,许昌智能,河南,电气设备,许昌智能继电器股份有限公司,北交所,BSE,L,2024-01-26
831445.BJ,831445,龙竹科技,福建,家居用品,龙竹科技集团股份有限公司,北交所,BSE,L,2020-07-27
831526.BJ,831526,凯华材料,天津,化工原料,天津凯华绝缘材料股份有限公司,北交所,BSE,L,2022-12-22
831627.BJ,831627,力王股份,广东,电气设备,广东力王新能源股份有限公司,北交所,BSE,L,2023-09-07
831641.BJ,831641,格利尔,江苏,电气设备,格利尔数码科技股份有限公司,北交所,BSE,L,2022-12-02
831689.BJ,831689,克莱特,山东,专用机械,威海克莱特菲尔风机股份有限公司,北交所,BSE,L,2022-03-21
831726.BJ,831726,朱老六,吉林,食品,长春市朱老六食品股份有限公司,北交所,BSE,L,2021-05-27
831768.BJ,831768,拾比佰,广东,家用电器,珠海拾比佰彩图板股份有限公司,北交所,BSE,L,2021-06-28
831832.BJ,831832,科达自控,山西,软件服务,山西科达自控股份有限公司,北交所,BSE,L,2021-11-15
831834.BJ,831834,三维股份,江苏,塑料,镇江三维输送装备股份有限公司,北交所,BSE,L,2022-08-22
831855.BJ,831855,浙江大农,浙江,机床制造,浙江大农实业股份有限公司,北交所,BSE,L,2022-12-29
831856.BJ,831856,浩淼科技,安徽,专用机械,明光浩淼安防科技股份公司,北交所,BSE,L,2020-12-25
831906.BJ,831906,舜宇精工,浙江,汽车配件,宁波舜宇精工股份有限公司,北交所,BSE,L,2023-02-22
831961.BJ,831961,创远信科,上海,电器仪表,创远信科(上海)技术股份有限公司,北交所,BSE,L,2020-07-27
832000.BJ,832000,安徽凤凰,安徽,汽车配件,安徽凤凰滤清器股份有限公司,北交所,BSE,L,2020-12-23
832023.BJ,832023,田野股份,广西,食品,田野创新股份有限公司,北交所,BSE,L,2023-02-02
832089.BJ,832089,禾昌聚合,江苏,塑料,苏州禾昌聚合材料股份有限公司,北交所,BSE,L,2021-11-09
832110.BJ,832110,雷特科技,广东,电气设备,珠海雷特科技股份有限公司,北交所,BSE,L,2022-12-06
832145.BJ,832145,恒合股份,北京,环境保护,北京恒合信业技术股份有限公司,北交所,BSE,L,2021-11-15
832149.BJ,832149,利尔达,浙江,元器件,利尔达科技集团股份有限公司,北交所,BSE,L,2023-02-17
832171.BJ,832171,志晟信息,河北,软件服务,河北志晟信息技术股份有限公司,北交所,BSE,L,2021-11-15
832175.BJ,832175,东方碳素,河南,化工原料,平顶山东方碳素股份有限公司,北交所,BSE,L,2023-06-30
832225.BJ,832225,利通科技,河南,橡胶,漯河利通液压科技股份有限公司,北交所,BSE,L,2021-02-25
832278.BJ,832278,鹿得医疗,江苏,医疗保健,江苏鹿得医疗电子股份有限公司,北交所,BSE,L,2020-07-27
832419.BJ,832419,路斯股份,山东,饲料,山东路斯宠物食品股份有限公司,北交所,BSE,L,2022-03-11
832469.BJ,832469,富恒新材,深圳,塑料,深圳市富恒新材料股份有限公司,北交所,BSE,L,2023-09-18
832471.BJ,832471,美邦科技,河北,化工原料,河北美邦工程科技股份有限公司,北交所,BSE,L,2023-05-25
832491.BJ,832491,奥迪威,广东,元器件,广东奥迪威传感科技股份有限公司,北交所,BSE,L,2022-06-14
832522.BJ,832522,纳科诺尔,河北,专用机械,邢台纳科诺尔精轧科技股份有限公司,北交所,BSE,L,2023-11-16
832566.BJ,832566,梓橦宫,四川,化学制药,四川梓橦宫药业股份有限公司,北交所,BSE,L,2021-08-13
832651.BJ,832651,天罡股份,山东,电器仪表,威海市天罡仪表股份有限公司,北交所,BSE,L,2023-06-27
832662.BJ,832662,方盛股份,江苏,机械基件,无锡方盛换热器股份有限公司,北交所,BSE,L,2022-11-28
832735.BJ,832735,德源药业,江苏,化学制药,江苏德源药业股份有限公司,北交所,BSE,L,2021-02-19
832786.BJ,832786,骑士乳业,内蒙,乳制品,内蒙古骑士乳业集团股份有限公司,北交所,BSE,L,2023-10-13
832802.BJ,832802,保丽洁,江苏,环境保护,江苏保丽洁环境科技股份有限公司,北交所,BSE,L,2023-02-06
832876.BJ,832876,慧为智能,深圳,IT设备,深圳市慧为智能科技股份有限公司,北交所,BSE,L,2022-11-09
832885.BJ,832885,星辰科技,广西,电器仪表,桂林星辰科技股份有限公司,北交所,BSE,L,2021-07-08
832978.BJ,832978,开特股份,湖北,汽车配件,湖北开特汽车电子电器系统股份有限公司,北交所,BSE,L,2023-09-28
832982.BJ,832982,锦波生物,山西,医疗保健,山西锦波生物医药股份有限公司,北交所,BSE,L,2023-07-20
833030.BJ,833030,立方控股,浙江,软件服务,杭州立方控股股份有限公司,北交所,BSE,L,2023-11-02
833075.BJ,833075,柏星龙,深圳,广告包装,深圳市柏星龙创意包装股份有限公司,北交所,BSE,L,2022-12-14
833171.BJ,833171,国航远洋,福建,水运,福建国航远洋运输(集团)股份有限公司,北交所,BSE,L,2022-12-15
833230.BJ,833230,欧康医药,四川,生物制药,成都欧康医药股份有限公司,北交所,BSE,L,2022-12-09
833266.BJ,833266,生物谷,云南,中成药,云南生物谷药业股份有限公司,北交所,BSE,L,2020-07-27
833284.BJ,833284,灵鸽科技,江苏,专用机械,无锡灵鸽机械科技股份有限公司,北交所,BSE,L,2023-12-19
833346.BJ,833346,威贸电子,上海,元器件,上海威贸电子股份有限公司,北交所,BSE,L,2022-02-23
833394.BJ,833394,民士达,山东,造纸,烟台民士达特种纸业股份有限公司,北交所,BSE,L,2023-04-25
833427.BJ,833427,华维设计,江西,建筑工程,华维设计集团股份有限公司,北交所,BSE,L,2021-02-05
833429.BJ,833429,康比特,北京,食品,北京康比特体育科技股份有限公司,北交所,BSE,L,2022-12-15
833454.BJ,833454,同心传动,河南,汽车配件,河南同心传动股份有限公司,北交所,BSE,L,2021-11-15
833455.BJ,833455,汇隆活塞,辽宁,专用机械,大连汇隆活塞股份有限公司,北交所,BSE,L,2023-06-21
833509.BJ,833509,同惠电子,江苏,电器仪表,常州同惠电子股份有限公司,北交所,BSE,L,2021-01-11
833523.BJ,833523,德瑞锂电,广东,电气设备,惠州市惠德瑞锂电科技股份有限公司,北交所,BSE,L,2021-06-03
833533.BJ,833533,骏创科技,江苏,汽车配件,苏州骏创汽车科技股份有限公司,北交所,BSE,L,2022-05-24
833575.BJ,833575,康乐卫士,北京,生物制药,北京康乐卫士生物技术股份有限公司,北交所,BSE,L,2023-03-15
833580.BJ,833580,科创新材,河南,其他建材,洛阳科创新材料股份有限公司,北交所,BSE,L,2022-05-13
833751.BJ,833751,惠同新材,湖南,小金属,湖南惠同新材料股份有限公司,北交所,BSE,L,2023-07-17
833781.BJ,833781,瑞奇智造,四川,专用机械,成都瑞奇智造科技股份有限公司,北交所,BSE,L,2022-12-26
833819.BJ,833819,颖泰生物,北京,农药化肥,北京颖泰嘉和生物科技股份有限公司,北交所,BSE,L,2020-07-27
833873.BJ,833873,中设咨询,重庆,建筑工程,中设工程咨询(重庆)股份有限公司,北交所,BSE,L,2021-11-15
833914.BJ,833914,远航精密,江苏,小金属,江苏远航精密合金科技股份有限公司,北交所,BSE,L,2022-11-11
833943.BJ,833943,优机股份,四川,机械基件,四川优机实业股份有限公司,北交所,BSE,L,2022-06-24
834014.BJ,834014,特瑞斯,江苏,专用机械,特瑞斯能源装备股份有限公司,北交所,BSE,L,2022-12-13
834021.BJ,834021,流金科技,北京,影视音像,北京流金岁月传媒科技股份有限公司,北交所,BSE,L,2020-07-27
834033.BJ,834033,康普化学,重庆,化工原料,重庆康普化学工业股份有限公司,北交所,BSE,L,2022-12-21
834058.BJ,834058,华洋赛车,浙江,摩托车,浙江华洋赛车股份有限公司,北交所,BSE,L,2023-08-10
834062.BJ,834062,科润智控,浙江,电气设备,科润智能控制股份有限公司,北交所,BSE,L,2022-07-13
834261.BJ,834261,一诺威,山东,化工原料,山东一诺威聚氨酯股份有限公司,北交所,BSE,L,2023-04-03
834407.BJ,834407,驰诚股份,河南,电器仪表,河南驰诚电气股份有限公司,北交所,BSE,L,2023-02-16
834415.BJ,834415,恒拓开源,河南,软件服务,恒拓开源信息科技股份有限公司,北交所,BSE,L,2020-07-27
834475.BJ,834475,三友科技,浙江,专用机械,三门三友科技股份有限公司,北交所,BSE,L,2020-07-27
834599.BJ,834599,同力股份,陕西,专用机械,陕西同力重工股份有限公司,北交所,BSE,L,2021-02-22
834639.BJ,834639,晨光电缆,浙江,电气设备,浙江晨光电缆股份有限公司,北交所,BSE,L,2022-07-12
834682.BJ,834682,球冠电缆,浙江,电气设备,宁波球冠电缆股份有限公司,北交所,BSE,L,2020-07-27
834765.BJ,834765,美之高,深圳,家居用品,深圳市美之高科技股份有限公司,北交所,BSE,L,2021-07-05
834770.BJ,834770,艾能聚,浙江,电气设备,浙江艾能聚光伏科技股份有限公司,北交所,BSE,L,2023-02-28
834950.BJ,834950,迅安科技,江苏,元器件,常州迅安科技股份有限公司,北交所,BSE,L,2023-01-11
835174.BJ,835174,五新隧装,湖南,专用机械,湖南五新隧道智能装备股份有限公司,北交所,BSE,L,2021-08-20
835179.BJ,835179,凯德石英,北京,矿物制品,北京凯德石英股份有限公司,北交所,BSE,L,2022-03-04
835184.BJ,835184,国源科技,北京,软件服务,北京世纪国源科技股份有限公司,北交所,BSE,L,2020-07-27
835185.BJ,835185,贝特瑞,深圳,化工原料,贝特瑞新材料集团股份有限公司,北交所,BSE,L,2020-07-27
835207.BJ,835207,众诚科技,河南,软件服务,河南众诚信息科技股份有限公司,北交所,BSE,L,2022-09-23
835237.BJ,835237,力佳科技,湖北,电气设备,力佳电源科技(湖北)股份有限公司,北交所,BSE,L,2022-11-25
835305.BJ,835305,云创数据,江苏,软件服务,南京云创大数据科技股份有限公司,北交所,BSE,L,2021-08-26
835368.BJ,835368,连城数控,辽宁,专用机械,大连连城数控机器股份有限公司,北交所,BSE,L,2020-07-27
835438.BJ,835438,戈碧迦,湖北,元器件,湖北戈碧迦光电科技股份有限公司,北交所,BSE,L,2024-03-25
835508.BJ,835508,殷图网联,北京,软件服务,北京殷图网联科技股份有限公司,北交所,BSE,L,2020-07-27
835579.BJ,835579,机科股份,北京,机械基件,机科发展科技股份有限公司,北交所,BSE,L,2023-11-30
835640.BJ,835640,富士达,陕西,通信设备,中航富士达科技股份有限公司,北交所,BSE,L,2020-07-27
835670.BJ,835670,数字人,山东,软件服务,山东数字人科技股份有限公司,北交所,BSE,L,2020-12-08
835857.BJ,835857,百甲科技,江苏,钢加工,徐州中煤百甲重钢科技股份有限公司,北交所,BSE,L,2023-03-14
835892.BJ,835892,中科美菱,安徽,医疗保健,中科美菱低温科技股份有限公司,北交所,BSE,L,2022-10-18
835985.BJ,835985,海泰新能,河北,电气设备,唐山海泰新能科技股份有限公司,北交所,BSE,L,2022-08-08
836077.BJ,836077,吉林碳谷,吉林,化纤,吉林碳谷碳纤维股份有限公司,北交所,BSE,L,2021-08-31
836149.BJ,836149,旭杰科技,江苏,其他建材,苏州旭杰建筑科技股份有限公司,北交所,BSE,L,2020-07-27
836208.BJ,836208,青矩技术,北京,建筑工程,青矩技术股份有限公司,北交所,BSE,L,2023-06-29
836221.BJ,836221,易实精密,江苏,汽车配件,江苏易实精密科技股份有限公司,北交所,BSE,L,2023-06-08
836239.BJ,836239,长虹能源,四川,电气设备,四川长虹新能源科技股份有限公司,北交所,BSE,L,2021-02-09
836247.BJ,836247,华密新材,河北,橡胶,河北华密新材科技股份有限公司,北交所,BSE,L,2022-12-23
836260.BJ,836260,中寰股份,四川,电器仪表,成都中寰流体控制设备股份有限公司,北交所,BSE,L,2021-11-15
836263.BJ,836263,中航泰达,北京,环境保护,北京中航泰达环保科技股份有限公司,北交所,BSE,L,2020-07-27
836270.BJ,836270,天铭科技,浙江,汽车配件,杭州天铭科技股份有限公司,北交所,BSE,L,2022-09-02
836395.BJ,836395,朗鸿科技,浙江,IT设备,杭州朗鸿科技股份有限公司,北交所,BSE,L,2022-09-01
836414.BJ,836414,欧普泰,上海,电器仪表,上海欧普泰科技创业股份有限公司,北交所,BSE,L,2022-12-12
836419.BJ,836419,万德股份,陕西,化工原料,西安万德能源化学股份有限公司,北交所,BSE,L,2023-09-15
836422.BJ,836422,润普食品,江苏,食品,江苏润普食品科技股份有限公司,北交所,BSE,L,2023-03-01
836433.BJ,836433,大唐药业,内蒙,中成药,内蒙古大唐药业股份有限公司,北交所,BSE,L,2020-07-27
836504.BJ,836504,博迅生物,上海,医疗保健,上海博迅医疗生物仪器股份有限公司,北交所,BSE,L,2023-08-17
836547.BJ,836547,无锡晶海,江苏,化学制药,无锡晶海氨基酸股份有限公司,北交所,BSE,L,2023-12-12
836675.BJ,836675,秉扬科技,四川,矿物制品,攀枝花秉扬科技股份有限公司,北交所,BSE,L,2020-12-28
836699.BJ,836699,海达尔,江苏,家用电器,无锡海达尔精密滑轨股份有限公司,北交所,BSE,L,2023-05-09
836717.BJ,836717,瑞星股份,河北,专用机械,河北瑞星燃气设备股份有限公司,北交所,BSE,L,2023-07-03
836720.BJ,836720,吉冈精密,江苏,机械基件,无锡吉冈精密科技股份有限公司,北交所,BSE,L,2021-11-24
836807.BJ,836807,奔朗新材,广东,机械基件,广东奔朗新材料股份有限公司,北交所,BSE,L,2022-12-20
836826.BJ,836826,盖世食品,辽宁,食品,盖世食品股份有限公司,北交所,BSE,L,2021-01-12
836871.BJ,836871,派特尔,广东,塑料,珠海市派特尔科技股份有限公司,北交所,BSE,L,2022-07-22
836892.BJ,836892,广咨国际,广东,建筑工程,广东广咨国际投资咨询集团股份有限公司,北交所,BSE,L,2021-10-28
836942.BJ,836942,恒立钻具,湖北,机械基件,武汉恒立工程钻具股份有限公司,北交所,BSE,L,2022-12-08
836957.BJ,836957,汉维科技,广东,化工原料,东莞市汉维科技股份有限公司,北交所,BSE,L,2022-12-14
836961.BJ,836961,西磁科技,浙江,专用机械,宁波西磁科技发展股份有限公司,北交所,BSE,L,2023-12-21
837006.BJ,837006,晟楠科技,江苏,航空,江苏晟楠电子科技股份有限公司,北交所,BSE,L,2023-05-18
837023.BJ,837023,芭薇股份,广东,日用化工,广东芭薇生物科技股份有限公司,北交所,BSE,L,2024-03-29
837046.BJ,837046,亿能电力,江苏,电气设备,无锡亿能电力设备股份有限公司,北交所,BSE,L,2022-10-13
837092.BJ,837092,汉鑫科技,山东,软件服务,山东汉鑫科技股份有限公司,北交所,BSE,L,2021-11-15
837174.BJ,837174,宏裕包材,湖北,广告包装,湖北宏裕新型包材股份有限公司,北交所,BSE,L,2023-08-18
837212.BJ,837212,智新电子,山东,元器件,潍坊智新电子股份有限公司,北交所,BSE,L,2021-06-08
837242.BJ,837242,建邦科技,山东,汽车配件,青岛建邦汽车科技股份有限公司,北交所,BSE,L,2020-07-27
837344.BJ,837344,三元基因,北京,生物制药,北京三元基因药业股份有限公司,北交所,BSE,L,2021-01-08
837403.BJ,837403,康农种业,湖北,种植业,湖北康农种业股份有限公司,北交所,BSE,L,2024-01-18
837592.BJ,837592,华信永道,北京,软件服务,华信永道(北京)科技股份有限公司,北交所,BSE,L,2023-07-10
837663.BJ,837663,明阳科技,江苏,汽车配件,明阳科技(苏州)股份有限公司,北交所,BSE,L,2023-03-15
837748.BJ,837748,路桥信息,福建,软件服务,厦门路桥信息股份有限公司,北交所,BSE,L,2023-08-16
837821.BJ,837821,则成电子,深圳,元器件,深圳市则成电子股份有限公司,北交所,BSE,L,2022-07-06
838030.BJ,838030,德众汽车,湖南,汽车服务,湖南德众汽车销售服务股份有限公司,北交所,BSE,L,2020-11-27
838163.BJ,838163,方大新材,河北,塑料,河北方大新材料股份有限公司,北交所,BSE,L,2020-07-27
838171.BJ,838171,邦德股份,山东,汽车配件,威海邦德散热系统股份有限公司,北交所,BSE,L,2022-06-02
838227.BJ,838227,美登科技,浙江,软件服务,杭州美登科技股份有限公司,北交所,BSE,L,2022-12-28
838262.BJ,838262,太湖雪,江苏,纺织,苏州太湖雪丝绸股份有限公司,北交所,BSE,L,2022-12-30
838275.BJ,838275,驱动力,广东,农业综合,广东驱动力生物科技集团股份有限公司,北交所,BSE,L,2021-01-25
838402.BJ,838402,硅烷科技,河南,化工原料,河南硅烷科技发展股份有限公司,北交所,BSE,L,2022-09-28
838670.BJ,838670,恒进感应,湖北,机床制造,恒进感应科技(十堰)股份有限公司,北交所,BSE,L,2022-07-05
838701.BJ,838701,豪声电子,浙江,元器件,浙江豪声电子科技股份有限公司,北交所,BSE,L,2023-07-19
838810.BJ,838810,春光药装,辽宁,专用机械,辽宁春光制药装备股份有限公司,北交所,BSE,L,2022-12-16
838837.BJ,838837,华原股份,广西,汽车配件,广西华原过滤系统股份有限公司,北交所,BSE,L,2023-05-15
838924.BJ,838924,广脉科技,浙江,通信设备,广脉科技股份有限公司,北交所,BSE,L,2021-11-03
838971.BJ,838971,天马新材,河南,化工原料,河南天马新材料股份有限公司,北交所,BSE,L,2022-09-27
839167.BJ,839167,同享科技,江苏,小金属,同享(苏州)电子材料科技股份有限公司,北交所,BSE,L,2020-07-27
839273.BJ,839273,一致魔芋,湖北,食品,湖北一致魔芋生物科技股份有限公司,北交所,BSE,L,2023-02-21
839371.BJ,839371,欧福蛋业,江苏,食品,苏州欧福蛋业股份有限公司,北交所,BSE,L,2023-01-18
839493.BJ,839493,并行科技,北京,软件服务,北京并行科技股份有限公司,北交所,BSE,L,2023-11-01
839680.BJ,839680,广道数字,深圳,软件服务,深圳市广道数字技术股份有限公司,北交所,BSE,L,2021-11-15
839719.BJ,839719,宁新新材,江西,化工原料,江西宁新新材料股份有限公司,北交所,BSE,L,2023-05-26
839725.BJ,839725,惠丰钻石,河南,矿物制品,惠丰钻石股份有限公司,北交所,BSE,L,2022-07-18
839729.BJ,839729,永顺生物,广东,农业综合,广东永顺生物制药股份有限公司,北交所,BSE,L,2020-07-27
839790.BJ,839790,联迪信息,江苏,软件服务,南京联迪信息系统股份有限公司,北交所,BSE,L,2022-09-02
839792.BJ,839792,东和新材,辽宁,其他建材,辽宁东和新材料股份有限公司,北交所,BSE,L,2023-03-30
839946.BJ,839946,华阳变速,湖北,汽车配件,湖北华阳汽车变速系统股份有限公司,北交所,BSE,L,2021-07-20
870199.BJ,870199,倍益康,四川,家用电器,四川千里倍益康医疗科技股份有限公司,北交所,BSE,L,2022-12-01
870204.BJ,870204,沪江材料,江苏,塑料,南京沪江复合材料股份有限公司,北交所,BSE,L,2022-01-18
870299.BJ,870299,灿能电力,江苏,电气设备,南京灿能电力自动化股份有限公司,北交所,BSE,L,2022-06-10
870357.BJ,870357,雅葆轩,安徽,元器件,芜湖雅葆轩电子科技股份有限公司,北交所,BSE,L,2022-11-18
870436.BJ,870436,大地电气,江苏,汽车配件,南通大地电气股份有限公司,北交所,BSE,L,2021-11-15
870508.BJ,870508,丰安股份,浙江,机械基件,浙江丰安齿轮股份有限公司,北交所,BSE,L,2022-12-16
870656.BJ,870656,海昇药业,浙江,化学制药,浙江海昇药业股份有限公司,北交所,BSE,L,2024-02-02
870726.BJ,870726,鸿智科技,广东,家用电器,广东鸿智智能科技股份有限公司,北交所,BSE,L,2023-08-08
870866.BJ,870866,绿亨科技,广东,农药化肥,绿亨科技集团股份有限公司,北交所,BSE,L,2022-12-09
870976.BJ,870976,视声智能,广东,通信设备,广州视声智能股份有限公司,北交所,BSE,L,2023-09-01
871245.BJ,871245,威博液压,江苏,机械基件,江苏威博液压股份有限公司,北交所,BSE,L,2022-01-06
871263.BJ,871263,莱赛激光,江苏,电器仪表,莱赛激光科技股份有限公司,北交所,BSE,L,2023-12-28
871396.BJ,871396,常辅股份,江苏,电器仪表,常州电站辅机股份有限公司,北交所,BSE,L,2020-11-18
871478.BJ,871478,巨能股份,宁夏,专用机械,宁夏巨能机器人股份有限公司,北交所,BSE,L,2023-05-12
871553.BJ,871553,凯腾精工,北京,专用机械,北京凯腾精工制版股份有限公司,北交所,BSE,L,2021-08-06
871634.BJ,871634,新威凌,湖南,铅锌,湖南新威凌金属新材料科技股份有限公司,北交所,BSE,L,2022-11-24
871642.BJ,871642,通易航天,江苏,航空,南通通易航天科技股份有限公司,北交所,BSE,L,2021-08-16
871694.BJ,871694,中裕科技,江苏,塑料,中裕软管科技股份有限公司,北交所,BSE,L,2023-04-24
871753.BJ,871753,天纺标,天津,纺织,天纺标检测认证股份有限公司,北交所,BSE,L,2022-10-31
871857.BJ,871857,泓禧科技,重庆,元器件,重庆市泓禧科技股份有限公司,北交所,BSE,L,2022-02-28
871970.BJ,871970,大禹生物,山西,化学制药,山西大禹生物工程股份有限公司,北交所,BSE,L,2022-05-18
871981.BJ,871981,晶赛科技,安徽,元器件,安徽晶赛科技股份有限公司,北交所,BSE,L,2021-11-15
872190.BJ,872190,雷神科技,山东,IT设备,青岛雷神科技股份有限公司,北交所,BSE,L,2022-12-23
872351.BJ,872351,华光源海,湖南,水运,华光源海国际物流集团股份有限公司,北交所,BSE,L,2022-12-29
872374.BJ,872374,云里物里,深圳,IT设备,深圳云里物里科技股份有限公司,北交所,BSE,L,2022-11-29
872392.BJ,872392,佳合科技,江苏,广告包装,昆山佳合纸制品科技股份有限公司,北交所,BSE,L,2022-12-30
872541.BJ,872541,铁大科技,上海,运输设备,上海铁大电信科技股份有限公司,北交所,BSE,L,2023-03-10
872808.BJ,872808,曙光数创,北京,IT设备,曙光数据基础设施创新技术(北京)股份有限公司,北交所,BSE,L,2022-11-18
872895.BJ,872895,花溪科技,河南,农用机械,新乡市花溪科技股份有限公司,北交所,BSE,L,2023-04-06
872925.BJ,872925,锦好医疗,广东,医疗保健,惠州市锦好医疗科技股份有限公司,北交所,BSE,L,2021-10-25
872931.BJ,872931,无锡鼎邦,江苏,化工机械,无锡鼎邦换热设备股份有限公司,北交所,BSE,L,2024-04-08
872953.BJ,872953,国子软件,山东,软件服务,山东国子软件股份有限公司,北交所,BSE,L,2023-08-23
873001.BJ,873001,纬达光电,广东,元器件,佛山纬达光电材料股份有限公司,北交所,BSE,L,2022-12-27
873122.BJ,873122,中纺标,北京,综合类,中纺标检验认证股份有限公司,北交所,BSE,L,2022-09-27
873132.BJ,873132,泰鹏智能,山东,家居用品,山东泰鹏智能家居股份有限公司,北交所,BSE,L,2023-11-16
873152.BJ,873152,天宏锂电,浙江,电气设备,浙江天宏锂电股份有限公司,北交所,BSE,L,2023-01-19
873167.BJ,873167,新赣江,江西,化学制药,江西新赣江药业股份有限公司,北交所,BSE,L,2023-02-09
873169.BJ,873169,七丰精工,浙江,机械基件,七丰精工科技股份有限公司,北交所,BSE,L,2022-04-15
873223.BJ,873223,荣亿精密,浙江,机械基件,浙江荣亿精密机械股份有限公司,北交所,BSE,L,2022-06-09
873305.BJ,873305,九菱科技,湖北,机械基件,荆州九菱科技股份有限公司,北交所,BSE,L,2022-12-21
873339.BJ,873339,恒太照明,江苏,元器件,江苏恒太照明股份有限公司,北交所,BSE,L,2022-11-17
873527.BJ,873527,夜光明,浙江,化工原料,浙江夜光明光电科技股份有限公司,北交所,BSE,L,2022-10-27
873570.BJ,873570,坤博精工,浙江,机械基件,浙江坤博精工科技股份有限公司,北交所,BSE,L,2023-11-23
873576.BJ,873576,天力复合,陕西,小金属,西安天力金属复合材料股份有限公司,北交所,BSE,L,2023-07-12
873593.BJ,873593,鼎智科技,江苏,机械基件,江苏鼎智智能控制科技股份有限公司,北交所,BSE,L,2023-04-13
873665.BJ,873665,科强股份,江苏,橡胶,江苏科强新材料股份有限公司,北交所,BSE,L,2023-09-26
873679.BJ,873679,前进科技,浙江,机械基件,浙江前进暖通科技股份有限公司,北交所,BSE,L,2023-11-10
873690.BJ,873690,捷众科技,浙江,汽车配件,浙江捷众科技股份有限公司,北交所,BSE,L,2024-01-05
873693.BJ,873693,阿为特,上海,机械基件,上海阿为特精密机械股份有限公司,北交所,BSE,L,2023-10-27
873703.BJ,873703,广厦环能,北京,专用机械,北京广厦环能科技股份有限公司,北交所,BSE,L,2023-12-05
873706.BJ,873706,铁拓机械,福建,专用机械,福建省铁拓机械股份有限公司,北交所,BSE,L,2024-03-08
873726.BJ,873726,卓兆点胶,江苏,机械基件,苏州卓兆点胶股份有限公司,北交所,BSE,L,2023-10-19
873806.BJ,873806,云星宇,北京,软件服务,北京云星宇交通科技股份有限公司,北交所,BSE,L,2024-01-11
873833.BJ,873833,美心翼申,重庆,汽车配件,重庆美心翼申机械股份有限公司,北交所,BSE,L,2023-11-08
